"p_val","avg_log2FC","pct.1","pct.2","p_val_adj","cluster","gene"
0,0.565257468580509,1,1,0,"0","RPS8"
3.37997719588686e-297,0.546793916840508,1,1,4.80700356799029e-293,"0","RPS12"
1.47837846241427e-296,0.501152220332171,1,1,2.10254984924558e-292,"0","RPS3A"
3.86874126009018e-238,0.744497659714551,0.996,0.97,5.50212382010026e-234,"0","GIMAP7"
1.5274844119059e-233,0.580256689095493,0.999,0.982,2.17238833061257e-229,"0","EEF1B2"
5.78724152637505e-196,0.646747079729097,0.998,0.977,8.2306148988106e-192,"0","SARAF"
1.21508623976832e-188,0.851196310026443,0.995,0.722,1.7280956501985e-184,"0","SELL"
1.19947126123028e-181,0.882183269381888,0.97,0.645,1.70588802772171e-177,"0","CCR7"
2.54954575162683e-180,1.14961859804679,0.905,0.733,3.62596396796367e-176,"0","STAT1"
8.5313240356123e-168,1.15045224612405,0.919,0.792,1.21332490434478e-163,"0","GBP5"
2.35403767532782e-145,0.678339096620366,0.987,0.747,3.34791238185123e-141,"0","IL7R"
3.00631347887823e-133,0.690452107645548,0.963,0.873,4.27557902966062e-129,"0","LEPROTL1"
2.29784265488411e-130,0.550523157742384,0.993,0.943,3.26799182377618e-126,"0","GAS5"
2.42024874016527e-126,0.753247558920335,0.96,0.831,3.44207775826304e-122,"0","PDE3B"
2.70073079602435e-120,1.02539693911831,0.785,0.54,3.84097933810583e-116,"0","LINC00861"
8.72421651433442e-120,1.10111262160435,0.75,0.531,1.24075807266864e-115,"0","SNHG25"
3.11952541520384e-116,1.14015942235818,0.726,0.513,4.4365890455029e-112,"0","CD55"
2.69043005328107e-114,1.18885458521147,0.72,0.449,3.82632962177634e-110,"0","LRRN3"
5.04712736147221e-106,0.788348216222456,0.907,0.797,7.17802453348578e-102,"0","GBP2"
1.77341741255881e-104,0.97950340297324,0.648,0.356,2.52215424414113e-100,"0","S100B"
1.82700773479932e-101,0.627155624034738,0.953,0.876,2.59837040043159e-97,"0","PDCD4"
4.76194947196296e-100,0.616019268514105,0.954,0.844,6.77244453902572e-96,"0","CAMK4"
5.48087895400462e-99,0.593955915442462,0.966,0.882,7.79490604838536e-95,"0","TXNIP"
5.69502252912224e-99,0.808586182751885,0.851,0.703,8.09946104091765e-95,"0","ABLIM1"
3.50625126954509e-96,0.637453537198319,0.94,0.72,4.98659055554703e-92,"0","LEF1"
9.56632162671198e-92,0.684528222231455,0.883,0.767,1.36052226175098e-87,"0","PRKCQ-AS1"
2.25432155204652e-91,0.760807100191004,0.844,0.675,3.20609611132055e-87,"0","PIK3IP1"
1.67302893213419e-90,0.548019761823823,0.953,0.889,2.37938174728125e-86,"0","PRMT2"
2.0069110972309e-87,0.651321524824918,0.916,0.822,2.85422896248179e-83,"0","GIMAP5"
6.76072868896828e-83,0.948077938221069,0.714,0.549,9.61510834145069e-79,"0","GBP1"
1.75408631434437e-77,0.643563023405785,0.88,0.767,2.49466155626056e-73,"0","FOXP1"
6.34467464818349e-76,0.50575151339967,0.948,0.853,9.02339628464656e-72,"0","TMEM123"
2.36842547687134e-73,0.675910212818719,0.832,0.623,3.36837471320643e-69,"0","NELL2"
1.96215902795999e-71,0.57727260523293,0.906,0.812,2.7905825695647e-67,"0","RIPOR2"
2.27981871916539e-71,0.645215663443902,0.834,0.735,3.24235818239701e-67,"0","LINC00869"
6.35512348241633e-71,0.738019070887813,0.765,0.64,9.0382566166925e-67,"0","MGAT4A"
7.30953165123642e-67,0.653247622647547,0.825,0.729,1.03956159143884e-62,"0","SNHG8"
4.84202513627145e-66,1.03204498974852,0.602,0.437,6.88632814880525e-62,"0","MYC"
6.36708152491326e-66,0.540873673067012,0.906,0.806,9.05526334473164e-62,"0","GIMAP1"
8.42244761828634e-63,0.895564751091288,0.642,0.519,1.19784050027268e-58,"0","RCAN3"
2.85418526770067e-59,0.957560221684141,0.616,0.48,4.0592222877239e-55,"0","SATB1-AS1"
9.31831657639548e-58,0.932440954957676,0.488,0.286,1.32525098349497e-53,"0","FOS"
1.67897710741815e-57,1.51656302126757,0.26,0.093,2.38784124217009e-53,"0","NOG"
7.66405266773073e-54,0.565424777203861,0.833,0.753,1.08998157040466e-49,"0","NOSIP"
9.36492376093726e-53,0.848224923257085,0.628,0.508,1.3318794572805e-48,"0","TMEM204"
3.68257219121531e-50,0.87598269693718,0.547,0.379,5.23735417034641e-46,"0","FAAH2"
1.01015193748737e-49,0.630372812795083,0.592,0.415,1.43663808549454e-45,"0","PASK"
1.46112662325219e-49,1.66461612296578,0.261,0.109,2.07801428358926e-45,"0","SERPINF1"
1.7446013180322e-47,0.759792019034062,0.715,0.629,2.48117199450539e-43,"0","GBP4"
2.65171161694394e-46,0.643579141891124,0.763,0.705,3.77126426161767e-42,"0","COA1"
6.66342674680602e-46,0.619158398818838,0.879,0.819,9.47672551930752e-42,"0","TPR"
7.68514715455874e-46,0.626328598556511,0.753,0.693,1.09298162832134e-41,"0","ERAP2"
1.57666695123387e-45,1.30198568038597,0.31,0.152,2.2423357380448e-41,"0","IFI44L"
1.94500524643267e-44,0.8120233999843,0.595,0.477,2.76618646147654e-40,"0","SERINC5"
3.25991736096133e-43,0.994480600891599,0.521,0.397,4.6362544707592e-39,"0","GPR155"
3.89577709207196e-43,1.0789070395182,0.384,0.229,5.54057418034475e-39,"0","TNFSF13B"
1.14129081886177e-41,1.47028227723702,0.262,0.123,1.62314380258521e-37,"0","SCML1"
1.17782319261361e-41,0.621945682910215,0.703,0.634,1.67510014453508e-37,"0","ITK"
9.96721273380095e-40,0.87153544875104,0.535,0.423,1.41753699500117e-35,"0","FAM117B"
1.58233172994941e-39,0.552546795139276,0.759,0.675,2.25039218633404e-35,"0","OXNAD1"
2.0485339102314e-39,0.960001676653352,0.509,0.398,2.9134249271311e-35,"0","DPH5-DT"
1.74921710175686e-38,0.770695526936088,0.549,0.424,2.4877365621186e-34,"0","LDLRAP1"
2.05615232576008e-37,0.832367110793997,0.512,0.393,2.92425983769599e-33,"0","ACTN1"
5.06874620360938e-37,0.758815249721504,0.594,0.519,7.20877085077326e-33,"0","SATB1"
3.20647166683217e-36,0.68720918065477,0.608,0.504,4.56024400456871e-32,"0","S1PR1"
2.04544136280783e-35,0.948776254842936,0.482,0.374,2.90902670618529e-31,"0","AKTIP"
4.13902971986226e-35,0.661900713037542,0.634,0.566,5.88652806758811e-31,"0","MSL3"
5.56441645299167e-35,0.520778262894489,0.859,0.841,7.91371307944475e-31,"0","IRF1"
1.98340220451457e-34,1.09649455957799,0.442,0.345,2.82079461526062e-30,"0","CLUAP1"
8.60345748769255e-34,0.810227926894583,0.413,0.274,1.22358372389963e-29,"0","FCER1G"
1.16895479302183e-33,0.525843549056847,0.723,0.659,1.66248750663565e-29,"0","TALAM1"
2.03109311278107e-33,0.855554714790921,0.485,0.374,2.88862062499724e-29,"0","TOB1"
3.79826433271952e-33,0.988808597694313,0.396,0.263,5.40189153399371e-29,"0","ANK3"
7.11106741768962e-33,0.534145004531974,0.728,0.646,1.01133600814382e-28,"0","MAML2"
3.5895512809205e-32,0.924063780787923,0.491,0.399,5.10505983172514e-28,"0","IL6ST"
1.48950221772583e-31,1.08404356890147,0.429,0.336,2.11837005404967e-27,"0","HAPLN3"
1.56050540291103e-31,0.557123249582425,0.64,0.572,2.21935078402006e-27,"0","ICAM2"
1.66724446500141e-31,0.595543988930614,0.666,0.62,2.37115507812501e-27,"0","TRIM22"
1.66968962988437e-31,0.893924141668072,0.403,0.275,2.37463259162155e-27,"0","MX2"
2.5618165949582e-31,0.515984196686164,0.717,0.657,3.64341556134955e-27,"0","TGFBR2"
3.30610571895871e-30,0.882973047784617,0.481,0.371,4.70194355350307e-26,"0","SOCS1"
5.8727590290537e-30,0.66173353693764,0.546,0.429,8.35223789112017e-26,"0","ARMH1"
1.64805571356171e-28,0.990837296980584,0.374,0.262,2.34386483582746e-24,"0","APBA2"
1.85269256155918e-28,0.673588737649889,0.56,0.47,2.63489936104947e-24,"0","TXK"
2.11541261008926e-28,0.935490902082843,0.439,0.341,3.00853981406894e-24,"0","CHMP7"
2.78807632847739e-28,0.877390015907597,0.466,0.379,3.96520215436054e-24,"0","MARCKSL1"
7.28522630404088e-27,0.577070047773204,0.583,0.495,1.03610488496069e-22,"0","TSC22D3"
2.7634492813281e-26,0.95349308677435,0.401,0.308,3.93017756790483e-22,"0","ENSG00000290067"
1.6751953787589e-25,0.675620335613274,0.458,0.35,2.38246286767091e-21,"0","DCTN6-DT"
2.07288088073397e-25,0.502594121701452,0.612,0.534,2.94805118857986e-21,"0","BTN3A1"
2.65606570726297e-25,0.590631518022684,0.802,0.774,3.7774566488694e-21,"0","ENSG00000273149"
2.07117369377584e-22,1.19342757870278,0.298,0.208,2.945623227288e-18,"0","EIF4EBP3"
4.8649543860937e-22,0.737748125865399,0.49,0.415,6.91893812790246e-18,"0","DYRK2"
1.42447695612595e-21,0.600902112729367,0.536,0.494,2.02589112700233e-17,"0","ATF7IP2"
2.95122007387875e-21,0.552848293100853,0.596,0.545,4.19722518907036e-17,"0","SNHG3"
5.55290275341859e-21,0.704198663880086,0.443,0.35,7.89733829591192e-17,"0","STMN3"
9.79294225655111e-21,0.506522793846831,0.596,0.52,1.3927522477267e-16,"0","AIF1"
5.76003536759006e-20,0.641731109956327,0.518,0.462,8.19192229978658e-16,"0","ENSG00000268027"
1.75104751331429e-19,1.1040174743128,0.25,0.158,2.49033977343559e-15,"0","LINC02964"
2.7673293267044e-19,0.88056586536445,0.383,0.31,3.935695768439e-15,"0","PCMTD2"
3.13769557696691e-19,0.56951672873081,0.52,0.464,4.46243064956234e-15,"0","GNL3"
3.17328246184147e-19,0.538946732353693,0.554,0.503,4.51304231723093e-15,"0","BTG2"
2.33391434499074e-18,0.721194740388612,0.306,0.211,3.31929298144582e-14,"0","SCGB3A1"
6.90344475912458e-18,0.871352805884648,0.268,0.179,9.81807913642698e-14,"0","NT5E"
1.63941776048526e-17,0.671066613132875,0.431,0.357,2.33157993896214e-13,"0","BEX2"
5.29259413151075e-17,1.04391832350377,0.31,0.238,7.52712737383459e-13,"0","CHI3L2"
9.29464062500917e-17,0.571775751839915,0.534,0.511,1.3218837896888e-12,"0","APOL3"
1.27135122277199e-16,0.578332388484725,0.533,0.514,1.80811570902632e-12,"0","CRLF3"
2.23674642253364e-16,0.602303804803063,0.517,0.483,3.18110076212735e-12,"0","SNHG1"
7.65728843586779e-16,0.806274553803847,0.33,0.254,1.08901956134912e-11,"0","TMEM63A"
9.1616020904763e-16,0.640706085160616,0.36,0.275,1.30296304930754e-11,"0","FBLN5"
1.04988135347418e-15,0.617551622338776,0.469,0.423,1.49314126091098e-11,"0","IMMP2L"
1.41105068341591e-15,0.626857801646442,0.473,0.428,2.00679628195411e-11,"0","PARP9"
1.93396414238397e-15,0.866292290159298,0.369,0.316,2.75048380329848e-11,"0","LINS1"
9.26401935699114e-15,0.565732381865574,0.51,0.483,1.31752883295128e-10,"0","CCDC66"
2.40231395748853e-14,0.654791244740143,0.476,0.446,3.41657091034019e-10,"0","ARHGEF18"
4.97181592063046e-14,0.846932300054151,0.295,0.227,7.07091660232064e-10,"0","LINC02328"
1.84849199566159e-13,0.679828153433104,0.423,0.387,2.62892531622991e-09,"0","NAA16"
3.47634969504657e-13,0.59234338403032,0.455,0.426,4.94406453629524e-09,"0","RETREG1"
7.47577269698846e-13,0.897269041007431,0.31,0.254,1.0632043929657e-08,"0","CMTM8"
8.53407842690624e-13,0.616553564817185,0.43,0.379,1.21371663387461e-08,"0","BEX3"
3.2079106000077e-12,0.623278102707581,0.45,0.425,4.56229045533095e-08,"0","WDR43"
6.79889170456291e-12,0.688638222458704,0.372,0.318,9.66938378222938e-08,"0","RUNX2"
1.13112212009922e-11,0.791375174427512,0.352,0.31,1.60868187920512e-07,"0","KDSR"
1.28133895347852e-11,0.563596864692394,0.474,0.459,1.82232025963715e-07,"0","PIGC"
3.21761473811349e-11,0.573495231165056,0.488,0.48,4.576091680545e-07,"0","MAPKAPK5-AS1"
5.2506419190855e-11,0.625436263112055,0.402,0.359,7.46746293732339e-07,"0","LINC01550"
8.59803160553175e-11,0.748049332223964,0.312,0.263,1.22281205493873e-06,"0","CLEC11A"
1.35212292823027e-10,0.548828461047482,0.484,0.483,1.92298922852908e-06,"0","MEF2A"
1.55509956422036e-10,0.700067974728436,0.29,0.229,2.2116626002342e-06,"0","ATP2B1-AS1"
2.47612633786277e-10,0.773766939489957,0.344,0.308,3.52154687770844e-06,"0","LGALS3BP"
2.85359088496061e-10,0.711397642329914,0.313,0.263,4.05837695659098e-06,"0","TMEM140"
4.02618244722765e-10,0.576065252585069,0.432,0.409,5.72603667644716e-06,"0","TNFRSF25"
1.30229376035991e-09,0.604687143285907,0.441,0.434,1.85212218598387e-05,"0","THEM4"
1.92020432079301e-09,0.798241172126772,0.358,0.339,2.73091458503181e-05,"0","TRABD2A"
2.18247386868891e-09,0.500308046324443,0.516,0.512,3.10391433604937e-05,"0","EPSTI1"
2.97669654246033e-09,0.739003085434468,0.293,0.243,4.23345782268708e-05,"0","RGS1"
5.68146049287344e-09,0.668877547303648,0.294,0.246,8.08017311296461e-05,"0","PLCL1"
9.61150428894236e-09,1.00292332359742,0.275,0.24,0.000136694813997338,"0","LEF1-AS1"
1.15346829214854e-08,0.672284034158297,0.384,0.371,0.000164046260509365,"0","EXOSC5"
1.28171073563285e-08,0.627835963769697,0.319,0.279,0.000182284900821705,"0","ABHD13"
3.08193264222178e-08,0.875215531572519,0.27,0.233,0.000438312460376782,"0","ENSG00000290879"
3.64490414027992e-08,0.523084460610565,0.436,0.423,0.00051837826683061,"0","XAF1"
4.21827901202506e-08,0.658027840973277,0.362,0.336,0.000599923641090204,"0","GIMAP8"
7.61880109828647e-08,0.67787011616501,0.257,0.213,0.0010835458921983,"0","LINC03049"
3.16564447945761e-07,0.536110213658033,0.319,0.277,0.00450217957868462,"0","SHISAL2A"
3.20198997645382e-07,0.506179805596997,0.422,0.411,0.00455387014451262,"0","BTN3A3"
5.28263403578949e-07,0.595001930873208,0.422,0.413,0.00751296212569981,"0","FHIT"
8.28662966447413e-07,0.536688623881806,0.458,0.477,0.0117852447088151,"0","AEBP2"
9.38423484854984e-07,0.511070930094488,0.426,0.432,0.0133462588016076,"0","FOXO1"
1.0353684193973e-06,0.64670276416305,0.358,0.352,0.0147250096606684,"0","CERS6"
1.51122208113689e-06,0.745806695263088,0.293,0.267,0.0214926004379288,"0","ADPRM"
1.567649127121e-06,0.752570894203216,0.297,0.273,0.0222951058859149,"0","DOCK9"
1.8497372703999e-06,0.558355053213762,0.264,0.222,0.0263069634596274,"0","CALHM6"
1.93724300901752e-06,0.516965891627508,0.416,0.406,0.0275514700742472,"0","BTG1-DT"
2.16337202016402e-06,0.605735275904068,0.32,0.294,0.0307674768707727,"0","GSTM2"
4.47191357624541e-06,0.502251760931145,0.441,0.458,0.0635995548813623,"0","MPRIP"
8.23273467218522e-06,0.577128566355422,0.257,0.223,0.117085952507818,"0","PDK1-AS1"
2.69693991657134e-05,0.585933753021492,0.341,0.337,0.383558794934776,"0","TBC1D4"
3.99294274409169e-05,0.630659507895817,0.33,0.323,0.56787631706472,"0","PARP11"
7.67977434730336e-05,0.619092632138268,0.334,0.328,1,"0","ZNF862"
0.000110194423415157,0.732202594356646,0.282,0.27,1,"0","ING5"
0.000156503387428532,0.562843198086871,0.279,0.26,1,"0","TCP11L2"
0.000330229381965683,0.516940180836449,0.296,0.28,1,"0","KPNA5"
0.000354740794660538,0.521555806442376,0.382,0.4,1,"0","TASOR2"
0.000634409327606887,0.691975927103113,0.253,0.238,1,"0","ENSG00000284691"
0.000842677508644099,0.520505307246005,0.33,0.325,1,"0","ZNF506"
0.0014482311086507,0.543545512450235,0.349,0.368,1,"0","QTRT1"
0.00150613933168195,0.554509586955924,0.339,0.352,1,"0","PSMG4"
0.00176949365262624,0.539038696195321,0.347,0.363,1,"0","RNF138"
0.00183780651828867,0.516954978422654,0.347,0.355,1,"0","EBLN3P"
0.0054864554772068,0.627770344145816,0.264,0.259,1,"0","ABRAXAS1"
2.24653725120716e-203,3.77442157404109,0.494,0.064,3.19502527866683e-199,"1","ZNF683"
1.44924448923567e-193,4.09588396289759,0.419,0.045,2.06111551259097e-189,"1","RTKN2"
1.06009782546508e-179,2.67508880656379,0.726,0.2,1.50767112737644e-175,"1","TRGC2"
2.1064616306093e-172,3.69954945970933,0.458,0.067,2.99580973105255e-168,"1","FCRL3"
1.42339353582726e-155,1.94698588937197,0.867,0.306,2.02435028665353e-151,"1","CXCR3"
2.95377873641208e-133,1.77436140623322,0.696,0.202,4.20086411892526e-129,"1","KLRD1"
4.14414971499588e-129,3.73140869177429,0.442,0.088,5.89380972466714e-125,"1","IFNG-AS1"
1.18237002243129e-125,2.83301143114618,0.403,0.07,1.68156664590178e-121,"1","CPNE7"
4.60455516910661e-109,2.08431841713923,0.752,0.374,6.54859836150342e-105,"1","IKZF2"
5.03180340324193e-109,2.8595773718233,0.571,0.184,7.15623080009068e-105,"1","KLRC2"
6.51135655540854e-104,1.19657577949506,0.99,0.984,9.26045129310203e-100,"1","IL32"
1.55355193583745e-98,0.627133299716853,0.72,0.241,2.20946156314803e-94,"1","CST7"
2.81159806304605e-97,2.46435587724453,0.597,0.227,3.99865476526409e-93,"1","NCR3"
2.1938041921922e-91,1.32983305070196,0.853,0.477,3.12002832213574e-87,"1","CD99"
3.55318556476268e-91,2.94128493695598,0.474,0.144,5.05334051020549e-87,"1","KLRC3"
2.19890184967165e-89,1.95001108939625,0.804,0.537,3.12727821060302e-85,"1","TRG-AS1"
1.11981400927657e-88,1.552459081461,0.837,0.544,1.59259948399314e-84,"1","CLDND1"
9.02743410763756e-87,2.42385737405118,0.264,0.039,1.28388167878821e-82,"1","FCRL6"
5.73517679035509e-80,2.85021567760561,0.306,0.062,8.15656843124301e-76,"1","TRGV2"
4.33892707211486e-77,1.79244800482795,0.71,0.384,6.17082208196175e-73,"1","LYAR"
2.41188243269014e-76,1.68742905322571,0.742,0.412,3.43017919577192e-72,"1","ITM2C"
7.18274149731315e-72,0.996918137884879,0.921,0.587,1.02152949574788e-67,"1","CLIC1"
2.49279654503576e-71,1.42182265892702,0.825,0.577,3.54525524634986e-67,"1","AOAH"
4.07236628975123e-70,1.04704466523411,0.956,0.885,5.79171933728419e-66,"1","IFITM2"
3.56674055661514e-69,0.662829683197431,0.998,0.96,5.07261841961805e-65,"1","CYBA"
2.94775254824495e-67,1.46681928505408,0.855,0.627,4.19229367411397e-63,"1","CTSW"
1.41142886203722e-63,1.27363182017165,0.909,0.844,2.00733412758933e-59,"1","CD7"
1.44667492300157e-63,1.89726147260586,0.496,0.198,2.05746107549283e-59,"1","STOM"
4.7076915696601e-63,1.32062051461318,0.796,0.625,6.69527895037059e-59,"1","PITPNC1"
3.82145473329134e-62,0.732291275712539,0.986,0.985,5.43487292168694e-58,"1","CD52"
1.22662431361369e-57,0.909234591777969,0.915,0.79,1.7445050988214e-53,"1","HCST"
4.47052894114012e-56,2.05149651381656,0.415,0.15,6.35798626008948e-52,"1","SLAMF7"
2.83278722173309e-54,1.81856418301569,0.548,0.275,4.02878998674881e-50,"1","ARID5B"
4.33426597244891e-52,0.555496358642518,1,0.995,6.16419306601684e-48,"1","MT-CYB"
6.30710010387275e-52,1.09598217834061,0.76,0.49,8.96995776772782e-48,"1","CD63"
1.25239239711111e-49,1.20882864931661,0.653,0.361,1.78115246717142e-45,"1","CCL5"
8.5689760407423e-49,1.04654871821911,0.901,0.824,1.21867977251437e-44,"1","PPP2R5C"
1.75917722193137e-48,2.13399534948793,0.435,0.19,2.50190184503079e-44,"1","VAV3"
5.40027362281578e-48,2.06817972034851,0.419,0.179,7.68026914636861e-44,"1","MATK"
2.65328747370544e-45,2.08156658740557,0.359,0.135,3.77350544510387e-41,"1","ENSG00000273118"
4.00311019848469e-44,2.42396250202136,0.294,0.097,5.69322332428493e-40,"1","CXXC5"
3.25337139559229e-43,0.625305792288872,0.976,0.967,4.62694479881136e-39,"1","STK17A"
7.02148817218251e-43,1.40210969886117,0.625,0.415,9.98596047847797e-39,"1","C4orf48"
1.81713131350179e-41,0.502755942714835,0.998,0.992,2.58432415406224e-37,"1","MT-ND5"
2.31737773068821e-39,0.690778355809716,0.929,0.869,3.29577460858477e-35,"1","NUCB2"
2.96733482034636e-39,1.52634855287002,0.508,0.266,4.22014358149659e-35,"1","TOX"
1.85412740964182e-38,0.600789170223327,0.97,0.918,2.63694000199259e-34,"1","RAC2"
4.24366908576919e-37,0.9761644216929,0.752,0.573,6.03534617378095e-33,"1","NHERF1"
4.87792042740626e-37,0.918738234161739,0.847,0.711,6.93737843185718e-33,"1","EZR"
7.68991568280627e-37,1.58302196132366,0.409,0.189,1.09365980840871e-32,"1","GLIPR2"
2.73542941615374e-36,0.557197143471223,0.972,0.935,3.89032771565385e-32,"1","TAGLN2"
2.94850681792297e-36,0.901157920209728,0.573,0.306,4.19336639645005e-32,"1","ID3"
3.71588679810668e-36,1.11002633496547,0.748,0.571,5.28473420426732e-32,"1","PVRIG"
1.40388254054355e-35,2.87988524556882,0.3,0.115,1.99660174916104e-31,"1","XCL1"
1.8100235675447e-35,1.22031210651224,0.643,0.466,2.57421551776208e-31,"1","PTPN22"
1.3209351004426e-33,2.37593674449494,0.367,0.164,1.87863389984947e-29,"1","XCL2"
1.47010715327744e-33,1.655713540311,0.478,0.261,2.09078639339117e-29,"1","DUSP2"
9.95043908191572e-33,0.810552795504332,0.877,0.82,1.41515144623005e-28,"1","ELF1"
1.05581648340586e-32,0.952036259550684,0.746,0.548,1.50158220269981e-28,"1","CKLF"
4.03483421393489e-31,0.85495920961876,0.835,0.73,5.7383412190582e-27,"1","IFITM3"
2.0694829441047e-30,2.63743432011301,0.375,0.194,2.94321864310571e-26,"1","GZMK"
3.29944595692485e-28,1.39968417651986,0.468,0.267,4.69247203993852e-24,"1","KLRC4"
4.63342697399707e-28,1.51977552327275,0.429,0.239,6.58965984241864e-24,"1","KLRG1"
5.20467480631186e-28,1.52003670770209,0.276,0.111,7.40208850953673e-24,"1","TRGV9"
9.04164857370671e-28,0.926760047400561,0.673,0.471,1.28590326015257e-23,"1","PPP1R18"
2.47698493518809e-27,0.988253620468348,0.615,0.45,3.5227679748245e-23,"1","DHRS7"
9.32353384589002e-27,1.61828628758076,0.367,0.187,1.32599298356248e-22,"1","GCSAM"
1.7651116363073e-26,0.995254016151746,0.615,0.466,2.51034176915624e-22,"1","CASK"
3.64409982364119e-26,0.659636053254101,0.964,0.937,5.1826387691825e-22,"1","TRBC2"
5.22924961639903e-26,0.636678017007778,0.885,0.799,7.4370388044427e-22,"1","S100A4"
9.47502588853724e-26,0.754700200760384,0.821,0.725,1.34753818186777e-21,"1","TRAC"
1.02916180542695e-25,0.712972075565641,0.956,0.906,1.46367391967821e-21,"1","LTB"
2.07901308426878e-25,0.694207431541538,0.784,0.689,2.95677240844706e-21,"1","PRKCH"
2.45135131466504e-25,0.938466357622956,0.643,0.474,3.48631183971661e-21,"1","CFLAR"
3.72654834222698e-24,1.61909832856161,0.327,0.163,5.2998970523152e-20,"1","ENSG00000254777"
3.87144782393e-24,1.41740368983793,0.373,0.199,5.50597309519324e-20,"1","RAB37"
8.19316606270196e-24,1.57246261758167,0.27,0.118,1.16523207743747e-19,"1","DAPK2"
8.60807971441122e-24,1.80318470303733,0.333,0.175,1.22424109698356e-19,"1","MMP25-AS1"
1.80024623495961e-23,1.08003431426174,0.56,0.408,2.56031019535956e-19,"1","ITGB2"
5.87588457181342e-23,1.36166438839979,0.427,0.263,8.35668303803305e-19,"1","TRERF1"
8.05178473084552e-23,0.970867406598057,0.532,0.34,1.14512482442085e-18,"1","CLIC3"
8.76969610731908e-23,0.966552313462329,0.593,0.43,1.24722618038292e-18,"1","GCHFR"
2.34626654137972e-22,1.59372597092199,0.327,0.171,3.33686027515024e-18,"1","BAZ2B"
3.68681345286147e-22,1.13130015126844,0.607,0.461,5.24338609265959e-18,"1","SH2D1A"
1.52820047512009e-21,0.558575394776766,0.986,0.984,2.17340671571579e-17,"1","IFITM1"
2.56842840713998e-21,1.4257450050125,0.397,0.24,3.65281888063447e-17,"1","CD84"
5.18620978902144e-21,1.53158967836281,0.385,0.235,7.3758275619463e-17,"1","IL2RB"
1.37338815594701e-20,1.76487581170425,0.361,0.212,1.95323263538784e-16,"1","PDE4DIP"
1.46938352474511e-20,1.01977761073105,0.597,0.476,2.0897572488925e-16,"1","CCDC69"
1.43536938373437e-19,1.54416097551529,0.377,0.23,2.04138233754703e-15,"1","ITGB2-AS1"
1.86347473142745e-19,1.06560377226729,0.405,0.235,2.65023376303611e-15,"1","HOPX"
2.11520165979155e-19,0.521487975716604,0.843,0.79,3.00823980055554e-15,"1","SEPTIN1"
2.68934095975097e-19,1.00953301101702,0.5,0.354,3.82478071295783e-15,"1","SPINT2"
3.08538052458669e-19,1.52025368637036,0.27,0.131,4.38802818206719e-15,"1","KIAA1671"
8.37825967287704e-19,1.54012761264484,0.29,0.154,1.19155609067657e-14,"1","SLAMF1"
3.47138835759531e-18,0.566768286714043,0.786,0.72,4.93700852217205e-14,"1","LCP2"
6.32502896647183e-18,0.874406173279017,0.542,0.408,8.99545619611624e-14,"1","ITGAL"
6.2041503632976e-17,0.88008610407362,0.554,0.435,8.82354264668185e-13,"1","NCOA7"
7.1854121486231e-17,0.999695498714144,0.512,0.38,1.02190931577718e-12,"1","REL"
1.03855564189977e-16,1.70586099796232,0.254,0.132,1.47703383390986e-12,"1","SKAP2"
1.44483863909113e-16,0.934892689617339,0.514,0.39,2.05484951251541e-12,"1","MXD4"
1.49393249145622e-16,1.05917657569389,0.524,0.416,2.12467078934904e-12,"1","AKT3"
3.16996098279324e-16,1.4829202446445,0.355,0.226,4.50831850972855e-12,"1","CD9"
3.53169074168041e-16,0.91159539713111,0.573,0.461,5.02277057281787e-12,"1","STT3B"
3.81415624902353e-16,0.507292400976612,0.867,0.814,5.42449301736126e-12,"1","GSTP1"
6.39207738793869e-16,0.618993447004093,0.677,0.578,9.0908124611264e-12,"1","NT5C"
1.78658751337673e-15,0.981161068096478,0.385,0.249,2.54088476152438e-11,"1","MYO1F"
2.55855010818186e-15,0.960235018011913,0.502,0.381,3.63876996385624e-11,"1","RASSF1"
3.76821794281302e-15,0.814854951172612,0.597,0.495,5.35915955826867e-11,"1","ANTKMT"
1.82082361207892e-14,1.27083008316861,0.403,0.292,2.58957534109864e-10,"1","BICDL1"
1.89479200569933e-14,1.15311118662616,0.315,0.188,2.69477319050558e-10,"1","MPST"
2.64638228063001e-14,0.788709560617125,0.575,0.462,3.76368487951199e-10,"1","ARAP2"
4.08911849701228e-14,0.865146797872835,0.544,0.449,5.81554432645086e-10,"1","NIN"
6.31380921064455e-14,0.535219970406156,0.762,0.688,8.97949945937868e-10,"1","CAST"
6.4043640129266e-14,0.795891771546078,0.552,0.441,9.10828649918421e-10,"1","ANXA6"
8.30683394678424e-14,0.867221562250687,0.494,0.377,1.18139792391165e-09,"1","TSPOAP1-AS1"
1.07131053687386e-13,0.891922049889406,0.552,0.468,1.52361784554201e-09,"1","TNKS2"
1.66228787450087e-13,0.547870849317546,0.611,0.474,2.36410581511514e-09,"1","JPT1"
1.72465961846536e-13,0.570685853994503,0.625,0.479,2.45281090938144e-09,"1","PYHIN1"
2.85811525332673e-13,1.52372785248699,0.266,0.156,4.06481151328127e-09,"1","CALHM2"
3.65895032430839e-13,0.704101861825743,0.591,0.489,5.20375915123139e-09,"1","MACF1"
4.41458342203903e-13,0.552745135221098,0.677,0.614,6.27842054282391e-09,"1","PTPRCAP"
6.0109438933393e-13,0.710610504532485,0.546,0.434,8.54876440510715e-09,"1","RUNX3"
6.49453592939264e-13,0.642100330759794,0.627,0.564,9.23652899878221e-09,"1","CNPY3"
7.86105057087968e-13,0.505188435348561,0.79,0.745,1.11799861219051e-08,"1","ENSG00000289614"
1.11030063463516e-12,0.741491097652672,0.49,0.372,1.57906956257812e-08,"1","APMAP"
1.67467967118434e-12,0.632428369017735,0.643,0.559,2.38172942835837e-08,"1","OPTN"
1.87267855661848e-12,0.705520314027252,0.569,0.436,2.6633234432228e-08,"1","LYST"
1.92250356464163e-12,0.533832508738226,0.694,0.622,2.73418456963333e-08,"1","TLN1"
2.67841394730229e-12,1.28801977674447,0.268,0.159,3.80924031585332e-08,"1","NIBAN1"
3.04115203778825e-12,1.08790499618234,0.337,0.224,4.32512642814244e-08,"1","LPGAT1"
3.27146134906666e-12,0.827408713319666,0.468,0.354,4.65267233064261e-08,"1","TMX4"
3.52890570870282e-12,1.02886562021435,0.385,0.271,5.01880969891716e-08,"1","PDLIM2"
3.82291992302779e-12,0.753771052811741,0.52,0.421,5.43695671453012e-08,"1","TPST2"
4.54762010938613e-12,0.759610745440011,0.562,0.462,6.46762531956895e-08,"1","XBP1"
5.16508241807639e-12,0.544139797368818,0.681,0.613,7.34578021498824e-08,"1","TSTD1"
1.08765724399817e-11,0.831419407332583,0.675,0.616,1.5468661324142e-07,"1","NFKBIA"
1.22707933227866e-11,0.860961217051678,0.512,0.422,1.74515222636672e-07,"1","IRF2BP2"
1.52935753306198e-11,0.926509989561014,0.518,0.432,2.17505228352075e-07,"1","CMC1"
1.74960395061766e-11,1.09320325346504,0.308,0.197,2.48828673856843e-07,"1","EPHA4"
2.15754612432158e-11,0.580288339655569,0.579,0.468,3.06846209801014e-07,"1","SIRPG"
2.89571120625551e-11,0.746619733036011,0.589,0.499,4.11828047753659e-07,"1","LIME1"
3.96408246628109e-11,0.65200389102432,0.772,0.701,5.63771808354496e-07,"1","TRBC1"
5.19951226946354e-11,1.06124582901762,0.3,0.194,7.39474634963105e-07,"1","GABARAPL1"
7.42225447587191e-11,0.777716257453294,0.5,0.404,1.0555930315585e-06,"1","TRAF5"
9.12646081933264e-11,0.515016714597283,0.702,0.639,1.29796525772549e-06,"1","CANX"
9.69966671500791e-11,0.59534646003761,0.776,0.714,1.37948660020843e-06,"1","MT-ND6"
1.01432438496854e-10,0.503223386833186,0.7,0.658,1.44257214030225e-06,"1","MBP"
1.2337302049106e-10,0.790899979893902,0.427,0.306,1.75461109742385e-06,"1","LINC01871"
1.72143317347451e-10,0.59305574539658,0.706,0.632,2.44822225931545e-06,"1","HSPB1"
2.17684924892757e-10,0.902641639093363,0.474,0.383,3.09591500182479e-06,"1","BIRC3"
2.59315689015309e-10,0.849721741394978,0.45,0.352,3.68798772917572e-06,"1","ARFGAP3"
2.96571706259897e-10,0.587442861484237,0.792,0.735,4.21784280642825e-06,"1","MRPS6"
4.52895436849199e-10,0.759384324109931,0.526,0.453,6.4410789028693e-06,"1","ELOVL5"
6.06269677207785e-10,0.540550271511937,0.714,0.676,8.62236734924911e-06,"1","OGT"
6.19069970754316e-10,0.813695843376492,0.482,0.389,8.80441312406788e-06,"1","RGS19"
8.54507148489757e-10,1.23528603267132,0.341,0.251,1.21528006658213e-05,"1","ARFIP1"
9.54007114868503e-10,1.2137199505989,0.288,0.195,1.35678891876598e-05,"1","ZNF92"
1.17484121137141e-09,0.694123549494692,0.534,0.462,1.67085917081241e-05,"1","JAML"
2.08474742130808e-09,0.723108863180373,0.5,0.417,2.96492778258435e-05,"1","TRADD"
2.30556523282335e-09,0.991174303101743,0.357,0.261,3.27897487412137e-05,"1","TSPAN32"
3.76443189233458e-09,0.887894125359072,0.361,0.268,5.35377503727825e-05,"1","STARD3NL"
4.45576206701407e-09,0.735087652002143,0.44,0.35,6.33698481170741e-05,"1","CARD19"
4.96019498248478e-09,1.13463122768827,0.288,0.2,7.05438930408985e-05,"1","PLEKHF2"
6.03957783500254e-09,0.71575342513795,0.53,0.463,8.58948759694062e-05,"1","PARVG"
6.12515469824479e-09,1.28860596666048,0.282,0.194,8.71119501184374e-05,"1","RRAS2"
6.25328495244055e-09,0.964652653345236,0.377,0.292,8.89342185936095e-05,"1","DZIP3"
1.67595002899503e-08,0.604402412990419,0.649,0.627,0.000238353613123673,"1","CCSER2"
1.80092385129847e-08,0.637285748808029,0.542,0.498,0.000256127390131668,"1","TTC1"
1.83197672513306e-08,0.634333182140526,0.589,0.534,0.000260543729848424,"1","IKZF3"
3.08041582185498e-08,0.544002965110276,0.665,0.627,0.000438096738184215,"1","SUSD3"
3.12852670657727e-08,0.778240265454892,0.47,0.401,0.00044493906820942,"1","CDC42EP3"
3.46436295554096e-08,0.52068228881705,0.595,0.529,0.000492701699537035,"1","LY9"
3.52337295670481e-08,1.09146143989379,0.284,0.201,0.000501094101902558,"1","TBK1"
3.80196031091537e-08,0.734111206056624,0.532,0.483,0.000540714795418385,"1","NINJ1"
6.73035470580869e-08,0.921163864064091,0.312,0.224,0.000957191046260113,"1","DOK2"
7.52839238323813e-08,0.585496801010543,0.512,0.443,0.00107068796474413,"1","CMTM3"
8.60712228861525e-08,0.974838903922437,0.347,0.27,0.00122410493188686,"1","FBXO34"
9.28963463004878e-08,0.750267576730047,0.456,0.393,0.00132117183708554,"1","UNC119"
1.08717148702413e-07,0.654936237382836,0.506,0.449,0.00154617528884571,"1","ADD1"
1.0964160517994e-07,0.654267035488167,0.452,0.388,0.00155932290886911,"1","EPS15"
1.22855176361522e-07,0.798148688512123,0.379,0.303,0.00174724631821357,"1","CMIP"
1.31552363785318e-07,0.628686132266984,0.456,0.379,0.00187093771775479,"1","LRIF1"
1.36527187920521e-07,0.576299669699287,0.54,0.471,0.00194168966660566,"1","PPP3CC"
1.42620793061495e-07,1.00443297289252,0.312,0.231,0.00202835291892058,"1","LAIR1"
1.71368431793749e-07,1.05175790246276,0.274,0.193,0.0024372018369707,"1","UBASH3B"
1.72707132327078e-07,1.14811881214712,0.312,0.234,0.00245624083595571,"1","LINC02273"
2.02515597129703e-07,1.15632079961543,0.266,0.19,0.00288017682237864,"1","RUFY3"
2.11629483100029e-07,0.936855884135194,0.377,0.308,0.00300979450864861,"1","CSNK1G3"
2.81788940298089e-07,0.506651111973795,0.577,0.523,0.00400760230891942,"1","TMED10"
2.89813722404778e-07,0.689328914302695,0.45,0.384,0.00412173076004076,"1","TGFB1"
3.14268418363064e-07,0.623600909813357,0.508,0.442,0.0044695254459595,"1","CUL3"
4.86153065001599e-07,1.13085922201856,0.25,0.174,0.00691406889045274,"1","ZNF880"
4.9000559970662e-07,0.551332350457277,0.552,0.491,0.00696885963902755,"1","GADD45B"
6.03795877873932e-07,0.883530590052422,0.266,0.188,0.00858718497512305,"1","LSR"
8.24386072990576e-07,0.513481074886511,0.528,0.475,0.011724418730072,"1","MYDGF"
9.1994808631363e-07,0.507041684490651,0.51,0.455,0.0130835016835524,"1","COPZ1"
9.22934139440299e-07,0.682886857672327,0.466,0.407,0.0131259693311199,"1","B3GNT2"
9.23374847026026e-07,0.701359698899516,0.367,0.292,0.0131322370744041,"1","PPP1R16B"
9.53572687861654e-07,0.524512615911868,0.468,0.411,0.0135617107667684,"1","LYPLA2"
1.49549699191764e-06,0.688242889103698,0.415,0.357,0.0212689582190527,"1","HACD4"
1.55330028127472e-06,0.890818930995003,0.323,0.252,0.022091036600289,"1","DUSP23"
2.31098280126878e-06,1.14725927340004,0.264,0.197,0.0328667973996446,"1","NEDD9"
2.72847319040113e-06,0.560848374404287,0.3,0.209,0.0388043457138849,"1","RHOC"
3.01211942585355e-06,0.549392283934719,0.548,0.51,0.0428383624744892,"1","IGFLR1"
3.2794604249263e-06,0.538848411474793,0.583,0.542,0.0466404861633018,"1","PIK3R1"
3.70726009083138e-06,0.640753074860494,0.456,0.393,0.0527246530118039,"1","MAP4"
3.85486340448421e-06,0.717830173157094,0.401,0.334,0.0548238673385744,"1","LRRC8D"
4.45842034099251e-06,0.767569371352169,0.423,0.373,0.0634076540895954,"1","RAB6A"
4.51311222580992e-06,0.810157898086862,0.357,0.295,0.0641854820754687,"1","SERPINB6"
4.51815280058454e-06,0.866491792652927,0.308,0.24,0.0642571691299134,"1","TP53I13"
5.04430104346736e-06,0.549425069519848,0.524,0.483,0.0717400494401928,"1","BIRC2"
5.99513619815296e-06,0.61428679187037,0.423,0.36,0.0852628270101314,"1","SELENOS"
6.14203976597572e-06,1.02097785069821,0.252,0.186,0.0873520895517066,"1","TATDN3"
6.18619792721548e-06,0.576576687078707,0.438,0.386,0.0879801069208585,"1","MAPK1"
6.60855992018168e-06,0.560914207563206,0.512,0.474,0.0939869391848238,"1","ARHGAP9"
6.94223541617416e-06,0.690359644809412,0.397,0.339,0.0987324720888288,"1","VOPP1"
7.22233607454901e-06,0.911853447452954,0.319,0.253,0.102716063652236,"1","GPHN"
7.28775183488573e-06,0.58933802962627,0.486,0.446,0.103646406595745,"1","PRRC2B"
7.34032258677431e-06,1.52427195329533,0.254,0.196,0.104394067829104,"1","SNAP47"
9.15602189563569e-06,0.724628594807433,0.417,0.371,0.130216943399731,"1","CTSA"
1.4513333590619e-05,0.560330960219913,0.468,0.42,0.206408630325783,"1","WWP1"
1.48654437007803e-05,0.741973246400086,0.389,0.34,0.211416340312498,"1","HERPUD1"
1.74135507625773e-05,0.828917618091127,0.339,0.277,0.247655518945374,"1","S100PBP"
2.04316241376333e-05,0.506987390280803,0.556,0.537,0.29057855848542,"1","FGFR1OP2"
2.06764820404516e-05,0.935537410070956,0.302,0.241,0.294060927579302,"1","EDEM1"
2.39920168545465e-05,0.881622403687566,0.288,0.228,0.341214463705361,"1","DENND6B"
2.4099863785421e-05,0.558637591273323,0.47,0.417,0.342748262756257,"1","KAT6B"
2.46163500798627e-05,0.78690506085816,0.363,0.313,0.350093730835808,"1","MAN2A1"
2.47670439602945e-05,0.86364777859981,0.312,0.249,0.352236899203308,"1","UPP1"
2.87113337256201e-05,0.530036535006053,0.55,0.521,0.408332588245769,"1","M6PR"
2.87809384009058e-05,0.542140942259956,0.421,0.359,0.409322505937682,"1","MYO9B"
3.05613221584904e-05,0.66273953845135,0.444,0.413,0.434643123738051,"1","DEGS1"
3.39529314546839e-05,0.842431588128314,0.28,0.222,0.482878591148514,"1","TCIRG1"
3.44429324691126e-05,0.628140319321503,0.403,0.347,0.489847385575719,"1","IL10RA"
3.4493651908676e-05,0.644703600284916,0.3,0.235,0.490568717445191,"1","GYG1"
3.47485438366181e-05,0.835135099554549,0.3,0.239,0.494193790444382,"1","CRELD2"
3.71224192135161e-05,0.718062398057084,0.363,0.306,0.527955046054625,"1","LASP1"
3.79672586522293e-05,0.551031036586174,0.534,0.51,0.539970352552006,"1","TNRC6C"
4.90711263048709e-05,0.530929289230305,0.452,0.408,0.697889558307874,"1","NUDT22"
5.00893807090995e-05,0.522584004827709,0.46,0.402,0.712371172444813,"1","FMNL1-DT"
5.02394444332396e-05,0.547062564127272,0.427,0.378,0.714505378729533,"1","TBC1D5"
5.05018114168458e-05,0.629239405166766,0.429,0.381,0.718236761970381,"1","ABCB1"
5.56734955108961e-05,0.600724305885079,0.409,0.366,0.791788453155964,"1","CDR2"
5.91206903687676e-05,0.540386599073678,0.464,0.425,0.840814458424612,"1","CDK9"
6.09230019479088e-05,0.989441597725681,0.304,0.257,0.866446933703159,"1","LPP"
6.20830709800094e-05,0.868113068444823,0.272,0.214,0.882945435477694,"1","PIK3CG"
7.04033938467383e-05,0.663275569334437,0.375,0.318,1,"1","MAP3K1"
7.53564405724838e-05,0.99218581668081,0.266,0.211,1,"1","FBXL12"
7.71974950642141e-05,0.649313350371583,0.415,0.374,1,"1","SDCCAG8"
9.01235380190345e-05,0.547850559889359,0.427,0.385,1,"1","HELZ"
0.000105442677549148,0.813404353975872,0.294,0.241,1,"1","AKAP7"
0.000110808212898659,0.577334738417204,0.389,0.334,1,"1","PYM1"
0.000123441840907904,0.51843500776574,0.458,0.421,1,"1","CYB5A"
0.000129897153228803,0.595096425397582,0.381,0.333,1,"1","RIN3"
0.00014046164343356,0.786198464252893,0.339,0.287,1,"1","AHI1"
0.000149165729998673,0.56573540981079,0.524,0.491,1,"1","PTPN2"
0.000196603278638757,0.529756994780347,0.423,0.382,1,"1","TMEM167A"
0.000233283719822392,0.511489035955483,0.532,0.51,1,"1","RAB24"
0.000235026596473655,0.621761450395571,0.375,0.332,1,"1","MIR142HG"
0.000251596620112844,0.607956420000419,0.395,0.357,1,"1","GNA13"
0.000256408962237398,0.555103182284466,0.389,0.35,1,"1","STX8"
0.000266228198349075,0.701379376565278,0.325,0.279,1,"1","CBL"
0.000327251156153951,0.784529316452102,0.351,0.31,1,"1","ATP6V0A2"
0.000350949625327585,0.533424330821933,0.44,0.412,1,"1","RNF166"
0.000413191169752576,0.749312756426423,0.29,0.243,1,"1","MAPKAPK2"
0.000425927022080527,0.561331933395609,0.385,0.338,1,"1","HAGHL"
0.000436507862566613,0.600190502770504,0.385,0.347,1,"1","TMEM9B"
0.000494485582175391,0.52546037025066,0.433,0.405,1,"1","ITPR2"
0.00051232733047073,0.539354072594671,0.379,0.34,1,"1","CCDC115"
0.000513092442700823,0.795409075887112,0.308,0.265,1,"1","TMEM216"
0.000518829044986061,0.512129488729691,0.442,0.408,1,"1","NCK1"
0.000549220315207663,0.771741275080046,0.27,0.223,1,"1","SLA2"
0.000550677592768527,0.705128065308932,0.282,0.234,1,"1","ST8SIA4"
0.000562045873581709,0.845199568876465,0.252,0.204,1,"1","FAM131B-AS2"
0.000582597351226243,0.62306686296511,0.347,0.307,1,"1","TYMP"
0.000625863062710101,0.871713463716799,0.266,0.22,1,"1","BCL3"
0.0006533376906356,0.565169635964531,0.357,0.322,1,"1","SOS2"
0.000689598832540425,0.750987697425708,0.315,0.272,1,"1","PSTPIP1"
0.000699359676883402,0.551853165177556,0.403,0.375,1,"1","AP3S1"
0.000714156836059775,0.660797068810241,0.339,0.295,1,"1","DNAJC10"
0.000798937397711689,0.814972701205074,0.28,0.239,1,"1","MOB3A"
0.000853039732856447,0.601856135654963,0.347,0.299,1,"1","ITPKB"
0.000907353252174251,0.506846858821134,0.365,0.316,1,"1","CCDC167"
0.000908446571902193,0.753454341245118,0.323,0.287,1,"1","PSD4"
0.000918316247604094,0.809289722129921,0.27,0.228,1,"1","MANBA"
0.000930144971422889,0.730445420684584,0.282,0.236,1,"1","FHIP2A"
0.000991068825871318,0.77150630586425,0.282,0.235,1,"1","UBE2E2"
0.00113246871286731,0.680775462580034,0.292,0.244,1,"1","OSTM1"
0.00124739539343394,0.614706956098104,0.393,0.383,1,"1","PRKAR1A"
0.00124774393147677,0.877453737776737,0.361,0.309,1,"1","SMC4"
0.00130519077950741,0.576729354506275,0.355,0.32,1,"1","METRN"
0.0013905667010272,0.566394555184691,0.415,0.386,1,"1","KRCC1"
0.00159169622665106,0.551311801691479,0.3,0.253,1,"1","SLC35D2"
0.00164679261850926,0.677323277798772,0.268,0.224,1,"1","CBFA2T2"
0.0017724498992143,0.743725579396693,0.276,0.237,1,"1","SIPA1"
0.00189454641543953,0.883019453757778,0.292,0.252,1,"1","SCGB3A1"
0.00212877956955714,0.606869223369402,0.345,0.311,1,"1","ECHDC2"
0.00226874683926259,0.609808202249554,0.367,0.341,1,"1","MCPH1"
0.0024186064656374,0.834941630378408,0.254,0.213,1,"1","TCEAL4"
0.00245681507169108,0.541840394797424,0.411,0.383,1,"1","TCEAL8"
0.00275804362702817,0.500672576900727,0.393,0.366,1,"1","SHKBP1"
0.00320384457816065,0.636726047769133,0.274,0.234,1,"1","TMED7"
0.00326148564087599,0.590894167530876,0.349,0.319,1,"1","NLRC3"
0.00366271422610491,0.536602268898387,0.323,0.275,1,"1","DDIT4"
0.00430400495347056,0.629522952799167,0.298,0.264,1,"1","GCLM"
0.00431173151195943,0.504228145939614,0.296,0.254,1,"1","IFI27L2"
0.00468209143163857,0.694700889229212,0.288,0.256,1,"1","RAB9A"
0.00530476241538773,0.533400006644476,0.331,0.299,1,"1","CLN3"
0.0057398750858081,0.528443190277096,0.51,0.513,1,"1","TANK"
0.00606904065524031,0.667175204713412,0.268,0.232,1,"1","AHNAK"
0.00658541515561963,0.507267257259994,0.337,0.306,1,"1","SMIM29"
0.00714442717519856,0.592087014283985,0.347,0.325,1,"1","SFI1"
0.00814592839044294,0.598703913525168,0.323,0.294,1,"1","ALKBH6"
0.00891714585053045,0.649376788683054,0.272,0.239,1,"1","TRAPPC2B"
0.00913586556541176,0.581596016284215,0.317,0.287,1,"1","ZNF585A"
0.00953891070157005,0.533379087479801,0.306,0.279,1,"1","TNFRSF1A"
0,3.04878954799112,0.966,0.176,0,"2","CAPG"
0,3.63699849366279,0.902,0.144,0,"2","CD79A"
0,4.38705817112027,0.703,0.067,0,"2","GNG8"
0,4.392744208474,0.659,0.051,0,"2","ENSG00000266088"
2.45294720010627e-297,4.08863178092426,0.611,0.058,3.48858150799114e-293,"2","SUOX"
2.22128637762734e-294,2.79031504269565,0.892,0.153,3.1591134862616e-290,"2","RAB37"
1.01048977187593e-291,3.19957576671609,0.787,0.115,1.43711855356195e-287,"2","HAVCR2"
1.57105118440314e-288,3.70487768069669,0.593,0.054,2.23434899445814e-284,"2","FGFR1"
1.00735600548496e-277,2.72383422341145,0.954,0.221,1.43266171100071e-273,"2","CD38"
5.98657367665629e-276,3.23156573626773,0.668,0.077,8.51410508294058e-272,"2","LAYN"
7.35471168725081e-269,3.33637928471429,0.634,0.071,1.04598709616081e-264,"2","ITGAX"
8.56884045978867e-262,4.00559414938611,0.554,0.052,1.21866049019114e-257,"2","C20orf204"
1.19495930100233e-260,3.93473439346236,0.517,0.043,1.69947111788552e-256,"2","IGFBP4"
6.21518271243582e-258,2.50306519246918,0.87,0.157,8.83923285362622e-254,"2","RHOC"
1.57954130683784e-254,4.23607091728923,0.419,0.024,2.24642364658477e-250,"2","PTGIR"
3.76674705138914e-253,2.38288685806404,0.924,0.189,5.35706765648563e-249,"2","MYL6B"
1.38597091339842e-239,2.87874914902933,0.954,0.274,1.97112783303523e-235,"2","ID3"
3.44601313739532e-238,2.5248234004743,0.716,0.108,4.90091988400363e-234,"2","EVA1B"
6.32944516396735e-231,2.78003892157249,0.632,0.083,9.00173691219436e-227,"2","CTLA4"
9.74441991131725e-226,3.23779405951176,0.565,0.066,1.38585139978754e-221,"2","MT1E"
2.52099917881621e-222,3.1022162942586,0.604,0.079,3.58536503211242e-218,"2","SRGAP3"
1.28949198165868e-220,2.98278585879046,0.602,0.081,1.83391549631497e-216,"2","MYB"
9.67543229457851e-216,3.29963114305143,0.499,0.052,1.37603998093496e-211,"2","SMIM24"
2.54547398235707e-212,2.11268240083294,0.815,0.165,3.62017309770822e-208,"2","LGALS1"
6.71875603246441e-198,2.17795683646167,0.858,0.191,9.55541482937089e-194,"2","CD82"
7.67384437255296e-194,1.95467641701951,0.778,0.147,1.09137414666448e-189,"2","MPST"
1.26956289516727e-193,2.42964963230301,0.719,0.135,1.8055723495069e-189,"2","DBN1"
5.54234806469443e-188,2.99840359240914,0.469,0.053,7.88232741760842e-184,"2","MYO1E"
3.45202426840627e-187,2.75384321210376,0.481,0.056,4.90946891452739e-183,"2","SPACA9"
1.62206490164757e-186,1.37473100352688,1,0.915,2.30690070312318e-182,"2","RAC2"
9.261221558896e-186,1.89563092921993,0.822,0.178,1.31713093010619e-181,"2","DOK2"
9.4022466646055e-185,1.91247999649506,0.954,0.305,1.33718752064019e-180,"2","CXCR3"
4.33444463647609e-182,1.97124086393913,0.998,0.766,6.16444716199629e-178,"2","UCP2"
1.39712659519872e-179,0.914690595164196,1,1,1.98699344369162e-175,"2","TMSB4X"
2.98482492279474e-179,2.06483842376614,0.952,0.435,4.24501800519868e-175,"2","SIRPG"
1.46545230552921e-178,2.94581684960817,0.455,0.053,2.08416626892364e-174,"2","TIMD4"
2.36878094282349e-177,2.14397648578712,0.858,0.225,3.36888025688357e-173,"2","DDIT4"
5.57297237662778e-176,2.1596849230329,0.785,0.182,7.92588131404003e-172,"2","DENND6B"
1.57628342876445e-175,2.39031549660318,0.68,0.126,2.2417902923888e-171,"2","CD79B"
2.31813487828888e-169,1.10026319460463,0.998,0.998,3.29685142390245e-165,"2","MT-CO2"
1.13940436329588e-164,1.70001362286327,0.989,0.444,1.6204608854794e-160,"2","PPP1R18"
3.49908589867914e-164,2.51024609784146,0.487,0.066,4.97639996510147e-160,"2","STAP1"
3.92077690672422e-164,1.43999815468626,1,0.951,5.57612891674319e-160,"2","ACTG1"
1.26080690962387e-163,2.56753742742882,0.497,0.071,1.79311958686706e-159,"2","NCF4"
3.13840850181637e-163,1.51051058897033,1,0.959,4.46344457128324e-159,"2","GAPDH"
8.20114038147268e-163,1.09148748650149,0.995,0.996,1.16636618505304e-158,"2","MT-ND4"
2.09623419344813e-157,1.16080660532942,1,0.999,2.98126426992192e-153,"2","ACTB"
4.33858928931441e-157,3.88579319592732,0.339,0.031,6.17034168726296e-153,"2","ZG16B"
2.87883096321882e-156,0.97423530372542,1,0.999,4.0942733958898e-152,"2","TMSB10"
9.21434057990274e-155,2.00284848042652,0.895,0.288,1.31046351727377e-150,"2","PTPN7"
9.51255547866719e-155,2.17582372190327,0.499,0.075,1.35287564017605e-150,"2","LINC00426"
1.28541432402636e-154,2.13264233925681,0.819,0.233,1.82811625163029e-150,"2","SESN3"
1.42339168222693e-154,1.88941562776443,0.776,0.195,2.02434765046315e-150,"2","ITGB2-AS1"
1.69120202476235e-152,0.880944526102451,1,0.998,2.40522751961701e-148,"2","MT-CO1"
5.80679470521061e-151,1.07230427806802,0.993,0.996,8.25842342975053e-147,"2","MT-CO3"
4.24444855688126e-150,3.33088798187783,0.373,0.042,6.03645473759653e-146,"2","NTRK1"
1.46901790964036e-149,1.5486168814978,0.817,0.202,2.08923727109052e-145,"2","PTMS"
1.6697140066723e-148,1.54040237662834,0.998,0.584,2.37466726028935e-144,"2","CLIC1"
1.07377773900254e-147,2.02328451572565,0.648,0.131,1.52712670040941e-143,"2","AFF3"
5.88678926866662e-146,1.74501724135423,0.902,0.297,8.37219169789766e-142,"2","FUT8"
6.04630604411929e-145,3.46719690625836,0.318,0.029,8.59905645594646e-141,"2","STAC3"
1.9471397350849e-142,1.17723319164217,0.998,0.984,2.76922213123774e-138,"2","CD52"
8.00786833824726e-142,2.91458016276752,0.352,0.039,1.13887903506552e-137,"2","ENSG00000291105"
1.46151638380225e-139,0.665435158704307,0.57,0.095,2.07856860104356e-135,"2","PCLAF"
5.69529597458364e-139,3.34340261783074,0.4,0.055,8.09984993505285e-135,"2","ENTPD1"
1.18761256066327e-137,1.41990412451305,0.991,0.753,1.6890225837753e-133,"2","COTL1"
2.48007407078807e-137,0.765094313772994,1,0.994,3.5271613434748e-133,"2","ARHGDIB"
1.20322449288818e-136,0.974990255151008,0.993,0.936,1.71122587378557e-132,"2","GMFG"
8.45735706439234e-135,1.48190175770224,0.963,0.754,1.20280532169788e-130,"2","CD27"
1.71109522113748e-134,2.97013721408698,0.364,0.046,2.43351962350173e-130,"2","SERPINE2"
1.71984554776641e-133,2.32738388450784,0.407,0.057,2.44596433803338e-129,"2","APOBR"
5.63912634660239e-133,1.60512223883271,0.677,0.152,8.01996549013791e-129,"2","PLIN3"
3.9902118568687e-132,1.68137103935453,0.86,0.271,5.67487930283867e-128,"2","MT1F"
4.18815125523718e-131,2.05215979251136,0.416,0.061,5.95638871519831e-127,"2","HEXIM2"
2.60294978203913e-130,3.81060162327206,0.291,0.028,3.70191518001605e-126,"2","LCT-AS1"
2.17578085790253e-128,0.89779805689388,1,0.999,3.09439553610897e-124,"2","PFN1"
4.67236566469968e-127,2.23715029391487,0.421,0.064,6.64503844833589e-123,"2","LAPTM4B"
6.17534733197929e-127,2.48809600058768,0.449,0.075,8.78257897554095e-123,"2","FXYD2"
1.43557111711483e-126,1.56469036528742,0.936,0.385,2.04166924276071e-122,"2","SIT1"
3.88534693927393e-125,2.37146340870679,0.485,0.09,5.52574041703538e-121,"2","IRF4"
6.91760611033635e-125,1.44248481699867,0.982,0.739,9.83821941012035e-121,"2","IL16"
3.81035120825351e-124,2.05757502508025,0.586,0.129,5.41908148837814e-120,"2","TNIP3"
9.05736678000222e-124,1.41210056215474,0.67,0.156,1.28813870345192e-119,"2","ORAI3"
3.51122379960249e-123,1.22656597454601,0.709,0.172,4.99366248779465e-119,"2","LAG3"
1.0086554592997e-122,1.66432736529379,0.934,0.399,1.43450979421603e-118,"2","NFATC3"
1.59223722608741e-122,1.81101582374923,0.753,0.202,2.26447978294151e-118,"2","ACP5"
1.6741434697241e-122,0.8251148569394,0.705,0.176,2.38096684264162e-118,"2","KLRC2"
3.0981365381053e-122,0.992295750858267,0.998,0.922,4.40616978449335e-118,"2","CORO1A"
6.51253763555254e-121,1.57063269006713,0.666,0.16,9.26213102528282e-117,"2","MYO1G"
2.31030222427136e-120,2.02778714475921,0.469,0.083,3.28571182335873e-116,"2","MEAK7"
1.25853564068923e-119,1.18233766184853,0.989,0.696,1.78988938818822e-115,"2","BBLN"
4.21627979223123e-119,1.98369385828156,0.478,0.09,5.99639312051126e-115,"2","PDLIM7"
6.70514610607559e-119,1.88965847574148,0.515,0.101,9.5360587920607e-115,"2","NDFIP2"
7.02374873037988e-119,2.13642157258353,0.458,0.083,9.98917544434627e-115,"2","RAB13"
1.94266026328068e-118,1.25974786817963,0.707,0.169,2.76285142643778e-114,"2","CDK2AP1"
1.01669513137708e-117,1.53697260647377,0.805,0.237,1.44594381584448e-113,"2","SEC14L1"
1.57364731148437e-117,1.35995406169515,0.767,0.211,2.23804120639307e-113,"2","PTPRJ"
2.49822160846231e-117,0.783680207652966,0.998,0.961,3.55297077155509e-113,"2","ARPC3"
4.54187024761702e-117,2.1758706362342,0.458,0.084,6.45944786616093e-113,"2","ENSG00000235978"
6.77343316992642e-117,1.45263503620257,0.783,0.223,9.63317665426935e-113,"2","ORAI2"
8.32441756758968e-117,1.66565811715581,0.684,0.181,1.1838986664626e-112,"2","BCL3"
1.95784874394862e-116,1.57227833093005,0.913,0.406,2.78445248364373e-112,"2","LYST"
3.60982512752503e-116,1.08894974579242,1,0.808,5.13389329636609e-112,"2","LSP1"
1.30178153861938e-115,1.53496521804146,0.796,0.236,1.85139370422448e-111,"2","DHRS3"
9.64073417415173e-115,1.31183254872201,0.833,0.247,1.37110521424786e-110,"2","CCDC57"
2.52986415811514e-114,1.59451282077626,0.519,0.106,3.59797280567136e-110,"2","GSTZ1"
3.50012337806477e-114,1.87500276250088,0.485,0.095,4.97787546828372e-110,"2","SAMD10"
4.1043589925798e-114,1.49314985058897,0.593,0.136,5.83721935924699e-110,"2","PCBD1"
5.85005690266884e-114,1.60899424337965,0.755,0.213,8.31995092697562e-110,"2","HSH2D"
3.0293445642836e-113,0.603514854767861,1,0.997,4.30833383932414e-109,"2","PPIA"
1.54839880163453e-112,1.2799216660138,0.982,0.659,2.20213277568462e-108,"2","CNN2"
1.68666488991423e-112,0.641511606345983,0.618,0.143,2.39877480643602e-108,"2","XCL2"
3.68727614502754e-112,0.950623869646379,0.998,0.889,5.24404413345817e-108,"2","ARPC1B"
4.25103594617978e-112,1.48879885123542,0.826,0.264,6.04582332265688e-108,"2","GIHCG"
1.20832628598333e-110,1.47962984230997,0.95,0.514,1.7184816439255e-106,"2","SUPT4H1"
1.38201955591027e-110,2.06995193894714,0.355,0.05,1.96550821241558e-106,"2","CACNA1C-AS1"
1.46898314776683e-110,2.82241957683444,0.286,0.033,2.08918783275398e-106,"2","ENSG00000272369"
5.38515559023037e-110,0.979554949741059,0.998,0.854,7.65876828042564e-106,"2","SLC25A5"
2.59244221225678e-109,1.53703313662525,0.652,0.169,3.68697131427159e-105,"2","TNFRSF1B"
5.71294120541138e-109,2.56607143604952,0.341,0.05,8.12494498233606e-105,"2","GRK3"
9.54372690928675e-109,2.92054963496596,0.279,0.031,1.35730884103876e-104,"2","LINC01281"
3.16986353374833e-108,1.76015730539395,0.43,0.078,4.50817991769688e-104,"2","BIVM"
5.30665806556692e-108,1.20562397658306,0.682,0.173,7.54712910084928e-104,"2","GALM"
6.9598515367255e-108,2.42929803632929,0.3,0.037,9.89830085553101e-104,"2","CBLL1-AS1"
7.41190948515656e-108,0.905205670571621,0.993,0.855,1.05412176697897e-103,"2","CAPZB"
2.00139277958482e-107,1.23862114722837,0.856,0.255,2.84638081112552e-103,"2","COMMD4"
4.92125791296743e-107,1.42795990069897,0.68,0.184,6.99901300382229e-103,"2","PDE4DIP"
6.43392646046398e-107,1.74551033273959,0.437,0.082,9.15033021207188e-103,"2","KLRC1"
2.93504996599504e-106,1.77750067916862,0.595,0.147,4.17422806163815e-102,"2","RFLNB"
4.70698940833976e-106,1.18102136039413,0.995,0.591,6.6942803365408e-102,"2","VAMP5"
5.95336916136794e-106,1.79671355964364,0.476,0.099,8.46688162129748e-102,"2","LINC00539"
1.47384323963231e-105,2.34626582442305,0.391,0.068,2.09609985540507e-101,"2","CD72"
2.31440952979528e-105,1.24800730333018,0.634,0.159,3.29155323327485e-101,"2","FHL3"
4.49142947362861e-105,1.60721017776349,0.68,0.181,6.38771099739461e-101,"2","WARS1"
9.84895834508828e-105,1.27682471410552,0.691,0.184,1.40071885583845e-100,"2","RPS6KA1"
1.83522216395605e-104,0.850162728038702,0.995,0.855,2.6100529615783e-100,"2","UQCRH"
1.94293532695174e-104,1.38731839200671,0.682,0.184,2.76324262199076e-100,"2","IL4R"
3.72935115536724e-104,3.20943314342789,0.254,0.027,5.30388321316329e-100,"2","RAMP1"
7.56744270983481e-104,1.52209555002013,0.524,0.117,1.07624170219271e-99,"2","NBL1"
1.0851746585045e-103,1.41256023082194,0.801,0.255,1.54333539932509e-99,"2","INPP5D"
1.22788828095182e-103,1.15497349032662,0.881,0.288,1.74630271316968e-99,"2","TPM4"
1.73565352006602e-103,1.30925441796258,0.519,0.113,2.46844643623789e-99,"2","CAPN12"
2.7381254821259e-103,1.28146859969445,0.805,0.239,3.89416206067945e-99,"2","SHMT2"
3.72803013328874e-103,1.66876597002369,0.403,0.072,5.30200445556324e-99,"2","TNFRSF14-AS1"
4.86561260862649e-103,1.79262222738474,0.359,0.057,6.91987425198859e-99,"2","METTL7A"
9.98870519048564e-103,2.59814561089779,0.268,0.031,1.42059365219087e-98,"2","ARAP3"
1.19424797233733e-102,2.25244049657511,0.439,0.088,1.69845946625815e-98,"2","INPP5F"
5.19658547191445e-102,0.981368872359859,0.979,0.876,7.39058385815672e-98,"2","RGS10"
8.11478097193996e-102,0.987067348430544,0.993,0.867,1.1540841498293e-97,"2","SEPTIN6"
9.06303545331149e-102,0.861133651405737,0.989,0.868,1.28894490216996e-97,"2","EIF3F"
1.76239010281663e-101,1.13287925894054,0.968,0.864,2.50647120422581e-97,"2","TCF7"
3.80447234778427e-101,1.50066875756049,0.501,0.108,5.41072057301879e-97,"2","NECAB3"
6.0488603028794e-101,1.77502210122856,0.577,0.146,8.60268912275508e-97,"2","BCL2L11"
6.67410144081795e-101,1.28809970952097,0.874,0.299,9.49190706913129e-97,"2","SPN"
6.97031591454534e-101,2.07639109788057,0.366,0.063,9.91318329366638e-97,"2","PDE4A"
7.15969424240491e-101,1.38413467770455,0.805,0.264,1.01825171515483e-96,"2","GPRIN3"
2.19271720055411e-100,2.35183052167091,0.465,0.1,3.11848240262805e-96,"2","STAG3"
2.2390746504413e-100,1.22257314500055,0.966,0.57,3.18441196785762e-96,"2","CALM3"
2.90216137111587e-100,1.49653200463998,0.76,0.242,4.127453902001e-96,"2","HDAC7"
3.12802688010179e-100,1.28035326851781,0.737,0.214,4.44867982888077e-96,"2","ZDHHC24"
4.5558075045813e-100,1.17413616959853,0.65,0.172,6.47926943301552e-96,"2","PAM"
4.59558172271004e-100,1.42680199699519,0.57,0.137,6.53583632603822e-96,"2","SMCO4"
5.1081366944758e-100,1.00106339201415,0.984,0.785,7.26479200688349e-96,"2","HCST"
8.37519195687301e-100,1.45546874068419,0.686,0.187,1.19111980010648e-95,"2","HLA-DMA"
1.45605385236444e-99,0.994664708107903,0.751,0.216,2.07079978883271e-95,"2","MYO1F"
2.71196094838618e-99,1.64607199510041,0.389,0.068,3.85695086079482e-95,"2","TASL"
5.31340235021337e-99,1.71981107883744,0.693,0.214,7.55672082247346e-95,"2","TTN"
9.18947482844858e-99,1.34576540786916,0.586,0.146,1.30692711010196e-94,"2","CDK5"
4.46702504038606e-98,1.36406266005106,0.911,0.377,6.35300301243706e-94,"2","ITGB2"
5.06169225724915e-98,1.21966505139271,0.737,0.213,7.19873872825975e-94,"2","IFI27L2"
2.07027296909324e-97,1.58404687134847,0.874,0.364,2.9443422166444e-93,"2","FMNL1-DT"
1.4182620341285e-96,2.00652988635495,0.316,0.047,2.01705226493755e-92,"2","BMERB1"
2.01859198682055e-96,0.722874750871494,1,0.988,2.87084152365619e-92,"2","MYL6"
1.0232384344737e-95,1.14866298089933,0.815,0.258,1.4552497015085e-91,"2","IKBKE"
1.3485969710265e-94,2.11789197405123,0.336,0.055,1.91797461219389e-90,"2","CD70"
1.64388588340621e-94,1.05806172031321,0.707,0.209,2.33793450338031e-90,"2","HOPX"
1.71032496218901e-94,1.29930378267267,0.856,0.323,2.4324241612252e-90,"2","SPINT2"
2.2016420185917e-94,1.09576108093267,0.819,0.258,3.13117527884112e-90,"2","PTRHD1"
8.64220418926599e-94,1.64574981431547,0.35,0.059,1.22909427979741e-89,"2","ENSG00000236935"
1.08015608854511e-93,1.07402925096363,0.938,0.349,1.53619798912886e-89,"2","APOBEC3C"
2.41541253133603e-93,1.35927757505634,0.524,0.126,3.4351997020661e-89,"2","APOBEC3F"
4.47983301505071e-93,0.85730909777974,1,0.908,6.37121851400512e-89,"2","TPM3"
6.91812251617245e-93,1.64019135730504,0.602,0.167,9.83895384250046e-89,"2","BHLHE40"
1.67762053202191e-92,1.90674405232093,0.535,0.133,2.38591192064156e-88,"2","CTSZ"
2.6546628102062e-92,1.60094282588679,0.437,0.093,3.77546144867526e-88,"2","MGST2"
3.35393607561744e-92,2.25551484485026,0.275,0.036,4.76996788674312e-88,"2","GPA33"
2.80744448634231e-91,1.09416000929751,0.977,0.544,3.99274754847604e-87,"2","SEC11A"
3.56256117542704e-91,1.16102691572573,0.572,0.146,5.06667450369233e-87,"2","ASL"
8.66960293756131e-91,1.41717935847741,0.432,0.091,1.23299092977997e-86,"2","ACP2"
1.07514487536073e-90,1.25059151768067,0.819,0.29,1.52907104173803e-86,"2","KDM5B"
1.28792109636138e-90,1.43326945299251,0.407,0.08,1.83168138324515e-86,"2","CASTOR1"
1.70999383378064e-90,1.21204002104063,0.577,0.148,2.43195323040283e-86,"2","DLGAP4"
1.8323490137906e-90,1.73849273454986,0.384,0.075,2.60596676741299e-86,"2","DUSP4"
2.97103551745026e-90,1.11753266926946,0.833,0.28,4.22540671291776e-86,"2","LIMS1"
4.8321836884863e-90,1.75525348765515,0.712,0.275,6.87233164176522e-86,"2","CPA5"
1.00397465627955e-89,1.3196941588284,0.606,0.165,1.42785275616078e-85,"2","CCDC28B"
1.23529047061841e-89,0.828188211162097,0.995,0.888,1.7568301073135e-85,"2","GPSM3"
1.41652224871153e-89,1.12596621413953,0.886,0.324,2.01457794211754e-85,"2","CHCHD5"
1.63289005311535e-89,1.04734440925077,0.455,0.103,2.32229623354065e-85,"2","XCL1"
4.05147423397276e-89,1.17203059376605,0.826,0.294,5.76200665555606e-85,"2","PYM1"
5.94229965176384e-89,1.11102337940165,0.844,0.294,8.45113856473853e-85,"2","H2AJ"
8.53211893631415e-89,1.36766588075927,0.483,0.111,1.2134379551226e-84,"2","PDE6G"
2.51692539259973e-88,2.04631493663946,0.318,0.053,3.57957129335533e-84,"2","ICA1L"
2.85613651244722e-88,1.39239850243809,0.556,0.143,4.06199734800243e-84,"2","HVCN1"
4.3207214997381e-88,1.39114310962276,0.881,0.384,6.14493011692753e-84,"2","PIM2"
5.49378175806351e-88,1.78591178749935,0.341,0.061,7.81325641631792e-84,"2","SPATA20"
9.22349379171821e-88,1.07090896891499,0.588,0.149,1.31176528705816e-83,"2","CDCA7"
1.16956658670006e-87,1.46955014803232,0.483,0.112,1.66335759960482e-83,"2","CCDC141"
1.29000909296363e-87,1.03194725268917,0.43,0.092,1.83465093201287e-83,"2","APOBEC3H"
3.53838633794663e-87,0.811124760491173,1,0.925,5.03229304982769e-83,"2","LAPTM5"
5.35320284430507e-87,1.05821476331704,0.989,0.616,7.61332508517067e-83,"2","POLD4"
1.39882947349123e-86,1.03843700660759,0.773,0.244,1.98941527719923e-82,"2","RAB33A"
5.87275390860954e-86,0.765357716753691,0.696,0.199,8.35223060882449e-82,"2","GYG1"
8.26329570757141e-86,1.66121934803097,0.542,0.145,1.17520591553081e-81,"2","P2RX5"
9.76653912947335e-86,2.30191365888373,0.263,0.037,1.3889971949937e-81,"2","TM6SF1"
1.02016244322838e-85,1.51036070084005,0.451,0.103,1.4508750267594e-81,"2","TVP23C"
1.54992983129908e-85,0.859211520090073,0.993,0.742,2.20431020607356e-81,"2","PPP1CA"
1.9623562973619e-85,0.782696191403551,0.993,0.938,2.7908631261081e-81,"2","GYPC"
2.73676524451849e-85,1.27471024730616,0.414,0.087,3.89222753075419e-81,"2","SBNO1-AS1"
3.88776788531271e-85,0.758915246658903,1,0.872,5.52918348649174e-81,"2","ATP5MC3"
4.68594069597122e-85,1.02704639151737,0.973,0.986,6.66434485781028e-81,"2","IL32"
5.70984744067156e-85,1.0155371506434,0.986,0.587,8.1205450301231e-81,"2","FKBP1A"
6.8581632070926e-85,1.70694170301132,0.359,0.067,9.7536797131271e-81,"2","COL6A2"
1.46095414916349e-84,1.66623846544065,0.487,0.122,2.07776899094031e-80,"2","MTSS1"
1.5359360313255e-84,1.47959447474287,0.389,0.078,2.18440822375112e-80,"2","NAALADL1"
1.79484748795264e-84,0.89112678749964,0.991,0.921,2.55263209736624e-80,"2","FXYD5"
2.51879592307876e-84,1.08568015846541,0.689,0.209,3.58223156180262e-80,"2","IL2RB"
5.84846267871916e-84,1.08072916751236,0.709,0.22,8.31768362167438e-80,"2","SNX20"
8.14633706237865e-84,1.28540365673276,0.453,0.105,1.15857205701149e-79,"2","RASSF2"
8.24476945984472e-84,0.501941865517856,0.584,0.148,1.17257111257912e-79,"2","PTTG1"
9.6944509185774e-84,0.890360846950408,0.995,0.882,1.37874480964008e-79,"2","IFITM2"
2.18774646089126e-83,2.48880343042883,0.3,0.05,3.11141301667955e-79,"2","TNFRSF4"
2.73165461691938e-83,1.13529177467153,0.943,0.43,3.88495919618275e-79,"2","ETHE1"
2.79322547357056e-83,1.10592110078104,0.508,0.126,3.97252526851205e-79,"2","AGMAT"
3.35939298381288e-83,1.06472905141812,0.986,0.673,4.77772870157868e-79,"2","MSN"
3.47085751022049e-83,1.4806649536948,0.407,0.087,4.93625355103557e-79,"2","DAPP1"
3.6641091945718e-83,1.21262801453456,0.89,0.378,5.21109609652001e-79,"2","CD5"
3.76999870719317e-83,0.522810971475915,1,0.992,5.36169216137013e-79,"2","ATP5F1E"
4.24639799463012e-83,2.12720019777444,0.332,0.062,6.03922722796295e-79,"2","IKZF4"
4.72153162243194e-83,0.532466064406381,0.998,0.997,6.7149622734227e-79,"2","MT-ND4L"
6.03555434166903e-83,1.07401729627071,0.927,0.405,8.58376538472169e-79,"2","CMTM3"
1.48188191982902e-82,1.00830543007609,0.705,0.214,2.10753246638084e-78,"2","TMED3"
2.79548134157591e-82,1.37802781935256,0.595,0.175,3.97573356398926e-78,"2","GPKOW"
7.22894754599105e-82,1.24755529043883,0.616,0.185,1.02810091999085e-77,"2","ENSG00000258181"
7.84207503545174e-82,1.74437200866935,0.355,0.067,1.11529991154195e-77,"2","ENSG00000267568"
9.15194710861305e-82,1.18272794510612,0.908,0.402,1.30158991778695e-77,"2","ZYX"
9.50098614273736e-82,1.09913232156506,0.963,0.482,1.35123024922011e-77,"2","TMEM256"
1.1346612406931e-81,0.915643521704239,0.675,0.203,1.61371521651373e-77,"2","MOSPD3"
2.03757823718273e-81,1.19270063302799,0.89,0.384,2.89784376892127e-77,"2","FMNL1"
2.35024795885498e-81,1.08146386071841,0.95,0.449,3.34252264708356e-77,"2","IGBP1"
2.68055631305356e-81,1.27486139810812,0.481,0.118,3.81228718842477e-77,"2","ARRB1"
3.67556862732434e-81,1.24792061306938,0.423,0.094,5.22739370178068e-77,"2","ERICH6-AS1"
4.18389595182415e-81,1.01613131079169,0.565,0.154,5.95033682268431e-77,"2","PTPRE"
4.86256794912844e-81,1.52368968861993,0.378,0.078,6.91554413725047e-77,"2","SP2-DT"
6.31027041904118e-81,1.23599262987777,0.4,0.084,8.97446658996037e-77,"2","AK1"
1.04966835744357e-80,0.60170719121641,1,0.969,1.49283833795624e-76,"2","ATP5MC2"
1.15050864124718e-80,1.066123132788,0.593,0.168,1.63625338958174e-76,"2","CYTH4"
1.77656299193459e-80,0.949727069288803,0.902,0.355,2.52662788712938e-76,"2","MXD4"
1.79567712068263e-80,1.10636348274039,0.922,0.416,2.55381200103484e-76,"2","TXN2"
1.8431603487161e-80,0.617295543318098,1,0.99,2.62134264794404e-76,"2","CFL1"
2.62622597747445e-80,0.846661548002632,0.991,0.729,3.73501858516416e-76,"2","COX5A"
5.73672970269714e-80,1.76146863622175,0.382,0.081,8.15877698317587e-76,"2","AFAP1L2"
7.25335573452708e-80,1.14371320460738,0.561,0.156,1.03157225256444e-75,"2","MMP25-AS1"
7.8194445513721e-80,0.970363910526453,0.808,0.281,1.11208140409614e-75,"2","TPGS1"
8.76542746268243e-80,1.329418474613,0.883,0.39,1.2466190937427e-75,"2","PTPN6"
1.18344590342205e-79,1.01960529410851,0.982,0.559,1.68309676384684e-75,"2","DYNLL1"
3.1327261555477e-79,1.16520715123365,0.46,0.112,4.45536313841994e-75,"2","C2orf74-DT"
3.60002274962974e-79,1.15597027202927,0.904,0.387,5.11995235452342e-75,"2","SASH3"
7.52237465222543e-79,0.994247822617686,0.513,0.131,1.0698321230395e-74,"2","TNFAIP8L1"
9.04469035407596e-79,1.38042808935111,0.485,0.125,1.28633586215668e-74,"2","PCK2"
9.23475253648463e-79,1.12547038352136,0.657,0.2,1.31336650573884e-74,"2","ABTB3"
1.23099086435683e-78,2.31346801226804,0.304,0.055,1.75071520728829e-74,"2","TSPAN2"
1.25288066366373e-78,1.05212892893172,0.577,0.163,1.78184687986255e-74,"2","RASA4"
1.44144371220947e-78,1.1426139248724,0.886,0.369,2.05002124750431e-74,"2","SPTBN1"
2.37003295474488e-78,0.848446807071549,0.986,0.73,3.37066086823817e-74,"2","VAMP8"
4.12020474188102e-78,1.1049935108502,0.957,0.504,5.85975518390318e-74,"2","RCSD1"
5.0617265742878e-78,1.69238187175221,0.373,0.08,7.19878753395212e-74,"2","DUS2"
1.94890492064713e-77,1.22192762782986,0.471,0.118,2.77173257814435e-73,"2","SMIM3"
2.00540154285258e-77,2.47508259847389,0.279,0.047,2.85208207424493e-73,"2","TP53I3"
2.29654481061489e-77,1.1673764469821,0.659,0.209,3.26614602965649e-73,"2","APOLD1"
9.5009984263463e-77,0.802604512121533,0.989,0.777,1.35123199619497e-72,"2","SEPTIN1"
1.17320964050848e-76,0.965582651248168,0.565,0.159,1.66853875073116e-72,"2","SPNS3"
2.19672670550036e-76,1.04641230126981,0.97,0.511,3.12418472056261e-72,"2","GSTO1"
4.00347882393872e-76,1.46039115603399,0.375,0.081,5.69374758340565e-72,"2","TRAF3IP2"
4.46789923898806e-76,1.78760489675713,0.318,0.06,6.35424629768882e-72,"2","SULT1A1"
4.90271032018711e-76,1.04123033631681,0.876,0.343,6.9726346173701e-72,"2","TSPOAP1-AS1"
5.63887533078542e-76,1.00946224865928,0.929,0.393,8.01960849544302e-72,"2","MPG"
7.12103408762512e-76,0.83001210783098,0.968,0.903,1.01275346794204e-71,"2","CD2"
1.10612160770434e-75,0.555695834748677,0.842,0.289,1.57312615047711e-71,"2","C12orf75"
1.57203994548568e-75,1.00156371827455,0.586,0.17,2.23575521046973e-71,"2","ST20"
3.35686996498844e-75,1.10469733582471,0.574,0.165,4.77414046420656e-71,"2","CAPN1"
5.12367808390178e-75,0.642994765327479,0.993,0.997,7.28689497092511e-71,"2","MT-ATP6"
6.47893767304636e-75,0.960360796091224,0.973,0.574,9.21434515860653e-71,"2","ANXA11"
1.01875712560396e-74,1.14324503339335,0.412,0.096,1.44887638403395e-70,"2","ARHGAP10"
1.08058038582679e-74,2.29700114819554,0.252,0.039,1.53680142472286e-70,"2","ELAPOR1"
1.30405973507557e-74,1.05354684903683,0.716,0.238,1.85463375522447e-70,"2","DENND1C"
2.22664880573287e-74,0.801378411187097,0.757,0.255,3.16673993151329e-70,"2","PHACTR2"
2.42786389782066e-74,0.644302477509922,1,0.976,3.45290803548054e-70,"2","HNRNPA1"
4.24455459094621e-74,1.69235631942687,0.389,0.091,6.0366055392437e-70,"2","TSPAN4"
4.33331676168837e-74,1.46919790602383,0.446,0.11,6.1628430984732e-70,"2","NCF1"
6.14966469855977e-74,1.1221249617114,0.888,0.377,8.74605313429171e-70,"2","ITGAL"
9.93009917533409e-74,1.50887415375442,0.332,0.067,1.41225870471601e-69,"2","ENSG00000275964"
1.0186628386227e-73,1.01769933139152,0.574,0.168,1.4487422890892e-69,"2","HNRNPLL"
1.98769363526467e-73,1.66830631571454,0.327,0.067,2.82689788807341e-69,"2","LINC00888"
2.01807129689149e-73,1.42469629286737,0.483,0.131,2.87010099843908e-69,"2","PGM2L1"
2.13936424396194e-73,1.09545155747903,0.538,0.152,3.04260382776266e-69,"2","ATP2A3"
2.49267120390135e-73,2.44154783730882,0.259,0.042,3.5450769861885e-69,"2","NAPSA"
2.82721156636881e-73,1.07806340918934,0.622,0.191,4.02086028968972e-69,"2","COX10"
4.15678402486598e-73,1.18845155933969,0.693,0.235,5.9117782401644e-69,"2","EHD1"
5.78295076803636e-73,1.02211672115766,0.767,0.266,8.22451258230131e-69,"2","STK16"
8.94331056735576e-73,1.66977766584767,0.293,0.052,1.27191762888934e-68,"2","TAMALIN"
9.43820389375412e-73,1.69860036538144,0.46,0.123,1.34230135776971e-68,"2","LGALS9"
1.0150353563204e-72,0.976688955475546,0.627,0.193,1.44358328375887e-68,"2","GPX7"
1.39410111681926e-72,1.16178836286077,0.398,0.092,1.98269060834035e-68,"2","GCNA"
1.83499582739097e-72,1.21401708342907,0.499,0.137,2.60973106571544e-68,"2","RAB11FIP1"
1.89513476431034e-72,0.918832259997177,0.979,0.672,2.69526066180216e-68,"2","TSPO"
1.98863031049636e-72,1.07719389952361,0.842,0.348,2.82823002758792e-68,"2","SH2D2A"
2.18887238924184e-72,1.70044533656419,0.368,0.084,3.11301431197974e-68,"2","PARVB"
2.19104291537622e-72,1.2828297154028,0.359,0.077,3.11610123424806e-68,"2","NAPA-AS1"
2.66067919831097e-72,0.604063355995993,1,0.994,3.78401795583787e-68,"2","SH3BGRL3"
2.71904071912047e-72,0.962060434676046,0.97,0.542,3.86701971073313e-68,"2","HMGA1"
3.27388350372429e-72,0.843195235044226,0.762,0.258,4.65611711899669e-68,"2","SERPINB6"
5.49302274730707e-72,0.986912248540103,0.506,0.139,7.81217695122012e-68,"2","USB1"
5.50735098831754e-72,1.03754239066968,0.465,0.121,7.8325545755852e-68,"2","AGPAT2"
5.92579883882226e-72,1.18563101933557,0.446,0.115,8.42767110857302e-68,"2","CHP1"
9.81214933172701e-72,0.979305922258252,0.67,0.217,1.39548387795822e-67,"2","MGAT4B"
1.08781718981505e-71,1.05720946003112,0.517,0.146,1.54709360735496e-67,"2","GSTM4"
1.15332949922566e-71,1.0460652573255,0.524,0.149,1.64026521379874e-67,"2","NUDT18"
1.41611510587404e-71,1.13604064587447,0.579,0.176,2.01399890357406e-67,"2","TTC7A"
1.59085697858008e-71,1.54160110201369,0.382,0.087,2.26251679493659e-67,"2","ZC3H12D"
1.67358958268438e-71,0.901604616119571,0.508,0.139,2.38017910449373e-67,"2","PLAAT3"
2.69936039903969e-71,1.13720737480299,0.41,0.1,3.83903035951424e-67,"2","APOBEC3D"
3.41797242141602e-71,1.74452556152723,0.277,0.049,4.86104037773787e-67,"2","SYNGR3"
3.59311492452031e-71,1.19683274985736,0.426,0.107,5.11012804565278e-67,"2","GLMP"
4.0050529027286e-71,1.18539345074797,0.494,0.137,5.69598623826062e-67,"2","LFNG"
6.09192456481055e-71,0.980763895464446,0.6,0.183,8.66393511607357e-67,"2","NCALD"
6.93901767619783e-71,0.862891052868709,0.584,0.172,9.86867093908856e-67,"2","TTC24"
7.48959191471117e-71,0.709620849991674,0.922,0.4,1.06516976211022e-66,"2","ITM2C"
7.78375589497304e-71,0.887348375705873,0.629,0.195,1.10700576338307e-66,"2","STX6"
8.3595059532604e-71,0.566888881272469,0.995,0.984,1.18888893667269e-66,"2","LIMD2"
9.76166051275079e-71,0.995014602206937,0.904,0.372,1.38830335812342e-66,"2","CNIH1"
1.45379211381297e-70,1.07555012282983,0.416,0.102,2.06758314426481e-66,"2","KCNMB4"
1.79489601023607e-70,1.37093655741714,0.357,0.079,2.55270110575774e-66,"2","CHST2"
1.94794946750926e-70,1.11227408868145,0.753,0.269,2.77037373269166e-66,"2","ADGRE5"
2.81844985495357e-70,1.13768584167635,0.485,0.133,4.00839938371496e-66,"2","DDAH2"
3.28292065811226e-70,0.969132886391271,0.872,0.346,4.66896975996726e-66,"2","TGFB1"
3.50558085796291e-70,1.30387460565973,0.359,0.08,4.98563709619485e-66,"2","STX11"
4.26220796764594e-70,0.928342822655046,0.957,0.477,6.06171217158606e-66,"2","PGLS"
4.59969413028611e-70,0.845060145758799,0.588,0.174,6.5416849920929e-66,"2","ITPR1"
4.747514113876e-70,0.918188861397198,0.89,0.338,6.75191457275445e-66,"2","HINT2"
4.92357934021894e-70,0.90321210528599,0.753,0.255,7.00231453765938e-66,"2","SIPA1L1"
5.40377271217409e-70,0.888313197353374,0.636,0.202,7.68524555125399e-66,"2","ST8SIA4"
7.08634262725265e-70,0.961633080030406,0.746,0.258,1.00781964844787e-65,"2","PPM1M"
8.02673001063425e-70,0.936141676711423,0.773,0.274,1.1415615421124e-65,"2","SYTL1"
9.54391005742907e-70,1.46528944836729,0.341,0.074,1.35733488836756e-65,"2","PCTP"
1.09019494731774e-69,1.73489793745447,0.497,0.14,1.55047525407529e-65,"2","GRN"
1.31867158450515e-69,1.367457464501,0.371,0.086,1.87541472748322e-65,"2","ELF4"
1.96959638402777e-69,0.995897724015148,0.494,0.135,2.80115997736429e-65,"2","CERS4"
2.07767010798659e-69,0.866785837610669,0.746,0.253,2.95486242757852e-65,"2","DCAF11"
2.70496518091013e-69,0.831539783255466,0.668,0.216,3.84700148029039e-65,"2","MYD88"
2.83349725516727e-69,0.848135868168711,0.622,0.194,4.02979979629889e-65,"2","NUDT2"
3.2248026610386e-69,0.955370727053981,0.632,0.202,4.58631434452909e-65,"2","FBRS"
3.4141243023028e-69,0.938727161135333,0.693,0.231,4.85556758273505e-65,"2","TSPAN32"
4.15868293671085e-69,1.42047501872598,0.302,0.058,5.91447887259017e-65,"2","ABAT"
5.58590173691859e-69,0.971557799681485,0.858,0.342,7.94426945024561e-65,"2","NCKAP1L"
7.08784764188354e-69,0.862270967660825,0.636,0.201,1.00803369162868e-64,"2","GIPC1"
7.37936458071118e-69,1.0819040929863,0.984,0.764,1.04949323066874e-64,"2","ITGA4"
8.35569107855902e-69,0.832627982457491,0.799,0.287,1.18834638519266e-64,"2","TNFSF12"
8.82040766962053e-69,0.963745514046748,0.593,0.181,1.25443837877343e-64,"2","RNPEP"
1.15838628426578e-68,0.932607392348404,0.819,0.311,1.64745697348279e-64,"2","UBE2F"
1.18250080977855e-68,1.00661167890073,0.856,0.34,1.68175265166706e-64,"2","PFDN4"
1.34918136003658e-68,2.3548634646904,0.316,0.065,1.91880573024402e-64,"2","HLA-DMB"
2.01601829143798e-68,0.916632804530836,0.535,0.155,2.8671812140831e-64,"2","MAP3K14"
2.56605313428856e-68,0.776040388631708,0.991,0.798,3.64944076758519e-64,"2","PARK7"
4.46198582373528e-68,0.940617355275007,0.439,0.111,6.34583623851632e-64,"2","C11orf21"
4.70288931648024e-68,0.883405802094631,0.744,0.257,6.68844918589819e-64,"2","COMMD1"
5.17518480310537e-68,1.1232920088216,0.453,0.123,7.36014782697646e-64,"2","ARHGAP1"
5.90537630846997e-68,1.14331063407691,0.389,0.092,8.39862618590599e-64,"2","LNCRNA-IUR"
6.37203910975109e-68,1.02717445289962,0.675,0.23,9.062314021888e-64,"2","ABCC1"
6.52432319067252e-68,1.28829078390543,0.38,0.09,9.27889244177445e-64,"2","FURIN"
6.79743308758918e-68,1.03930479672501,0.705,0.24,9.66730933716934e-64,"2","GRINA"
6.96460422276082e-68,0.918912836484433,0.657,0.214,9.90506012561043e-64,"2","RDX"
7.37001604504969e-68,0.967084451864772,0.915,0.398,1.04816368192697e-63,"2","RHOF"
9.22461088998687e-68,0.711221548951605,0.991,0.833,1.31192416077393e-63,"2","COX8A"
9.36569804200941e-68,0.833118026029573,0.67,0.212,1.33198957553458e-63,"2","CSRP1"
9.91247452766338e-68,1.09602004920139,0.458,0.125,1.40975212732429e-63,"2","AKIP1"
1.20108781510509e-67,0.807202835905907,0.666,0.218,1.70818709064245e-63,"2","THAP4"
1.2777047665356e-67,0.789383926559696,0.609,0.188,1.81715171896694e-63,"2","HDGFL2"
1.31708263921819e-67,0.946148103680888,0.961,0.525,1.87315492949611e-63,"2","TWF2"
1.33208683263956e-67,0.688128060608597,0.67,0.216,1.89449389337999e-63,"2","CDK6"
1.64622418786616e-67,0.791295360392817,0.686,0.23,2.34126003998325e-63,"2","SLC38A4-AS1"
2.0804368088972e-67,1.00847395033699,0.693,0.237,2.9587972296136e-63,"2","SH3BP1"
2.58649561915013e-67,0.89719493514793,0.799,0.291,3.67851406955532e-63,"2","CAT"
3.90391665794683e-67,0.807434034038052,0.693,0.228,5.55215027093198e-63,"2","TFPT"
5.73192728666129e-67,1.59727615750356,0.3,0.061,8.15194698708968e-63,"2","MIR3142HG"
5.92727544422961e-67,0.874728108896001,0.613,0.198,8.42977113678335e-63,"2","DUSP16"
6.9681681612622e-67,1.11606027423394,0.412,0.104,9.9101287589471e-63,"2","PITPNM2"
7.64345813864986e-67,0.765776477340761,0.993,0.751,1.08705261647878e-62,"2","CAP1"
9.88552958616874e-67,2.080137289702,0.387,0.096,1.40592001774492e-62,"2","LGALS3"
1.08001919756457e-66,0.91903175996836,0.524,0.154,1.53600330277633e-62,"2","TRPV2"
1.59465671677334e-66,0.70507760274704,0.995,0.789,2.26792078259504e-62,"2","TRAPPC1"
1.6047877231403e-66,1.198549149415,0.883,0.438,2.28232909985014e-62,"2","S1PR4"
1.62139965230414e-66,1.01710968441565,0.613,0.199,2.30595458550695e-62,"2","EOLA2"
1.649125938213e-66,0.881887105020864,0.728,0.25,2.34538690932653e-62,"2","PSD4"
1.66690686403866e-66,1.22808705363943,0.3,0.058,2.37067494203579e-62,"2","C16orf86"
1.70642369831842e-66,2.06149041490158,0.307,0.064,2.42687578374845e-62,"2","SLC27A2"
1.76276930434954e-66,0.87124556297001,0.542,0.159,2.50701050464591e-62,"2","MAPKAPK3"
1.77846128461445e-66,0.914309704958231,0.604,0.191,2.52932763897866e-62,"2","PTPA"
1.90959011498223e-66,1.13663956485148,0.451,0.123,2.71581906152773e-62,"2","LRRC41"
1.98872491613974e-66,1.80258353656778,0.261,0.047,2.82836457573393e-62,"2","PTP4A3"
2.17666473902047e-66,1.40360916894269,0.446,0.121,3.09565259183492e-62,"2","KCNN4"
2.35006212586093e-66,2.53998775324008,0.268,0.051,3.34225835539941e-62,"2","VDR"
2.66336692278779e-66,0.93093533736153,0.604,0.187,3.7878404375888e-62,"2","G6PD"
2.80995392783654e-66,0.964996125017562,0.913,0.409,3.99631647616913e-62,"2","ZNF580"
3.83445142385464e-66,0.769466134907319,0.645,0.208,5.45335681500608e-62,"2","NME7"
4.83426491092777e-66,0.985783730505126,0.725,0.257,6.87529155632148e-62,"2","BATF"
5.2525420362914e-66,0.837315960107744,0.812,0.299,7.47016528401363e-62,"2","MYG1"
5.72404170786023e-66,0.734515859946733,0.769,0.259,8.14073211691883e-62,"2","RPL26L1"
6.10726155266137e-66,0.928530325051635,0.709,0.243,8.68574738019501e-62,"2","BAK1"
6.52048216214646e-66,1.1718060032958,0.444,0.121,9.2734297310047e-62,"2","HYCC1"
8.19067070024041e-66,1.44849984863417,0.46,0.13,1.16487718698819e-61,"2","RGS3"
9.18592643813666e-66,0.756988945251775,0.6,0.189,1.3064224580318e-61,"2","TOLLIP"
9.90593010060815e-66,0.716323657170957,0.627,0.198,1.40882137890849e-61,"2","MVB12A"
1.12754377045106e-65,0.990228402613395,0.584,0.184,1.6035927503355e-61,"2","RFX5"
1.30692179166269e-65,0.889763390223038,0.936,0.43,1.85870417210268e-61,"2","PYCARD"
1.5579207283086e-65,0.82049467575066,0.581,0.179,2.21567485980049e-61,"2","COX15"
1.98789062993733e-65,1.04495050143342,0.506,0.149,2.82717805389687e-61,"2","SEL1L3"
1.99870736688948e-65,1.23936000183118,0.506,0.147,2.84256161719022e-61,"2","C16orf74"
2.53669733023468e-65,0.992907606106048,0.739,0.272,3.60769094305977e-61,"2","RNF125"
2.58675365893741e-65,0.735210484527129,0.757,0.256,3.67888105374078e-61,"2","MRPS18A"
4.21725092376369e-65,0.834165303927016,0.641,0.206,5.99777426377672e-61,"2","CD151"
4.59088924484468e-65,0.887813959818415,0.872,0.337,6.52916268401811e-61,"2","VPS25"
4.9792641301357e-65,0.916166984295373,0.744,0.275,7.081509445879e-61,"2","PRKAR1B"
5.24150540644474e-65,1.79364276152405,0.343,0.081,7.45446898904571e-61,"2","GK"
9.30846922757793e-65,0.826546553279931,0.709,0.247,1.32385049354613e-60,"2","CCNB1IP1"
1.74691588371239e-64,0.819376641787199,0.684,0.232,2.48446376981576e-60,"2","UROS"
1.84812809216331e-64,0.97186245730318,0.973,0.621,2.62840777267467e-60,"2","SEPTIN9"
2.03574353962257e-64,0.945585073661432,0.62,0.204,2.89523446205122e-60,"2","LAIR1"
2.06005927926927e-64,0.763682427684805,0.995,0.995,2.92981630697675e-60,"2","MT-CYB"
2.76090262822202e-64,1.10807846785309,0.616,0.208,3.92655571785735e-60,"2","TSPAN5"
3.1481482087303e-64,1.06530752759283,0.439,0.118,4.47729638245623e-60,"2","FGGY"
3.25422229188156e-64,0.927002834821063,0.437,0.116,4.62815494351396e-60,"2","RASA4B"
3.63870425045015e-64,1.32163122241898,0.33,0.072,5.1749651849902e-60,"2","AEBP1"
3.74777553839719e-64,0.882765749632971,0.865,0.355,5.33008637070848e-60,"2","RGS19"
4.24863586825841e-64,0.816521614615583,0.783,0.29,6.04240993183711e-60,"2","ATXN1"
4.62037470186424e-64,0.848982059178367,0.483,0.138,6.57109690099133e-60,"2","CALHM2"
4.97852998761064e-64,0.85865051915653,0.865,0.341,7.08046534837985e-60,"2","TCEAL8"
1.08231079004319e-63,1.63548376306655,0.316,0.068,1.53926240559943e-59,"2","IL2RA"
1.87501261761108e-63,0.698345834335271,0.993,0.902,2.66664294476648e-59,"2","EEF2"
2.07308153217374e-63,0.841685754846772,0.513,0.152,2.94833655505749e-59,"2","CHRNB1"
2.58045970711126e-63,0.768079768754397,0.618,0.201,3.66992979545363e-59,"2","CSTPP1"
2.92116643326954e-63,0.948332609307904,0.831,0.336,4.15448290139594e-59,"2","VASP"
4.0765987207555e-63,0.903501058923762,0.49,0.142,5.79773870065847e-59,"2","PHTF1"
4.11193250321704e-63,0.819334408873951,0.654,0.216,5.84799040607527e-59,"2","SH2D3C"
5.20256039777437e-63,1.01048235009716,0.51,0.154,7.3990813977147e-59,"2","IL21R"
8.99006637540163e-63,0.770757541022954,0.652,0.218,1.27856723990962e-58,"2","DYRK4"
9.0701079601786e-63,0.896957753072719,0.812,0.308,1.2899507540966e-58,"2","PRKCSH"
9.46420427784426e-63,0.989947809317433,0.375,0.091,1.34599913239501e-58,"2","RENBP"
9.47817538280939e-63,1.25699213546214,0.487,0.147,1.34798610294315e-58,"2","PDE7B"
1.01404588106345e-62,1.05318852871317,0.767,0.305,1.44217605204845e-58,"2","VOPP1"
1.29137454279026e-62,0.981752423644908,0.796,0.311,1.83659287475631e-58,"2","TRAF1"
1.48857893958689e-62,1.69942623637728,0.323,0.073,2.11705696788047e-58,"2","ATP8B4"
1.74295030280704e-62,0.884162311446276,0.535,0.165,2.47882392065218e-58,"2","ABHD17B"
2.20103446995684e-62,1.13018342945582,0.364,0.089,3.13031122317262e-58,"2","GLYCTK"
2.37409871359239e-62,1.06001847470117,0.403,0.105,3.3764431904711e-58,"2","EXD3"
3.18620883254404e-62,0.919500548194119,0.922,0.479,4.53142620164413e-58,"2","DECR1"
4.02492116540105e-62,0.735545433569692,0.664,0.224,5.72424288143338e-58,"2","LPP"
4.43662268453761e-62,0.767408713932855,0.645,0.219,6.30976478194939e-58,"2","CD84"
5.17272281543626e-62,0.917091658233157,0.892,0.392,7.35664638811344e-58,"2","DBNL"
5.32426699208111e-62,0.902448467896527,0.908,0.456,7.57217251613776e-58,"2","LDLRAD4"
9.72232252545497e-62,0.960023165450903,0.428,0.116,1.38270870957021e-57,"2","VAMP1"
1.01290395099767e-61,0.88702502262392,0.449,0.125,1.44055199910888e-57,"2","NUDT16"
1.1919623890029e-61,0.986225126135882,0.899,0.423,1.69520890963993e-57,"2","ARHGEF6"
1.36866766841511e-61,0.844465369397285,0.503,0.15,1.94651915801997e-57,"2","ACOT2"
1.38722566245021e-61,0.850809884339267,0.794,0.292,1.97291233713669e-57,"2","TADA3"
1.54110839615246e-61,0.854100251791475,0.977,0.671,2.19176436100803e-57,"2","SRGN"
1.7656949905668e-61,0.789720324481904,0.481,0.141,2.5111714155841e-57,"2","SLC25A20"
1.79857776382834e-61,0.694212186430872,0.993,0.759,2.55793729571666e-57,"2","BRK1"
1.84119280178525e-61,1.7710221446018,0.27,0.054,2.61854440269899e-57,"2","CBR3"
2.02388343687779e-61,0.902386238881665,0.435,0.119,2.8783670239276e-57,"2","KDM4A"
2.36527547593364e-61,1.1186762435699,0.506,0.156,3.36389478187283e-57,"2","INPP4B"
2.66205424306599e-61,0.830298977992838,0.67,0.231,3.78597354448845e-57,"2","DELE1"
2.86937509749561e-61,0.72554143830899,0.993,0.694,4.08082526365826e-57,"2","ARF5"
3.40849316113243e-61,0.96547135579975,0.458,0.131,4.84755897376254e-57,"2","NBPF14"
5.03169278810184e-61,1.46688654094668,0.307,0.068,7.15607348323844e-57,"2","ARID3A"
5.64371021172516e-61,0.782518521229681,0.549,0.171,8.02648466311553e-57,"2","DCAF12"
6.02721526232373e-61,0.971882053543304,0.943,0.506,8.5719055460768e-57,"2","C17orf49"
7.35915314132853e-61,0.892475349158526,0.542,0.169,1.04661875975974e-56,"2","MSRB2"
8.39367410639702e-61,1.62989247741793,0.252,0.047,1.19374833141178e-56,"2","VWA5A"
1.01492701604292e-60,1.71308612913198,0.27,0.054,1.44342920221624e-56,"2","NRROS"
1.0743264591003e-60,0.904424253771749,0.764,0.296,1.52790709013244e-56,"2","MIR142HG"
1.14941809366641e-60,0.844553037870859,0.629,0.212,1.63470241281237e-56,"2","ARHGEF2"
1.16023982074619e-60,1.88293947975286,0.279,0.058,1.65009307306524e-56,"2","QPRT"
1.16066152655715e-60,0.670800897976288,0.65,0.209,1.65069282306958e-56,"2","NABP2"
1.4499752756299e-60,0.805903011940668,0.659,0.225,2.06215483700084e-56,"2","ARMCX6"
2.51560704315536e-60,0.807221024229353,0.638,0.212,3.57769633677556e-56,"2","AP1S1"
2.90949138036694e-60,0.657435171938507,0.51,0.151,4.13787864115786e-56,"2","VNN2"
3.19261128434604e-60,1.04964967561982,0.435,0.125,4.54053176859694e-56,"2","ARHGAP18"
3.33621965567217e-60,0.778051564858491,0.529,0.163,4.74477159429696e-56,"2","PCYT1A"
3.40569523898293e-60,0.771288833853421,0.513,0.157,4.84357976888152e-56,"2","DOK1"
4.64353149389486e-60,1.01373950297184,0.76,0.309,6.60403049061727e-56,"2","RASGRP2"
5.58055566252927e-60,0.881042122879789,0.842,0.338,7.93666626324913e-56,"2","FERMT3"
6.37670394845872e-60,0.790906370961098,0.982,0.685,9.06894835549799e-56,"2","GNAI2"
6.51925440668128e-60,1.5761751338455,0.325,0.078,9.27168361718211e-56,"2","MZB1"
6.57100042444498e-60,0.741226079049295,0.826,0.316,9.34527680364566e-56,"2","PRCP"
6.90386479321506e-60,1.03133008744678,0.49,0.149,9.81867650891045e-56,"2","SLC16A3"
7.42322258951546e-60,0.852659470789324,0.524,0.162,1.05573071668089e-55,"2","CEACAM21"
7.91951693299781e-60,0.558671491518758,1,0.907,1.12631369821095e-55,"2","COX6B1"
1.01955639159495e-59,0.862170120591826,0.622,0.211,1.45001310012634e-55,"2","ARF3"
1.17728252165605e-59,0.752109129842424,0.801,0.306,1.67433120229924e-55,"2","TMEM156"
1.42015125151589e-59,1.06698905569195,0.767,0.31,2.01973910990589e-55,"2","FLNA"
1.42035428027933e-59,1.04192532180778,0.693,0.259,2.02002785741327e-55,"2","SNX9"
1.45740904817391e-59,0.956237061827919,0.604,0.204,2.07272714831294e-55,"2","BCL2A1"
3.47580103578592e-59,0.73946501241129,0.986,0.79,4.94328423309474e-55,"2","S100A4"
4.38290429427281e-59,1.79157145604349,0.284,0.06,6.23336648731478e-55,"2","SGK1"
5.19261292024708e-59,0.899822004300701,0.487,0.146,7.38493409517539e-55,"2","SLC39A8"
6.35731307468571e-59,0.666373867605185,0.556,0.176,9.04137065481802e-55,"2","PDZD11"
8.19652837211571e-59,0.97545809992385,0.686,0.257,1.1657102650823e-54,"2","POU2F2"
8.26088036068228e-59,0.594874148421547,0.558,0.178,1.17486240489623e-54,"2","CD58"
9.993151064701e-59,0.888493617021816,0.92,0.457,1.42122594442178e-54,"2","IFNAR2"
1.13775784457744e-58,0.731042566232506,0.533,0.167,1.61811920655804e-54,"2","HSCB"
1.14469919077204e-58,1.05877573463159,0.755,0.311,1.627991189116e-54,"2","CBLL1"
1.2001699861385e-58,1.53157709399349,0.304,0.069,1.70688175428618e-54,"2","HISLA"
1.30509615231273e-58,0.868945142163385,0.92,0.429,1.85610774781916e-54,"2","LAMTOR2"
1.35078422997542e-58,0.888797089767237,0.73,0.273,1.92108533187104e-54,"2","LASP1"
1.75655859724394e-58,0.911332384588132,0.428,0.122,2.49817763700034e-54,"2","CTNNBIP1"
2.17970899859506e-58,0.57989412659449,0.506,0.152,3.0999821378019e-54,"2","LINC00324"
2.20771390861286e-58,0.831504144068971,0.783,0.305,3.13981072082921e-54,"2","TNIP1"
2.38392156335153e-58,0.85125299968456,0.524,0.164,3.39041324739854e-54,"2","UNC13D"
2.51170525976781e-58,1.78297399776626,0.284,0.063,3.57214722044178e-54,"2","GALNT6"
2.74282499639713e-58,1.03897662315462,0.437,0.127,3.90084570987599e-54,"2","PPCDC"
3.59216408210021e-58,0.797196455760589,0.657,0.229,5.10877575756293e-54,"2","SPTLC2"
4.1922518125153e-58,0.8353526109403,0.526,0.165,5.96222052775926e-54,"2","BCKDK"
4.51877843537357e-58,0.972638726123522,0.542,0.176,6.42660669078829e-54,"2","IFT80"
4.55285819464928e-58,0.859277023248545,0.446,0.129,6.47507492443021e-54,"2","ACY1"
5.27473560188873e-58,0.718190735841193,0.966,0.839,7.50172897300615e-54,"2","CD7"
5.99048899677195e-58,0.847079562831715,0.485,0.148,8.51967345120906e-54,"2","SYT11"
6.1622751774343e-58,0.786708836215747,0.641,0.219,8.76398775734706e-54,"2","PAK1"
7.43331708806805e-58,0.794172609110655,0.675,0.24,1.05716635626504e-53,"2","PRORP"
9.26023780747479e-58,1.50850849115384,0.318,0.076,1.31699102097906e-53,"2","TNFRSF18"
9.45897328967375e-58,0.925754649976919,0.982,0.868,1.3452551812574e-53,"2","S100A10"
1.01555613558132e-57,1.1675632396378,0.277,0.058,1.44432393602375e-53,"2","HECW2-AS1"
1.42082512255964e-57,1.00090177899507,0.741,0.301,2.02069748930432e-53,"2","JARID2"
1.66270475211689e-57,1.21803023131193,0.316,0.073,2.36469869846064e-53,"2","CHRM3-AS2"
1.70124989051802e-57,0.848297404812228,0.808,0.317,2.41951759429473e-53,"2","GATD3"
2.18423304376878e-57,0.753088363326717,0.577,0.192,3.10641623484797e-53,"2","DEDD"
2.44050039581067e-57,0.880708761884091,0.95,0.608,3.47087966292194e-53,"2","DENND2D"
2.44763872350964e-57,0.691703481723522,0.657,0.22,3.48103179257541e-53,"2","SLC35D2"
3.05853814470025e-57,0.801521893002613,0.84,0.325,4.34985294939269e-53,"2","SHKBP1"
3.38320465331773e-57,0.862273547321713,0.936,0.47,4.81159365794847e-53,"2","OSTF1"
3.41559897050806e-57,0.764324904708866,0.636,0.218,4.85766485585656e-53,"2","ACO2"
4.42818968973119e-57,1.01560091878063,0.444,0.131,6.2977713767357e-53,"2","KLHL42"
4.53035330863838e-57,1.08083316885242,0.453,0.137,6.44306847554551e-53,"2","DGKH"
4.73135510049809e-57,0.808136060699691,0.87,0.358,6.72893322392838e-53,"2","TXNDC17"
4.83030648182979e-57,0.865879375575269,0.469,0.143,6.86966187845833e-53,"2","CCDC88B"
5.84674302738324e-57,0.797230579898133,0.703,0.261,8.31523793354444e-53,"2","PPP6R2"
6.33311122537336e-57,0.875261474276961,0.503,0.156,9.006950784726e-53,"2","MPP1"
8.37439357283942e-57,0.753348393311848,0.62,0.213,1.19100625392922e-52,"2","N4BP2"
8.89948782591687e-57,1.3819651759317,0.277,0.06,1.2656851586019e-52,"2","CHPF"
9.34818752922523e-57,0.822178509509462,0.805,0.325,1.32949923040641e-52,"2","DNM2"
1.08844867174139e-56,0.801658959810282,0.755,0.291,1.54799170095061e-52,"2","MKNK2"
1.62881398320315e-56,0.779316784198347,0.46,0.135,2.31649924691151e-52,"2","ERCC6"
1.63697905473637e-56,0.864124498673787,0.819,0.334,2.32811161164607e-52,"2","CTSA"
1.78574081457658e-56,0.841600567616202,0.945,0.531,2.53968058649081e-52,"2","SERPINB1"
2.15513665822384e-56,0.697955751754907,0.629,0.208,3.06503535532594e-52,"2","HAUS4"
2.1972196475129e-56,0.751133980029367,0.597,0.201,3.12488578269285e-52,"2","PAPSS1"
2.35805236988689e-56,1.01637412863408,0.446,0.132,3.35362208045314e-52,"2","LIMA1"
2.60337064344343e-56,0.708560620188526,0.989,0.8,3.70251372910524e-52,"2","ATP5IF1"
3.04798611012686e-56,0.856742274293562,0.513,0.162,4.33484584582242e-52,"2","LHPP"
4.52901107954862e-56,0.885209338690931,0.455,0.136,6.44115955733405e-52,"2","PGPEP1"
4.90380400110695e-56,0.775415509278335,0.849,0.327,6.97419005037431e-52,"2","GET3"
5.14183425118125e-56,1.20452390250117,0.311,0.074,7.31271667202997e-52,"2","MYO18A"
5.32011439532014e-56,1.25995656322923,0.455,0.14,7.5662666930243e-52,"2","SLAMF1"
7.52268504333097e-56,1.20051426235125,0.494,0.158,1.06987626686253e-51,"2","CPNE2"
7.61065663861483e-56,0.669446327587605,0.62,0.212,1.0823875871438e-51,"2","DALRD3"
9.77515779613673e-56,0.722507664167628,0.657,0.233,1.39022294176657e-51,"2","NAA60"
1.07053588217153e-55,0.699336202619152,0.739,0.274,1.52251613162435e-51,"2","ATP6V1D"
1.12779060470165e-55,1.16655869193752,0.327,0.081,1.60394379800669e-51,"2","GOLIM4"
1.14507099507218e-55,0.926411577829343,0.455,0.137,1.62851996919165e-51,"2","BMP2K"
1.28056596067942e-55,0.615355033352889,0.563,0.184,1.82122090927827e-51,"2","FBXL12"
1.45992775855062e-55,1.20976900543799,0.33,0.082,2.0763092582107e-51,"2","LINC00467"
1.76173446425163e-55,0.926404971613429,0.343,0.088,2.50553875505866e-51,"2","CLSTN3"
1.81728378096785e-55,0.79516467701869,0.682,0.238,2.58454099329248e-51,"2","PGD"
2.1047358761475e-55,1.18462805431864,0.352,0.093,2.99335536305698e-51,"2","CREB3L2"
2.39931144177356e-55,0.621793094186847,1,0.843,3.41230073249035e-51,"2","NDUFA4"
2.42910904006608e-55,0.718055185752534,0.982,0.682,3.45467887678199e-51,"2","ARPC4"
3.08208866737283e-55,0.705659502087833,0.876,0.354,4.38334650273765e-51,"2","CARHSP1"
3.58623759497035e-55,0.678442737868384,0.817,0.32,5.10034710756683e-51,"2","HACD4"
3.72204832808692e-55,0.861175136938435,0.979,0.729,5.29349713220521e-51,"2","S100A11"
4.13032207760056e-55,0.800340962857865,0.762,0.292,5.87414405876351e-51,"2","ATP6V0D1"
4.65534527686709e-55,0.761170511955649,0.661,0.24,6.62083205276037e-51,"2","NOA1"
4.86184781963023e-55,0.821606700094721,0.618,0.22,6.91451996907811e-51,"2","RGL4"
5.26123791724545e-55,0.933722246409557,0.817,0.354,7.48253256590648e-51,"2","ARID5A"
5.27122009443971e-55,0.802352987004701,0.975,0.561,7.49672921831216e-51,"2","CAPNS1"
8.17914745608391e-55,0.665335053785114,0.62,0.212,1.16323835120425e-50,"2","SLC35B2"
8.54056542779742e-55,0.847534167287538,0.833,0.353,1.21463921514135e-50,"2","PTDSS1"
8.68229243268245e-55,0.726570642339566,0.432,0.127,1.2347956297761e-50,"2","STK19"
1.05213736113678e-54,0.765905966902739,0.783,0.319,1.49634975500872e-50,"2","CORO1B"
1.17243346415472e-54,1.15282962254958,0.961,0.762,1.66743487272085e-50,"2","PLAC8"
1.36717415865956e-54,0.554494689590654,0.721,0.253,1.94439508844562e-50,"2","PHF19"
1.47463816530396e-54,0.838038060016186,0.396,0.11,2.09723039869529e-50,"2","MLLT11"
1.52303363852414e-54,1.05087484663137,0.339,0.087,2.16605844070903e-50,"2","ZSWIM8"
2.07391160858291e-54,0.806894220107121,0.886,0.4,2.94951708972662e-50,"2","ITGAE"
2.14528130084036e-54,0.805537104547781,0.963,0.571,3.05101906605515e-50,"2","TKT"
2.42480103230251e-54,0.680184239176796,0.568,0.192,3.44855202814063e-50,"2","COQ5"
2.43231490472694e-54,0.766686486183304,0.574,0.193,3.45923825750265e-50,"2","SMARCD2"
2.46106880448551e-54,1.8124072797555,0.263,0.058,3.50013205373929e-50,"2","SLC35F2"
3.48280988099857e-54,0.727765578059184,0.622,0.211,4.95325221275616e-50,"2","OXCT1"
3.60868757639463e-54,0.733954889614595,0.554,0.185,5.13227547114844e-50,"2","ASMTL"
3.77382574815614e-54,0.644880201701636,0.638,0.223,5.36713497902767e-50,"2","XPNPEP1"
3.77847961695086e-54,0.815252418647822,0.606,0.218,5.37375371122752e-50,"2","KCNQ5"
4.21684422958615e-54,0.559561641146886,0.995,0.871,5.99719586331742e-50,"2","EIF3H"
4.27367221308389e-54,0.73648022578958,0.542,0.177,6.07801662144791e-50,"2","RCC1L"
4.59213241009917e-54,0.915857363693708,0.934,0.59,6.53093071364303e-50,"2","CBLB"
4.65993846908613e-54,1.05459136513031,0.858,0.449,6.62736449073429e-50,"2","ARMH1"
4.69511367104548e-54,1.1431962222649,0.307,0.073,6.67739066296088e-50,"2","ENSG00000247134"
4.85637042966516e-54,0.735763102576714,0.501,0.158,6.90673002506979e-50,"2","LRRC28"
7.50572430123933e-54,0.660236705210387,0.661,0.234,1.06746411012226e-49,"2","RILPL2"
8.23147353576461e-54,0.797707073981574,0.519,0.168,1.17068016625644e-49,"2","HIPK2"
8.31603784982068e-54,0.952131687739694,0.796,0.346,1.1827069030015e-49,"2","VMP1"
9.62919297049336e-54,0.680203075505543,0.991,0.815,1.36946382426357e-49,"2","ARPC5"
1.00600444594489e-53,1.17049515433908,0.35,0.092,1.43073952302283e-49,"2","TESC"
1.02559038040288e-53,0.706442758021618,0.627,0.218,1.45859463900898e-49,"2","ZDHHC3"
1.25082465307654e-53,0.694768567338659,0.565,0.19,1.77892282160546e-49,"2","MARCHF2"
1.29998375979784e-53,0.832554091130025,0.439,0.133,1.84883690318449e-49,"2","GSE1"
1.3116519525013e-53,0.606731347629423,0.634,0.22,1.86543140684735e-49,"2","ACOT13"
1.43066578466084e-53,0.792285621409829,0.828,0.35,2.03469287894464e-49,"2","WBP1"
1.65356302964161e-53,0.72767581933022,0.432,0.129,2.35169734075629e-49,"2","TRIP4"
1.84490260137165e-53,0.60496434261913,0.778,0.294,2.62382047967076e-49,"2","GTF2H5"
1.85042772887359e-53,0.785051251125668,0.709,0.266,2.63167831600401e-49,"2","ESYT1"
2.0394049271372e-53,0.718373993843934,0.696,0.259,2.90044168737453e-49,"2","ABCD2"
2.0611517315992e-53,0.647166331285004,0.995,0.757,2.93136999268039e-49,"2","ATP5F1C"
3.0750497876241e-53,0.863938476127755,0.49,0.158,4.37333580795899e-49,"2","GMIP"
3.47301220537814e-53,0.710721541164593,0.538,0.177,4.93931795848878e-49,"2","MAP2K3"
3.6243570861905e-53,0.69412070103732,0.563,0.185,5.15456064798013e-49,"2","NCAPD2"
3.91781742474481e-53,0.690142832129495,0.609,0.217,5.57191994147207e-49,"2","LACTB"
4.39770496077327e-53,0.88101768881797,0.412,0.121,6.25441599521175e-49,"2","TRAK1"
4.94613255241497e-53,0.747102945072356,0.565,0.192,7.03438971604457e-49,"2","MAP4K2"
8.07400080930628e-53,0.689415766452752,0.613,0.215,1.14828439509954e-48,"2","RHBDD2"
8.4364906491079e-53,1.53578082895668,0.304,0.075,1.19983770011613e-48,"2","TST"
8.73836084410154e-53,0.816234611343651,0.547,0.186,1.24276967924812e-48,"2","MAN2B1"
1.11588235531239e-52,0.82553201983457,0.785,0.329,1.58700788572528e-48,"2","SLC12A6"
1.17256557048195e-52,1.70407043818556,0.92,0.454,1.66762275433943e-48,"2","CTSD"
1.21401471074141e-52,0.76073813606516,0.728,0.278,1.72657172161644e-48,"2","NIPSNAP1"
1.25756208663929e-52,0.547858926533509,0.547,0.179,1.78850479961839e-48,"2","ACOT9"
1.46890719377765e-52,0.676040847947556,0.293,0.07,2.08907981099057e-48,"2","TNFRSF9"
2.12097708824517e-52,0.991324679703961,0.325,0.084,3.01645361490228e-48,"2","FAHD2B"
2.13734048971455e-52,0.781974981540618,0.938,0.558,3.03972564447203e-48,"2","NHERF1"
2.24037004409361e-52,0.921399834727414,0.382,0.109,3.18625427670993e-48,"2","GBA1"
2.27894885332648e-52,1.85776384499961,0.259,0.057,3.24112105920092e-48,"2","AHI1-DT"
2.54095986703346e-52,1.2122927258202,0.311,0.077,3.61375312289499e-48,"2","IZUMO4"
2.62439015818377e-52,0.626620368580476,0.654,0.237,3.73240768296896e-48,"2","ACOT8"
2.89114647029416e-52,0.723120783481414,0.522,0.174,4.11178851005235e-48,"2","PEX19"
3.01148022445807e-52,0.734329097632814,0.485,0.156,4.28292717522427e-48,"2","FAHD2A"
3.03554951404501e-52,0.952532507367756,0.389,0.112,4.31715851887481e-48,"2","MAPK13"
3.25012612919147e-52,0.585140525695694,0.604,0.209,4.62232938093611e-48,"2","MOB3A"
3.62943556388965e-52,0.695044073265581,0.989,0.858,5.16178325896386e-48,"2","ETS1"
3.68476962125284e-52,0.849157884862053,0.378,0.105,5.24047935534579e-48,"2","DHX32"
3.78870699858347e-52,0.731767989234451,0.7,0.264,5.38829909338542e-48,"2","MYADM"
4.30823309011091e-52,0.703242267372063,0.732,0.279,6.12716910075574e-48,"2","PPIL3"
4.31479110080979e-52,1.00620851705685,0.35,0.095,6.13649590357169e-48,"2","PAOX"
4.52686389385163e-52,0.647406516418619,0.6,0.208,6.43810582983579e-48,"2","ELP6"
5.24945681276227e-52,0.998557818047081,0.327,0.085,7.4657774791105e-48,"2","CASP9"
5.68278910728491e-52,0.970356240888544,0.362,0.098,8.0820626683806e-48,"2","ZC3H3"
6.01872935114267e-52,0.812017260388029,0.366,0.1,8.5598368831951e-48,"2","MYL5"
6.0970635023532e-52,1.08391695640618,0.352,0.097,8.67124371304672e-48,"2","EEF2K"
6.0975933649101e-52,0.796982354983154,0.812,0.336,8.67199728357514e-48,"2","RFTN1"
6.64879000644978e-52,0.938711783355729,0.343,0.091,9.45590914717288e-48,"2","ACP6"
6.88881037447164e-52,0.789449653935542,0.373,0.105,9.79726611457357e-48,"2","FIG4"
7.36116572017092e-52,0.929092191861513,0.407,0.12,1.04690498872271e-47,"2","PNPLA4"
8.45242859630047e-52,0.795256183637473,0.309,0.074,1.20210439496585e-47,"2","TP53INP1"
9.18121919197511e-52,0.793599181417435,0.931,0.478,1.3057529934827e-47,"2","CD63"
1.05191457932586e-51,0.973671143301575,0.435,0.134,1.49603291471724e-47,"2","TLE3"
1.11911269887558e-51,0.694626102467716,0.563,0.193,1.59160208034085e-47,"2","SPIN1"
1.16124690686714e-51,0.983001039035953,0.323,0.083,1.65152535094644e-47,"2","SLC35A2"
1.27604900669397e-51,1.37321259775649,0.284,0.067,1.81479689732016e-47,"2","GGT1"
1.29479075097818e-51,0.721317187497322,0.469,0.149,1.84145140604117e-47,"2","RIDA"
1.33610727066487e-51,0.580053374246569,0.634,0.226,1.90021176033958e-47,"2","BRCC3"
1.3638166128737e-51,0.855728631692484,0.364,0.101,1.93961998682897e-47,"2","DHTKD1"
1.41023606167428e-51,0.82989051380805,0.545,0.186,2.00563772691317e-47,"2","AGK"
1.41109812663445e-51,0.951507301174199,0.323,0.082,2.00686375569952e-47,"2","RGL2"
1.49918992864676e-51,1.32050748375014,0.265,0.059,2.13214791652142e-47,"2","NICN1"
1.81994513824446e-51,0.849511760291888,0.87,0.383,2.58832597561127e-47,"2","QARS1"
1.84807630596049e-51,0.710075603339492,0.595,0.211,2.62833412233701e-47,"2","INO80B"
1.98437530677134e-51,0.738780230580594,0.698,0.269,2.8221785612902e-47,"2","IVD"
2.17914364219255e-51,0.948566175979308,0.339,0.089,3.09917808792624e-47,"2","SMG9"
2.45483997206028e-51,0.619893156411194,0.712,0.265,3.49127340826413e-47,"2","BCKDHA"
2.54534312025798e-51,0.657499974225304,0.549,0.188,3.61998698563089e-47,"2","TM7SF2"
2.63970702289851e-51,0.715011342225271,0.705,0.263,3.75419132796626e-47,"2","CASP3"
2.88192011647247e-51,0.706841075392248,0.462,0.146,4.09866678964715e-47,"2","ACADS"
3.62248216369128e-51,0.687903053734818,0.664,0.246,5.15189413320173e-47,"2","TNFRSF1A"
3.71307609388987e-51,0.727991874977981,0.535,0.178,5.28073682073018e-47,"2","ACAT1"
3.77590982259895e-51,0.718015907644329,0.522,0.174,5.37009894970023e-47,"2","G6PC3"
4.4176377491306e-51,1.20494633938203,0.27,0.062,6.28276440681354e-47,"2","KCNK6"
5.05531007805038e-51,0.952053416815503,0.389,0.114,7.18966199300326e-47,"2","ANXA4"
5.61486595559337e-51,0.64699084601548,0.618,0.219,7.98546236204489e-47,"2","MRPL45"
5.80856058602789e-51,1.68722811983772,0.396,0.122,8.26093486544887e-47,"2","FXYD7"
5.86856085548825e-51,1.76264498721536,0.33,0.09,8.34626724867539e-47,"2","CD83"
6.14626020094288e-51,0.728299492082347,0.49,0.159,8.74121125778096e-47,"2","FUOM"
6.61136258007278e-51,0.674891234644424,0.558,0.192,9.40267986137951e-47,"2","PELI1"
6.99383652931077e-51,0.669330877280723,0.506,0.17,9.94663431198577e-47,"2","H2BC12"
7.15652983671665e-51,0.722514565441048,0.437,0.136,1.01780167337784e-46,"2","MSRB1"
7.34065447417073e-51,1.04266318879201,0.767,0.346,1.04398787931656e-46,"2","CARS1"
8.05968197363793e-51,0.635709321361265,0.465,0.148,1.14624797029079e-46,"2","IFT27"
8.45998311501824e-51,0.675546114745257,0.659,0.249,1.20317879861789e-46,"2","IBTK"
1.258957856205e-50,0.67514038102591,0.503,0.166,1.79048986309475e-46,"2","DUSP22"
1.28873026929959e-50,0.596949084397708,0.984,0.884,1.83283218899788e-46,"2","CLEC2D"
1.30517816050961e-50,1.13308420918484,0.263,0.059,1.85622437987677e-46,"2","SLFN12"
1.36615805602523e-50,0.675474412404489,0.968,0.597,1.94294998727908e-46,"2","PGAM1"
1.42989161340278e-50,0.721235903849681,0.593,0.211,2.03359185258144e-46,"2","CSMD1"
1.47521821846915e-50,0.819803058432708,0.387,0.113,2.09805535030683e-46,"2","ABHD8"
2.09812258287942e-50,1.9499576248835,0.268,0.064,2.98394993737111e-46,"2","SLC1A4"
2.56887375457337e-50,0.573436280781332,0.686,0.259,3.65345225375425e-46,"2","ACYP2"
2.6860459606165e-50,0.540527638044037,0.6,0.209,3.82009456518879e-46,"2","CHMP1A"
2.76544191767551e-50,0.640588074452462,0.494,0.162,3.93301149531811e-46,"2","WDR13"
3.54285071862952e-50,1.04670019347755,0.284,0.067,5.03864229203491e-46,"2","ENSG00000258561"
4.16602140363587e-50,0.627577459274515,0.517,0.173,5.92491564025094e-46,"2","SCYL1"
4.36159637486708e-50,0.696988374522848,0.471,0.148,6.20306236433596e-46,"2","CCNG2"
4.4457672763303e-50,0.571870666220794,0.689,0.256,6.32277022039696e-46,"2","FAM104A"
5.24990558873868e-50,1.2820845292863,0.309,0.081,7.46641572830414e-46,"2","GDAP1"
6.02081032341164e-50,0.759372911091311,0.556,0.189,8.56279644195603e-46,"2","SNX10"
7.19557227823909e-50,0.54226396976882,0.549,0.188,1.02335428941116e-45,"2","ST6GALNAC6"
7.43688826375304e-50,0.726390785257949,0.824,0.336,1.05767424887096e-45,"2","NDUFS4"
8.29612092492713e-50,0.704023424020139,0.563,0.196,1.17987431794314e-45,"2","TCIRG1"
9.03681618109039e-50,0.849685283591864,0.526,0.185,1.28521599727467e-45,"2","BCL2"
1.01403554338066e-49,0.72353438720285,0.439,0.134,1.44216134979597e-45,"2","PADI4"
1.2158694665269e-49,0.853365845278603,0.517,0.177,1.72920955529456e-45,"2","SIAH2"
1.31404318461017e-49,0.962097040250881,0.35,0.097,1.86883221715259e-45,"2","SARS2"
1.46794909447828e-49,0.620483700131827,0.677,0.253,2.08771720216701e-45,"2","DTD1"
1.52448185275427e-49,0.726952085321508,0.785,0.325,2.16811809098713e-45,"2","ADA"
2.01385860849115e-49,1.15700277064534,0.432,0.137,2.86410971299611e-45,"2","REC8"
2.20596358860927e-49,0.692622262576782,0.828,0.336,3.1373214157201e-45,"2","ITPA"
2.22886810166218e-49,0.733403736976544,0.757,0.317,3.16989621418395e-45,"2","SLA"
2.43556874047341e-49,1.06587250537459,0.291,0.071,3.46386586270129e-45,"2","ABCG1"
2.64454204204311e-49,1.13222849870309,0.341,0.095,3.76106769219371e-45,"2","ENG"
2.83363743649785e-49,0.573787944205501,0.638,0.234,4.02999916218724e-45,"2","GFER"
2.88855761934482e-49,0.760523551641032,0.483,0.158,4.10810664623221e-45,"2","ADAT2"
3.22909804137835e-49,0.760420240248536,0.973,0.594,4.59242323444828e-45,"2","CSK"
3.23783060908648e-49,0.673047668172983,0.389,0.114,4.6048426922428e-45,"2","DTX2"
3.24885724548396e-49,0.740961121658353,0.879,0.361,4.62052477452729e-45,"2","HSD17B10"
3.69430863116337e-49,0.777359892397958,0.936,0.513,5.25404573524054e-45,"2","WAS"
3.71319734236726e-49,0.666745408792949,0.462,0.149,5.28090926031471e-45,"2","GRK5"
3.84031596352609e-49,0.616323211913567,0.991,0.772,5.46169736332681e-45,"2","GNG5"
3.84085407227405e-49,0.760476471820587,0.474,0.155,5.46246266158815e-45,"2","TOMM34"
4.90698552644419e-49,1.24620073147882,0.254,0.057,6.97871481570893e-45,"2","GPR55"
4.96434874458844e-49,0.675875845334116,0.584,0.209,7.06029678455367e-45,"2","PTPN18"
5.47404472304684e-49,0.905879605815146,0.364,0.104,7.78518640511722e-45,"2","CPT2"
7.38415172155795e-49,0.628412130571661,0.677,0.252,1.05017405783997e-44,"2","MTMR14"
7.43146796272453e-49,0.652247268697698,0.581,0.205,1.05690337365868e-44,"2","STAM"
7.54502627858746e-49,0.764359469507108,0.89,0.44,1.07305363734071e-44,"2","ARHGAP9"
8.45718770830454e-49,0.55307968452722,0.588,0.211,1.20278123587507e-44,"2","NOPCHAP1"
8.81334991671369e-49,0.675188551633228,0.554,0.193,1.25343462515502e-44,"2","TECPR1"
8.99183510019745e-49,0.618626673730669,0.993,0.747,1.27881878795008e-44,"2","NDUFB4"
9.13505246940879e-49,0.684753911194947,0.595,0.217,1.29918716219932e-44,"2","VAV1"
9.20162450715893e-49,0.546220329368815,0.524,0.178,1.30865503740814e-44,"2","EML2"
1.05301983968401e-48,0.765433833518312,0.835,0.369,1.49760481599859e-44,"2","PLSCR3"
1.22799842119527e-48,0.665902756371177,0.817,0.331,1.74645935462392e-44,"2","HADHB"
1.31420628303653e-48,0.734624930630522,0.883,0.404,1.86906417573455e-44,"2","NOB1"
1.40834448081858e-48,0.655559229778115,0.675,0.255,2.00294752062019e-44,"2","EIF2D"
1.42098436852866e-48,0.636842554618594,0.723,0.284,2.02092396892146e-44,"2","FLOT2"
1.48035381494209e-48,0.859502134476427,0.952,0.783,2.10535919561064e-44,"2","CCR7"
1.60684213842989e-48,0.738576305029419,0.86,0.373,2.28525088927499e-44,"2","SYPL1"
1.69263927706617e-48,0.508943714593127,0.648,0.237,2.4072715798435e-44,"2","TTC9C"
1.74307676033944e-48,0.630608367268342,0.675,0.252,2.47900376855475e-44,"2","RMDN1"
1.95111250316009e-48,0.72205945048405,0.43,0.136,2.77487220199429e-44,"2","TEN1"
2.52615476046834e-48,0.968082464548715,0.391,0.12,3.59269730033808e-44,"2","BCL2L1"
2.5752037476097e-48,0.720634133212848,0.97,0.627,3.66245476985052e-44,"2","MZT2A"
2.79119672907077e-48,0.65376931087927,0.746,0.28,3.96963998808444e-44,"2","MRPL37"
3.09849652729439e-48,0.685659770107557,0.513,0.177,4.40668176111808e-44,"2","ASCC1"
3.62486658681825e-48,0.801678347657534,0.922,0.52,5.15528525977291e-44,"2","TESPA1"
3.71367577732351e-48,0.716491504610774,0.442,0.141,5.2815896905095e-44,"2","SIRT6"
3.92898396636794e-48,0.606726922620488,0.778,0.306,5.58780099696848e-44,"2","MRPL40"
5.25152940425505e-48,0.779797333256754,0.92,0.462,7.46872511873153e-44,"2","WDR1"
5.27001681270091e-48,0.715757761172048,0.735,0.295,7.49501791102323e-44,"2","RFXANK"
6.05183317188341e-48,0.988463201415759,0.492,0.168,8.60691713705259e-44,"2","RRBP1"
6.65840393913894e-48,0.700550464503461,0.643,0.241,9.46958208224341e-44,"2","SMG6"
6.82009817376635e-48,0.557122161179275,0.609,0.222,9.6995436227305e-44,"2","SNAP29"
7.21362832312832e-48,0.747900868720795,0.428,0.135,1.02592222011531e-43,"2","PITPNM1"
7.23802135965254e-48,0.709719630705857,0.439,0.141,1.02939139776978e-43,"2","GOT1"
7.60513478417484e-48,1.21117763217344,0.307,0.082,1.08160226900535e-43,"2","C4orf33"
7.67622183553879e-48,0.611505050751644,0.705,0.269,1.09171226945033e-43,"2","POLR2A"
8.88658906294662e-48,0.700973534308813,0.902,0.393,1.26385069653227e-43,"2","DCTN2"
9.12420387986674e-48,0.581688394983291,0.572,0.197,1.29764427579465e-43,"2","GOT2"
9.96213962975645e-48,0.707006279239264,0.394,0.119,1.41681549814396e-43,"2","ALDH6A1"
1.00891104860897e-47,1.29334818596611,0.311,0.084,1.43487329333168e-43,"2","STARD4"
1.04958692880035e-47,0.638843674033376,0.492,0.165,1.49272253013986e-43,"2","SGTA"
1.28357339575975e-47,0.563400891320554,0.625,0.228,1.82549808344951e-43,"2","DFFA"
1.2836707439554e-47,0.547955494971801,0.522,0.179,1.82563653205337e-43,"2","TBK1"
1.3128378463587e-47,0.617928836528602,0.455,0.148,1.86711798509134e-43,"2","NIPSNAP3A"
1.57376392527773e-47,0.797351780197619,0.902,0.477,2.23820705452998e-43,"2","NFKB1"
1.77553473588084e-47,0.806315728630153,0.435,0.139,2.52516550136973e-43,"2","INTS6L"
1.90511706984428e-47,0.534581487107988,0.558,0.195,2.70945749673253e-43,"2","PIGT"
2.00601340443116e-47,1.01976523349917,0.291,0.072,2.852952263782e-43,"2","PARP3"
2.35990513049369e-47,1.21597054852315,0.277,0.068,3.35625707658812e-43,"2","NAB2"
2.42899744164204e-47,0.839240029005917,0.357,0.103,3.45452016150331e-43,"2","INPPL1"
2.44334122468449e-47,0.59832442259549,0.654,0.247,3.47491988974629e-43,"2","NIT1"
2.59345614554929e-47,0.622801311558767,0.771,0.299,3.6884133302002e-43,"2","MRPS11"
2.64787920901103e-47,0.828728962644678,0.881,0.426,3.76581381105548e-43,"2","CMTM7"
2.76812359298651e-47,0.614331152521945,0.693,0.266,3.93682537394542e-43,"2","NFU1"
2.82681615879249e-47,1.14010523475368,0.275,0.067,4.02029794103468e-43,"2","ZNF512B"
3.1230139054507e-47,0.509968657642523,0.465,0.152,4.44155037633198e-43,"2","MXRA7"
3.31269973548039e-47,0.705927210669652,0.895,0.454,4.71132156380022e-43,"2","PRKCB"
3.59665593501073e-47,0.935931908995014,0.362,0.107,5.11516407077226e-43,"2","LXN"
3.91747290475408e-47,1.08784651522181,0.254,0.059,5.57142996514125e-43,"2","SVIL-AS1"
4.95380931178891e-47,0.829777348440206,0.348,0.1,7.04530760322619e-43,"2","ST3GAL2"
5.18851645630865e-47,0.536498706247519,0.586,0.212,7.37910810416217e-43,"2","ZNF791"
5.9720577418922e-47,0.893854009980429,0.455,0.152,8.49346052051908e-43,"2","GM2A"
5.97909504326319e-47,0.754409968429786,0.787,0.342,8.50346897052892e-43,"2","CRTC3"
6.45628891453257e-47,0.565142569294653,0.565,0.202,9.18213409424822e-43,"2","ATG10"
6.55466604989604e-47,0.64071235532366,0.558,0.199,9.32204605616216e-43,"2","HERC2"
6.92065693408075e-47,0.749194408665594,0.826,0.342,9.84255829164964e-43,"2","ATOX1"
7.55338725209595e-47,0.727384342931225,0.84,0.386,1.07424273499309e-42,"2","ZC3H7A"
7.81709525676051e-47,0.613600452582704,0.535,0.187,1.11174728741648e-42,"2","RELL2"
8.76947654391906e-47,0.841628018591262,0.323,0.088,1.24719495407617e-42,"2","C20orf96"
1.06692552297336e-46,0.633576131776614,0.519,0.181,1.51738147877271e-42,"2","TRAF7"
1.35505519749313e-46,0.641295163536846,0.918,0.457,1.92715950187473e-42,"2","GPI"
1.41241354710651e-46,1.22607261714206,0.263,0.063,2.00873454669488e-42,"2","LAT2"
1.46273355340567e-46,0.72342839136714,0.643,0.248,2.08029965965355e-42,"2","WDR7"
1.50859066977169e-46,0.657589568215268,0.373,0.111,2.14551765054929e-42,"2","SMUG1"
1.62183698209266e-46,0.564219957105198,0.522,0.182,2.30657655593218e-42,"2","NTHL1"
1.66530147692663e-46,0.688059233269785,0.892,0.385,2.36839176048505e-42,"2","FIBP"
1.95948128125102e-46,0.876141916879173,0.348,0.099,2.78677427819521e-42,"2","SPRY1"
2.31479382270317e-46,0.749686766014583,0.403,0.126,3.29209977464845e-42,"2","KCTD17"
2.54388677365764e-46,0.503750682513325,0.57,0.203,3.61791576949589e-42,"2","PARP15"
2.78318054705641e-46,0.639262306904515,0.513,0.177,3.95823937402363e-42,"2","PDXK"
2.79254122389882e-46,0.664468326732886,0.822,0.346,3.9715521286289e-42,"2","GNG10"
3.0148825902345e-46,0.682928894661559,0.92,0.424,4.28776601983151e-42,"2","DCTN3"
3.15263453780324e-46,0.559785095564893,0.398,0.122,4.48367683966377e-42,"2","PDK2"
3.25606380301862e-46,1.03346722920854,0.3,0.079,4.63077394065308e-42,"2","TKFC"
3.26145205244306e-46,0.933652407799119,0.373,0.113,4.63843710898452e-42,"2","ELK1"
3.64362434604761e-46,0.59009137633632,0.414,0.13,5.18196254494892e-42,"2","ZNF490"
3.74362277384563e-46,0.67655396919672,0.84,0.358,5.32418030896325e-42,"2","TSC22D4"
4.05170492752266e-46,1.01887749472186,0.316,0.087,5.76233474792273e-42,"2","XXYLT1"
4.07531466931014e-46,0.583822901471214,0.444,0.145,5.79591252269288e-42,"2","ANKRD39"
4.08426400239206e-46,0.529977010154293,0.595,0.217,5.80864026420199e-42,"2","DNTTIP1"
4.13843807996081e-46,0.719953056407157,0.941,0.468,5.88568663732026e-42,"2","NDUFB5"
4.31865970123045e-46,0.711727778205062,0.419,0.133,6.14199782708994e-42,"2","TBC1D9B"
5.4069132599753e-46,0.604497431973412,0.529,0.186,7.68971203833686e-42,"2","COG4"
6.01417395111733e-46,0.684380382041111,0.593,0.221,8.55335819327906e-42,"2","HECTD4"
6.63539403818973e-46,0.557573174171575,0.794,0.328,9.43685740111344e-42,"2","JOSD2"
8.3208886830206e-46,0.698591425941415,0.803,0.332,1.18339678849919e-41,"2","SURF4"
8.40590192099482e-46,0.625183055719286,0.478,0.161,1.19548737120388e-41,"2","PDE6B"
8.83890879561324e-46,0.750672149600906,0.941,0.591,1.25706960891212e-41,"2","DGKA"
9.5230584091405e-46,0.568919787616421,0.382,0.114,1.35436936694796e-41,"2","POLL"
9.90818935786439e-46,0.631156805843282,0.412,0.13,1.40914269047547e-41,"2","IDNK"
1.00200467366053e-45,0.700440619307442,0.968,0.516,1.42505104688e-41,"2","SNRPF"
1.02597504664701e-45,0.635846350732753,0.705,0.281,1.45914171134137e-41,"2","GATA3"
1.04565256527959e-45,0.536413039292359,0.46,0.15,1.48712707834063e-41,"2","B3GALT4"
1.0640875781111e-45,0.640342048528757,0.755,0.303,1.51334535358961e-41,"2","HDAC3"
1.06832907064093e-45,0.675154663583524,0.574,0.21,1.51937760426554e-41,"2","SIPA1"
1.10516591436393e-45,0.78276649216556,0.977,0.755,1.57176696340838e-41,"2","SLFN5"
1.14588974503969e-45,0.699410780763646,0.33,0.091,1.62968439539545e-41,"2","PRR7"
1.18534996374259e-45,0.708639082883041,0.881,0.415,1.68580471843472e-41,"2","CLINT1"
1.31334331573453e-45,0.824582048926971,0.316,0.087,1.86783686363764e-41,"2","TTLL3"
1.58760065501002e-45,0.653089726298611,0.453,0.151,2.25788565155525e-41,"2","VPS35L"
1.69885110060225e-45,0.592668836833163,0.728,0.285,2.41610603527652e-41,"2","UROD"
1.85445935202042e-45,0.582704041023435,0.698,0.274,2.63741209044344e-41,"2","CMIP"
1.88493142495696e-45,0.590274777709742,0.508,0.178,2.68074947257379e-41,"2","CEP250-AS1"
2.13900256045561e-45,0.717743183163835,0.773,0.326,3.04208944147996e-41,"2","RBM38"
2.42330024696134e-45,0.618910639664727,0.465,0.157,3.44641761122842e-41,"2","CCDC43"
2.49727800304628e-45,0.619466609950254,0.668,0.263,3.55162877593242e-41,"2","ARRDC2"
2.50978290063772e-45,0.58662227245818,0.451,0.149,3.56941324128697e-41,"2","MCCC1"
3.13101248378774e-45,0.615150222656219,0.394,0.121,4.45292595444292e-41,"2","UBXN6"
3.3876134593625e-45,0.785429097594758,0.87,0.439,4.81786386190534e-41,"2","SNRPA"
3.51584624873891e-45,0.639893562885308,0.822,0.36,5.00023653495647e-41,"2","UNC119"
3.67379979167984e-45,0.72552950782599,0.366,0.11,5.22487806372707e-41,"2","MLYCD"
4.17878132542848e-45,0.860703072977997,0.952,0.763,5.94306280102438e-41,"2","FCMR"
4.84353875461457e-45,0.620709490016855,0.471,0.16,6.88848081681285e-41,"2","RIC8B"
4.97364324894326e-45,0.663526868691401,0.604,0.215,7.07351542864711e-41,"2","AHCY"
5.11476330990841e-45,0.509091365771962,0.563,0.202,7.27421637935174e-41,"2","TRUB2"
6.06715111865961e-45,0.641404970647357,0.87,0.367,8.62870232095769e-41,"2","MRPS15"
6.94968348845699e-45,0.507278549162428,0.618,0.228,9.88383985728353e-41,"2","MAP4K1"
7.12820492430506e-45,0.617535320276367,0.41,0.132,1.01377330433467e-40,"2","ZNF236-DT"
7.65125160758298e-45,1.15599493078983,0.318,0.091,1.08816100363045e-40,"2","ABCB10"
9.45898987554701e-45,0.664421987774395,0.357,0.106,1.3452575401003e-40,"2","AP5S1"
9.65432941246305e-45,0.62868769717593,0.705,0.272,1.3730387290405e-40,"2","MTHFD2"
1.05882993404248e-44,0.605083388002533,0.645,0.249,1.50586793219522e-40,"2","S100PBP"
1.06648471986928e-44,0.904969446910219,0.304,0.083,1.51675456859809e-40,"2","MARK4"
1.18996750012557e-44,0.680104763320123,0.819,0.339,1.69237177867859e-40,"2","GRHPR"
1.27408142761947e-44,0.881986185188646,0.927,0.527,1.81199860636041e-40,"2","SAT1"
1.27511141672054e-44,0.529697043721164,0.581,0.212,1.81346345685996e-40,"2","RAB43"
1.36228971017391e-44,0.65133347121702,0.556,0.198,1.93744842580934e-40,"2","ANXA2"
1.36731660405367e-44,0.601517837342854,0.4,0.126,1.94459767428513e-40,"2","VIPAS39"
1.41375783439965e-44,0.766326952752437,0.913,0.491,2.01064639208319e-40,"2","TNIK"
1.49949605944293e-44,0.723080011036382,0.428,0.141,2.13258329573973e-40,"2","GFI1"
1.64253073100815e-44,0.647353122840674,0.627,0.242,2.33600720563979e-40,"2","PHKB"
1.78211926987353e-44,0.596509804596149,0.796,0.32,2.53453002561413e-40,"2","CD2BP2"
1.79730140073688e-44,0.728866586189949,0.391,0.123,2.55612205212799e-40,"2","BPNT1"
1.842194027792e-44,0.992825826207178,0.462,0.16,2.61996834632579e-40,"2","SQLE"
2.06499915942902e-44,0.718938070157429,0.874,0.412,2.93684180453995e-40,"2","ANXA6"
2.25239621136822e-44,0.767308869343637,0.348,0.102,3.20335789180788e-40,"2","PNPO"
2.29040030224439e-44,0.725881264117372,0.545,0.2,3.25740730985198e-40,"2","NREP"
2.33794572513435e-44,0.651667068013158,0.394,0.122,3.32502641028607e-40,"2","CCDC22"
2.55743905386831e-44,0.619639743487454,0.755,0.307,3.63718982241151e-40,"2","RPUSD3"
2.57585263684358e-44,0.734937434086863,0.38,0.116,3.66337762011893e-40,"2","CCDC106"
2.63927082487036e-44,0.541052593240631,0.771,0.315,3.75357096713063e-40,"2","STX8"
2.87732601793039e-44,1.22701631653814,0.259,0.065,4.0921330627006e-40,"2","ADAP1"
2.89662840160005e-44,0.656850257776404,0.437,0.146,4.11958491275559e-40,"2","DCAKD"
3.44230495451746e-44,0.659303516252309,0.412,0.132,4.89564610631473e-40,"2","SPPL2B"
3.4862021937496e-44,0.95212067840161,0.311,0.088,4.95807675995069e-40,"2","TRIM41"
3.7001463824862e-44,0.590443145778599,0.876,0.394,5.26234818517187e-40,"2","DNAJC4"
4.30411143346999e-44,0.527914551671196,0.535,0.192,6.12130728068102e-40,"2","DNASE2"
4.65912941310125e-44,0.759734367931873,0.332,0.095,6.62621385131259e-40,"2","POMT1"
5.09445493156298e-44,0.522649819181848,0.453,0.153,7.24533380366887e-40,"2","RFNG"
5.10716508612886e-44,0.523081997061029,0.62,0.233,7.26341018549246e-40,"2","DESI1"
5.25719482732131e-44,1.04303275768134,0.336,0.101,7.47678248341636e-40,"2","LIMK1"
5.49053181799103e-44,0.540196958116482,0.716,0.28,7.80863435154685e-40,"2","BLMH"
5.59774857774266e-44,0.544567483302863,0.714,0.285,7.96111802726562e-40,"2","NLRC3"
5.6687998904401e-44,0.687158506839006,0.336,0.098,8.06216720418391e-40,"2","ZDHHC21"
6.20169515471878e-44,1.00380021132074,0.334,0.098,8.82005084904105e-40,"2","NBPF10"
6.48674640079677e-44,0.547014590620431,0.751,0.293,9.22545073121317e-40,"2","ACAA2"
6.50948739160023e-44,1.21273816234687,0.263,0.066,9.25779296833384e-40,"2","TEC"
8.14357049979748e-44,0.585974258954926,0.524,0.184,1.1581785964812e-39,"2","TRIB2"
8.77690487439032e-44,1.09994019004173,0.281,0.074,1.24825141123579e-39,"2","ZFAND2A-DT"
1.02269852818121e-43,0.95154135639601,0.865,0.482,1.45448184677932e-39,"2","MAL"
1.12071226990473e-43,0.575581718259725,0.659,0.25,1.59387699025851e-39,"2","RPA1"
1.18165309631701e-43,0.619155836884203,0.419,0.137,1.68054703358205e-39,"2","MDC1"
1.22306369510111e-43,0.692444018175147,0.941,0.515,1.7394411871728e-39,"2","SMDT1"
1.31131010195859e-43,0.796033868453225,0.947,0.611,1.86494522700551e-39,"2","HSPB1"
1.31987612827704e-43,0.501744560909117,0.579,0.213,1.87712782963561e-39,"2","CCDC7"
1.52057339571787e-43,0.523069825243067,0.465,0.158,2.16255948338996e-39,"2","FASTKD1"
1.52225277978688e-43,0.981840741383828,0.302,0.084,2.1649479034129e-39,"2","GNGT2"
1.55738938991199e-43,0.649164147403841,0.554,0.204,2.21491919033283e-39,"2","KEAP1"
1.71157793264388e-43,0.676432558677054,0.938,0.591,2.43420613580613e-39,"2","PTPRCAP"
1.80380103160287e-43,0.626240756186879,0.787,0.342,2.5653658271456e-39,"2","TMC8"
1.8437985023558e-43,0.561897704573592,0.423,0.139,2.62225023005042e-39,"2","LPCAT3"
1.85176479671126e-43,0.677806420131916,0.975,0.691,2.63357989388275e-39,"2","EVI2B"
2.01093191347905e-43,0.612130321594297,0.478,0.166,2.85994736734991e-39,"2","PGM2"
2.09670011010596e-43,0.620148729666843,0.897,0.406,2.98192689659269e-39,"2","CLTB"
2.2984303143856e-43,0.70804101480954,0.792,0.336,3.2688275931192e-39,"2","CHMP4B"
2.62703621246022e-43,0.656131630925952,0.673,0.282,3.73617090136093e-39,"2","GMDS-DT"
2.66405689946858e-43,0.524147789072946,0.435,0.143,3.78882172242422e-39,"2","SIRT3"
2.80982835909383e-43,0.507201814542587,0.604,0.228,3.99613789230324e-39,"2","PIGP"
2.94843305300405e-43,0.540558937481096,0.682,0.266,4.19326148798235e-39,"2","SLX9"
3.96102322928388e-43,0.522870804739214,0.698,0.281,5.63336723668753e-39,"2","SAMSN1"
3.99817645861542e-43,1.00919853670922,0.336,0.1,5.68620655944285e-39,"2","ENSG00000287100"
4.43453658477406e-43,0.667905187528178,0.767,0.329,6.30679793086567e-39,"2","SLC25A46"
5.78331668591701e-43,0.610605548152656,0.696,0.273,8.22503299071118e-39,"2","RCC2"
6.4078506626411e-43,0.667649073532238,0.963,0.588,9.11324521240817e-39,"2","OXA1L"
6.49565899850948e-43,0.764413168197233,0.359,0.111,9.23812622768019e-39,"2","SLC35E1"
6.5024405539891e-43,0.605755149456115,0.519,0.188,9.2477709558833e-39,"2","UBA7"
6.70089507336757e-43,0.789568880958422,0.316,0.09,9.53001297334335e-39,"2","PUS10"
6.74493651454315e-43,0.727093283587027,0.941,0.491,9.59264871098326e-39,"2","CHMP2A"
7.71946485819536e-43,0.55455335286345,0.602,0.227,1.09786229213254e-38,"2","ALAS1"
8.56150723295175e-43,0.571497147583828,0.831,0.33,1.2176175586704e-38,"2","MTCH2"
8.84301413302735e-43,0.643939916407788,0.977,0.666,1.25765346999915e-38,"2","NDUFC2"
1.04370627988505e-42,0.662362948329609,0.911,0.428,1.48435907125251e-38,"2","SUCLG1"
1.15118360283714e-42,0.719716546963395,0.371,0.116,1.63721331995498e-38,"2","CPLANE1"
1.23961668907556e-42,0.827177980095699,0.481,0.173,1.76298285520325e-38,"2","EHBP1L1"
1.37081173096677e-42,0.529845239816791,0.668,0.268,1.94956844378093e-38,"2","ZNF433-AS1"
1.42400310592398e-42,0.557882937760518,0.648,0.256,2.02521721724508e-38,"2","VPS26B"
1.46594649455153e-42,0.630763199938799,0.476,0.166,2.08486910455119e-38,"2","ST6GALNAC4"
1.67349382060153e-42,0.696661659034193,0.902,0.416,2.3800429116595e-38,"2","OLA1"
1.70012200205428e-42,0.514197366386004,0.629,0.244,2.41791351132159e-38,"2","NKAPD1"
1.70492340384445e-42,1.1295723026099,0.327,0.097,2.42474206494757e-38,"2","DPP3"
1.72625285133347e-42,0.547482530755725,0.703,0.283,2.45507680516646e-38,"2","RNF10"
2.00833039564639e-42,0.654206481160056,0.462,0.162,2.8562474886883e-38,"2","RAB35"
2.03987968576555e-42,0.58638510834401,0.558,0.208,2.90111688909576e-38,"2","PKIA"
2.07810623614633e-42,0.525626821944498,0.499,0.178,2.95548268904731e-38,"2","POC1B"
2.09642125635305e-42,0.783659181520453,0.35,0.108,2.98153031078531e-38,"2","ITPK1"
2.10689823983184e-42,0.62527705789203,0.435,0.146,2.99643067668884e-38,"2","ENSG00000290833"
2.12246064694002e-42,0.714225177732387,0.38,0.12,3.0185635320781e-38,"2","LIMS2"
2.2320917005458e-42,0.582436876001958,0.51,0.185,3.17448081651624e-38,"2","PML"
3.0248544714112e-42,0.63740125391607,0.973,0.572,4.301948029241e-38,"2","LSM2"
3.06372406743952e-42,0.606239183170009,0.384,0.123,4.35722836871248e-38,"2","MCTP2"
3.12175317797145e-42,0.997112632860182,0.272,0.071,4.439757369711e-38,"2","GGACT"
3.12995373564607e-42,1.98599428830901,0.259,0.068,4.45142020283585e-38,"2","TOX2"
3.70829792880712e-42,0.656126913058242,0.899,0.451,5.27394131434948e-38,"2","NBDY"
4.093238879055e-42,0.658760041417373,0.938,0.489,5.82140433379202e-38,"2","VDAC1"
4.55458644679714e-42,1.78877147704118,0.256,0.068,6.47753284463489e-38,"2","SLCO4A1"
4.55866837272446e-42,0.652256301658034,0.325,0.097,6.48333815968872e-38,"2","TTC38"
5.17857591804231e-42,0.626471019355037,0.442,0.153,7.36497067063977e-38,"2","PIGS"
5.20615666675676e-42,0.650352031669497,0.432,0.148,7.40419601146146e-38,"2","TARS2"
5.30165137656569e-42,0.671043509351672,0.362,0.112,7.54000858775173e-38,"2","MED25"
6.24447731092203e-42,0.609726986002771,0.462,0.162,8.88089563159331e-38,"2","CHTF8"
6.90466976741248e-42,0.681331266216055,0.535,0.199,9.81982134321404e-38,"2","ACSL4"
8.0216491123017e-42,0.584932636432919,0.458,0.159,1.14083893675155e-37,"2","KANSL3"
8.48455766621994e-42,0.696021704048222,0.945,0.546,1.2066737912898e-37,"2","BIN1"
8.87986305623504e-42,0.580855121623919,0.984,0.78,1.26289412385775e-37,"2","ABRACL"
1.13075570524972e-41,1.01289691751594,0.261,0.067,1.60816076400616e-37,"2","FBXL8"
1.14844536555258e-41,0.5087617618268,0.531,0.193,1.63331899888888e-37,"2","TM7SF3"
1.21275673826222e-41,0.667811633769505,0.664,0.269,1.72478263315652e-37,"2","OTUD5"
1.22401616091894e-41,0.588646118313654,0.419,0.141,1.74079578405891e-37,"2","PLPP5"
1.25971108603841e-41,0.854409057153081,0.325,0.098,1.79156110656383e-37,"2","TMED8"
1.28604793966968e-41,0.590373528756577,0.563,0.214,1.82901737979822e-37,"2","GBF1"
1.36844295877654e-41,0.631679948521307,0.892,0.41,1.946199575972e-37,"2","ZNHIT3"
1.50903514071521e-41,0.638293927145744,0.895,0.425,2.14614977712518e-37,"2","UBL7"
1.58887551150585e-41,0.652422603884415,0.304,0.087,2.25969875246362e-37,"2","ATPAF2"
1.69147708412744e-41,0.699638091148347,0.929,0.493,2.40561870904604e-37,"2","TXNL1"
1.91226511948897e-41,0.551670593086823,0.444,0.151,2.71962345293722e-37,"2","LINC02245"
1.91890236159195e-41,0.6407264350035,0.453,0.16,2.72906293865608e-37,"2","FAS"
2.11603852382482e-41,0.545955030894901,0.995,0.777,3.00942998858365e-37,"2","HIGD2A"
2.78910779358423e-41,0.647240385571328,0.991,0.698,3.96666910403549e-37,"2","DBI"
2.84724719212609e-41,0.653163857305724,0.924,0.486,4.04935495664172e-37,"2","NSMCE1"
3.10547853167775e-41,0.594279987928643,0.767,0.329,4.41661156775209e-37,"2","VHL"
3.25155407641477e-41,0.605826077795109,0.43,0.148,4.62436020747709e-37,"2","PPP2R5D"
3.38106074210803e-41,1.31244896645486,0.261,0.069,4.80854458742604e-37,"2","ENSG00000291015"
3.55150198164043e-41,0.595922711293261,0.735,0.305,5.05094611828902e-37,"2","SQOR"
4.42040824374741e-41,0.527860458921673,0.739,0.303,6.28670460425757e-37,"2","CTDSP1"
4.45149821170845e-41,0.625936349613176,0.378,0.121,6.33092075669175e-37,"2","RGP1"
4.50350914949951e-41,0.581393039562032,0.508,0.185,6.4048907124182e-37,"2","PRKD2"
4.50654827153505e-41,0.747154770479203,0.343,0.105,6.40921295177715e-37,"2","CES2"
4.78082084232678e-41,0.658646821328366,0.318,0.091,6.79928340195714e-37,"2","CORO2A"
5.06843653058469e-41,0.6165925757173,0.35,0.108,7.20833043379754e-37,"2","PPARA"
5.34842245523876e-41,0.755292798655288,0.35,0.109,7.60652641584057e-37,"2","MBOAT7"
5.35175345059786e-41,0.633457492847545,0.778,0.341,7.61126375744028e-37,"2","EEIG1"
5.44326474352363e-41,0.937030196370993,0.293,0.081,7.74141111823931e-37,"2","MICAL1"
5.47419998512606e-41,0.522868404281397,0.654,0.261,7.78540721884628e-37,"2","LAMP2"
5.82972324598059e-41,0.681295887427424,0.874,0.431,8.2910324004336e-37,"2","TCF12"
6.20474629811217e-41,0.624426971812333,0.858,0.386,8.82439018517513e-37,"2","NDUFA10"
6.23417528706154e-41,0.535699884522143,0.46,0.162,8.86624409325892e-37,"2","ALDOC"
6.4741756044196e-41,0.629873009586571,0.854,0.402,9.20757254460555e-37,"2","UBE2H"
7.05417318718335e-41,0.686301377989336,0.307,0.087,1.00324451068122e-36,"2","TEP1"
7.08402317085368e-41,0.693317815917123,0.952,0.597,1.00748977535881e-36,"2","POLR2E"
7.2998478807671e-41,0.680170124459599,0.712,0.295,1.0381843656027e-36,"2","CD59"
7.7257975629761e-41,0.587359669135242,0.357,0.111,1.09876292940646e-36,"2","PMS2P4"
7.7788792853711e-41,0.798304734492164,0.311,0.09,1.10631221196548e-36,"2","ENSG00000227486"
8.92222974852261e-41,0.587429690646963,0.481,0.175,1.26891951483488e-36,"2","CHMP6"
9.36788583345017e-41,0.624173115834652,0.279,0.074,1.33230072323328e-36,"2","FRAT1"
9.78013099228784e-41,0.590955736759833,0.435,0.149,1.39093022972318e-36,"2","GEMIN8"
1.00383063543929e-40,0.725954414235614,0.323,0.097,1.42764792972175e-36,"2","RWDD2B"
1.04927470293312e-40,0.560160766477133,0.659,0.265,1.49227848251148e-36,"2","HDAC8"
1.12773283071791e-40,0.983474386216308,0.307,0.091,1.60386163184702e-36,"2","FHOD1"
1.21760899083584e-40,0.657542994482538,0.302,0.086,1.73168350676673e-36,"2","ODF3B"
1.35577432453242e-40,0.839951202074126,0.281,0.078,1.92818224435001e-36,"2","ATN1"
1.52458817144176e-40,0.545184550385453,0.414,0.138,2.16826929742448e-36,"2","LTBP4"
1.62451705883303e-40,0.56517894551855,0.67,0.266,2.31038816107233e-36,"2","APEH"
1.67643249516831e-40,0.560411356292703,0.563,0.215,2.38422229462837e-36,"2","PITPNA"
2.40098708137922e-40,0.604840080502391,0.817,0.359,3.41468382713753e-36,"2","SPAG7"
2.78648471865516e-40,0.528049547124666,0.769,0.325,3.96293856687136e-36,"2","ASAP1"
2.86312767704252e-40,0.820581162696578,0.439,0.155,4.07194018228987e-36,"2","TFRC"
4.02824543855934e-40,0.872424542358201,0.263,0.07,5.72897066271909e-36,"2","MICALL1"
4.23091865835389e-40,0.653835632530736,0.89,0.421,6.0172125159109e-36,"2","COPZ1"
4.8398798905727e-40,0.516288815674618,0.714,0.292,6.88327718037249e-36,"2","MVP"
4.96644493198886e-40,0.719989026642729,0.776,0.377,7.06327798227456e-36,"2","IKZF2"
6.57741589857938e-40,0.653950881898756,0.432,0.151,9.3544008909596e-36,"2","COX10-DT"
6.58648536403727e-40,0.559683945953689,0.808,0.335,9.36729948473381e-36,"2","MRPL11"
7.41129841363221e-40,0.67924584644666,0.286,0.079,1.05403486038677e-35,"2","ZNF286A"
7.83371327177549e-40,0.769082572764837,0.332,0.101,1.11411070151191e-35,"2","TIPARP"
8.3591444830812e-40,0.969214539705965,0.256,0.066,1.18883752838381e-35,"2","PROCR"
8.63101225060883e-40,0.561255548670053,0.439,0.153,1.22750256228159e-35,"2","AMFR"
8.77232472058154e-40,0.816809054731826,0.325,0.1,1.24760002176111e-35,"2","PTPN9"
9.14746409184893e-40,0.677992317227012,0.364,0.116,1.30095234314275e-35,"2","EXT1"
9.4523031424281e-40,0.543130252448608,0.574,0.224,1.34430655291612e-35,"2","ATP10A"
9.88209357473023e-40,0.576162385442808,0.716,0.296,1.40543134819813e-35,"2","FAM120A"
1.11473847720592e-39,0.538401765598056,0.554,0.208,1.58538106228226e-35,"2","PIGX"
1.1537806289512e-39,0.941778870878715,0.318,0.096,1.6409068104944e-35,"2","SLC25A15"
1.25701203008595e-39,0.586767491452189,0.428,0.148,1.78772250918824e-35,"2","INPP5B"
1.35478727007168e-39,0.52739418182789,0.995,0.757,1.92677845549594e-35,"2","TBCA"
1.52185528887757e-39,0.69635894229995,0.67,0.279,2.16438259184168e-35,"2","FAM89B"
1.58232929837491e-39,0.721258919731502,0.812,0.399,2.25038872814879e-35,"2","CD6"
1.74118516860291e-39,0.592397298320839,0.4,0.135,2.47631354678706e-35,"2","AGPAT1"
1.91973839435964e-39,0.884567804047887,0.339,0.106,2.73025194445828e-35,"2","CCDC34"
2.36970209001741e-39,0.917756439261898,0.291,0.084,3.37019031242276e-35,"2","FSD1"
2.46445339224592e-39,0.702073973938664,0.78,0.371,3.50494561445215e-35,"2","CD28"
2.55604089521854e-39,1.13943275574491,0.689,0.277,3.63520136117981e-35,"2","CTSB"
2.84930681319886e-39,0.660605007947838,0.84,0.384,4.05228414973142e-35,"2","ECHS1"
3.19564196171844e-39,0.546951344199952,0.703,0.292,4.54484199795597e-35,"2","KCNAB2"
4.33928862626231e-39,0.675990254485259,0.348,0.111,6.17133628427026e-35,"2","ENSG00000291175"
4.80869501901308e-39,0.50128512852115,0.709,0.294,6.8389260560404e-35,"2","GTF2F1"
5.14440955410159e-39,0.573201797696554,0.277,0.076,7.31637926784329e-35,"2","URB1-AS1"
5.42307627415698e-39,0.650194256306241,0.945,0.492,7.71269907710605e-35,"2","MACROH2A1"
5.4458877822747e-39,0.714926809424136,0.911,0.445,7.74514160395108e-35,"2","CIAO2A"
5.7659006997476e-39,0.584771450115572,0.545,0.209,8.20026397518104e-35,"2","GTF3C1"
6.35627553751192e-39,0.850031311762295,0.847,0.427,9.03989506944945e-35,"2","STK26"
6.41054068599514e-39,0.747191614136481,0.297,0.087,9.11707096362229e-35,"2","CLPB"
7.29901833424901e-39,0.536273665309319,0.371,0.121,1.03806638749689e-34,"2","PLEKHM2"
7.3385592612448e-39,0.640748432522175,0.858,0.409,1.04368989813424e-34,"2","CAMK2D"
7.62140155304229e-39,0.541621862812608,0.989,0.783,1.08391572887367e-34,"2","CUTA"
7.89612856083719e-39,0.596300161537613,0.483,0.177,1.12298740392227e-34,"2","PFKL"
8.35379355732352e-39,0.891314832738062,0.359,0.118,1.18807651972255e-34,"2","PLEC"
8.39293856082141e-39,0.559462761605495,0.753,0.318,1.19364372212002e-34,"2","USP22"
1.21762101044261e-38,0.828262918518893,0.252,0.064,1.73170060105147e-34,"2","OLFM2"
1.26041551076052e-38,0.536546065428807,0.453,0.163,1.79256293940362e-34,"2","EIPR1"
1.42340865871755e-38,0.615370021895284,0.426,0.15,2.02437179442811e-34,"2","KDM4B"
1.61009103643483e-38,0.550207330371939,0.474,0.174,2.28987147201762e-34,"2","TIFA"
1.70593561596834e-38,0.767488860153029,0.286,0.082,2.42618163303017e-34,"2","GHDC"
1.72619151848157e-38,0.565387218973092,0.913,0.477,2.45498957758449e-34,"2","IGFLR1"
1.79419130612138e-38,0.534302184200408,0.739,0.308,2.55169887556582e-34,"2","NIT2"
1.85254816917024e-38,0.568018746606098,0.762,0.335,2.63469400619392e-34,"2","PLIN2"
1.9318058351517e-38,0.589398657175935,0.977,0.719,2.74741425875275e-34,"2","SMAP2"
2.08436729071639e-38,0.56736837290784,0.773,0.339,2.96438716085686e-34,"2","CRYBB2P1"
2.09518283195457e-38,0.591008188638098,0.476,0.174,2.9797690236058e-34,"2","SCLY"
2.15813244858515e-38,0.813788092507109,0.35,0.113,3.0692959683778e-34,"2","ZMIZ1"
2.17089594129005e-38,0.693037337858524,0.366,0.121,3.08744820770271e-34,"2","THG1L"
2.60807042625823e-38,0.693827910772323,0.941,0.628,3.70919776022445e-34,"2","PCED1B"
2.82610330176204e-38,0.546094356224473,0.398,0.136,4.01928411576597e-34,"2","ZER1"
3.20801338900103e-38,0.645215260503393,0.371,0.125,4.56243664183726e-34,"2","GPN2"
3.33756177226628e-38,0.591488708781324,0.977,0.663,4.7466803525171e-34,"2","CCT8"
3.36133843718292e-38,0.869237452141444,0.252,0.068,4.78049552536156e-34,"2","TBC1D22B"
3.39163742622389e-38,0.719441855332094,0.332,0.104,4.82358674757562e-34,"2","MED12"
3.53922994989547e-38,0.776229099782592,0.371,0.124,5.03349283474134e-34,"2","AP1B1"
3.60110743985953e-38,0.646557158304821,0.323,0.1,5.12149500096823e-34,"2","MAP3K11"
3.80748959792084e-38,0.76321949029418,0.307,0.093,5.41501170616302e-34,"2","ENSG00000276256"
3.98961639965379e-38,0.647072632017885,0.371,0.122,5.67403244358761e-34,"2","TRAPPC14"
4.49822933269858e-38,0.573527754189765,0.844,0.379,6.39738175696393e-34,"2","COMMD7"
5.19203812528341e-38,0.535495314845422,0.989,0.743,7.38411662177806e-34,"2","EIF3M"
5.45420283646376e-38,0.533898936572033,0.43,0.153,7.75696727401876e-34,"2","MON1B"
6.32868555358022e-38,0.58237059414055,0.41,0.144,9.00065659430179e-34,"2","MEF2D"
6.37858348995363e-38,0.52424221555769,0.826,0.375,9.07162143941205e-34,"2","TRAF5"
6.54628455391479e-38,0.597157693375723,0.314,0.095,9.31012589257761e-34,"2","TRIM34"
7.02413691109133e-38,0.886615810545254,0.33,0.105,9.9897275149541e-34,"2","AGFG2"
8.15401810648443e-38,0.529181848314633,0.714,0.301,1.15966445510422e-33,"2","BABAM2"
8.32996372826467e-38,0.50686235280659,0.723,0.3,1.1846874414338e-33,"2","CLTC"
8.58102495624562e-38,0.666589577757022,0.304,0.091,1.22039336927725e-33,"2","ENSG00000262202"
8.6674544387706e-38,0.562442236704585,0.986,0.73,1.23268537028195e-33,"2","ATP5F1A"
9.21076900781681e-38,0.535106082221579,0.815,0.36,1.30995556829171e-33,"2","ISY1"
9.27815558688904e-38,0.515311713251548,0.469,0.173,1.31953928756736e-33,"2","RCOR1"
9.34524855198639e-38,1.13613554804149,0.339,0.112,1.3290812490635e-33,"2","TRAF4"
9.64454320058398e-38,0.645991521606413,0.892,0.432,1.37164693398705e-33,"2","NUDT5"
9.94752127307687e-38,0.660936652421369,0.293,0.086,1.41473647545699e-33,"2","SLC25A23"
1.03755114668695e-37,0.570619455592265,0.858,0.386,1.47560524081818e-33,"2","LYPLA1"
1.04989301602003e-37,0.768017359119018,0.272,0.077,1.49315784738369e-33,"2","PHLPP1"
1.09161607407917e-37,0.707018963378079,0.284,0.082,1.5524963805554e-33,"2","PLAGL1"
1.15272799029569e-37,0.533172318530365,0.474,0.174,1.63940974779853e-33,"2","BBC3"
1.20930221471553e-37,0.533982810381463,0.38,0.129,1.71986960976843e-33,"2","ALG1"
1.22810054687557e-37,0.707303105134863,0.375,0.128,1.74660459776644e-33,"2","AP2A1"
1.31043138798582e-37,0.57352876854448,0.332,0.105,1.86369551999344e-33,"2","KLHL12"
1.31257926696655e-37,0.506003864590621,0.574,0.226,1.86675023347982e-33,"2","DDX49"
1.3174378350244e-37,0.912746014871638,0.263,0.073,1.8736600889717e-33,"2","CCNE1"
1.33508229791647e-37,0.662192061955081,0.334,0.104,1.8987540440968e-33,"2","SNN"
1.34021952743921e-37,0.802553796263711,0.618,0.262,1.90606021192405e-33,"2","AHI1"
1.42817047908434e-37,0.508336336617541,0.998,0.799,2.03114405535375e-33,"2","CSNK2B"
1.49125731272421e-37,0.648816174899837,0.844,0.4,2.12086615015637e-33,"2","GRK2"
1.50535273868732e-37,0.698667395773901,0.316,0.097,2.14091266496111e-33,"2","PRXL2B"
1.73631615518131e-37,0.770154710429787,0.334,0.108,2.46938883589886e-33,"2","PXMP4"
1.80898132584634e-37,0.678795465480158,0.32,0.099,2.57273324161866e-33,"2","TRIM66"
1.88100824880873e-37,0.803454208453803,0.339,0.109,2.67516993145578e-33,"2","NRM"
2.01125958842525e-37,0.661299435870191,0.318,0.098,2.86041338665839e-33,"2","LINC01806"
2.14464902462519e-37,0.669343400527907,0.362,0.12,3.05011984282195e-33,"2","PRKACA"
2.27740138162574e-37,0.547948911438616,0.812,0.37,3.23892024494813e-33,"2","ITPR2"
2.27751094635319e-37,0.675925996649563,0.963,0.705,3.23907606790351e-33,"2","LCP2"
2.28739749310192e-37,0.51394588619616,0.359,0.118,3.25313671468956e-33,"2","ESS2"
2.52913256414275e-37,0.686459062242502,0.819,0.41,3.59693233272382e-33,"2","MT1X"
2.53671794547327e-37,0.552666574040642,0.371,0.123,3.60772026205208e-33,"2","DTX3"
2.55934247364638e-37,0.58658248148157,0.831,0.394,3.63989686601989e-33,"2","IP6K2"
2.71769015494661e-37,0.573139996261726,0.414,0.147,3.86509893836506e-33,"2","NIBAN1"
2.72727544458166e-37,0.647460663300568,0.469,0.176,3.87873113728404e-33,"2","PXK"
2.86716037731247e-37,0.626163012360168,0.593,0.258,4.0776754886138e-33,"2","KLRC4"
3.06289241063007e-37,0.566723130564276,0.368,0.123,4.35604558639809e-33,"2","FAM222B"
3.21734295605243e-37,0.639184193644263,0.732,0.331,4.57570515209777e-33,"2","AGFG1"
3.35408640557561e-37,0.949991845106263,0.387,0.135,4.77018168600963e-33,"2","ENSG00000273118"
3.51121761398286e-37,0.970231773068098,0.27,0.078,4.99365369060642e-33,"2","SLC43A1"
3.57471175846033e-37,0.586581658865112,0.968,0.648,5.08395506288228e-33,"2","PRDX6"
3.68722858269336e-37,0.599465375057519,0.842,0.385,5.2439764903065e-33,"2","CMTM6"
3.78799786878729e-37,0.582551605048552,0.769,0.342,5.38729056898928e-33,"2","GRK6"
4.14189139297751e-37,0.576466792339937,0.906,0.441,5.89059793909261e-33,"2","IDH2"
4.39781133688013e-37,0.655859021343595,0.661,0.27,6.25456728331092e-33,"2","SMS"
4.91092349122112e-37,0.513088057283946,0.6,0.243,6.98431538921468e-33,"2","CHFR"
5.30690159869773e-37,0.741096513710067,0.35,0.117,7.54747545366791e-33,"2","WSB2"
5.6398784823676e-37,0.570314142298752,0.703,0.292,8.02103517762321e-33,"2","IRAG2"
6.11269486186127e-37,0.547283513132793,0.394,0.136,8.6934746325391e-33,"2","PYGB"
7.52583667484454e-37,0.593668700674045,0.911,0.446,1.07032449189639e-32,"2","MRPS36"
8.15346584173443e-37,0.505014079229408,0.556,0.218,1.15958591201147e-32,"2","AGAP2"
9.01194723468059e-37,0.627118403390206,0.886,0.444,1.28167913571627e-32,"2","WASHC3"
9.81895386262403e-37,0.651454451342548,0.27,0.076,1.39645161834239e-32,"2","ZNF529-AS1"
9.98494195670516e-37,0.540411439675945,0.384,0.132,1.42005844508261e-32,"2","YIPF1"
1.54767265918782e-36,0.642095272503138,0.311,0.098,2.20110005589692e-32,"2","QSOX1"
1.55364047923364e-36,0.539670121285582,0.476,0.179,2.20958748956608e-32,"2","BORCS5"
1.63185968167509e-36,0.588520383023279,0.352,0.118,2.32083083927832e-32,"2","SH3BP2"
1.73847495565599e-36,0.595956295258432,0.652,0.28,2.47245908193395e-32,"2","MID1IP1"
1.79513769631662e-36,0.582369150512723,0.43,0.155,2.5530448317015e-32,"2","CENPV"
1.83247739208098e-36,0.53570342789496,0.41,0.145,2.60614934701757e-32,"2","STK11"
2.12458382560146e-36,0.522550166459084,0.828,0.362,3.02158311677039e-32,"2","MRPL28"
2.15887119419491e-36,0.620876874426209,0.469,0.176,3.070346612384e-32,"2","UBASH3B"
2.18145464179992e-36,0.513339315630142,0.389,0.134,3.10246479156785e-32,"2","ACBD4"
2.47986305876103e-36,0.537904600777993,0.515,0.198,3.52686124216994e-32,"2","MTA2"
2.69830140113462e-36,0.510378153017216,0.661,0.277,3.83752425269365e-32,"2","MRPL1"
2.8863845846574e-36,0.724659414530807,0.277,0.08,4.10501615629976e-32,"2","ENSG00000237356"
2.93507691478673e-36,0.578956365618763,0.957,0.581,4.17426638820968e-32,"2","CLPP"
2.9936292394218e-36,0.542824633933208,0.81,0.366,4.25753950430568e-32,"2","CTBP1"
3.21865233164149e-36,0.5194478592334,0.62,0.255,4.57756734606053e-32,"2","CTDSP2"
3.30445306640908e-36,0.553771230138205,0.32,0.101,4.69959315104699e-32,"2","MRPL45P2"
3.70098047683744e-36,0.56071948353281,0.776,0.338,5.26353443415821e-32,"2","GSTM1"
3.71577053385116e-36,0.774830421977904,0.33,0.107,5.28456885324312e-32,"2","NF2"
3.84693125912762e-36,0.514863266283218,0.849,0.392,5.47110563673131e-32,"2","TEX264"
4.86810189984354e-36,0.700272697900257,0.307,0.096,6.92341452195748e-32,"2","PPP1R9B"
5.33785470103975e-36,0.514603746078107,0.4,0.141,7.59149695581874e-32,"2","TRIOBP"
5.44612809310699e-36,0.839394984419294,0.277,0.082,7.74548337401676e-32,"2","DNASE1L1"
5.67333355375784e-36,0.890078838417534,0.259,0.074,8.0686149801544e-32,"2","CREB3L4"
6.09122882614244e-36,0.545613268506892,0.659,0.279,8.66294563653977e-32,"2","CD226"
6.75688292533623e-36,0.550842996339163,0.371,0.126,9.60963889641319e-32,"2","ZMIZ2"
7.07245496069551e-36,0.539631608349842,0.414,0.149,1.00584454451011e-31,"2","LRRC61"
7.1117293276717e-36,0.577073456180952,0.487,0.186,1.01143014498147e-31,"2","AKT1"
7.12107148022145e-36,0.731115405138049,0.272,0.079,1.01275878591709e-31,"2","HS1BP3"
7.20012183930297e-36,0.690264293238635,0.439,0.163,1.02400132798567e-31,"2","ENSG00000234961"
7.2369868216921e-36,0.585165940186726,0.394,0.138,1.02924426578105e-31,"2","PCBD2"
1.00225657612262e-35,0.606621477008716,0.33,0.107,1.42540930256159e-31,"2","IDH1"
1.12510545821977e-35,0.622489563709475,0.7,0.301,1.60012498268015e-31,"2","PDHA1"
1.5178333114238e-35,0.597070609853603,0.265,0.076,2.15866253550693e-31,"2","ENSG00000291117"
1.59552059178818e-35,0.717343095667881,0.449,0.171,2.26914938564115e-31,"2","TCTN3"
1.64322578017328e-35,0.562084804507846,0.394,0.14,2.33699570456243e-31,"2","TXNDC11"
1.74774288707868e-35,0.521843673716421,0.618,0.257,2.4856399340033e-31,"2","PPP6R1"
2.02186166306991e-35,0.679689582892035,0.847,0.427,2.87549165721803e-31,"2","AKNA"
2.09709579755014e-35,1.0232944888063,0.941,0.525,2.98248964327581e-31,"2","PSAP"
2.30466005722505e-35,0.586392735722523,0.73,0.331,3.27768753338547e-31,"2","PLCG1"
2.50663383940026e-35,1.32424352214661,0.252,0.073,3.56493464639505e-31,"2","FDXR"
2.57753905374636e-35,0.569160529422008,0.368,0.127,3.66577604223808e-31,"2","INPP1"
2.63368972138267e-35,0.799963056016577,0.254,0.072,3.74563352175043e-31,"2","RIPK3"
2.79351112991472e-35,0.644148375156394,0.931,0.515,3.97293152896471e-31,"2","TXN"
2.81825345525861e-35,0.827474569184358,0.265,0.078,4.0081200640688e-31,"2","UEVLD"
2.85364592618634e-35,0.78591696333423,0.421,0.157,4.05845523622221e-31,"2","NFATC1"
2.97191021303338e-35,0.595466617399634,0.961,0.592,4.22665070497607e-31,"2","EIF3I"
3.32907864681078e-35,0.513487186607898,0.281,0.084,4.73461565149429e-31,"2","LAX1"
3.43032559435578e-35,0.593025698341637,0.922,0.48,4.87860906029279e-31,"2","ETFB"
3.68030640236664e-35,0.81925313920828,0.261,0.076,5.23413176544583e-31,"2","AKAP5"
3.96930259581005e-35,0.864496747592346,0.256,0.075,5.64514215176105e-31,"2","WIPI1"
3.9810651102653e-35,0.680864968447408,0.307,0.096,5.6618707998193e-31,"2","INF2"
4.17608433879223e-35,0.77027594000402,0.35,0.118,5.9392271466303e-31,"2","CCDC50"
5.17192852587897e-35,0.924339840814433,0.286,0.089,7.35551674950506e-31,"2","FAIM"
5.23522119071454e-35,0.502669992930819,0.989,0.789,7.44553157743422e-31,"2","TAF10"
6.31114703796421e-35,0.501942008777709,0.449,0.169,8.9757133173927e-31,"2","CCDC6"
6.37714472452943e-35,0.541250596009692,0.375,0.13,9.06957522722576e-31,"2","NOTCH2"
6.65670642949444e-35,0.556332488443393,0.833,0.397,9.46716788402699e-31,"2","DPH5"
6.69106006900075e-35,0.573955906423931,0.842,0.405,9.51602563013287e-31,"2","TSPAN14"
7.8445638111261e-35,0.575819457988713,0.421,0.155,1.11565386521835e-30,"2","PBX3"
9.84984224854095e-35,0.524928551045619,0.975,0.72,1.40084456458749e-30,"2","PSMB4"
1.05246868016176e-34,0.51695683229068,0.773,0.35,1.49682095692605e-30,"2","MGMT"
1.09759209132759e-34,0.582756168982938,0.867,0.433,1.5609954722861e-30,"2","ACAA1"
1.25055459283298e-34,0.541056594125627,0.883,0.453,1.77853874192707e-30,"2","CFLAR"
1.67422464707204e-34,0.55807686989112,0.961,0.592,2.38108229306586e-30,"2","UFC1"
1.74379349387752e-34,0.6428623849002,0.332,0.11,2.4800231069926e-30,"2","AIG1"
1.96587229960564e-34,0.680330669917443,0.27,0.08,2.79586358449915e-30,"2","RECQL5"
2.25054148132768e-34,0.52656417030491,0.826,0.363,3.20072009474423e-30,"2","URM1"
2.51940301579029e-34,0.815524820992848,0.252,0.073,3.58309496905694e-30,"2","UQCRHL"
2.75029294569422e-34,0.614683284025816,0.929,0.5,3.91146662736632e-30,"2","DDOST"
2.81871215075103e-34,0.837250253674819,0.275,0.083,4.00877242079811e-30,"2","PABPC1L"
2.87333201999899e-34,0.707888410542428,0.275,0.083,4.08645279884257e-30,"2","GBA2"
3.00540370819626e-34,0.58468124421075,0.304,0.097,4.27428515379671e-30,"2","TTLL1"
3.48166172364834e-34,0.581410703849735,0.403,0.148,4.95161930337267e-30,"2","PRKAB1"
3.82705492074492e-34,0.653953637793215,0.362,0.126,5.44283750828343e-30,"2","CPOX"
4.66676578029363e-34,0.551888740034364,0.973,0.625,6.63707429273359e-30,"2","ERGIC3"
5.18996867024396e-34,0.832936137623491,0.268,0.081,7.38117344282096e-30,"2","CARM1"
5.24111297706736e-34,0.688876605328485,0.268,0.08,7.4539108759852e-30,"2","TFE3"
6.26005379343624e-34,0.611242727482745,0.906,0.468,8.90304850502501e-30,"2","MFNG"
6.8756681697294e-34,0.625118584739802,0.33,0.111,9.77857527098915e-30,"2","RANBP10"
7.21446672407591e-34,0.616600552294916,0.876,0.434,1.02604145749808e-29,"2","GRSF1"
8.8132403448509e-34,0.553685677804201,0.943,0.502,1.25341904184469e-29,"2","CASP4"
8.83322121286623e-34,0.582519424846861,0.87,0.464,1.25626072089383e-29,"2","MACF1"
1.08854876021426e-33,0.642315886684789,0.863,0.431,1.54813404677672e-29,"2","ACADVL"
1.10562419888552e-33,0.68732480901474,0.293,0.092,1.57241873565499e-29,"2","NOTCH1"
1.21576193079743e-33,0.562168691787817,0.963,0.589,1.7290566179801e-29,"2","HADHA"
1.29732043824623e-33,0.593030377806312,0.327,0.11,1.84504912727378e-29,"2","SPHK2"
1.39843739745103e-33,0.532456954131642,0.314,0.102,1.98885766665485e-29,"2","ZBTB17"
1.51865514430614e-33,0.511664245317458,0.735,0.316,2.15983134623219e-29,"2","SMARCB1"
1.60256623289894e-33,0.561776673638668,0.913,0.455,2.27916969642888e-29,"2","ETFA"
2.07657879248991e-33,0.534341605219607,0.856,0.392,2.95331035867915e-29,"2","STOML2"
2.16623775476185e-33,0.574980861822323,0.311,0.1,3.0808233348223e-29,"2","RIC3"
3.00816685622512e-33,0.51010778844126,0.574,0.237,4.27821490292337e-29,"2","FLII"
3.7045881601651e-33,0.624741313976414,0.318,0.106,5.2686652813868e-29,"2","SIMC1"
3.78948296177847e-33,0.554515063433705,0.284,0.086,5.38940266824135e-29,"2","CTSF"
6.17636513347034e-33,0.597904447100922,0.311,0.104,8.78402649282152e-29,"2","RAD51D"
7.66817800431031e-33,0.594188233726004,0.263,0.078,1.09056827577301e-28,"2","KLC4"
7.94854513549466e-33,0.57520560451145,0.341,0.117,1.13044208917005e-28,"2","SLC44A1"
1.67742353331132e-32,0.538184802665631,0.359,0.129,2.38563174907536e-28,"2","EIF4ENIF1"
1.7882602444942e-32,0.842130224132747,0.318,0.11,2.54326371971965e-28,"2","ZDHHC12-DT"
1.90317600294698e-32,0.573894233566699,0.904,0.506,2.70669691139119e-28,"2","PECAM1"
2.00813700629146e-32,0.504918806674883,0.844,0.404,2.85597245034771e-28,"2","ANP32E"
2.0974838121601e-32,0.706421126687922,0.275,0.087,2.98304147765409e-28,"2","CHD1L"
2.16584963998708e-32,0.682296091231166,0.934,0.533,3.08027135798962e-28,"2","MYH9"
2.36771933128144e-32,0.51115094934959,0.284,0.088,3.36737043294846e-28,"2","SEC31B"
2.70200998927934e-32,0.548777726268691,0.963,0.554,3.84279860675308e-28,"2","RALY"
2.71714800476574e-32,0.718083145637636,0.419,0.158,3.86432789237783e-28,"2","LST1"
3.2140931842664e-32,0.511977397741405,0.359,0.129,4.57108332666368e-28,"2","CRTAP"
3.3414527808912e-32,0.602417245393355,0.957,0.653,4.75221414498347e-28,"2","OGT"
3.35191235481116e-32,0.612288978362583,0.924,0.558,4.76708975101243e-28,"2","PACS1"
3.41731353559985e-32,0.639951421751826,0.295,0.097,4.8601033103301e-28,"2","CCDC117"
3.71017911027417e-32,0.975390360965403,0.256,0.078,5.27661673063192e-28,"2","FANCL"
3.80890439967501e-32,0.551687523278464,0.865,0.442,5.4170238372178e-28,"2","AP1M1"
4.41424176751095e-32,0.533638881617258,0.302,0.099,6.27793464175408e-28,"2","ENSG00000289161"
4.76462749121596e-32,0.736209294391799,0.27,0.083,6.77625321800734e-28,"2","EPHX2"
4.76656236739882e-32,0.560844729297029,0.982,0.642,6.77900499891461e-28,"2","RHOG"
5.04599656876973e-32,0.614425540831627,0.3,0.1,7.17641632010431e-28,"2","C9orf64"
5.31586400397378e-32,0.570584467418791,0.947,0.533,7.56022178645151e-28,"2","AP2S1"
5.47391391437991e-32,0.508277735168494,0.284,0.09,7.78500036903111e-28,"2","DNAL4"
5.50886399688949e-32,0.502103552240245,0.323,0.109,7.83470637637623e-28,"2","TMEM129"
5.55601512181993e-32,0.537050116130644,0.725,0.347,7.90176470625231e-28,"2","LINC01550"
6.98120364910203e-32,0.524887977204076,0.293,0.095,9.92866782975291e-28,"2","KLHL18"
7.28070079352955e-32,0.554851781828989,0.927,0.486,1.03546126685577e-27,"2","CUEDC2"
7.81752546343012e-32,0.528423648703595,0.883,0.44,1.11180847140903e-27,"2","NUCB1"
7.83329150540373e-32,0.788646599289116,0.293,0.098,1.11405071789852e-27,"2","ENSG00000284634"
9.58076174814307e-32,0.522324946796397,0.984,0.683,1.36257593582091e-27,"2","MDH2"
9.8741820034109e-32,0.509763122694833,0.975,0.711,1.4043061645251e-27,"2","TRAC"
1.10657064131465e-31,0.6572620912774,0.389,0.145,1.57376476607769e-27,"2","APP"
1.25574564252926e-31,0.651842644815664,0.27,0.085,1.78592145280512e-27,"2","RPSA2"
1.31215963608053e-31,0.669168673985067,0.281,0.09,1.86615343443373e-27,"2","PAWR"
1.32551647675097e-31,0.53470680964185,0.929,0.524,1.88514953323522e-27,"2","DEF6"
1.55129160091401e-31,0.563358291998518,0.92,0.556,2.2062469148199e-27,"2","MCL1"
2.18493936127549e-31,0.635821074956667,0.41,0.158,3.107420759606e-27,"2","HIVEP1"
2.20399921897767e-31,0.528784806701029,0.915,0.492,3.13452768923004e-27,"2","SCP2"
3.04469408859827e-31,1.17184526316747,0.753,0.474,4.33016393280446e-27,"2","PASK"
3.41288819165262e-31,0.525691209007173,0.755,0.346,4.85380958616836e-27,"2","LTA4H"
3.91606026591261e-31,0.517318407341312,0.968,0.684,5.56942091018092e-27,"2","EID1"
4.47889959033014e-31,0.552811850452897,0.957,0.545,6.36989099736753e-27,"2","NDUFA7"
5.34352009625401e-31,0.565909757526058,0.918,0.477,7.59955428089246e-27,"2","MRPL52"
5.44796248512875e-31,0.538750939642594,0.936,0.543,7.7480922463501e-27,"2","FAM32A"
5.48845649444113e-31,0.554498987043977,0.941,0.561,7.80568282639418e-27,"2","SDHC"
6.34144307815005e-31,0.520239424043845,0.343,0.123,9.01880034574501e-27,"2","UBFD1"
6.75100187861006e-31,0.542457697303572,0.27,0.085,9.60127487175922e-27,"2","ADAM8"
8.78432925853853e-31,0.649302312196566,0.316,0.109,1.24930730714935e-26,"2","BRPF1"
9.28792736873519e-31,0.746655394541554,0.281,0.093,1.32092903038152e-26,"2","GADD45A"
9.43358873118903e-31,0.557734236326084,0.323,0.111,1.3416449893497e-26,"2","CLN6"
9.87755848452024e-31,0.530739948227458,0.279,0.091,1.40478636766847e-26,"2","TRAF3IP1"
1.25986050243961e-30,0.528856964588209,0.33,0.117,1.79177360656962e-26,"2","CCDC97"
1.34016762880127e-30,0.633488451018319,0.259,0.081,1.90598640168117e-26,"2","MROH1"
1.41649655713309e-30,0.509487915893156,0.366,0.137,2.01454140355467e-26,"2","GPR137"
2.27077634697775e-30,0.505419951190245,0.86,0.44,3.22949812067175e-26,"2","RAB8B"
2.57407668089577e-30,0.549885800470256,0.954,0.559,3.66085185556997e-26,"2","CAPZA1"
3.14694531160715e-30,0.571021111153005,0.265,0.085,4.47558562216769e-26,"2","MECR"
3.72922815308438e-30,0.507893209413367,0.989,0.923,5.30370827931661e-26,"2","ENSG00000289901"
3.76476758514625e-30,0.612889746946982,0.293,0.099,5.354252459595e-26,"2","SPATS2"
3.87831788221753e-30,0.513202176510505,0.973,0.632,5.51574369208977e-26,"2","NDUFB3"
3.9737446358386e-30,0.753280729345128,0.256,0.078,5.65145962108966e-26,"2","COL18A1"
4.20993032934583e-30,0.590204772193241,0.785,0.398,5.98736291439563e-26,"2","IRF2BP2"
4.38925937289867e-30,0.673669580894066,0.256,0.081,6.24240468013649e-26,"2","LPAR5"
4.86234845008271e-30,0.50240490587088,0.3,0.102,6.91523196570763e-26,"2","GPATCH3"
8.31465998236478e-30,0.538277733659642,0.263,0.083,1.18251094269192e-25,"2","GALNS"
8.79689628852799e-30,0.674549791065309,0.281,0.093,1.25109459015445e-25,"2","PHC1"
9.38019424147965e-30,0.517707523311283,0.265,0.085,1.33405122502324e-25,"2","FLYWCH1"
1.00431484801641e-29,0.511298982586212,0.348,0.128,1.42833657684894e-25,"2","IL12RB1"
1.02418178083075e-29,0.52261438816521,0.286,0.095,1.45659132869749e-25,"2","MAN2B2"
1.09410873534442e-29,0.552743303299357,0.95,0.608,1.55604144340683e-25,"2","PKM"
1.39218519910426e-29,0.627256073022135,0.581,0.263,1.97996579016608e-25,"2","NFKB2"
1.57708016205492e-29,0.552542178823388,0.435,0.173,2.2429234064745e-25,"2","LSR"
1.91734855826848e-29,0.526992172059759,0.638,0.28,2.72685311956944e-25,"2","TYMP"
2.06904246160698e-29,0.970372067611735,1,0.935,2.94259218889745e-25,"2","CD74"
2.83454145687456e-29,0.522762360507941,0.957,0.585,4.031284859967e-25,"2","UQCRC2"
3.02763931214365e-29,0.528133672077589,0.895,0.464,4.30590862973069e-25,"2","PPP1R7"
3.16636514364217e-29,0.502925202767821,0.975,0.741,4.5032045072879e-25,"2","EIF3L"
4.91854738446648e-29,0.62666165788709,0.279,0.094,6.99515809018823e-25,"2","KCTD9"
4.95284492001868e-29,0.812099051640268,0.254,0.083,7.04393604525057e-25,"2","NACC1"
7.49453077206549e-29,0.528350804758897,0.3,0.105,1.06587216640315e-24,"2","SRF"
1.37573011317577e-28,0.860717708710887,0.941,0.763,1.95656336695859e-24,"2","MT2A"
1.70454466496362e-28,0.521855341680159,0.941,0.556,2.42420342251127e-24,"2","ZNHIT1"
2.18498785435818e-28,0.521492373524764,0.993,0.945,3.1074897264682e-24,"2","S100A6"
2.25346282635283e-28,0.563818797311911,0.263,0.086,3.20487483163899e-24,"2","LIPC"
2.42501108921392e-28,0.517858739760358,0.286,0.097,3.44885077108003e-24,"2","FBXO46"
2.52965693436591e-28,0.500364806412175,0.272,0.092,3.5976780920552e-24,"2","GATB"
3.87042677712731e-28,0.620206583070296,0.265,0.088,5.50452096243047e-24,"2","BAG3"
4.06724839062166e-28,0.624199369046702,0.316,0.114,5.78444066114212e-24,"2","EPB41L2"
6.50543193054688e-28,0.528061140512097,0.943,0.603,9.25202529162378e-24,"2","GRB2"
7.36624776795567e-28,0.633532074367166,0.309,0.112,1.04762775755866e-23,"2","VAT1"
9.46370301791956e-28,0.50476355024873,0.961,0.586,1.34592784320852e-23,"2","TALDO1"
1.01292659354708e-27,0.514013081890991,0.938,0.522,1.44058420134266e-23,"2","PRDX3"
1.06047028440416e-27,0.692563953757261,0.272,0.093,1.50820083847959e-23,"2","LIMK2"
1.13269088737826e-27,0.613971872011315,0.295,0.106,1.61091298002936e-23,"2","MSRA"
1.25024571545963e-27,0.503326183450267,0.78,0.39,1.77809945652669e-23,"2","FKBP5"
1.85275114823682e-27,0.54438898022017,0.314,0.115,2.6349826830224e-23,"2","ABHD2"
3.19232959893328e-27,0.503356334460187,0.899,0.459,4.5401311556029e-23,"2","RAB1B"
4.93631468952183e-27,0.543156434369311,0.256,0.086,7.02042675143795e-23,"2","DHX57"
5.00892195716795e-27,0.758922358173546,0.735,0.447,7.12368880748426e-23,"2","AQP3"
5.82179007566177e-27,0.565538974960747,0.293,0.103,8.27974984560617e-23,"2","PATZ1"
7.17810365865106e-27,0.531224285909834,0.272,0.094,1.02086990233335e-22,"2","RAPGEF2"
7.88881160611065e-27,0.515103611720924,0.952,0.616,1.12194678662106e-22,"2","GNB2"
8.62453414402819e-27,0.627712374204131,0.277,0.098,1.22658124596369e-22,"2","RABEP2"
9.2614328558313e-27,0.528611902565355,0.261,0.088,1.31716098075633e-22,"2","SMPD2"
1.05031790474527e-26,0.51608935673874,0.291,0.103,1.49376212412872e-22,"2","NFE2L3"
3.75197194035335e-26,0.560101635300311,0.286,0.104,5.33605449357053e-22,"2","TBX21"
7.99432641006787e-26,0.508865314413427,0.254,0.086,1.13695310203985e-21,"2","DUS4L"
1.19785395160989e-25,0.522832744227878,0.879,0.478,1.70358788997958e-21,"2","PIK3CD"
2.79507406196244e-25,0.517141682290697,0.892,0.495,3.97515433092299e-21,"2","VCP"
7.76291613360084e-25,0.605823825760454,0.281,0.104,1.10404193252071e-20,"2","LARS2"
9.65749960285182e-25,0.509863769843274,0.254,0.089,1.37348959351759e-20,"2","CHKA"
1.67453787966509e-24,0.958490532840664,0.302,0.118,2.3815277724597e-20,"2","CYB561A3"
2.21590521189127e-24,0.561817901943828,0.261,0.093,3.15146039235177e-20,"2","CCDC88A"
2.63382701501353e-24,0.621116666703459,0.309,0.121,3.74582878075224e-20,"2","RMI1"
7.18910430192583e-23,0.559385756383399,0.876,0.459,1.02243441381989e-18,"2","CTSS"
7.02881951854959e-21,0.550961788150509,0.892,0.591,9.99638711928122e-17,"2","LITAF"
4.67568673205776e-20,0.799790834346027,1,0.993,6.64976167033254e-16,"2","FTH1"
3.0947549645055e-19,0.519486053111342,0.954,0.84,4.40136051051972e-15,"2","SELL"
1.28559576851569e-18,0.506227614820128,0.986,0.801,1.82837430198302e-14,"2","CSTB"
1.64981136874026e-18,0.576419285569734,0.874,0.716,2.34636172862239e-14,"2","LINC02446"
2.7628222256674e-18,0.585901188006816,0.54,0.297,3.92928576934417e-14,"2","LINC01871"
5.42965366340578e-15,0.679513418658179,0.339,0.16,7.7220534400957e-11,"2","RALGPS2"
6.3656190728413e-15,1.23557531846314,0.442,0.222,9.0531834453949e-11,"2","HLA-DPA1"
8.18844655852453e-15,0.930509877700024,0.286,0.136,1.16456086955336e-10,"2","TMEM120A"
4.62947826169515e-14,0.563679722861259,0.288,0.137,6.58404398378284e-10,"2","IER3"
1.57065020727608e-12,0.907071581811848,0.515,0.323,2.23377872478805e-08,"2","FCER1G"
1.09026492209378e-06,0.622451082787604,0.435,0.264,0.0155057477220177,"2","HLA-DPB1"
0.000408135949214945,0.81227996854087,0.542,0.488,1,"2","S100B"
0,4.33824570702823,1,0.223,0,"3","CST7"
0,4.38404182654327,0.993,0.266,0,"3","NKG7"
0,6.75975052519186,0.643,0.033,0,"3","GZMH"
0,2.4101324605287,0.617,0.05,0,"3","CCL4"
2.42670298510585e-303,4.63251412704832,0.674,0.08,3.45125698541754e-299,"3","PLEK"
2.23116579475382e-301,3.84172650483467,0.737,0.102,3.17316399329888e-297,"3","HLA-DRB1"
1.58302991632447e-290,4.48322752556583,0.502,0.033,2.25138514699666e-286,"3","CCL4L2"
7.00822153285546e-289,3.4034846328046,0.998,0.334,9.96709266402704e-285,"3","CCL5"
2.16146687752752e-279,3.53105470873826,0.883,0.192,3.07403819321963e-275,"3","KLRD1"
2.22614194362513e-269,3.45659369303945,0.838,0.186,3.16601907222366e-265,"3","HLA-DPA1"
2.19513229783931e-267,4.37562342568188,0.768,0.139,3.12191715398707e-263,"3","GNLY"
2.01911969234443e-254,3.62707680301115,0.854,0.226,2.87159202645224e-250,"3","HLA-DPB1"
2.41502583848977e-212,6.17540691256862,0.303,0.012,3.43464974750016e-208,"3","FCGR3A"
8.42562246739166e-211,2.99500856639228,0.84,0.235,1.19829202731244e-206,"3","GZMA"
4.33930867121652e-210,4.59240294111994,0.441,0.042,6.17136479220413e-206,"3","F2R"
1.24006749781835e-191,4.09887137506706,0.594,0.109,1.76362399539726e-187,"3","ZEB2"
2.9727813650015e-188,2.78836514112322,0.871,0.313,4.22788965730513e-184,"3","ANXA1"
2.80654341630249e-174,3.73212145804075,0.629,0.143,3.9914660466654e-170,"3","C1orf21"
5.2685008771776e-174,2.75429132709536,0.887,0.373,7.49286194752198e-170,"3","LYAR"
2.20987577727765e-172,4.93461775445788,0.305,0.02,3.14288533044427e-168,"3","S1PR5"
1.06531261434158e-171,5.00037336106354,0.427,0.053,1.51508760011659e-167,"3","ENSG00000290036"
2.01816653482682e-169,2.23471689019021,0.937,0.475,2.87023644583071e-165,"3","CD99"
8.04209986245514e-165,4.12306626570769,0.359,0.034,1.14374744243837e-160,"3","FCRL6"
1.13976824002972e-162,1.88813766869501,0.674,0.159,1.62097839097026e-158,"3","GZMB"
1.2423342219416e-155,4.66831107642941,0.312,0.026,1.76684773044534e-151,"3","PPP2R2B"
1.20275833649367e-143,2.86988752859092,0.592,0.138,1.71056290616129e-139,"3","SLAMF7"
4.85069947824365e-141,3.49655272185018,0.5,0.096,6.89866479795812e-137,"3","TIGIT"
4.17726351367163e-139,1.24006011107813,0.993,0.961,5.94090416914379e-135,"3","CYBA"
1.47538168504616e-137,4.71686606015293,0.272,0.021,2.09828783247265e-133,"3","ENSG00000274767"
9.80475639879351e-137,4.57802680013854,0.347,0.042,1.39443245503641e-132,"3","ENSG00000289137"
2.34535342522212e-127,1.65974258207334,0.948,0.674,3.3355616413509e-123,"3","SRGN"
2.87854749549211e-127,1.06274770820071,0.998,0.994,4.09387024808888e-123,"3","SH3BGRL3"
2.84337400696218e-123,2.5673934560841,0.669,0.213,4.04384651270161e-119,"3","HOPX"
2.85465777145417e-122,3.83450145587151,0.629,0.218,4.05989428256211e-118,"3","FGFBP2"
8.51012364068466e-122,2.76275670278599,0.674,0.24,1.21030978417817e-117,"3","PRF1"
1.81903344397766e-118,2.16248034063606,0.843,0.462,2.58702936402503e-114,"3","PYHIN1"
1.18147253185691e-114,2.4172371195936,0.756,0.343,1.6802902348069e-110,"3","APOBEC3G"
1.13718909382236e-112,0.517092643939402,1,1,1.61731032923416e-108,"3","B2M"
4.52435696466132e-110,2.1459560592685,0.739,0.299,6.43454047514133e-106,"3","C12orf75"
1.56924387445793e-109,3.2287891437964,0.488,0.125,2.23177863825406e-105,"3","OASL"
1.70029524491909e-107,4.19740679933486,0.3,0.04,2.41815989732392e-103,"3","TGFBR3"
8.39470139989781e-100,2.58080166691343,0.366,0.068,1.19389443309347e-95,"3","HLA-DRA"
1.52847101427232e-99,1.6026932581687,0.913,0.73,2.17379147649809e-95,"3","CRIP1"
5.28519152635435e-98,2.56035452152236,0.643,0.249,7.51659938878115e-94,"3","DUSP2"
5.9012777561364e-96,3.00891080559055,0.423,0.097,8.39279722477719e-92,"3","EOMES"
3.90266938309442e-95,3.37726175467923,0.315,0.051,5.55037639663688e-91,"3","HLA-DRB5"
5.71409845929943e-92,0.551700151517627,1,0.999,8.12659082881565e-88,"3","HLA-A"
1.06323732866469e-91,0.969226350841364,0.993,0.984,1.51213612882693e-87,"3","CD52"
1.60293084580379e-90,1.7104880502633,0.871,0.577,2.27968824890216e-86,"3","AOAH"
1.42699636336799e-88,2.6622120032795,0.563,0.206,2.02947422798196e-84,"3","AHNAK"
2.11323410995859e-83,4.28368303769468,0.251,0.036,3.00544155118311e-79,"3","PRR5L"
1.91798803191112e-82,0.775432819585573,0.995,0.992,2.727762578984e-78,"3","OAZ1"
3.42292712787949e-78,2.91303630331108,0.371,0.09,4.86808696127021e-74,"3","METRNL"
9.48194569215965e-74,2.7153498092286,0.678,0.418,1.34852231633895e-69,"3","CMC1"
2.64203132441316e-71,1.24078226638434,0.923,0.791,3.7574969495804e-67,"3","HCST"
1.37484483391074e-70,1.11543889345443,0.92,0.592,1.95530432278785e-66,"3","CLIC1"
3.93232111885612e-69,2.16340338779692,0.643,0.36,5.59254709523718e-65,"3","APMAP"
1.43479543875621e-68,2.790077073498,0.322,0.076,2.04056607299908e-64,"3","HLA-DQB1"
4.84417511646114e-68,3.24604207785354,0.3,0.065,6.88938585063103e-64,"3","LINC02084"
1.11864856735867e-66,2.52990811896171,0.469,0.172,1.59094199249751e-62,"3","CYTOR"
1.76852989440279e-63,2.68730643097033,0.554,0.268,2.51520321581964e-59,"3","ITGB1"
4.14032992930298e-63,2.46655392162584,0.575,0.295,5.88837722545469e-59,"3","EFHD2"
7.46319745873952e-63,1.04389240282928,0.941,0.92,1.06141594258194e-58,"3","CD8A"
8.0625114923386e-63,0.655065283131158,1,0.995,1.1466503844404e-58,"3","PTPRC"
4.06764710390623e-61,0.871946618196288,0.951,0.951,5.78500771117544e-57,"3","SEPTIN7"
1.95240978826464e-57,1.48168398619686,0.749,0.495,2.77671720086997e-53,"3","CD63"
7.4323972873488e-57,2.0329522245694,0.528,0.225,1.05703554220675e-52,"3","TRGC2"
9.36336765213526e-56,2.21586761129537,0.324,0.086,1.33165814748668e-51,"3","ZNF683"
3.1301843807701e-55,0.661933964563704,0.979,0.979,4.45174822633124e-51,"3","RPL36AL"
6.94499517366473e-55,0.887632960026834,0.967,0.947,9.87717213598598e-51,"3","S100A6"
1.75835426693679e-54,1.2256170954836,0.822,0.729,2.5007314384375e-50,"3","FYN"
1.52447454454857e-53,0.682902608514325,0.991,0.991,2.16810769725698e-49,"3","CD3D"
1.92814701431152e-53,1.41733097497147,0.775,0.652,2.74221068375385e-49,"3","MBP"
3.56743960893345e-53,1.35188793478376,0.779,0.602,5.07361261182515e-49,"3","LITAF"
4.81814024588523e-53,2.39465147798305,0.528,0.274,6.85235905769797e-49,"3","ZBTB38"
5.39724010632674e-53,0.709036232435443,0.948,0.955,7.67595487921789e-49,"3","MYL12B"
5.87416559217952e-53,1.69605971030198,0.589,0.293,8.35423830519772e-49,"3","LINC01871"
1.12034946503286e-52,1.04639129160267,0.946,0.887,1.59336100916973e-48,"3","IFITM2"
1.23535691434276e-48,1.22294794678677,0.777,0.662,1.75692460357828e-44,"3","CD81"
1.10064665959984e-46,0.81498189254916,0.962,0.871,1.56533967928289e-42,"3","S100A10"
8.56413570909997e-46,0.80312404893642,0.953,0.94,1.2179913805482e-41,"3","PPDPF"
5.64438026083007e-45,1.09168487686303,0.85,0.811,8.02743760695253e-41,"3","RABAC1"
5.66390470884005e-45,0.682350613430795,0.977,0.968,8.05520527691231e-41,"3","ARPC2"
5.664080274271e-45,0.78719658362421,0.953,0.95,8.05545496606822e-41,"3","EMP3"
3.53395270145064e-44,1.98773346417767,0.455,0.206,5.02598753200311e-40,"3","STOM"
2.01914348247189e-43,1.30809519781268,0.721,0.564,2.87162586077152e-39,"3","REEP5"
3.6482797454024e-43,2.16446018029152,0.261,0.069,5.18858345391129e-39,"3","TRGV2"
1.02191119662674e-42,0.501721912067482,1,0.999,1.45336210384255e-38,"3","MALAT1"
2.29272371965343e-42,2.08855711715082,0.477,0.238,3.26071167409111e-38,"3","KLRG1"
1.1011228209564e-41,2.50020397384773,0.408,0.186,1.56601687596419e-37,"3","GABARAPL1"
6.08657337508201e-41,0.985844519253405,0.824,0.786,8.65632465404163e-37,"3","PTP4A2"
1.5065891032503e-39,0.581663926683083,0.988,0.977,2.14267102264258e-35,"3","CALM1"
1.64340573078768e-39,1.12138170421188,0.775,0.638,2.33725163032624e-35,"3","CTSW"
3.16288464540991e-39,2.17173770004272,0.373,0.153,4.49825454270198e-35,"3","CDC42EP3-AS1"
4.42162571991664e-39,0.771581215262362,0.892,0.912,6.28843609886544e-35,"3","CD3G"
2.98727949099953e-38,0.787884986112327,0.93,0.914,4.24850889209953e-34,"3","PLAAT4"
4.54615926350485e-38,2.80232319995626,0.263,0.083,6.4655477045566e-34,"3","PTGER2"
4.7238979910663e-38,1.94884530979754,0.439,0.214,6.71832772289449e-34,"3","DOK2"
1.00328578614989e-37,2.09025111983889,0.46,0.244,1.42687304506237e-33,"3","MYO1F"
2.95736092412822e-37,1.5959402827489,0.589,0.392,4.20595870629515e-33,"3","SAMD3"
5.36856064201505e-37,1.04425088410422,0.784,0.685,7.63516694507381e-33,"3","KLF6"
9.25012518797489e-37,1.44564934116853,0.439,0.198,1.31555280423379e-32,"3","LAG3"
2.90149191070313e-34,0.983630743615759,0.894,0.799,4.12650179540199e-30,"3","S100A4"
6.97879245427207e-34,0.710453198637494,0.953,0.92,9.92523862846574e-30,"3","KLRK1"
8.02058618009395e-34,2.33729220441976,0.39,0.194,1.14068776653296e-29,"3","CD58"
1.33951080451753e-33,1.95334501425465,0.495,0.309,1.90505226618483e-29,"3","CHST12"
1.73283879008831e-33,1.44873663254832,0.643,0.495,2.46444332726359e-29,"3","LIME1"
4.03662980893573e-32,2.25347830168857,0.411,0.221,5.74089491426839e-28,"3","SLF1"
3.56814075739686e-31,0.663939877516895,0.937,0.934,5.07460978516982e-27,"3","YPEL3"
4.87180052457615e-31,0.674442280685868,0.988,0.99,6.9286747060522e-27,"3","BTG1"
8.63346991130561e-31,1.32590611832505,0.573,0.374,1.22785209078588e-26,"3","SH2D2A"
1.05439851456117e-30,0.988127489779642,0.777,0.76,1.4995655674089e-26,"3","GZMM"
5.22040661577278e-30,1.05484816311843,0.723,0.621,7.42446228895205e-26,"3","BLOC1S1"
5.4812505940681e-30,1.54409631821525,0.418,0.212,7.79543459488365e-26,"3","ANXA2"
6.52039952634152e-30,0.734960072527163,0.946,0.939,9.27331220636291e-26,"3","TRBC2"
4.08107264915286e-29,1.28435101332933,0.613,0.471,5.8041015216252e-25,"3","PTPN22"
4.11642338946908e-29,1.16552978576724,0.683,0.552,5.85437734450292e-25,"3","TRG-AS1"
1.09114091362755e-28,0.746985335025932,0.838,0.831,1.5518206073611e-24,"3","PPP2R5C"
1.09859584529352e-28,0.780549318284492,0.793,0.765,1.56242301117645e-24,"3","TMEM59"
1.21800983079924e-28,2.03391934273944,0.411,0.23,1.73225358136268e-24,"3","PLEKHF1"
1.95634645562258e-28,1.22799348191152,0.669,0.582,2.78231592918643e-24,"3","IRF1-AS1"
5.22911721803148e-28,1.11315516047001,0.667,0.56,7.43685050748437e-24,"3","CTSC"
2.28760535091373e-27,2.50786392372296,0.282,0.113,3.2534323300695e-23,"3","TRGV9"
1.33979580111434e-26,0.533401349464925,0.951,0.945,1.90545758834481e-22,"3","RNASEK"
5.236785442236e-26,0.770908627503585,0.862,0.848,7.44775625594804e-22,"3","RESF1"
1.75428545253567e-25,1.09949358935504,0.669,0.585,2.49494477059623e-21,"3","GNG2"
2.1706280276618e-25,1.33932412663684,0.577,0.463,3.08706718094062e-21,"3","ARAP2"
2.55525405864277e-25,1.19355052634279,0.627,0.525,3.63408232220174e-21,"3","GLIPR1"
4.34204968105243e-25,1.03614146177188,0.716,0.687,6.17526305639277e-21,"3","RABGAP1L"
5.99360256463227e-25,1.89602369454347,0.366,0.196,8.52410156742002e-21,"3","GLIPR2"
3.44697882798198e-24,1.81378105753938,0.434,0.28,4.90229328915598e-20,"3","ABI3"
3.5509744055176e-24,1.25543217579563,0.552,0.418,5.05019579952713e-20,"3","RAB27A"
7.40876216238307e-24,2.50741755961684,0.254,0.107,1.05367415473412e-19,"3","TBX21"
2.74963553447599e-23,0.910416933261769,0.716,0.584,3.91053165713175e-19,"3","DYNLL1"
3.33585304660363e-23,3.00449406130512,0.251,0.109,4.74425020287968e-19,"3","APOBEC3H"
5.41082960898628e-23,1.57284666626925,0.458,0.304,7.69528186990029e-19,"3","SAMSN1"
2.21461646901424e-22,2.44155252483198,0.315,0.166,3.14962754223206e-18,"3","MXRA7"
2.89491874210284e-22,2.37934740571347,0.303,0.154,4.11715343501866e-18,"3","GK5"
4.01746413864053e-22,1.32242789736101,0.343,0.169,5.71363749797456e-18,"3","XCL2"
7.1028722087388e-22,1.46969389052015,0.545,0.443,1.01017048552683e-17,"3","SYNE1"
8.89961643799426e-22,1.16998724196118,0.427,0.239,1.26570344981154e-17,"3","PTMS"
1.37448644500608e-21,1.30364624645084,0.568,0.463,1.95479462208765e-17,"3","IDS"
1.79283140550004e-21,0.865681538418912,0.556,0.342,2.54976482490216e-17,"3","CXCR3"
2.27409725996954e-21,0.530948333320943,0.901,0.95,3.23422112312867e-17,"3","CD48"
1.01041918551331e-20,0.561533467379491,0.843,0.817,1.43701816563703e-16,"3","GSTP1"
2.40005711663782e-20,1.77530954528573,0.354,0.202,3.4133612312823e-16,"3","MIAT"
2.9049029705182e-20,0.774338751515663,0.786,0.801,4.13135300467099e-16,"3","CLEC2B"
4.72232980187575e-20,1.01962209149454,0.61,0.504,6.71609744422769e-16,"3","ARPC5L"
6.06763750271868e-20,1.10554488720088,0.575,0.482,8.62939405636651e-16,"3","CFLAR"
8.44798764425048e-20,0.718526562444689,0.763,0.794,1.2014728027653e-15,"3","TMEM50A"
1.05548413203526e-19,1.18118163929075,0.57,0.466,1.50110953258055e-15,"3","SH2D1A"
1.72554135522936e-19,0.88035406945026,0.709,0.706,2.4540649154072e-15,"3","YWHAQ"
3.8383930885759e-19,1.53364249782649,0.427,0.287,5.45896265057265e-15,"3","ACTN4"
4.75111280653404e-19,0.736943261243561,0.751,0.748,6.75703263345271e-15,"3","MAP1LC3B"
5.76728538034387e-19,1.14282601195301,0.582,0.483,8.20223326792505e-15,"3","ANXA5"
5.97038804609334e-19,0.658849682305313,0.798,0.823,8.49108587915394e-15,"3","VAMP2"
1.79328097071604e-18,1.88324240286603,0.296,0.158,2.55040419655236e-14,"3","NIBAN1"
6.04743096422805e-18,0.907029055669299,0.723,0.693,8.60065631732513e-14,"3","CAST"
7.01001242970016e-18,1.71692958577809,0.392,0.265,9.96963967751957e-14,"3","NFATC2"
7.58025362763473e-18,1.63069096215751,0.38,0.247,1.07806367092221e-13,"3","IFI27L2"
1.72245280362744e-17,0.561308063616471,0.864,0.881,2.44967237731895e-13,"3","LCP1"
3.40879726710983e-17,1.13918239864507,0.556,0.439,4.8479914732836e-13,"3","LYST"
6.96435387014299e-17,2.0267088261757,0.385,0.267,9.90470407411737e-13,"3","STARD3NL"
7.52373450594285e-17,1.63515009438269,0.373,0.246,1.07002552143519e-12,"3","CAPN2"
1.03492727015625e-16,0.854837050190202,0.676,0.668,1.47187356361622e-12,"3","IQGAP1"
1.26097758090105e-16,0.975734307275043,0.622,0.584,1.79336231555747e-12,"3","GPR174"
1.42803090520659e-16,1.49385039358205,0.329,0.191,2.03094555338481e-12,"3","MATK"
1.79697475014771e-16,1.51602482324672,0.467,0.366,2.55565748966008e-12,"3","PATL2"
5.97699770413662e-16,2.49906887322763,0.289,0.165,8.5004861348231e-12,"3","KLRC3"
7.51340231809019e-16,0.849513556724068,0.662,0.65,1.06855607767879e-11,"3","SELENOK"
8.63574112389487e-16,1.32298862971961,0.333,0.192,1.22817510264033e-11,"3","BHLHE40"
8.63749611862457e-16,1.19246471193282,0.521,0.429,1.22842469799079e-11,"3","TNFAIP3"
1.1378785461622e-15,1.32032636525986,0.46,0.357,1.61829086835187e-11,"3","TMX4"
2.18803218353932e-15,1.0279041670662,0.573,0.503,3.11181937142962e-11,"3","PLP2"
2.36069860200594e-15,1.03937199235,0.554,0.485,3.35738555177284e-11,"3","STAT4"
3.0289227588927e-15,0.731314493767545,0.723,0.696,4.3077339476972e-11,"3","PRKCH"
3.96049980469367e-15,0.746020425839369,0.646,0.56,5.63262282223533e-11,"3","CKLF"
5.34109283876432e-15,0.624506324546799,0.744,0.748,7.59610223529062e-11,"3","RAC1"
6.89849711743308e-15,1.16957683010237,0.474,0.348,9.81104260041333e-11,"3","CLIC3"
7.27596920687484e-15,1.50180023137522,0.397,0.277,1.03478834060174e-10,"3","KLRC4"
1.19212737910302e-14,1.15000911998337,0.343,0.199,1.69544355856031e-10,"3","GZMK"
1.59335377726325e-14,1.24022793739394,0.432,0.323,2.2660677420238e-10,"3","ATXN1"
1.8030809921196e-14,1.23954634626995,0.486,0.396,2.5643417869925e-10,"3","SLFN12L"
2.15546956500193e-14,0.656924748856576,0.718,0.715,3.06550881534574e-10,"3","RAP1A"
8.12304209157441e-14,1.52396096430679,0.408,0.31,1.15525904626371e-09,"3","NAA50"
9.78733017916942e-14,2.00759305787034,0.329,0.212,1.39195409808147e-09,"3","KLRC2"
1.4673381852601e-13,0.573837849858784,0.758,0.76,2.08684836707692e-09,"3","CIB1"
2.76277467948359e-13,0.577586268253659,0.862,0.913,3.92921814916156e-09,"3","CD2"
2.94538952096223e-13,0.693832450322425,0.721,0.752,4.18893297671248e-09,"3","ENSG00000289614"
1.42308202843905e-12,0.577614644633437,0.751,0.732,2.02390726084602e-08,"3","TRAC"
1.71654854436501e-12,0.52867320955452,0.777,0.849,2.44127533979591e-08,"3","TRIR"
1.76417655097842e-12,1.17027704250364,0.472,0.395,2.50901189080151e-08,"3","MXD4"
1.96221648935708e-12,1.09421702989997,0.441,0.347,2.79066429116363e-08,"3","SLA"
3.26558777593245e-12,0.601552529161838,0.641,0.543,4.64431893493113e-08,"3","TXN"
3.46461189168898e-12,0.748429731104288,0.913,0.943,4.92737103236007e-08,"3","CD74"
3.98247903579826e-12,0.671936057679962,0.695,0.702,5.66388168471228e-08,"3","RPS27L"
4.3349331762213e-12,1.07023972239019,0.509,0.462,6.16514196322193e-08,"3","DHRS7"
4.41222824245409e-12,0.681173030632922,0.714,0.715,6.2750710064182e-08,"3","EVI2B"
4.86601652598090e-12,1.07131942957815,0.601,0.57,6.92044870325004e-08,"3","CLDND1"
7.17941254023362e-12,0.782790917863323,0.631,0.654,1.02105605147202e-07,"3","CYRIB"
8.52141838815884e-12,1.87431442009199,0.27,0.168,1.21191612316395e-07,"3","USP28"
1.05590409617233e-11,0.57253481426742,0.793,0.849,1.50170680557629e-07,"3","KRTCAP2"
1.62776566696995e-11,0.507892468968776,0.817,0.876,2.31500833156466e-07,"3","PAXX"
3.50045113966846e-11,0.592047929209257,0.763,0.769,4.97834161083649e-07,"3","SYNE2"
5.17982253692928e-11,1.16596648945269,0.432,0.341,7.36674361202082e-07,"3","FLNA"
5.29320302351382e-11,1.36265733401015,0.446,0.388,7.52799334004136e-07,"3","RASSF1"
5.57155671779896e-11,1.05571519322159,0.488,0.426,7.92386796405369e-07,"3","RNF19A"
8.17127613760226e-11,1.05266840058714,0.495,0.44,1.16211889228979e-06,"3","RUNX3"
1.09066830473009e-10,2.06296871493131,0.256,0.163,1.55114846298714e-06,"3","PLAAT3"
1.81571256594916e-10,1.36997519864391,0.42,0.353,2.58230641129289e-06,"3","CARD19"
2.58760856358726e-10,1.27041774469146,0.418,0.354,3.68009689913381e-06,"3","TSEN54"
2.86690291412793e-10,0.920733573151067,0.608,0.592,4.07730932447274e-06,"3","JUN"
3.38783841724383e-10,1.16800763948512,0.451,0.392,4.81818379700417e-06,"3","DNAJC1"
3.85284794893979e-10,0.741964597886448,0.603,0.626,5.47952035298217e-06,"3","ABHD17A"
4.84640662395534e-10,0.65098387946274,0.617,0.588,6.89255950058928e-06,"3","NHERF1"
4.91353983487008e-10,0.789185053055974,0.549,0.482,6.98803635315222e-06,"3","JPT1"
5.88089494453089e-10,1.75886441602758,0.277,0.186,8.36380879011183e-06,"3","GGA2"
8.40995107065601e-10,0.855293536472488,0.587,0.565,1.1960632412687e-05,"3","OPTN"
9.39108475531283e-10,0.839938262022517,0.516,0.442,1.33560007390059e-05,"3","ID2"
9.58954703130066e-10,1.45535094597566,0.347,0.27,1.36382537879158e-05,"3","PSTPIP1"
1.0998978250371e-09,0.604230879224233,0.655,0.703,1.56427468676777e-05,"3","DYNLRB1"
1.22371514288606e-09,0.993695031144884,0.488,0.448,1.74036767621255e-05,"3","IQGAP2"
1.93288327002662e-09,1.01882006720463,0.493,0.476,2.74894658663186e-05,"3","PPP3CC"
2.05668686854193e-09,0.58018258600372,0.69,0.716,2.92502006444034e-05,"3","NDUFB10"
2.25851699905953e-09,1.22533282263735,0.411,0.346,3.21206287606246e-05,"3","ATP2B4"
2.2624169879533e-09,1.15215763158881,0.423,0.361,3.21760944026718e-05,"3","SELENOS"
2.36439524252346e-09,0.536842578670123,0.718,0.8,3.36264291391687e-05,"3","KMT2E"
2.44034027049421e-09,1.31224212700035,0.362,0.291,3.47065193269687e-05,"3","BATF"
2.45395264350728e-09,0.771102703823078,0.624,0.672,3.49001144959605e-05,"3","SH3KBP1"
2.45478315182376e-09,0.908870310876801,0.514,0.469,3.49119259852375e-05,"3","PYCARD"
4.56191008925746e-09,1.22003245530749,0.298,0.201,6.48794852894197e-05,"3","SELENOM"
4.99224800628128e-09,0.741338224374607,0.566,0.532,7.09997511453324e-05,"3","COX17"
5.12755303654884e-09,0.580117100452175,0.674,0.71,7.29240592857975e-05,"3","NCOR1"
7.81741808764117e-09,0.527111940625287,0.721,0.767,0.000111179320042433,"3","SKAP1"
1.236191371319e-08,0.643732302708271,0.603,0.631,0.000175811136828988,"3","MTPN"
1.50397439885145e-08,0.931838318441063,0.448,0.394,0.000213895239004653,"3","APOBEC3C"
1.81468107566507e-08,0.816909012352886,0.469,0.417,0.000258083942581086,"3","ITGAL"
1.99122356846489e-08,0.699352385993088,0.692,0.731,0.000283191815907077,"3","ARL4C"
2.03037948176389e-08,0.98508476221348,0.469,0.436,0.00028876056989646,"3","DSTN"
2.17749167712603e-08,1.10639882101973,0.423,0.356,0.000309682866320864,"3","UBXN11"
2.94007654245723e-08,0.555564613934758,0.707,0.743,0.000418137685868268,"3","LRRFIP1"
3.08045342682222e-08,1.64195506548439,0.293,0.222,0.000438102086362656,"3","SLA2"
3.51808145089804e-08,0.568583388056378,0.65,0.698,0.00050034154394672,"3","BSG"
4.12415556189581e-08,1.27653511060008,0.366,0.296,0.000586537404012823,"3","ARID5B"
4.26272338760359e-08,0.934506775785069,0.509,0.489,0.000606244520184982,"3","CDKN2D"
4.59188365580756e-08,1.1885410148713,0.437,0.413,0.000653057693528952,"3","RNF166"
5.82804017232453e-08,1.53704039212835,0.315,0.247,0.000828863873307994,"3","TBCD"
6.09639979463976e-08,1.02046240646545,0.458,0.428,0.000867029978793666,"3","TPST2"
6.75125117964846e-08,0.589431866836036,0.749,0.817,0.000960162942769603,"3","DCXR"
7.38260856548556e-08,1.55921800943342,0.296,0.223,0.00104995459018336,"3","HLA-DMA"
8.513475863537e-08,1.13649046374402,0.415,0.377,0.00121078653731223,"3","MRPL10"
1.25591571924323e-07,0.578966221362534,0.676,0.746,0.00178616333590772,"3","ATP6V0C"
1.26385392752021e-07,0.55877359635735,0.657,0.689,0.00179745305571924,"3","SELENOW"
1.73872911766352e-07,0.844983649694412,0.519,0.52,0.00247282055114105,"3","MGST3"
2.6858723278313e-07,1.11407220629274,0.423,0.391,0.00381984762464168,"3","EPS15"
3.87740401531524e-07,0.690016452321186,0.585,0.6,0.00551444399058134,"3","UTRN"
4.98381651964327e-07,1.18271829700596,0.397,0.355,0.00708798385423666,"3","CORO1B"
5.0265981231813e-07,0.572283751262636,0.638,0.699,0.00714882785078844,"3","ISCU"
5.34307035357625e-07,1.46500906484731,0.317,0.261,0.00759891465685614,"3","TBC1D2B"
7.63074352780536e-07,0.512344900503505,0.685,0.742,0.0108524434452448,"3","TMBIM4"
8.86688572361409e-07,1.01039735409905,0.432,0.405,0.012610484876124,"3","SLC4A7"
1.19040312098285e-06,0.874958438808756,0.38,0.324,0.0169299131866181,"3","SP140"
1.64519264003959e-06,1.11491872581528,0.415,0.391,0.0233979297266431,"3","SLAMF6"
1.82151430589598e-06,0.507627561821876,0.547,0.486,0.0259055764584527,"3","PPP1R18"
2.39406391850751e-06,1.33926715230886,0.3,0.242,0.0340483770490138,"3","CEP78"
2.40980417902479e-06,1.03804990650734,0.432,0.406,0.0342722350340906,"3","CDC42EP3"
3.11369117716456e-06,0.646871275563483,0.585,0.634,0.0442829159216344,"3","CCSER2"
3.55300030150389e-06,0.847009621862118,0.5,0.507,0.0505307702879883,"3","MFSD10"
4.23976840133218e-06,0.605028951677237,0.634,0.685,0.0602979862037463,"3","ZFP36"
4.37408676905799e-06,0.577156073743363,0.561,0.602,0.0622082620295427,"3","STUB1"
4.62596128811999e-06,0.584430923408756,0.58,0.622,0.0657904214396425,"3","PIP4K2A"
5.2629704680911e-06,1.02943796862905,0.404,0.378,0.0748499659971916,"3","RASAL3"
5.33280251114171e-06,1.40273933219207,0.286,0.23,0.0758431173134574,"3","LPGAT1"
6.55749677352336e-06,1.08842488555917,0.364,0.313,0.0932607191130492,"3","SKIL"
6.79002970646406e-06,1.06955177988944,0.411,0.389,0.0965678024853318,"3","MAPK1"
7.01669391366325e-06,0.822889225873513,0.458,0.454,0.0997914208401188,"3","SAT2"
7.81351707387004e-06,0.976526727538648,0.418,0.398,0.11112383982458,"3","CCDC107"
9.99362283631014e-06,0.834101052327559,0.5,0.526,0.142129303978003,"3","C18orf32"
1.34562888540843e-05,0.502435336308431,0.629,0.698,0.191375340082786,"3","PET100"
1.73736328141991e-05,1.18340620548597,0.34,0.306,0.247087805883539,"3","SMIM29"
1.92041566518317e-05,0.910101397360166,0.34,0.285,0.27312151590235,"3","TOX"
2.20165431850433e-05,1.2851129837603,0.298,0.255,0.313119277177686,"3","RAB9A"
3.08389220558577e-05,1.11267102825565,0.263,0.208,0.438591149478408,"3","PAM"
3.26698468559984e-05,0.677563695184653,0.533,0.585,0.46463056198601,"3","ARF6"
3.95314188544996e-05,0.810419566982108,0.477,0.477,0.562215838948693,"3","BCL7C"
3.97497696440604e-05,0.536088783815216,0.601,0.642,0.565321223877827,"3","PPP1R12A"
3.99323949523398e-05,0.809593212319691,0.491,0.515,0.567918521012176,"3","PTPN4"
4.15477678914157e-05,0.628862914074082,0.523,0.541,0.590892354951714,"3","IKZF3"
4.7535860034689e-05,0.753292635190989,0.472,0.442,0.676055001413347,"3","ITM2C"
5.25343621463845e-05,0.981042635529426,0.387,0.373,0.74714369844588,"3","PICALM"
5.55404195276623e-05,1.19872838625564,0.296,0.255,0.789895846522413,"3","PTPRJ"
5.85117221089801e-05,1.06930336590454,0.373,0.351,0.832153711833915,"3","IL10RA"
5.9304316148987e-05,1.33324514091217,0.296,0.252,0.843425984270894,"3","UPP1"
5.97306224180541e-05,0.739111366904754,0.622,0.696,0.849488912029565,"3","CXCR4"
6.35070019006725e-05,0.928202389771131,0.432,0.435,0.903196581031365,"3","ARHGAP25"
7.02579137577053e-05,1.27874931764055,0.286,0.24,0.999208049462084,"3","EIF4EBP1"
8.73716077251209e-05,0.779432188358825,0.46,0.463,1,"3","AKNA"
9.09575739449997e-05,0.631122680615091,0.542,0.565,1,"3","MRPL41"
0.000136194121949362,0.696426904857745,0.491,0.511,1,"3","OSTF1"
0.000177904128538159,0.973115969558469,0.406,0.381,1,"3","ALOX5AP"
0.000186555071510155,1.18337727453554,0.277,0.238,1,"3","GYG1"
0.00019959020012727,0.568906579794733,0.601,0.67,1,"3","SPCS2"
0.000207654247033467,0.953185260168283,0.401,0.398,1,"3","TUT7"
0.000280695373329691,0.721353842283429,0.467,0.496,1,"3","CCDC88C"
0.000284664896310795,1.14531782069003,0.322,0.297,1,"3","PPP1R16B"
0.000311330419422336,0.625756597302238,0.502,0.53,1,"3","RNF167"
0.000381279717686675,0.51203957064395,0.592,0.633,1,"3","TLN1"
0.00038901862071888,0.548365127073865,0.538,0.61,1,"3","CCDC12"
0.000403148746517289,0.949267173646555,0.315,0.278,1,"3","RUNX1"
0.000467039897341599,0.670974403888182,0.488,0.523,1,"3","DYNLT1"
0.000480345712315958,1.2547668520521,0.268,0.225,1,"3","ENSG00000267364"
0.000715452192168394,0.528254397631211,0.561,0.631,1,"3","RAB5IF"
0.000727737343532056,1.2059683390738,0.308,0.281,1,"3","STK39"
0.000755449953579797,0.673772698465059,0.469,0.508,1,"3","PTBP3"
0.000785118997431785,0.699049002021464,0.469,0.505,1,"3","FAM50A"
0.000831404291820533,0.639032154473807,0.535,0.61,1,"3","CCNDBP1"
0.000840449972637667,1.16972337150862,0.277,0.244,1,"3","UBL3"
0.00088967465639966,1.17745544218558,0.284,0.253,1,"3","CCPG1"
0.00110553385196927,0.545560636703536,0.561,0.606,1,"3","RNF181"
0.00130448259329974,0.890822760667658,0.39,0.402,1,"3","AMZ2"
0.0014932773870096,0.593626932033333,0.542,0.602,1,"3","TTC39C"
0.00150284721734109,0.931878962391398,0.378,0.38,1,"3","NCOA1"
0.00154967405906459,0.581755570882024,0.498,0.542,1,"3","MIEN1"
0.0020482181290868,0.737376854380062,0.448,0.491,1,"3","SSBP4"
0.00206216087656838,0.864092973065605,0.364,0.361,1,"3","ARFGAP3"
0.00214955596062952,1.37519131294599,0.254,0.23,1,"3","RAPGEF1"
0.00286709483964919,0.698118336673965,0.5,0.566,1,"3","SRPK2"
0.00324216475301109,0.573977010146053,0.526,0.573,1,"3","TMEM219"
0.00373766481902744,0.919847134193932,0.275,0.247,1,"3","IL2RB"
0.00458734938275635,0.831063445033257,0.451,0.491,1,"3","ZBTB7A"
0.00492258748679999,0.580593608544484,0.493,0.555,1,"3","MAP2K2"
0.00543313745401401,0.531966797194205,0.516,0.572,1,"3","MYH9"
0.00612912846637344,0.63549299664087,0.258,0.214,1,"3","RHOC"
0.0064271351209967,0.587486627906526,0.458,0.495,1,"3","PRKCB"
0.00660877851067342,0.51094532413745,0.209,0.317,1,"3","ASAH1"
0.00689958604998797,0.836187424596259,0.392,0.421,1,"3","PREX1"
0.0070290974119832,0.745277983165513,0.43,0.462,1,"3","AGTPBP1"
0.00713806755174871,0.508413919334398,0.531,0.6,1,"3","CMPK1"
0.00825273556437019,0.785335753781871,0.413,0.445,1,"3","RASGRP1"
0.00990255502575952,0.858778099580867,0.359,0.374,1,"3","NEK7"
0,7.55024095605684,0.944,0.027,0,"4","TYMS"
0,5.69660604911595,0.944,0.066,0,"4","PCLAF"
0,6.88027900985763,0.873,0.016,0,"4","TK1"
0,5.45523087605055,0.88,0.026,0,"4","CENPW"
0,5.70341426262259,0.875,0.024,0,"4","CENPU"
0,5.69983659596436,0.863,0.024,0,"4","ZWINT"
0,4.36865582075206,0.9,0.064,0,"4","CENPM"
0,6.04060656699183,0.86,0.025,0,"4","CDT1"
0,5.42349787728341,0.882,0.061,0,"4","MKI67"
0,5.80102834446414,0.838,0.018,0,"4","CLSPN"
0,4.13047020509464,0.936,0.12,0,"4","PTTG1"
0,3.97308524324891,0.868,0.054,0,"4","FANCI"
0,5.83831254547347,0.821,0.022,0,"4","ASF1B"
0,4.12416544147294,0.885,0.088,0,"4","MCM5"
0,6.35666530456365,0.819,0.025,0,"4","NUSAP1"
0,4.51061939377377,0.846,0.053,0,"4","MCM4"
0,4.01750752995353,0.863,0.071,0,"4","FEN1"
0,6.3970761539677,0.816,0.026,0,"4","TPX2"
0,3.80063182330781,0.848,0.06,0,"4","GMNN"
0,7.31583630604714,0.799,0.011,0,"4","GINS2"
0,4.39454311246982,0.831,0.044,0,"4","BRCA1"
0,6.50692284720119,0.821,0.035,0,"4","TOP2A"
0,8.04343994815672,0.801,0.016,0,"4","RRM2"
0,3.04153431190521,0.902,0.118,0,"4","MAD2L1"
0,3.39212575351942,0.897,0.114,0,"4","EZH2"
0,2.59643653694077,0.907,0.127,0,"4","SNRNP25"
0,3.58683864055512,0.87,0.091,0,"4","UBE2T"
0,4.99154140491761,0.804,0.026,0,"4","CDKN3"
0,3.0070518524627,0.87,0.097,0,"4","ACOT7"
0,5.12547627062112,0.826,0.053,0,"4","CENPF"
0,6.47539610874111,0.787,0.015,0,"4","CHEK1"
0,3.69179346286821,0.853,0.093,0,"4","HELLS"
0,6.93328240042752,0.77,0.011,0,"4","MYBL2"
0,4.09049801688985,0.968,0.21,0,"4","FABP5"
0,3.27589592046788,0.882,0.124,0,"4","ATAD2"
0,3.15325806744247,0.909,0.153,0,"4","SMC2"
0,3.6167685616725,0.799,0.047,0,"4","CENPN"
0,2.70360191654899,0.833,0.082,0,"4","IFI27L1"
0,3.89526582943595,0.912,0.161,0,"4","LGALS1"
0,4.70978866868046,0.782,0.032,0,"4","MCM2"
0,3.64335178788557,0.804,0.059,0,"4","RBBP8"
0,5.24292577035179,0.752,0.014,0,"4","ORC6"
0,7.10432825660661,0.745,0.009,0,"4","KNL1"
0,5.20503885592647,0.765,0.029,0,"4","E2F1"
0,7.98117444370287,0.733,0.007,0,"4","ASPM"
0,4.99921780322798,0.74,0.017,0,"4","NCAPH"
0,3.28884901140949,0.801,0.079,0,"4","NDFIP2"
0,7.25128080827901,0.725,0.005,0,"4","DTL"
0,2.81168995927347,0.804,0.086,0,"4","CENPP"
0,3.97374222803899,0.74,0.023,0,"4","GGH"
0,2.78542309291788,0.809,0.094,0,"4","ATAD5"
0,7.53888394554157,0.718,0.005,0,"4","CCNA2"
0,7.41285618210414,0.716,0.004,0,"4","CEP55"
0,6.51993237478114,0.723,0.012,0,"4","UHRF1"
0,4.83209960113131,0.73,0.021,0,"4","BUB1"
0,3.04651460723836,0.777,0.069,0,"4","CCDC34"
0,7.33762192712002,0.718,0.01,0,"4","CCNB2"
0,8.96784921827437,0.713,0.007,0,"4","UBE2C"
0,3.70850898456395,0.762,0.058,0,"4","TESC"
0,3.49629633779456,0.748,0.044,0,"4","BRCA2"
0,7.85729237509445,0.708,0.007,0,"4","BIRC5"
0,4.18311580143995,0.733,0.032,0,"4","CHAF1A"
0,5.44472415789102,0.711,0.011,0,"4","RAD51AP1"
0,3.2636662510063,0.74,0.043,0,"4","TIMELESS"
0,2.6350604631136,0.767,0.074,0,"4","NRM"
0,8.21568220932122,0.703,0.011,0,"4","H3C2"
0,7.96558538789106,0.694,0.004,0,"4","CDC45"
0,2.72483489673678,0.755,0.066,0,"4","WDR76"
0,5.11477189409666,0.706,0.017,0,"4","SGO1"
0,4.56981064727679,0.706,0.017,0,"4","TCF19"
0,4.60826585124201,0.713,0.026,0,"4","NUF2"
0,5.6030296739524,0.703,0.016,0,"4","HMGB3"
0,2.66818554301439,0.745,0.064,0,"4","BRI3BP"
0,3.42758280349934,0.723,0.043,0,"4","DYNC2I2"
0,7.38877101430187,0.684,0.005,0,"4","KIFC1"
0,6.27060990161491,0.689,0.01,0,"4","RAD51"
0,7.47171769893596,0.686,0.008,0,"4","CDC20"
0,2.65799641647043,0.74,0.062,0,"4","KNTC1"
0,5.78301214492069,0.696,0.021,0,"4","CENPE"
0,5.75846151956197,0.699,0.024,0,"4","CCNB1"
0,3.00505408930489,0.74,0.067,0,"4","SGO2"
0,7.03394953146483,0.679,0.006,0,"4","CDK1"
0,4.81788522808741,0.686,0.013,0,"4","OIP5"
0,7.93282604447424,0.674,0.002,0,"4","MCM10"
0,6.78663256918819,0.679,0.007,0,"4","CDCA5"
0,3.78457971190728,0.706,0.036,0,"4","CIP2A"
0,2.86437599564108,0.718,0.052,0,"4","DDX11"
0,5.89243211861365,0.676,0.011,0,"4","KIF15"
0,5.90213188886597,0.672,0.008,0,"4","DIAPH3"
0,2.80889599380376,0.728,0.064,0,"4","DPP3"
0,2.73852211601866,0.725,0.061,0,"4","RFC3"
0,6.09493134666423,0.679,0.016,0,"4","MND1"
0,3.3865780129935,0.701,0.042,0,"4","WDHD1"
0,2.96502971001597,0.706,0.05,0,"4","NCAPG2"
0,2.81768422533648,0.708,0.053,0,"4","FANCD2"
0,7.18037607274313,0.662,0.008,0,"4","HMMR"
0,5.87286111248786,0.659,0.01,0,"4","TROAP"
0,4.55165180185988,0.691,0.043,0,"4","H2AC12"
0,5.36575207359759,0.662,0.016,0,"4","CDCA8"
0,3.82034372117418,0.674,0.028,0,"4","CTNNAL1"
0,2.86014687717689,0.691,0.045,0,"4","FANCG"
0,3.640096863261,0.684,0.043,0,"4","TST"
0,6.36187791873369,0.647,0.008,0,"4","NCAPG"
0,7.02881245668154,0.642,0.004,0,"4","CDC6"
0,5.02865544625609,0.652,0.014,0,"4","BRIP1"
0,2.35296123809331,0.696,0.058,0,"4","ZWILCH"
0,4.76277165004976,0.657,0.02,0,"4","KIF11"
0,4.80535377541168,0.659,0.024,0,"4","PRR11"
0,4.41392559852057,0.65,0.02,0,"4","PRC1"
0,5.27881264447568,0.642,0.016,0,"4","AURKA"
0,7.31230842362085,0.627,0.002,0,"4","SHCBP1"
0,7.27567465106335,0.625,0.004,0,"4","MELK"
0,2.89674866279916,0.679,0.058,0,"4","PARVB"
0,4.31152004443655,0.672,0.052,0,"4","DUSP4"
0,3.89233557444468,0.642,0.024,0,"4","PARPBP"
0,5.56763319442413,0.625,0.008,0,"4","ORC1"
0,4.80484060978391,0.657,0.04,0,"4","IL2RA"
0,7.06139588650795,0.62,0.004,0,"4","FOXM1"
0,6.01445994765787,0.625,0.01,0,"4","BUB1B"
0,4.33370357920248,0.632,0.018,0,"4","POC1A"
0,3.15673317216796,0.667,0.053,0,"4","GOLIM4"
0,3.95912731532269,0.645,0.033,0,"4","SLC1A4"
0,10.4872177559989,0.613,0.001,0,"4","PKMYT1"
0,2.94672333621914,0.642,0.036,0,"4","GEN1"
0,6.99318854719974,0.605,0.003,0,"4","GTSE1"
0,3.55086941366533,0.623,0.03,0,"4","SLC43A3"
0,2.75929137838528,0.64,0.048,0,"4","UCK2"
0,3.76825307924506,0.615,0.024,0,"4","SLC29A1"
0,4.16923705089327,0.615,0.026,0,"4","C21orf58"
0,3.07343172659144,0.635,0.047,0,"4","FANCL"
0,6.27703102537026,0.591,0.005,0,"4","POLQ"
0,5.01861565868108,0.61,0.026,0,"4","H2AC16"
0,7.36488363776568,0.588,0.004,0,"4","ESCO2"
0,6.84170069146294,0.591,0.011,0,"4","AURKB"
0,3.19116322749866,0.625,0.045,0,"4","SLC1A5"
0,3.66873883188985,0.627,0.049,0,"4","ATP8B4"
0,5.05824893549847,0.581,0.008,0,"4","DEPDC1B"
0,6.1915942259246,0.578,0.006,0,"4","DSCC1"
0,6.83791279880913,0.576,0.004,0,"4","SPC24"
0,4.48618203373091,0.581,0.01,0,"4","POLE2"
0,6.79704150164878,0.574,0.006,0,"4","KIF2C"
0,8.44127863663969,0.571,0.004,0,"4","DLGAP5"
0,4.4493396422989,0.581,0.015,0,"4","CHAF1B"
0,4.30305487927272,0.576,0.017,0,"4","ECT2"
0,3.57684955480283,0.581,0.022,0,"4","DNA2"
0,3.28715074844136,0.596,0.038,0,"4","RACGAP1"
0,3.5749098879799,0.598,0.041,0,"4","SLC27A2"
0,7.23943023774093,0.559,0.003,0,"4","CKAP2L"
0,3.83721278098072,0.569,0.015,0,"4","GINS4"
0,6.73607621278344,0.556,0.003,0,"4","SKA3"
0,3.36994278385958,0.593,0.04,0,"4","SLCO4A1"
0,7.65527155306896,0.554,0.003,0,"4","KIF14"
0,5.95508390831366,0.551,0.005,0,"4","TTK"
0,5.16841504872821,0.554,0.008,0,"4","MTFR2"
0,8.59592623447107,0.544,0.001,0,"4","SPC25"
0,7.31644867095387,0.551,0.008,0,"4","H3C3"
0,6.10247659261994,0.547,0.006,0,"4","KIF4A"
0,7.46561970446133,0.539,0.003,0,"4","CDCA2"
0,2.78135808672095,0.569,0.035,0,"4","FANCA"
0,5.26514874036114,0.539,0.008,0,"4","PAQR4"
0,3.00284432547602,0.554,0.024,0,"4","SUV39H2"
0,5.13475638459507,0.532,0.006,0,"4","PLK4"
0,5.08393238954077,0.522,0.006,0,"4","GINS1"
0,6.56910606945819,0.52,0.006,0,"4","CENPA"
0,3.18523556339911,0.532,0.023,0,"4","WEE1"
0,2.70189296690907,0.537,0.029,0,"4","ZNF367"
0,4.95454084719376,0.522,0.015,0,"4","MXD3"
0,2.91498874534026,0.532,0.027,0,"4","MASTL"
0,3.54991557959364,0.527,0.023,0,"4","ENSG00000224905"
0,6.42506771293455,0.507,0.005,0,"4","H3C7"
0,3.8618245657808,0.51,0.012,0,"4","PSMC3IP"
0,6.22455644652082,0.502,0.006,0,"4","NEIL3"
0,3.91814763053918,0.51,0.015,0,"4","ARHGAP11A"
0,8.31256054196944,0.495,0.002,0,"4","CDCA3"
0,3.35991484034333,0.515,0.023,0,"4","NT5DC2"
0,4.5712855504263,0.495,0.008,0,"4","STIL"
0,4.11619271465754,0.512,0.026,0,"4","H2BC9"
0,3.39924000902553,0.51,0.025,0,"4","TUBA1B-AS1"
0,5.30940581773364,0.49,0.006,0,"4","CIT"
0,7.50308107238849,0.483,0.002,0,"4","KIF23"
0,5.77782453387967,0.485,0.012,0,"4","PLK1"
0,6.4931547452486,0.475,0.003,0,"4","ANLN"
0,6.20974222695519,0.473,0.003,0,"4","EXO1"
0,5.36977021408245,0.471,0.004,0,"4","RAD54L"
0,5.505029456639,0.475,0.01,0,"4","NRGN"
0,5.03718058088929,0.48,0.016,0,"4","CAMK1"
0,4.74024080963142,0.471,0.008,0,"4","SPAG5"
0,4.6554997041648,0.483,0.022,0,"4","H1-1"
0,4.48996491385324,0.471,0.01,0,"4","CCNF"
0,4.29418028732411,0.466,0.008,0,"4","TRIP13"
0,8.25233010782231,0.458,0.002,0,"4","H3C8"
0,3.38803582526279,0.468,0.017,0,"4","CENPO"
0,3.1326090715254,0.468,0.017,0,"4","GINS3"
0,5.80608195281984,0.446,0.003,0,"4","SKA1"
0,9.20204126751506,0.441,0,0,"4","PBK"
0,5.48028030502229,0.446,0.006,0,"4","ARHGEF39"
0,5.00945340343911,0.441,0.006,0,"4","CCNE2"
0,5.10388973596779,0.439,0.007,0,"4","DHCR24"
0,7.3632086012115,0.431,0.002,0,"4","HJURP"
0,5.7904257011042,0.426,0.006,0,"4","H2AC13"
0,4.69335486940609,0.424,0.005,0,"4","XRCC2"
0,6.51728667066952,0.419,0.002,0,"4","CDC25A"
0,4.17164231926334,0.426,0.013,0,"4","CNTLN"
0,4.09831356044718,0.417,0.006,0,"4","EME1"
0,4.68249196987228,0.422,0.012,0,"4","BMAL2"
0,5.6026377090669,0.412,0.004,0,"4","H2AC14"
0,4.72199755355685,0.414,0.006,0,"4","TEDC2"
0,3.35981292441507,0.417,0.011,0,"4","TRAIP"
0,5.07713180589962,0.407,0.005,0,"4","RECQL4"
0,6.0344698763021,0.407,0.005,0,"4","APOBEC3B"
0,6.90669460251255,0.402,0.002,0,"4","E2F2"
0,8.16142818141751,0.4,0.001,0,"4","E2F8"
0,5.44711577179973,0.402,0.005,0,"4","DMC1"
0,6.6456058190776,0.395,0.003,0,"4","MIR924HG"
0,8.48665426387857,0.392,0.001,0,"4","FAM111B"
0,7.16801871711181,0.385,0.001,0,"4","NEK2"
0,5.18577350573093,0.387,0.007,0,"4","TYMSOS"
0,5.99237257583288,0.38,0.002,0,"4","ESPL1"
0,6.31900972954397,0.377,0.001,0,"4","KIF18B"
0,4.96531364384136,0.365,0.003,0,"4","CENPI"
0,7.94884879230399,0.358,0,0,"4","DEPDC1"
0,5.85927559232285,0.353,0.003,0,"4","CDC25C"
0,8.84151830080142,0.341,0,0,"4","E2F7"
0,5.63150009628601,0.343,0.003,0,"4","WDR62"
0,4.5352233282401,0.338,0.004,0,"4","ERCC6L"
0,8.28611672389735,0.321,0,0,"4","KIF20A"
0,6.23169794499833,0.319,0.001,0,"4","HROB"
0,6.39438665735206,0.306,0.001,0,"4","TICRR"
4.73361543338287e-308,3.81844631342633,0.451,0.018,6.73214786935711e-304,"4","SDC4"
2.65079739517581e-307,4.27661488161772,0.419,0.013,3.76996405541904e-303,"4","FADS2"
3.10131428217976e-307,3.93621202492175,0.392,0.01,4.41068917211605e-303,"4","TONSL"
6.23631960654026e-307,3.69594505119873,0.431,0.015,8.86929374442156e-303,"4","ENSG00000290886"
2.57205711774868e-306,3.57753201444546,0.674,0.062,3.65797963286218e-302,"4","CD83"
4.60688436850953e-306,2.41906930590377,0.767,0.077,6.55191094889426e-302,"4","RFC5"
2.50269870584222e-304,2.93091067367547,0.441,0.016,3.55933809944881e-300,"4","SLC25A10"
7.30968078898569e-303,8.71970462886918,0.289,0,1.03958280180955e-298,"4","AUNIP"
3.70488743157817e-300,2.67544927228026,0.551,0.034,5.26909090519048e-296,"4","ENSG00000267383"
1.83228186207109e-299,4.67673897049756,0.588,0.046,2.6058712642375e-295,"4","TNFRSF9"
4.15739763177179e-298,2.41908373956962,0.645,0.052,5.91265091190584e-294,"4","CENPJ"
6.94473179375517e-297,2.50225069381351,0.659,0.056,9.87679755707861e-293,"4","POLA2"
2.3067435393904e-296,6.32661646781013,0.306,0.002,3.28065066172103e-292,"4","FAM72B"
3.20389739547688e-296,2.60543476873488,0.711,0.068,4.55658287584722e-292,"4","TUBG1"
4.88041102044658e-295,3.18457192223425,0.716,0.076,6.94092055327913e-291,"4","MIR4435-2HG"
7.60016857278341e-295,2.38791482959408,0.596,0.043,1.08089597442126e-290,"4","POLE"
9.65372330430991e-295,3.86792666354271,0.804,0.11,1.37295252833895e-290,"4","H2AC11"
1.29129454795382e-294,2.63502201213871,0.571,0.039,1.83647910609992e-290,"4","KNSTRN"
1.0811668028702e-293,2.45571181698329,0.694,0.065,1.537635427042e-289,"4","CEP152"
4.22365298200553e-292,2.38039461344231,0.708,0.068,6.00687927100826e-288,"4","DSN1"
1.32095202812384e-291,3.38084483494348,0.478,0.024,1.87865797439773e-287,"4","ARHGAP11B"
3.30738597884112e-289,3.03505336676004,0.571,0.041,4.70376433910785e-285,"4","FAH"
8.48426701182118e-289,3.18415601955633,0.434,0.018,1.20663245442121e-284,"4","ATP2A1-AS1"
1.44218092378374e-287,2.47132914423295,0.618,0.049,2.05106970980524e-283,"4","DONSON"
3.65076899110676e-287,2.80657731629041,0.912,0.152,5.19212365915204e-283,"4","NSD2"
3.88565440007127e-287,4.09935182638629,0.466,0.024,5.52617768778136e-283,"4","RGS16"
7.33705843854345e-287,2.98887574932641,0.471,0.023,1.04347645112965e-282,"4","KIF18A"
6.36536088241283e-286,3.32986772438153,0.64,0.06,9.05281624696753e-282,"4","AFAP1L2"
1.14679324546082e-285,3.28423924968253,0.466,0.023,1.63096935369438e-281,"4","MAP3K20"
2.20271434426641e-285,4.92867614930482,0.333,0.006,3.13270034041569e-281,"4","KIF24"
1.02079750392661e-284,2.80058582535305,0.909,0.154,1.45177821008442e-280,"4","CDK2AP1"
1.0088778834779e-283,4.73038927943869,0.892,0.171,1.43482612588227e-279,"4","H1-5"
1.66609157988124e-283,2.71027536084658,0.885,0.137,2.3695154449071e-279,"4","RRM1"
3.58972944202649e-283,3.10969431584174,0.417,0.016,5.10531321245007e-279,"4","DDIAS"
1.75816256098996e-282,2.56431614949713,0.515,0.031,2.50045879423993e-278,"4","XRCC3"
2.22295914652579e-282,5.35218948378303,0.314,0.004,3.16149249818898e-278,"4","HASPIN"
6.94977515857232e-282,2.42879804926946,0.645,0.057,9.88397023052155e-278,"4","TMEM97"
1.24636018583103e-280,2.81057922923768,0.897,0.149,1.77257345628889e-276,"4","LMNB1"
8.31872831617482e-280,3.24186584901897,0.603,0.053,1.18308954112638e-275,"4","TNFRSF18"
1.01937746874702e-278,2.7987534117431,0.843,0.13,1.44975863605201e-274,"4","CDCA7"
2.30018337798478e-278,3.78647395051177,0.502,0.032,3.27132080016995e-274,"4","VDR"
4.71425827452285e-277,3.17122204937024,0.493,0.029,6.7046181180264e-273,"4","MSH5"
7.46449919375822e-277,2.3244014485095,0.549,0.038,1.06160107533629e-272,"4","ZGRF1"
9.37056066205409e-277,2.43944223101669,0.706,0.074,1.33268113735733e-272,"4","COPRS"
1.70309219920083e-276,2.85361878886098,0.939,0.188,2.42213772570342e-272,"4","CD82"
8.15567898907944e-276,3.3875380510629,0.49,0.029,1.15990066582688e-271,"4","H3C11"
1.59722712343167e-275,4.57559636926245,0.346,0.008,2.27157641494452e-271,"4","H2AC4"
2.34503094912734e-275,4.26707800175734,0.319,0.005,3.3351030158489e-271,"4","CCDC150"
9.75759318449354e-275,2.62223508139984,0.88,0.135,1.38772490269867e-270,"4","MTHFD1"
2.54416485760576e-273,4.62880017917419,0.341,0.008,3.61831126048691e-269,"4","PIF1"
4.06986467097595e-272,5.62947709308704,0.301,0.004,5.78816153506199e-268,"4","TUBB6"
6.26334983743647e-271,2.33960694971688,0.779,0.097,8.90773613880215e-267,"4","BARD1"
3.59223863478041e-270,2.99040631062758,0.897,0.152,5.10888178638471e-266,"4","KPNA2"
2.5160137852374e-269,2.12502301707649,0.713,0.077,3.57827480536463e-265,"4","ZDHHC12-DT"
4.57239186755345e-269,2.54328116780033,0.868,0.135,6.50285571403452e-265,"4","KIF20B"
3.26295010311198e-268,2.01527360035047,0.696,0.071,4.64056763664586e-264,"4","C9orf40"
5.92970327176962e-268,2.52092026370126,0.689,0.073,8.43322399311075e-264,"4","POLA1"
1.82068634543255e-267,3.03987488161299,0.397,0.015,2.58938012047418e-263,"4","IMPA2"
2.37433316144106e-267,3.15053436728977,0.627,0.062,3.37677662220147e-263,"4","NCF4"
9.33210956704166e-267,3.62966560536494,0.417,0.019,1.32721262262467e-262,"4","CDKN2A"
8.31617945356804e-266,2.96811154465999,0.917,0.193,1.18272704188645e-261,"4","DHFR"
1.39454287822374e-265,3.76269961738719,0.517,0.036,1.98331888140981e-261,"4","H3C10"
1.45401508275072e-263,2.35646431839662,0.919,0.157,2.06790025068807e-259,"4","RHOC"
3.63379436381884e-263,2.3757336748058,0.699,0.084,5.16798234422315e-259,"4","XCL1"
5.69127967056225e-262,2.0907978124343,0.713,0.08,8.09413794747363e-258,"4","PXMP2"
3.13774511741564e-260,2.87756201824319,0.684,0.077,4.46250110598852e-256,"4","MYB"
2.04031547141987e-259,2.76873602220653,0.88,0.169,2.90173666345334e-255,"4","MCM6"
2.34632587995984e-259,2.22504683565021,0.556,0.043,3.33694466647889e-255,"4","MCM8"
1.03130521820088e-258,2.3620626227299,0.882,0.139,1.4667222813253e-254,"4","CENPH"
4.08865776813451e-257,2.32605071492212,0.593,0.053,5.8148890778409e-253,"4","CENPS"
6.40209033324873e-257,2.24371170576402,0.88,0.142,9.10505287194635e-253,"4","MPST"
1.19364710998404e-256,2.68102911979051,0.52,0.038,1.6976049198193e-252,"4","POLD1"
5.85757984881018e-256,4.33518460842599,0.436,0.025,8.33065006097784e-252,"4","NPW"
6.41258417043348e-256,3.17094835356956,0.542,0.045,9.1199772071905e-252,"4","ENTPD1"
1.40072198569985e-255,2.35998515389797,0.801,0.112,1.99210680806233e-251,"4","POLD3"
8.12958223103175e-254,2.14434454596389,0.507,0.035,1.15618918489734e-249,"4","RAD54B"
1.88453386821483e-253,2.22562235893683,0.76,0.099,2.68018406737513e-249,"4","NBL1"
1.75622620505556e-252,3.97831488696884,0.333,0.009,2.49770490883002e-248,"4","CCDC74A"
1.50756588629059e-251,2.99585778127726,0.498,0.036,2.14406020348248e-247,"4","ALCAM"
5.40546518308575e-250,3.29747556666373,0.88,0.167,7.68765258338455e-246,"4","H2AX"
1.33902220293996e-249,2.29038333932204,0.848,0.132,1.90435737702121e-245,"4","RNASEH2A"
1.63490577629143e-249,3.89100250353462,0.355,0.012,2.32516299504167e-245,"4","H2AC17"
2.70025061834829e-248,2.46304647091107,0.846,0.137,3.84029642941493e-244,"4","RFC2"
8.11915695687347e-247,2.62166760339634,0.978,0.28,1.15470650240654e-242,"4","C12orf75"
1.7796893110999e-246,5.55514244967024,0.257,0.002,2.53107413824628e-242,"4","FBXO43"
2.29823075009299e-246,1.81961028364707,0.691,0.079,3.26854377278225e-242,"4","PRADC1"
2.65243889810074e-246,2.52809870633794,0.887,0.16,3.77229860087888e-242,"4","NCAPD2"
4.6483028479828e-246,2.45265865893514,0.458,0.029,6.61081631040113e-242,"4","SUV39H1"
8.96541496813209e-245,3.07914055948203,0.549,0.049,1.27506131676775e-240,"4","CCNE1"
2.27307006824477e-244,2.78004417581368,0.912,0.198,3.2327602510577e-240,"4","PTMS"
5.25155369878459e-244,2.27035330229743,0.667,0.076,7.46875967041144e-240,"4","PDLIM7"
6.35163793743989e-244,3.05023771160643,0.507,0.04,9.03329947462702e-240,"4","QPRT"
6.67127560568782e-244,2.60352214218755,0.887,0.172,9.48788816640921e-240,"4","ANXA2"
1.36778614215812e-243,2.19307483860517,0.694,0.083,1.94526545137727e-239,"4","EPB41L2"
4.04042114965682e-242,2.17646666099589,0.797,0.117,5.74628695904193e-238,"4","BLM"
2.97613135973806e-241,2.80239143599102,0.473,0.033,4.23265401981947e-237,"4","ADCY3"
4.60806500404549e-241,3.17876917270422,0.843,0.164,6.5535900487535e-237,"4","LAG3"
1.88817492736474e-240,2.81444388419528,0.833,0.141,2.68536238169814e-236,"4","CYTOR"
1.02344952671686e-239,3.49911809091646,0.331,0.011,1.45554991689671e-235,"4","GNB4"
1.2297677093063e-239,3.26260720602015,0.348,0.013,1.74897563617542e-235,"4","GPSM2"
2.15447603399626e-238,2.30850509888456,0.792,0.119,3.06409581554948e-234,"4","HAVCR2"
1.87565891519324e-236,2.39012263684355,0.794,0.122,2.66756210918783e-232,"4","LIG1"
7.36111006087865e-236,2.27955710657859,0.929,0.186,1.04689707285816e-231,"4","DTYMK"
3.85058179857953e-235,1.82875824998043,0.723,0.091,5.47629743393981e-231,"4","RPL39L"
1.17350755077338e-234,2.15616770031616,0.699,0.087,1.6689624387099e-230,"4","CEP128"
9.28793502874612e-234,2.24804595983486,0.716,0.093,1.32093011978827e-229,"4","SAC3D1"
1.7027433202526e-233,2.68112531053923,0.632,0.074,2.42164155006324e-229,"4","INPP5F"
2.25903048522983e-233,2.43113163933107,0.885,0.163,3.21279315609386e-229,"4","CKS1B"
1.01849205469952e-232,5.11097911950719,0.262,0.004,1.44849940019365e-228,"4","ZNF730"
1.24290092667008e-232,3.80319835654348,0.498,0.043,1.76765369791019e-228,"4","CD70"
2.69422854758908e-232,2.08034028053271,0.745,0.102,3.83173184038119e-228,"4","CDK2"
2.93683578987346e-232,2.16965925297077,0.642,0.076,4.17676786035803e-228,"4","APOBEC3H"
6.77484180966527e-231,1.84853504507956,0.772,0.109,9.63518002170594e-227,"4","KMT5A"
2.60419709081833e-230,4.12929039906536,0.797,0.151,3.70368910256183e-226,"4","GZMB"
3.13452295882281e-230,4.31376742675803,0.265,0.004,4.4579185520378e-226,"4","DERL3"
3.40769624266727e-230,2.05566918935003,0.703,0.089,4.84642559632139e-226,"4","MMS22L"
7.50648299497206e-230,3.08358609914872,0.451,0.032,1.06757201154493e-225,"4","CTNNA1"
2.30398337676853e-228,2.44508943903988,0.436,0.028,3.27672515844021e-224,"4","ENSG00000227598"
2.67575196094578e-228,3.40690545481393,0.929,0.293,3.80545443885708e-224,"4","PCNA"
3.58765910589854e-228,2.29463431746447,0.52,0.046,5.10236878040891e-224,"4","CORO1C"
9.04379989496566e-228,2.60637749214152,0.637,0.075,1.28620922106202e-223,"4","PHGDH"
1.20827980732222e-227,3.98505443426872,0.301,0.008,1.71841554197366e-223,"4","REXO5"
1.67032907139276e-227,2.53744411644931,0.419,0.026,2.37554200533478e-223,"4","TMEM237"
2.95692176576697e-227,1.88118200045611,0.62,0.068,4.20533413527378e-223,"4","LRRCC1"
5.18597219048947e-227,2.46671014422452,0.782,0.132,7.37548964931412e-223,"4","XCL2"
1.71123288369312e-226,2.52408576128558,0.407,0.024,2.43371540718835e-222,"4","CHTF18"
3.77428603991638e-226,1.66410467567032,0.738,0.1,5.36778960596907e-222,"4","ARHGAP18"
1.20208133307345e-225,2.24648067822771,0.471,0.036,1.70960007189706e-221,"4","SCD5"
9.55517894707976e-225,2.1405224649291,0.89,0.17,1.35893754985368e-220,"4","SKA2"
1.3050441714435e-224,2.44530965423085,0.873,0.171,1.85603382062695e-220,"4","TMEM106C"
1.91634981472491e-224,3.66171446025387,0.328,0.012,2.72543270650177e-220,"4","H3C12"
2.33352349249623e-224,2.06270641230871,0.743,0.105,3.31873711102814e-220,"4","PCK2"
3.2372431325241e-224,4.6025463227069,0.265,0.005,4.60400718307578e-220,"4","FAM83D"
4.36181192055192e-224,2.75006713858637,0.841,0.156,6.20336891340894e-220,"4","TNFRSF1B"
1.32178301882134e-222,2.51532028235481,0.826,0.15,1.87983980936771e-218,"4","BHLHE40"
2.2063584169282e-222,1.80186933569299,0.723,0.097,3.13788294055528e-218,"4","SHMT1"
3.81531063775209e-221,1.8667146501224,0.527,0.047,5.42613478901102e-217,"4","CHAC2"
7.94145176087936e-221,1.72542829464047,0.679,0.086,1.12943326943226e-216,"4","CGAS"
4.87576309759135e-220,1.91698221673864,0.65,0.079,6.93431027739442e-216,"4","AGFG2"
9.43636847043275e-220,2.91996259501203,0.441,0.032,1.34204032386495e-215,"4","INCENP"
1.28123881392892e-219,3.86000761647197,0.998,0.629,1.82217784116971e-215,"4","TUBA1B"
1.46475113252987e-219,4.26834823671091,0.343,0.016,2.08316906068398e-215,"4","CD109"
2.29824458324535e-219,2.35439682325054,0.998,0.959,3.26856344629154e-215,"4","GAPDH"
1.03852375119488e-218,1.63906594848846,0.745,0.102,1.47698847894935e-214,"4","MIS18A"
2.37038297893918e-218,1.74775536912431,0.583,0.062,3.3711586726473e-214,"4","SPINDOC"
6.00326390011688e-218,2.6471901121286,0.853,0.191,8.53784191874623e-214,"4","CAPG"
1.11627881903615e-217,2.33814341659309,0.478,0.039,1.58757173643322e-213,"4","PKD2"
2.07984064050947e-217,2.36089797719376,0.493,0.043,2.95794935893257e-213,"4","SPAG1"
2.11306766657261e-217,2.60500280680989,0.429,0.03,3.00520483539957e-213,"4","ASRGL1"
3.68144544846504e-217,1.78130833520478,0.73,0.102,5.23575171680698e-213,"4","ICMT"
8.69213050164548e-217,2.08384289625657,0.735,0.105,1.23619479994402e-212,"4","GLA"
1.84111551309898e-216,2.45117811527226,0.392,0.023,2.61843448272937e-212,"4","EFCAB11"
3.47939065188453e-216,2.12096565330594,0.892,0.176,4.94838938511018e-212,"4","TFDP1"
6.77495491088094e-216,3.69815831804641,0.787,0.152,9.63534087425488e-212,"4","H3C4"
7.05086452705806e-216,3.87969653271076,0.971,0.451,1.0027739530382e-211,"4","HMGB2"
2.90798159124853e-215,2.46735772899934,0.451,0.035,4.13573141907366e-211,"4","RDM1"
3.3196389697492e-215,2.79368472023271,0.936,0.242,4.72119054277731e-211,"4","CKS2"
5.0895125230887e-215,2.73097532540275,0.441,0.033,7.23830471033675e-211,"4","ARG2"
5.43362161959732e-215,2.41172475321885,0.939,0.237,7.7276966673913e-211,"4","PHF19"
6.69081516613345e-215,2.64867225798759,0.466,0.039,9.51567732927499e-211,"4","CBR3"
9.0377033138099e-214,3.24525324630961,0.373,0.021,1.28534216529004e-209,"4","FADS1"
4.24431620329706e-213,2.30212456231579,0.782,0.127,6.03626650432908e-209,"4","TFRC"
1.07952278157113e-212,2.12210253123983,0.556,0.058,1.53529729995047e-208,"4","THOP1"
1.67944828464648e-212,2.12431231199554,0.571,0.064,2.38851135042422e-208,"4","STX11"
1.73031869651773e-212,1.93750676946673,0.819,0.138,2.46085925018752e-208,"4","TEX30"
2.44619694927152e-212,3.313324787977,0.978,0.559,3.47898130125395e-208,"4","STMN1"
3.62180538136078e-212,2.95908616140896,0.365,0.02,5.15093161337131e-208,"4","POGLUT2"
1.22516868131684e-210,2.13653527292256,0.502,0.046,1.7424348985688e-206,"4","PDSS1"
5.69109676472004e-210,1.99105185380282,0.799,0.132,8.09387781878485e-206,"4","MPP1"
8.36630767110307e-210,2.61978579493129,0.897,0.24,1.18985627698428e-205,"4","MCM3"
1.47447494566565e-209,2.62134646987197,0.439,0.034,2.09699826772568e-205,"4","ELOVL6"
2.87293911727286e-209,2.06700881008437,0.922,0.194,4.08589401258546e-205,"4","MYL6B"
7.45372692204222e-209,2.10543835208867,0.86,0.162,1.06006904285284e-204,"4","TTF2"
1.96303808267776e-208,2.47560431080851,0.691,0.103,2.7918327611843e-204,"4","NDC80"
2.83279062561959e-208,1.56967281982416,0.993,0.942,4.02879482775618e-204,"4","CHCHD2"
3.86936856728744e-208,4.34249735305862,0.294,0.01,5.5030159763962e-204,"4","BCAT1"
6.70256955474288e-208,2.20790577528355,0.971,0.384,9.53239442075532e-204,"4","RPA3"
9.88631681584057e-208,1.82386184069727,0.755,0.12,1.40603197754885e-203,"4","PLAAT3"
1.98523487251947e-207,3.33987827852633,0.304,0.011,2.82340103569719e-203,"4","CHRNA5"
3.42899851697297e-207,1.94861142303528,0.77,0.123,4.87672169083896e-203,"4","PCBD1"
6.51502494173478e-207,2.22663602849556,0.39,0.025,9.26566847213521e-203,"4","AFMID"
7.85642095866732e-207,2.08545780443723,0.873,0.173,1.11734018874167e-202,"4","RFC4"
4.49566506971035e-206,1.92647263413643,0.581,0.067,6.39373486214207e-202,"4","MAP3K8"
7.21901766249765e-206,3.66423104248039,0.284,0.009,1.02668869196042e-201,"4","CDKN1A"
1.02390516136962e-205,1.96788637395898,0.495,0.046,1.45619792049987e-201,"4","TMPO-AS1"
1.84284784091098e-205,2.47595528411798,0.387,0.025,2.62089819934359e-201,"4","VANGL1"
2.50537507938891e-205,2.2861869574677,0.941,0.231,3.56314443790691e-201,"4","SHMT2"
2.79114370738116e-205,2.98655388096579,0.441,0.036,3.96956458063749e-201,"4","ASB2"
5.711574060008e-205,2.32877496488606,0.392,0.026,8.12300062814338e-201,"4","ZNF726"
2.0778732028344e-204,2.55658197432273,0.373,0.022,2.95515126907109e-200,"4","MAST2"
1.16883884810465e-203,1.78704108586455,0.708,0.101,1.66232260977444e-199,"4","RAD18"
4.61160666184732e-203,1.56297394260113,0.765,0.119,6.55862699447926e-199,"4","GRN"
1.61121830841476e-202,1.93723569171732,0.426,0.032,2.29147467822747e-198,"4","C4orf46"
1.68043402521543e-202,2.16639909853274,0.512,0.052,2.38991327066138e-198,"4","PDE4A"
3.50773429129666e-202,2.43164421813081,0.615,0.081,4.98869970908212e-198,"4","IRF4"
7.04821415767859e-202,3.3115556381684,0.294,0.011,1.00239701750505e-197,"4","ENSG00000272540"
1.26307664029489e-201,5.10180505293712,0.267,0.008,1.7963475978274e-197,"4","ZBTB32"
1.26385431994909e-201,1.86286439737481,0.765,0.123,1.7974536138316e-197,"4","HIRIP3"
6.23468939952886e-201,1.86022644678607,0.804,0.138,8.86697526400995e-197,"4","LRR1"
2.95745905104905e-200,1.82909360448505,0.703,0.103,4.20609826240195e-196,"4","TIPIN"
3.03226412728644e-200,1.84883838540874,0.699,0.102,4.31248604182678e-196,"4","OSBPL3"
9.84987250496034e-200,1.83619073051124,0.539,0.057,1.40084886765546e-195,"4","TEDC1"
1.08902975291581e-199,2.06907713055907,0.684,0.098,1.54881811459686e-195,"4","RFWD3"
1.74608574227753e-199,3.23752505061427,0.299,0.012,2.4832831426671e-195,"4","ERI2"
1.81683759467301e-199,1.97590803779145,0.637,0.086,2.58390642714396e-195,"4","CLN6"
3.09894867933642e-199,2.70851527727962,0.88,0.201,4.40732481175225e-195,"4","CDK6"
3.1929528511189e-199,2.80636525740258,0.277,0.009,4.5410175448613e-195,"4","ANKRD9"
3.45440889553393e-199,3.2467814767133,0.382,0.026,4.91286033122835e-195,"4","MYH10"
4.13311898146083e-199,1.94107237381999,0.718,0.111,5.87812181543359e-195,"4","LIMA1"
5.64204886397991e-199,2.37728096380468,0.917,0.262,8.02412189435223e-195,"4","SMC4"
1.18560683461375e-198,2.51347018052375,0.993,0.606,1.68617004018767e-194,"4","PKM"
3.75400057142601e-198,1.68950833263351,0.664,0.092,5.33893961268208e-194,"4","RMI1"
9.66398898222903e-198,1.58657530652262,0.738,0.114,1.37441251305261e-193,"4","MGME1"
1.24239676110025e-197,2.41372694037061,0.434,0.035,1.76693667363677e-193,"4","FAR2"
4.04546150781507e-197,2.27923842278006,0.831,0.164,5.75345535641459e-193,"4","GALM"
4.27343054353704e-197,3.49798310748314,0.275,0.009,6.07767291901838e-193,"4","ENSG00000268119"
8.91883110225007e-197,1.95125911553055,0.505,0.051,1.268436159362e-192,"4","SYNJ2"
1.13325644924341e-196,2.44475926259957,0.409,0.031,1.61171732211397e-192,"4","LRRC45"
1.17142039822628e-196,2.42512184629759,0.846,0.17,1.66599409035742e-192,"4","WARS1"
1.41256696032002e-196,1.67177455652731,0.735,0.114,2.00895273096713e-192,"4","BLVRA"
3.37857681135318e-196,2.7375755333663,0.382,0.026,4.80501194110649e-192,"4","H2BC11"
3.69292384967033e-196,2.04219232503277,0.556,0.065,5.25207629900114e-192,"4","STARD4"
3.97234000316578e-196,2.2362339520539,0.98,0.43,5.64946195250237e-192,"4","ALYREF"
4.9490096369411e-196,1.12182380847481,0.998,0.997,7.03848150565763e-192,"4","PPIA"
7.72978831352756e-196,2.57847482489847,0.561,0.07,1.09933049394989e-191,"4","MT1E"
9.60625060730004e-196,2.47481697417659,0.936,0.287,1.36620096137021e-191,"4","TPM4"
1.18569516574168e-195,1.42939977154331,0.623,0.079,1.68629566471782e-191,"4","WRAP53"
3.35480877789684e-195,1.69056315976842,0.998,0.999,4.77120904392488e-191,"4","PFN1"
3.44653531419673e-195,2.15504613026404,0.811,0.15,4.9016625238506e-191,"4","MYO1G"
3.54630380291008e-195,1.6666728930585,0.99,0.834,5.04355326849871e-191,"4","COX8A"
6.73269698337468e-195,1.78620205431554,0.674,0.097,9.57524164975547e-191,"4","LMNB2"
7.34965108504387e-195,2.04944216647285,0.922,0.228,1.04526737731494e-190,"4","CD38"
8.35254902815549e-195,1.85254799084511,0.39,0.027,1.18789952278427e-190,"4","DCLRE1B"
1.52062665796289e-194,1.74910448808513,0.86,0.16,2.16263523295482e-190,"4","PRIM2"
1.71521991627582e-194,4.60296576220454,0.267,0.008,2.43938576492748e-190,"4","DUSP5"
4.80056410931874e-194,3.20174053199055,0.517,0.058,6.82736227627311e-190,"4","H2AC8"
7.12990687147936e-194,1.82790956203679,0.738,0.12,1.01401535526179e-189,"4","NIBAN1"
9.94739086330528e-194,1.88325068969896,0.885,0.188,1.41471792857928e-189,"4","EIF4EBP1"
1.03147480679168e-193,1.55325679217338,0.659,0.092,1.46696347021912e-189,"4","WSB2"
1.20196625996445e-193,2.13253202193097,0.586,0.075,1.70943641492144e-189,"4","RAB13"
1.35329620585635e-193,3.18880376487067,0.287,0.011,1.9246578639689e-189,"4","H2BC13"
1.6068860718909e-193,1.81772687732993,0.902,0.19,2.28531337144324e-189,"4","NABP2"
2.25796541394808e-193,1.8538418760486,0.463,0.043,3.21127841171695e-189,"4","NAGA"
3.63056441117206e-193,4.08412471435575,0.336,0.019,5.16338870556891e-189,"4","CCDC200"
4.8887584784901e-193,1.45731681515337,0.743,0.118,6.95279230810862e-189,"4","CTSZ"
1.38658892432541e-192,2.05804714818677,0.873,0.183,1.9720067681756e-188,"4","NCAPD3"
1.63920328119877e-192,2.97685602745622,0.338,0.019,2.33127490652089e-188,"4","C17orf58"
3.09586631600484e-192,1.98844082316476,0.559,0.066,4.40294107462208e-188,"4","DOT1L"
1.26506971282716e-191,2.0150600365561,0.919,0.223,1.79918214558279e-187,"4","EBP"
4.89349590275919e-191,1.90038069095146,0.828,0.161,6.95952987290412e-187,"4","ITGB3BP"
6.31093731424837e-191,1.85261898403471,0.858,0.168,8.97541504832403e-187,"4","G6PD"
1.10306937623301e-190,1.75092540207521,0.488,0.049,1.56878526687859e-186,"4","RCCD1"
9.15530565402001e-190,1.97462014551788,0.532,0.06,1.30206757011473e-185,"4","NACC1"
1.23635552764329e-189,2.19303177831212,0.463,0.045,1.75834483141429e-185,"4","SRGAP2"
1.50604318811341e-189,1.76977861412273,0.527,0.058,2.14189462213489e-185,"4","SRR"
1.53039493794532e-189,2.51341086259067,0.706,0.121,2.17652768074583e-185,"4","TNIP3"
2.39405151154479e-189,1.74788530061146,0.645,0.091,3.404820059719e-185,"4","BAG2"
2.75015841537688e-189,1.89384109536211,0.816,0.151,3.91127529834901e-185,"4","DDB2"
4.80450007296051e-189,1.94463006838996,0.404,0.032,6.83296000376443e-185,"4","ENSG00000291130"
5.31756028464333e-189,1.99217519668656,0.446,0.04,7.56263423681975e-185,"4","ITPRIPL1"
1.98308871404303e-188,1.92048345485667,0.385,0.028,2.820348769112e-184,"4","KHDC1"
2.64476267220664e-188,2.21570586275323,0.495,0.052,3.76138147241228e-184,"4","FASN"
6.5829422875271e-188,1.87069960300927,0.794,0.143,9.36226052132105e-184,"4","CDCA4"
7.60210142708367e-188,2.4810462949328,0.618,0.089,1.08117086495984e-183,"4","FBXO5"
8.84678489046111e-188,2.61603066164103,0.446,0.042,1.25818974712138e-183,"4","GRK3"
1.05243434265454e-187,3.3625868532096,0.353,0.023,1.49677212212328e-183,"4","DIXDC1"
1.43152326571278e-187,2.05757687813078,0.544,0.065,2.03591238849672e-183,"4","GNGT2"
1.53570989094069e-187,2.87653410419957,0.988,0.741,2.18408660689585e-183,"4","TUBB"
1.90350054007417e-187,2.8202507859039,0.6,0.085,2.70715846809349e-183,"4","MIR155HG"
3.41719433895385e-187,1.81890643395684,0.6,0.078,4.85993378886017e-183,"4","SPDL1"
1.03044237369747e-186,3.63059251094239,0.365,0.026,1.46549514387254e-182,"4","PHLDA1"
1.03288964606504e-186,2.68366285892077,0.975,0.538,1.4689756546337e-182,"4","DUT"
1.96703349306727e-186,2.12815984836731,0.985,0.853,2.79751503384027e-182,"4","H2AZ1"
2.58471554028382e-186,2.26708166591144,0.466,0.046,3.67598244139165e-182,"4","SESTD1"
2.75442594210079e-186,1.86922393295852,0.811,0.151,3.91734457485574e-182,"4","RMI2"
3.14583239199562e-186,1.59627356974415,0.855,0.166,4.47400282789617e-182,"4","SNX10"
3.8109725963182e-186,2.21480235778637,0.578,0.076,5.41996522648375e-182,"4","ENSG00000235978"
7.84406103383538e-186,1.5957525295423,0.708,0.113,1.11558236023207e-181,"4","EVA1B"
1.75513505450353e-185,1.87528565109601,0.691,0.105,2.49615307451492e-181,"4","NCAPH2"
2.20137642943943e-185,1.45207239688078,0.696,0.107,3.13079755794876e-181,"4","AKIP1"
3.81965562465091e-185,1.78101575931258,0.586,0.076,5.43231422937852e-181,"4","TSPAN4"
5.17487582040817e-185,2.19653355351965,0.336,0.02,7.3597083917845e-181,"4","NET1"
9.18936787181643e-185,1.89605934653593,0.88,0.199,1.30691189872973e-180,"4","YEATS4"
2.13972430491718e-184,2.40217802011091,0.917,0.297,3.04311590645321e-180,"4","MCM7"
1.07168593350355e-183,1.36348808125517,0.701,0.109,1.52415173462875e-179,"4","SAP30"
1.15816455362006e-183,2.37723717053501,0.377,0.028,1.64714162815845e-179,"4","TOGARAM2"
1.23959622744723e-183,3.81580572388037,0.277,0.011,1.76295375467545e-179,"4","KCNK5"
2.8233669964597e-183,1.70711220273212,0.998,1,4.01539254236498e-179,"4","ACTB"
2.89902433511218e-183,1.57538677962241,0.627,0.087,4.12299240939654e-179,"4","GALE"
7.23344780185123e-183,1.56450463804576,0.811,0.15,1.02874094637928e-178,"4","HNRNPLL"
7.67056798420452e-183,1.90747224613109,0.733,0.126,1.09090817871357e-178,"4","SMCO4"
1.74920131956932e-182,1.71508799658017,0.493,0.053,2.48771411669148e-178,"4","TXNDC5"
2.1963403819466e-182,1.88135890571338,0.895,0.201,3.12363529120445e-178,"4","ATP1B3"
2.22974104154243e-182,1.85062135422916,0.821,0.16,3.17113770928164e-178,"4","PSMG1"
3.944126790706e-182,2.05259420652989,0.951,0.276,5.60933712174207e-178,"4","CBX5"
5.31650207480766e-182,1.53542955018558,0.877,0.177,7.56112925079146e-178,"4","DOK2"
1.5422340280894e-181,1.74590386056381,0.9,0.19,2.19336523474874e-177,"4","OXCT1"
1.58992180616633e-181,1.75864382287573,0.488,0.053,2.26118679272975e-177,"4","KIF21A"
2.25959961466706e-181,1.91543521277822,0.708,0.117,3.21360257197949e-177,"4","DGKH"
2.51663875289592e-181,3.14957885465242,0.25,0.008,3.57916363436858e-177,"4","LRRC20"
3.72858794704413e-181,1.31094418569725,0.993,0.99,5.30279777828616e-177,"4","CFL1"
4.35598391425307e-181,1.38657520391948,0.701,0.107,6.19508032285072e-177,"4","HAUS8"
4.69574236741933e-181,2.85103028408231,0.324,0.019,6.67828479494377e-177,"4","GFOD1"
1.21435416997446e-180,2.14205047521147,0.6,0.087,1.72705450053768e-176,"4","LAYN"
1.54599493366291e-180,1.52727447402529,0.988,0.902,2.1987139946554e-176,"4","RAN"
2.3923810637417e-180,2.25179693380587,0.963,0.397,3.40244434885345e-176,"4","ANP32E"
1.40622330569869e-179,1.63193763942679,0.703,0.113,1.99993078536468e-175,"4","ZNF714"
1.47145009112803e-179,2.85482131867451,0.314,0.018,2.09269631960229e-175,"4","SPIRE1"
1.8746689948986e-179,2.9731965922271,0.475,0.054,2.66615424454479e-175,"4","TIMD4"
3.56550413801114e-179,1.59478821128115,0.99,0.856,5.07085998507944e-175,"4","SLC25A5"
3.63161217249431e-179,2.98061099038708,0.439,0.043,5.16487883172141e-175,"4","H2BC7"
4.64725186119894e-179,1.98282328183869,0.434,0.042,6.60932159699713e-175,"4","ENSG00000290922"
6.28114384897714e-179,2.01263141530934,0.936,0.249,8.93304278201529e-175,"4","SMS"
6.62009002805748e-179,1.48212732457852,0.784,0.138,9.41509203790335e-175,"4","MPDU1"
1.08447817854561e-178,2.22623364111564,0.586,0.084,1.54234486552757e-174,"4","SRGAP3"
2.02678606845646e-178,2.55331065255661,0.333,0.021,2.88249514655878e-174,"4","DBF4B"
2.51544697468533e-178,2.80296667605126,0.331,0.021,3.57746868739747e-174,"4","TGFBR3L"
3.84253349396585e-178,1.80017066374536,0.453,0.045,5.46485113511823e-174,"4","SPATS2L"
8.99032383624627e-178,2.78179917313493,0.424,0.04,1.27860385599094e-173,"4","BATF3"
9.98212699323883e-178,1.76843354993155,0.537,0.066,1.41965810097843e-173,"4","GK"
1.06471185356892e-177,1.61181648532574,0.48,0.051,1.51423319814572e-173,"4","KATNB1"
1.42546868087342e-177,1.98010789171486,0.951,0.286,2.02730155793818e-173,"4","PTPN7"
2.58533865744337e-177,2.43191505502159,0.674,0.121,3.67686863861596e-173,"4","UNG"
3.21258773889992e-177,1.53333047886691,0.718,0.119,4.56894228226347e-173,"4","GOT1"
9.66037157974823e-177,1.95594072022212,0.988,0.512,1.37389804607179e-172,"4","GSTO1"
1.07496924430435e-176,2.13653487930698,0.463,0.049,1.52882125924964e-172,"4","EXTL2"
1.36926137042274e-176,1.90551655939925,0.961,0.305,1.94736352101522e-172,"4","YWHAH"
2.28322820210078e-176,1.90233625675585,0.647,0.101,3.24720714902772e-172,"4","MCTP2"
2.47351527205674e-176,2.76171323088233,0.311,0.018,3.51783341991909e-172,"4","HPDL"
4.16174082784802e-176,1.41405881387007,0.49,0.054,5.91882780536546e-172,"4","NUDT15"
4.39205243065285e-176,1.47237136197678,0.591,0.08,6.24637696687449e-172,"4","OGG1"
4.40401486998453e-176,1.7806365350824,0.993,0.952,6.263389948092e-172,"4","ACTG1"
5.065191976696e-176,2.36430217816206,0.444,0.045,7.20371602925705e-172,"4","SCD"
1.20380396036837e-175,1.80789090169383,0.782,0.151,1.7120499924359e-171,"4","CCDC18"
1.57947694596496e-175,2.07187877820748,0.745,0.138,2.24633211255137e-171,"4","SQLE"
1.80844175825886e-175,1.40893013026298,0.478,0.051,2.57196586859576e-171,"4","FANCB"
2.05590375769244e-175,1.7091158242268,0.794,0.151,2.92390632419019e-171,"4","CCDC28B"
2.27273660348215e-175,1.96351100064983,0.627,0.096,3.23228599747231e-171,"4","CCDC50"
2.28887419347782e-175,1.99577001727232,0.556,0.074,3.25523687796415e-171,"4","IL12RB2"
3.85961063522865e-175,2.12130587375691,0.461,0.049,5.48913824542219e-171,"4","GALNT6"
4.34997566667882e-175,1.95740497761194,0.444,0.044,6.18653539315062e-171,"4","SLC35F2"
4.55316313345073e-175,1.38228255141036,0.613,0.087,6.47550860839363e-171,"4","LXN"
6.12385204956761e-175,1.88674395116088,0.868,0.195,8.70934238489505e-171,"4","AHCY"
6.92304722351939e-175,1.50491087159165,0.701,0.114,9.84595776128928e-171,"4","PDXP"
7.15480356771672e-175,2.0908872855314,0.951,0.35,1.01755616340067e-170,"4","CARHSP1"
2.38076426392092e-174,3.36612825174875,0.301,0.017,3.38592293614833e-170,"4","C3orf14"
2.84828559546476e-174,1.73753561684568,0.549,0.071,4.05083177386998e-170,"4","FHOD1"
3.57566540524355e-174,3.83353052448128,0.341,0.024,5.08531133933738e-170,"4","H4C6"
4.96565378923632e-174,2.06183591977085,0.973,0.514,7.06215281905189e-170,"4","TXN"
5.91683557857825e-174,1.47125699695674,0.99,0.874,8.41492355985399e-170,"4","ATP5MC3"
5.9242719560668e-174,1.76498102971177,0.5,0.058,8.42549957591821e-170,"4","LRP8"
6.25397980668309e-174,2.01360252392456,0.988,0.598,8.89441008106468e-170,"4","PGAM1"
6.88096640550667e-174,1.84523185417079,0.51,0.06,9.78611042191158e-170,"4","ATAD3A"
7.35695142618478e-174,2.58344228898864,0.414,0.038,1.046305631832e-169,"4","SLC7A5"
1.1630312612375e-173,1.70179146917565,0.583,0.081,1.65406305973197e-169,"4","LIMK1"
2.95975684448867e-173,1.70039103471503,0.498,0.058,4.20936618423179e-169,"4","NUDT8"
4.3688844205112e-173,2.21984527516347,0.99,0.755,6.21342742285103e-169,"4","COTL1"
6.90772793598776e-173,2.97620189272339,0.275,0.012,9.8241706705618e-169,"4","MESP1"
1.46457521701066e-172,1.48285800881913,0.75,0.133,2.08291887363256e-168,"4","ASL"
1.62338456267352e-172,1.39087022723345,0.63,0.095,2.30877752503428e-168,"4","ANXA4"
1.78697192742583e-172,2.01410436500171,0.588,0.086,2.54143147518502e-168,"4","CDKN2C"
1.81993134671947e-172,3.65560208266852,0.36,0.029,2.58830636130443e-168,"4","LAIR2"
2.00298833598546e-172,1.93588541574104,0.939,0.268,2.84865001143853e-168,"4","CCDC167"
2.19809643571494e-172,1.66061373962618,0.892,0.195,3.12613275087378e-168,"4","CSRP1"
7.98033391927475e-172,1.34690938667437,0.662,0.104,1.13496308999925e-167,"4","CTNNBIP1"
1.74156911832344e-171,1.33204401867523,0.569,0.076,2.4768596000796e-167,"4","CDC7"
1.79366781941001e-171,4.01908732969786,0.279,0.014,2.55095437276491e-167,"4","ITGA2"
2.40410848965871e-171,1.54051919840941,0.667,0.106,3.41912309399262e-167,"4","AGPAT2"
4.18031732033817e-171,1.41608139566656,0.625,0.093,5.94524729298494e-167,"4","PEA15"
5.12082649215362e-171,2.40199555749834,0.591,0.09,7.28283943714088e-167,"4","CTLA4"
9.41742142351904e-171,2.59276728214223,0.424,0.042,1.33934567485288e-166,"4","SERPINE2"
1.38758730944437e-170,1.68650191456567,0.608,0.09,1.97342667149178e-166,"4","LINC00539"
1.5408481423952e-170,1.8295445618422,0.64,0.1,2.19139422811445e-166,"4","BCL2L1"
2.35627636430454e-170,1.29669903497398,0.699,0.115,3.35109624531391e-166,"4","DHRS7B"
5.1441776900513e-170,1.91527214270516,0.483,0.056,7.31604951079096e-166,"4","GCNT1"
7.23714864291816e-170,1.72867885606867,0.88,0.204,1.02926727999582e-165,"4","IFI27L2"
1.69578704410961e-169,1.68187568138444,0.87,0.19,2.41174833413268e-165,"4","HAUS4"
2.57695251700084e-169,1.99032279926478,0.983,0.509,3.6649418696786e-165,"4","RANBP1"
2.79535776835018e-169,1.49945980676031,0.591,0.084,3.97555781814762e-165,"4","REEP4"
5.54504774738433e-169,2.01376148194021,0.917,0.275,7.88616690632999e-165,"4","DNAJC9"
7.03840024192159e-169,1.43999136531783,0.998,0.922,1.00100128240609e-164,"4","CORO1A"
8.81654495838524e-169,2.88438046084944,0.262,0.011,1.25388902398155e-164,"4","RIBC2"
1.51982362283522e-168,1.48302208730647,0.65,0.102,2.16149315639626e-164,"4","AP1B1"
3.49690219350351e-168,1.829706086638,0.429,0.043,4.97329429960069e-164,"4","KATNAL1"
3.83519671422096e-168,1.96510266761232,0.904,0.229,5.45441676696504e-164,"4","ACAT2"
7.81194765612911e-168,1.56237983561845,0.569,0.077,1.11101519565468e-163,"4","APOO"
9.49797572415148e-168,1.40019385377592,0.488,0.056,1.35080210748882e-163,"4","FIGNL1"
1.04033893946452e-167,1.49877939358416,0.784,0.148,1.47957003970644e-163,"4","HCFC1"
1.43164090461126e-167,2.28327714412859,0.461,0.052,2.03607969453814e-163,"4","TOX2"
2.98140062116053e-167,1.65775481536164,0.765,0.147,4.2401479634145e-163,"4","RRBP1"
3.33181009991862e-167,1.72446056688766,0.507,0.064,4.73850032410426e-163,"4","MZB1"
9.91039175877805e-167,1.80205057324928,0.936,0.244,1.40945591593341e-162,"4","BOLA3"
1.26008169889474e-166,1.92404857923731,0.395,0.036,1.79208819216811e-162,"4","FANCC"
3.03753864890613e-166,1.38073419455858,0.995,0.985,4.3199874664743e-162,"4","HMGB1"
3.0849337415601e-166,1.43116800765186,0.711,0.123,4.38739276724677e-162,"4","USB1"
1.26404500138702e-165,1.61468794368903,0.493,0.059,1.79772480097261e-161,"4","OAS3"
1.28044014141597e-165,1.52082948946111,0.826,0.164,1.82104196912179e-161,"4","AGK"
1.4396220476083e-165,1.97774771018628,0.929,0.255,2.04743047610852e-161,"4","MTHFD2"
3.78463655272848e-165,1.55028384906794,0.48,0.056,5.38251010529045e-161,"4","CRAT"
4.39633669317973e-165,1.84543497577762,0.473,0.055,6.25247004504021e-161,"4","FDXR"
4.5956850431324e-165,1.87476108238063,0.358,0.028,6.5359832683429e-161,"4","FAM161A"
5.45922199404913e-165,1.40717262546411,0.51,0.063,7.76410551993667e-161,"4","DARS2"
8.07766835335726e-165,1.50953625398706,0.564,0.079,1.14880599321447e-160,"4","TMED8"
9.97752292639452e-165,1.39660464901139,0.485,0.057,1.41900331059183e-160,"4","C11orf24"
1.10405233263182e-164,1.44312621229088,0.988,0.731,1.57018322746898e-160,"4","COX5A"
1.20040064022163e-164,1.80903435229676,0.978,0.547,1.70720979052321e-160,"4","SNRPD1"
1.94557874487261e-164,1.51637471979924,0.801,0.157,2.76700209095782e-160,"4","NUP62"
2.92195318365507e-164,1.67194517933137,0.738,0.137,4.15560181779424e-160,"4","ATP2A3"
5.69257389351492e-164,1.60624877610086,0.877,0.193,8.09597859135692e-160,"4","NUP37"
6.52380772578973e-164,1.69126232963038,0.571,0.083,9.27815934761815e-160,"4","MGST2"
7.65574379362288e-164,1.58832097333239,0.978,0.7,1.08879988232905e-159,"4","DBI"
8.63804145178657e-164,1.82066993635951,0.951,0.288,1.22850225527309e-159,"4","NUDT1"
1.3528776063815e-163,2.63187877920886,0.409,0.041,1.92406253179577e-159,"4","NTRK1"
1.57886175161966e-163,1.4476453136825,0.985,0.786,2.24545718315347e-159,"4","SNRPB"
2.03967450012277e-163,5.03751924465854,0.319,0.023,2.9008250740746e-159,"4","IFNG"
2.7778049660635e-163,1.57343698830448,0.855,0.183,3.95059422273551e-159,"4","MCUR1"
7.00958876522509e-163,1.34738968826357,0.5,0.061,9.96903714190313e-159,"4","LIN9"
8.64103180146194e-163,2.95102308153741,0.321,0.023,1.22892754280392e-158,"4","HACD1"
1.14053849103999e-162,2.40869485750589,0.483,0.061,1.62207384195707e-158,"4","LAPTM4B"
2.53241242135331e-162,2.14437194440469,0.331,0.024,3.60159694564868e-158,"4","ZNF90"
7.03119469826272e-162,1.46694474801306,0.456,0.051,9.99976509986923e-158,"4","MTBP"
7.42496365692622e-162,1.42296827794039,0.998,0.876,1.05597833128805e-157,"4","TPI1"
7.83843728318251e-162,1.5459590008876,0.828,0.171,1.11478255041422e-157,"4","LRRC59"
1.00611151081186e-161,1.22641922009191,0.752,0.133,1.43089179067663e-157,"4","SASS6"
1.07029880077348e-161,1.55361829498967,0.6,0.091,1.52217895446005e-157,"4","TRAF4"
1.58072708622442e-161,1.60282441755372,0.708,0.129,2.24811006202838e-157,"4","SLC39A8"
1.89442078541652e-161,2.62055435069809,0.368,0.032,2.69424524101937e-157,"4","NQO1"
2.12604830656214e-161,2.20305156011853,0.828,0.201,3.02366590159268e-157,"4","KCNQ5"
3.65394893889133e-161,2.04156296195496,0.341,0.026,5.19664618089125e-157,"4","DPYSL2"
7.53578202173561e-161,1.436446038719,0.76,0.142,1.07173891913124e-156,"4","MLH1"
1.98608603944826e-160,1.3738182655176,0.789,0.16,2.82461156530332e-156,"4","CD58"
2.65477874256758e-160,1.16589100020209,0.632,0.099,3.77562632767962e-156,"4","GMPPB"
2.97677111025071e-160,1.34616372326712,0.745,0.138,4.23356387299855e-156,"4","SPTSSA"
1.29714005586797e-159,1.4093629607892,0.569,0.083,1.84479258745543e-155,"4","RAD51D"
1.92482217297091e-159,3.0099281438709,0.38,0.036,2.73748209439922e-155,"4","PDCD1"
1.9509580420277e-159,1.6751587500985,0.88,0.209,2.77465252737179e-155,"4","BCL2L12"
7.74758881436029e-159,1.75878564569655,0.627,0.104,1.10186208117832e-154,"4","FGGY"
2.24176500315621e-158,1.40975440113836,0.711,0.125,3.18823818748877e-154,"4","CTPS1"
2.55185966218914e-158,1.48885331285811,0.787,0.159,3.62925481156539e-154,"4","ACAT1"
2.59409853372384e-158,1.32304998936121,0.61,0.096,3.68932693466204e-154,"4","CEP57L1"
3.37239092064819e-158,1.29890089845304,0.549,0.077,4.79621436734585e-154,"4","ENSG00000284634"
4.06089996942478e-158,1.65781995993653,0.838,0.191,5.77541193651592e-154,"4","CD151"
1.39732090761626e-157,1.53495404821289,0.574,0.085,1.98726979481185e-153,"4","ERI1"
2.89803468102506e-157,2.59061487540641,0.488,0.066,4.12158492335384e-153,"4","FGFR1"
3.70733710520981e-157,2.04550175037471,0.444,0.051,5.27257483102939e-153,"4","IL18R1"
4.36340165674879e-157,1.9204261509596,0.863,0.22,6.20562983622813e-153,"4","KIF22"
4.98023587751361e-157,1.29346299474182,0.571,0.083,7.08289146499986e-153,"4","GUCD1"
5.50517470743988e-157,1.35773317454235,0.623,0.1,7.82945946892099e-153,"4","MYO19"
8.07075000431063e-157,1.1215851002397,0.605,0.093,1.14782206561306e-152,"4","CYB561A3"
9.20823878788657e-157,1.24147552088455,0.561,0.079,1.30959572041323e-152,"4","CENPQ"
1.01734904277169e-156,1.54158084903127,0.681,0.123,1.4468738086299e-152,"4","SLAMF1"
1.63861156719576e-156,1.43488926070275,0.809,0.165,2.33043337086581e-152,"4","RNPEP"
1.68706707036675e-156,1.405286069448,0.988,0.781,2.39934678747559e-152,"4","SNRPG"
1.81994439393816e-156,2.09474732791788,0.358,0.031,2.58832491705886e-152,"4","AIFM2"
2.22017101472398e-156,2.04856076558053,0.397,0.04,3.15752721714045e-152,"4","ENO3"
3.20070191155143e-156,1.34167686485345,0.809,0.161,4.55203825860844e-152,"4","DERA"
6.00475590162815e-156,1.30582099695299,0.439,0.049,8.53996384329556e-152,"4","COQ3"
6.07486235242925e-156,2.49495772098633,0.331,0.026,8.63966923762487e-152,"4","IL9R"
7.56765158105159e-156,2.24311053840903,0.252,0.012,1.07627140785716e-151,"4","OMD"
8.01632990631263e-156,3.41333606189304,0.297,0.02,1.14008243927578e-151,"4","CSF1"
1.21812838287563e-155,1.69571864741857,0.929,0.252,1.73242218612572e-151,"4","COMMD4"
1.45029416798134e-155,2.33164438426631,0.39,0.039,2.06260836570306e-151,"4","TP53I3"
2.13076826697297e-155,2.61487163514806,0.338,0.028,3.03037862928896e-151,"4","PRDM1"
3.3121809822641e-155,1.35890600151049,0.65,0.11,4.710583792976e-151,"4","PPCDC"
4.20901296440628e-155,1.42852523332667,0.853,0.184,5.98605823797861e-151,"4","PMVK"
4.30419899803538e-155,1.50881118072914,0.782,0.156,6.12143181500591e-151,"4","RANGAP1"
9.72943486971802e-155,1.73373632778024,0.907,0.246,1.3837202271713e-150,"4","ACTN4"
1.22088404815159e-154,1.26691616658653,0.539,0.075,1.73634129328119e-150,"4","TOE1"
2.09278216115616e-154,1.98243848325869,0.988,0.82,2.9763547895963e-150,"4","HMGN2"
2.24010533666631e-154,2.91083071536149,0.252,0.012,3.18587780980683e-150,"4","SORT1"
2.63511855181177e-154,1.87563920538603,0.451,0.054,3.7476656043867e-150,"4","GRAMD1B"
3.52136310440749e-154,1.26234605998087,0.672,0.117,5.00808260708833e-150,"4","MSRB1"
3.77157676050505e-154,1.39177371455468,0.811,0.17,5.36393646879029e-150,"4","RBL1"
4.01851551211048e-154,1.61114626112536,0.363,0.032,5.71513276132352e-150,"4","EOGT"
4.89093873429926e-154,1.51376260912411,0.877,0.201,6.95589306792041e-150,"4","FH"
1.26883388887332e-153,1.39184297022878,0.765,0.151,1.80453555675564e-149,"4","SCLY"
1.47748807374472e-153,1.53171571420343,0.627,0.106,2.10128353847975e-149,"4","INPP1"
1.81419478278978e-153,1.69507911780605,0.424,0.047,2.58014782008362e-149,"4","HMGN5"
2.02980808175625e-153,1.49791290767252,0.738,0.144,2.88679305387374e-149,"4","MAPKAPK3"
2.9153017035475e-153,2.21587152843236,0.505,0.072,4.14614208278525e-149,"4","FXYD2"
4.27820809965663e-153,1.36734037670729,0.694,0.125,6.08446755933165e-149,"4","APEX2"
9.00067821522441e-153,1.90772812291306,0.703,0.14,1.28007645576922e-148,"4","RFLNB"
1.25129148407015e-152,3.06926143403238,0.363,0.035,1.77958674864457e-148,"4","NAPSA"
1.51711910425672e-152,1.53157267226471,0.828,0.183,2.15764679007391e-148,"4","COMTD1"
2.16930082929729e-152,1.63575643024483,0.63,0.107,3.0851796394266e-148,"4","HYCC1"
3.02136437162981e-152,3.54050823770021,0.267,0.015,4.29698440933191e-148,"4","RFX8"
3.4619467449186e-152,1.85931219354937,0.922,0.281,4.92358066062323e-148,"4","ID3"
4.06299712869166e-152,1.6372400326753,0.412,0.044,5.77839451642528e-148,"4","L2HGDH"
4.18375059588643e-152,1.64919616540677,0.98,0.571,5.95013009746969e-148,"4","CALM3"
5.21360161111132e-152,1.94283476213686,0.98,0.592,7.41478421132252e-148,"4","HNRNPAB"
7.76228474048832e-152,2.93592448218753,0.316,0.025,1.10395213579225e-147,"4","LINC03062"
1.94952801377881e-151,1.54119575555876,0.926,0.241,2.77261874119623e-147,"4","HAUS1"
3.31072612428063e-151,1.37816735051733,0.689,0.127,4.70851469395191e-147,"4","PHTF1"
3.5650736990005e-151,1.60498933575661,0.397,0.041,5.07024781471852e-147,"4","CCDC15"
3.7792195788797e-151,1.97541598459285,0.324,0.026,5.3748060850827e-147,"4","ST7"
1.4444982670884e-150,1.84585091476703,0.304,0.022,2.05436543545312e-146,"4","FAAP24"
2.42446558670707e-150,1.59841069757898,0.975,0.763,3.4480749574148e-146,"4","H2AZ2"
2.7885072455687e-150,1.31327909321203,0.549,0.082,3.96581500464781e-146,"4","PTPN9"
4.47732574440963e-150,4.06854996238045,0.282,0.019,6.36765267369938e-146,"4","PIP5K1B"
6.00005711414256e-150,1.4430852663429,0.51,0.07,8.53328122773355e-146,"4","ABHD5"
6.06404378692127e-150,1.60230300804713,0.544,0.082,8.62428307375943e-146,"4","TBX21"
6.53745228910317e-150,1.44011625796414,0.429,0.049,9.29756464556253e-146,"4","SLFN13"
6.5755948167988e-150,1.17029619592534,0.995,0.981,9.35181094845125e-146,"4","HNRNPA2B1"
7.15917081411963e-150,1.80669046873765,0.404,0.044,1.01817727318409e-145,"4","CHEK2"
1.60757272955282e-149,1.72996507942418,0.811,0.187,2.28628993597002e-145,"4","ARL3"
2.11760742640891e-149,1.76386946442841,0.931,0.28,3.01166128183875e-145,"4","SSRP1"
4.98965603733006e-149,1.40384770926068,0.887,0.21,7.09628881629081e-145,"4","HADH"
5.80727533598264e-149,1.26505909415553,0.735,0.143,8.25910698283451e-145,"4","CEP295"
6.72641459305922e-149,1.50371640140543,0.804,0.18,9.56630683424882e-145,"4","HLA-DMA"
7.43244410680551e-149,1.66977406838484,0.956,0.272,1.05704220086988e-144,"4","LIMS1"
1.04103781854823e-148,1.63935018937499,0.765,0.159,1.4805639855393e-144,"4","MAP2K3"
1.42302731551865e-148,1.64908714917575,0.456,0.057,2.02382944813062e-144,"4","LINC00888"
2.82170855174319e-148,1.19089569045956,0.529,0.076,4.01303390228916e-144,"4","TOP3A"
4.44790369311867e-148,1.27554202325055,0.529,0.076,6.32580863235337e-144,"4","HAUS5"
6.55601902722569e-148,0.806691291241095,0.449,0.056,9.32397026052038e-144,"4","IFI30"
7.12193704526414e-148,1.40432209465653,0.608,0.101,1.01288188657747e-143,"4","TIMM8A"
7.31028642027402e-148,2.09988673963758,0.934,0.355,1.03966893469137e-143,"4","NME1"
7.51901767614933e-148,1.13428184843932,0.65,0.111,1.06935469390196e-143,"4","NUP155"
8.16864385933107e-148,1.84281290392706,0.973,0.445,1.16174452967407e-143,"4","JPT1"
9.29571859335612e-148,1.52270741687678,0.816,0.179,1.32203709834711e-143,"4","GOT2"
1.09374359502877e-147,1.32254606575412,0.73,0.14,1.55552214084992e-143,"4","PPIF"
1.18435242292803e-147,2.839485211463,0.257,0.014,1.68438601588825e-143,"4","H4C9"
1.75107887089475e-147,1.61918274823393,0.691,0.133,2.49038437018652e-143,"4","SLC16A3"
1.92559173746393e-147,1.53133309587086,0.701,0.133,2.73857656902121e-143,"4","RHNO1"
4.95197986315178e-147,3.68806937811496,0.275,0.018,7.04270576137446e-143,"4","LINC01480"
4.97023119351499e-147,3.26693061318054,0.297,0.022,7.06866280341703e-143,"4","CLNK"
7.10903264996698e-147,1.31619724336529,0.63,0.107,1.0110466234783e-142,"4","AP2A1"
1.31749372908114e-146,1.21347423109875,0.502,0.069,1.87373958149919e-142,"4","SLC37A4"
1.8169566773063e-146,1.86575000283656,0.941,0.298,2.58407578646502e-142,"4","FLNA"
2.65874071621982e-146,1.45161250146986,0.603,0.102,3.78126104660782e-142,"4","GSTZ1"
2.82865393252695e-146,1.33244331683308,0.743,0.145,4.02291162283983e-142,"4","RCC1"
3.50889685559299e-146,1.6890364587161,0.975,0.541,4.99035310802436e-142,"4","NASP"
5.80419419339818e-146,1.03494530386911,0.931,0.274,8.25472498185089e-142,"4","NKG7"
7.308568180352e-146,1.61082342939902,0.539,0.083,1.03942456660966e-141,"4","SARS2"
8.15488773786634e-146,1.2845039070445,0.772,0.16,1.15978813407935e-141,"4","DYNLT2B"
8.94784606527168e-146,1.58927635599877,0.583,0.094,1.27256266740294e-141,"4","ARHGAP19"
1.31553599232316e-145,1.437407888979,0.978,0.8,1.870955288282e-141,"4","PARK7"
1.33867952782734e-145,1.57567686475182,0.603,0.103,1.90387002447604e-141,"4","LINC01572"
5.83090216128829e-145,1.73824515525014,0.956,0.44,8.29270905378421e-141,"4","IDH2"
1.20819793373858e-144,1.2797532396823,0.485,0.065,1.71829910136301e-140,"4","CENATAC-DT"
2.13916802970154e-144,1.68559733933719,0.966,0.326,3.04232477184154e-140,"4","APOBEC3G"
2.26117450222934e-144,2.49790893867213,0.309,0.025,3.21584237707057e-140,"4","IGFBP6"
2.8413332791618e-144,1.20847207215704,0.517,0.075,4.04094418962392e-140,"4","SPATA33"
3.00618880467938e-144,2.71262547801986,0.299,0.023,4.27540171801501e-140,"4","CRACR2B"
3.83420666850375e-144,2.38358666734712,0.919,0.337,5.45300872394603e-140,"4","UBE2S"
3.9146948182589e-144,1.32989988625068,0.696,0.133,5.56747897052781e-140,"4","HMBS"
4.77067650353145e-144,1.70454762344186,0.365,0.036,6.78485612332243e-140,"4","RNF135"
5.21924292534711e-144,1.42414479308141,0.995,0.905,7.42280728842866e-140,"4","ENO1"
5.42472410426575e-144,1.13696493356877,0.998,0.966,7.71504262108675e-140,"4","ARPC2"
6.68146170029436e-144,1.36336657545028,0.468,0.062,9.50237483015864e-140,"4","SLFN11"
7.72236055430879e-144,1.44339763786484,0.98,0.768,1.0982741180338e-139,"4","DEK"
9.76432421200847e-144,1.17652351309304,0.493,0.067,1.38868218943184e-139,"4","FANCM"
1.90415160137748e-143,1.21463384632845,0.578,0.094,2.70808440747905e-139,"4","ABHD2"
2.1431977726269e-143,1.53888238648141,0.412,0.047,3.04805587222998e-139,"4","SNX8"
3.57129984231657e-143,1.17413582721241,0.777,0.159,5.07910263574262e-139,"4","SLC35B1"
4.48512364842836e-143,1.27293709994311,0.978,0.774,6.37874285279482e-139,"4","GNG5"
4.65755912416277e-143,1.60532559724773,0.985,0.587,6.62398058638429e-139,"4","CLIC1"
4.75603326957575e-143,1.55149151710481,0.473,0.064,6.76403051599063e-139,"4","PCTP"
9.52803144994004e-143,1.73403960423497,0.961,0.35,1.35507663281047e-138,"4","APOBEC3C"
1.06952127636604e-142,1.48595521009303,0.824,0.191,1.52107315924778e-138,"4","GYG1"
1.18232953074999e-142,1.26963026894851,0.73,0.146,1.68150905863264e-138,"4","NANS"
1.19723598975347e-142,1.26249501842169,0.993,0.89,1.70270902462738e-138,"4","ARPC1B"
1.2673561181911e-142,1.54663944808922,0.375,0.039,1.80243387129138e-138,"4","PKP4"
1.31800166011991e-142,1.65655449118022,0.929,0.267,1.87446196102254e-138,"4","MRPL37"
1.53218919838256e-142,1.61633163950809,0.417,0.05,2.17907947793968e-138,"4","MCF2L2"
2.18715851397354e-142,1.57448340522095,0.917,0.251,3.11057683857316e-138,"4","PSMD14"
4.58206977343567e-142,1.43889861925793,0.48,0.066,6.51661963178022e-138,"4","LIMD1"
5.65903849285875e-142,2.03607118912716,0.304,0.024,8.04828454454371e-138,"4","ST3GAL4"
9.78292593353771e-142,1.50100395189936,0.368,0.037,1.39132772626773e-137,"4","ENSG00000233461"
9.98459612083146e-142,1.44844703630463,0.892,0.223,1.42000926030465e-137,"4","PGD"
1.3496536142767e-141,2.6922898521047,0.439,0.058,1.91947737022432e-137,"4","MYO1E"
1.94368705372885e-141,1.53389734731829,0.9,0.237,2.76431172781318e-137,"4","VRK1"
2.04063913945768e-141,1.41276521046744,0.402,0.046,2.90219698413671e-137,"4","SLC27A3"
2.49383527090465e-141,1.19537963450503,0.532,0.081,3.5467325222806e-137,"4","C9orf64"
2.58120551389428e-141,1.32870587115886,0.777,0.163,3.67099048186044e-137,"4","AKT1"
3.40509091663874e-141,1.11015112082639,1,0.988,4.84272030164361e-137,"4","MYL6"
3.92167449233776e-141,1.26988657049324,0.782,0.168,5.57740546300276e-137,"4","TOR3A"
4.94798051848696e-141,1.11951720807499,0.551,0.085,7.03701789339215e-137,"4","FBXO45"
5.00590570893776e-141,1.63681128398674,0.895,0.242,7.11939909925129e-137,"4","SAE1"
7.71807417207242e-141,1.45007206498613,0.434,0.054,1.09766450875214e-136,"4","C11orf80"
8.52235310480798e-141,1.12592079222539,0.608,0.103,1.21204905856579e-136,"4","FN3KRP"
8.83729306019453e-141,1.86189127667897,0.434,0.055,1.25683981902087e-136,"4","IKZF4"
1.06587400458426e-140,3.04192794562808,0.377,0.043,1.51588600931974e-136,"4","BMERB1"
1.23658921110588e-140,1.94289348531552,0.426,0.054,1.75867717603478e-136,"4","MICAL2"
1.94057957055807e-140,2.00082749247273,0.316,0.027,2.75989226524769e-136,"4","TLCD3A"
2.18634499499895e-140,1.27792034968643,0.505,0.073,3.10941985188751e-136,"4","TBC1D10B"
2.56257378936265e-140,1.42165059773405,0.422,0.052,3.64449244323156e-136,"4","LYN"
2.58306352625705e-140,1.73063892207122,0.301,0.024,3.67363294704278e-136,"4","HES6"
3.38525325788937e-140,1.07962337223698,0.691,0.134,4.81450718337027e-136,"4","MXRA7"
5.78616660547992e-140,2.06176021330443,0.275,0.019,8.22908614631355e-136,"4","H4C4"
5.80099803208762e-140,1.32976340554608,0.85,0.2,8.25017940123501e-136,"4","RDX"
5.83131009366292e-140,1.74508428348895,0.814,0.204,8.2932892152074e-136,"4","MSH6"
6.94452025208721e-140,2.0268285841024,0.392,0.045,9.87649670251843e-136,"4","NRROS"
1.01694244543735e-139,1.99317518272216,0.689,0.143,1.44629554590099e-135,"4","ENSG00000234961"
1.24947501397226e-139,1.35235968845893,0.6,0.103,1.77700336487135e-135,"4","PARP2"
1.40886112924881e-139,1.55118473868934,0.583,0.099,2.00368229801765e-135,"4","MTHFD1L"
1.48992559815513e-139,1.08674936666846,0.5,0.072,2.11897218569623e-135,"4","MPV17L2"
5.6186892101744e-139,1.49818533501466,0.831,0.199,7.99089979471003e-135,"4","IL2RB"
1.07304058951485e-138,1.68903749134964,0.39,0.044,1.52607832640802e-134,"4","GCAT"
1.31228591976454e-138,0.949203463566164,0.676,0.125,1.86633303508913e-134,"4","NUP205"
2.17760550607267e-138,2.08453212429371,0.355,0.036,3.09699055073655e-134,"4","PYCR1"
3.70021655029087e-138,0.901936765306005,0.527,0.081,5.26244797782367e-134,"4","TTC38"
4.20242318657312e-138,1.55109927898693,0.632,0.118,5.97668625594429e-134,"4","RGS3"
4.62534368463717e-138,1.83835586587698,0.441,0.058,6.57816378829098e-134,"4","SFXN2"
4.64120708061045e-138,1.53398598398774,0.971,0.521,6.60072471004418e-134,"4","PRDX3"
9.19209173699776e-138,2.92527034422136,0.314,0.028,1.30729928683582e-133,"4","HMOX1"
9.67746757982885e-138,1.30858942466075,0.723,0.147,1.37632943920326e-133,"4","UBR7"
1.09667772427447e-137,1.2644244243915,0.439,0.056,1.55969505946315e-133,"4","STK3"
2.1321811515756e-137,1.80671272829044,0.353,0.036,3.03238803377081e-133,"4","NUDT6"
2.85985570651587e-137,1.66553406396088,0.684,0.14,4.06728678580687e-133,"4","BCL2L11"
2.93382006585102e-137,1.19072191409592,0.436,0.056,4.17247889765332e-133,"4","GSTCD"
3.36571371430322e-137,1.61865529121229,0.417,0.052,4.78671804448203e-133,"4","ADAP1"
4.10913534059972e-137,1.15453514549408,0.701,0.139,5.84401228140093e-133,"4","CDK5"
5.22052750387417e-137,1.08585514138304,0.527,0.081,7.42463421600984e-133,"4","INTS7"
5.86994663424423e-137,1.60435772716942,0.978,0.489,8.34823810322214e-133,"4","VDAC1"
6.15762701654033e-137,1.26817115706623,0.627,0.112,8.75737714292366e-133,"4","CSTF2"
6.60191208265858e-137,1.35929948386759,0.662,0.128,9.38923936395703e-133,"4","ANKRD39"
8.5550019028004e-137,1.25538471823251,0.733,0.151,1.21669237061627e-132,"4","DPP9"
8.77794425772161e-137,1.33864593112114,0.792,0.175,1.24839923233317e-132,"4","HDGFL2"
1.08915452950437e-136,1.00683415303631,0.61,0.106,1.54899557186112e-132,"4","GPN2"
2.20450220147654e-136,1.48780111727936,0.498,0.073,3.13524303093994e-132,"4","VARS1"
2.34118110706684e-136,2.54624602553711,0.909,0.326,3.32962777047047e-132,"4","TUBB4B"
2.53988248725427e-136,1.51691924108921,0.966,0.519,3.61222087337303e-132,"4","SNRPF"
2.75097529039501e-136,1.87085165367894,0.828,0.216,3.91243705799978e-132,"4","CREM"
3.4047731021389e-136,1.10918128675646,0.495,0.072,4.84226830586195e-132,"4","FAIM"
3.64402672071137e-136,1.33824776720325,0.725,0.15,5.18253480219571e-132,"4","BTG3"
4.20197643026394e-136,1.36640032126468,0.478,0.067,5.97605087912137e-132,"4","COQ2"
5.12949878966821e-136,1.84111007069977,0.868,0.243,7.29517317866613e-132,"4","AHI1"
5.31517530227121e-136,1.60368217441455,0.672,0.136,7.55924231489011e-132,"4","CENPV"
8.82425579938297e-136,1.19095340928132,0.596,0.103,1.25498565978825e-131,"4","VKORC1L1"
1.89400012392906e-135,2.64852527215864,0.419,0.054,2.69364697625192e-131,"4","H2AC7"
2.3022532637659e-135,1.44773152557912,0.309,0.026,3.27426459172786e-131,"4","RHEBL1"
2.53632016681958e-135,1.62999647381701,0.434,0.057,3.60715454125081e-131,"4","RTN4IP1"
2.73378051362781e-135,1.63732593940273,0.446,0.061,3.88798264648148e-131,"4","AKAP5"
2.82601440448129e-135,1.43858595370554,0.912,0.249,4.01915768605329e-131,"4","RPL26L1"
2.8265404965766e-135,1.76851526753596,0.37,0.041,4.01990589423124e-131,"4","MCOLN2"
3.14668782883259e-135,2.10125833002532,0.37,0.041,4.47521943016571e-131,"4","FASLG"
4.67506765822149e-135,1.51711055056529,0.971,0.492,6.64888122352261e-131,"4","MACROH2A1"
4.67871822277354e-135,1.92399165658887,0.939,0.343,6.65407305642853e-131,"4","SH2D2A"
4.90137178086784e-135,1.06423117116257,0.618,0.111,6.97073094675025e-131,"4","CYSTM1"
5.38917261320547e-135,0.940553204903139,0.6,0.104,7.66448129050082e-131,"4","POLH"
6.82118539451753e-135,1.86341558508632,0.324,0.03,9.70108986808282e-131,"4","SRGAP2B"
8.7205101282782e-135,1.56678023300406,0.412,0.051,1.24023095044373e-130,"4","KCNK6"
9.13009093541847e-135,1.05342948606358,0.686,0.133,1.29848153283522e-130,"4","ZNF85"
9.35979629613018e-135,1.3314677259227,0.755,0.163,1.33115022923563e-130,"4","ACOT9"
1.46311630157841e-134,1.18834267780994,0.721,0.147,2.08084400410482e-130,"4","SGTA"
1.7502715243798e-134,1.69779079698366,0.419,0.053,2.48923616197295e-130,"4","SYNE3"
2.49606495411112e-134,2.77295083066436,0.255,0.017,3.54990357773683e-130,"4","ENSG00000269968"
3.31471173748814e-134,1.90920039486102,0.882,0.283,4.71418303305563e-130,"4","CD59"
4.60053758815303e-134,1.42593827531367,0.716,0.152,6.54288455787124e-130,"4","PLIN3"
5.15543346622763e-134,1.36276840873246,0.5,0.076,7.33205747566893e-130,"4","GIT1"
1.06516042975795e-133,1.17704449274473,0.794,0.179,1.51487116320175e-129,"4","GALK1"
1.29119576587678e-133,1.26130714833101,0.635,0.119,1.83633861822996e-129,"4","APOBEC3F"
1.51412564735787e-133,2.09326251391146,0.532,0.095,2.15338949567237e-129,"4","TIGIT"
1.71749901118587e-133,1.03364064247123,0.63,0.117,2.44262709370855e-129,"4","ATP23"
2.25093155948118e-133,1.17508688660282,0.757,0.161,3.20127486389413e-129,"4","TBK1"
2.54778408182389e-133,1.63794804345719,0.676,0.143,3.62345852116994e-129,"4","DBN1"
3.6179170485506e-133,1.97986909786918,0.426,0.057,5.14540162644866e-129,"4","PON2"
4.5165747643503e-133,1.98704221793837,0.368,0.041,6.42347262985899e-129,"4","PRDM8"
5.36935285298732e-133,0.912413012789574,0.684,0.134,7.63629362751856e-129,"4","C16orf87"
5.67635363857084e-133,1.05617051051819,0.983,0.914,8.07291014477544e-129,"4","COX6A1"
8.55195987144943e-133,1.76736234561794,0.495,0.076,1.21625973291754e-128,"4","GADD45A"
1.11403043244579e-132,1.37287814912317,0.449,0.062,1.5843740810244e-128,"4","SPRYD7"
1.15397192146539e-132,1.09644609990632,0.684,0.135,1.64117886670808e-128,"4","FBXL6"
2.32768876683704e-132,1.35797795255338,0.642,0.122,3.31043896419564e-128,"4","TRIOBP"
3.09682975445188e-132,1.17266141468877,0.826,0.191,4.40431127678147e-128,"4","GSS"
3.17383988987139e-132,1.36045976534338,0.466,0.066,4.51383509137509e-128,"4","SLC25A22"
4.147460003252e-132,1.26717953672695,0.495,0.075,5.89851761662499e-128,"4","LIMK2"
5.97989956081171e-132,1.24061593995141,0.98,0.745,8.50461315538641e-128,"4","PPP1CA"
7.20183486634387e-132,1.32571225706709,0.971,0.698,1.02424495469142e-127,"4","PSMA2"
7.36448733695424e-132,1.09534186193847,0.571,0.098,1.04737738906163e-127,"4","LRRC42"
8.83708059326324e-132,1.70795335961043,0.515,0.085,1.2568096019739e-127,"4","ITGAX"
8.89249701341601e-132,2.02103570355727,0.593,0.115,1.26469092524803e-127,"4","MTSS1"
9.59669575662078e-132,1.17046516042915,0.679,0.132,1.36484207050661e-127,"4","PI4K2B"
1.1338588597526e-131,1.68210968803885,0.324,0.031,1.61257407034015e-127,"4","COA7"
1.33619417170114e-131,0.982162847913361,0.679,0.132,1.90033535099336e-127,"4","EMC9"
1.59509603818549e-131,1.33205419070668,0.591,0.105,2.2685455855074e-127,"4","CHP1"
1.74146687991877e-131,1.63049390521752,0.941,0.355,2.47671419662047e-127,"4","TXNDC17"
2.36299692810763e-131,0.963039138939026,0.571,0.097,3.36065423115467e-127,"4","CCP110"
3.22123541755609e-131,1.11660856310942,0.723,0.151,4.58124101084827e-127,"4","BCKDK"
3.32279530559554e-131,1.42468443632156,0.444,0.061,4.72567948361798e-127,"4","PLAGL2"
3.35911196975639e-131,1.00828491133844,0.603,0.109,4.77732904338754e-127,"4","SLC25A24"
3.56118422938049e-131,1.66839347861427,0.446,0.062,5.06471621102494e-127,"4","HEG1"
4.66194434369545e-131,1.2326162057397,0.708,0.145,6.63021724560367e-127,"4","TBC1D7"
4.67497661708247e-131,1.6898586246504,0.963,0.437,6.64875174481468e-127,"4","FDPS"
6.49370582641491e-131,1.33309421079289,0.603,0.11,9.23534842632729e-127,"4","BOP1"
6.76663194464922e-131,1.1154457501909,0.61,0.111,9.62350395168012e-127,"4","LRRC41"
7.7582785735409e-131,1.09220568172535,0.799,0.177,1.10338237872899e-126,"4","PTPA"
8.33927755424833e-131,1.98600897283122,0.392,0.049,1.1860120537652e-126,"4","TSPAN2"
8.43172645525029e-131,1.22648667809285,0.838,0.202,1.1991601364657e-126,"4","POP7"
8.95364363872059e-131,1.55091011946165,0.968,0.45,1.27338719829884e-126,"4","ANXA5"
9.03285918917035e-131,1.68082468314567,0.681,0.143,1.28465323388381e-126,"4","INPP4B"
1.02905127013313e-130,1.25970831309229,0.809,0.188,1.46351671638333e-126,"4","PIGX"
1.96206397735593e-130,1.39210586156717,0.439,0.06,2.7904473885956e-126,"4","ZNF672"
2.10804503385247e-130,1.56745274124826,0.637,0.127,2.99806164714498e-126,"4","RAB11FIP1"
2.86219629769605e-130,2.0118654930828,0.324,0.031,4.07061557458332e-126,"4","ZFHX3-AS1"
6.48152359004673e-130,1.52395399169157,0.331,0.033,9.21802284976446e-126,"4","SLC19A1"
7.77290254837287e-130,1.48486951653007,0.941,0.297,1.10546220042959e-125,"4","SPN"
8.15428641698583e-130,1.38607202474873,0.885,0.227,1.15970261422372e-125,"4","RUVBL2"
9.88436699313658e-130,1.22147170325875,0.596,0.108,1.40575467376388e-125,"4","CPOX"
1.20251974397633e-129,1.16421098192887,0.561,0.097,1.71022357988313e-125,"4","GLMP"
1.36281013483563e-129,1.02819220833486,0.561,0.096,1.93818857376323e-125,"4","RUSC1"
1.57607200302275e-129,2.69490719665283,0.282,0.023,2.24148960269896e-125,"4","ADAM19"
1.62911980629489e-129,1.10281739132745,0.561,0.095,2.31693418851259e-125,"4","PGAM5"
1.63218314327119e-129,1.20699542345575,0.733,0.157,2.32129086636028e-125,"4","PFKL"
2.50808699671011e-129,1.0048375115926,0.752,0.162,3.56700132672112e-125,"4","PDZD11"
3.27459489338832e-129,1.33396970305961,0.449,0.064,4.65712885737686e-125,"4","UEVLD"
3.93750503216663e-129,1.48708484471339,0.363,0.041,5.59991965674738e-125,"4","RELT"
5.9672994972931e-129,1.03810460998339,0.716,0.148,8.48669334505025e-125,"4","PGM2"
6.28279381983618e-129,1.30404841275954,0.6,0.111,8.93538937057101e-125,"4","PSAT1"
6.54023818660027e-129,1.51315563073249,0.863,0.23,9.30152674898291e-125,"4","EBNA1BP2"
8.40997095203308e-129,3.41114107421434,0.289,0.025,1.19606606879814e-124,"4","RAMP1"
9.27173978082049e-129,1.03315964425278,0.517,0.083,1.31862683162829e-124,"4","DVL3"
1.1182167454545e-128,1.49214997963519,0.912,0.279,1.59032785538539e-124,"4","GGCT"
1.28511044275412e-128,0.996185893700347,0.586,0.104,1.82768407168491e-124,"4","NDC1"
1.52389774927902e-128,1.28580208669837,0.547,0.093,2.16728737902462e-124,"4","MBOAT7"
1.53739872267168e-128,1.41276974722494,0.848,0.221,2.18648846338366e-124,"4","PRIM1"
1.62176939383227e-128,1.58697794616907,0.9,0.269,2.30648043190825e-124,"4","TOPBP1"
1.95664820112941e-128,1.10939430074009,0.547,0.093,2.78274507164624e-124,"4","ITPK1"
2.00015259649687e-128,1.34343070657952,0.887,0.231,2.84461702273785e-124,"4","DCPS"
2.05486856581566e-128,1.19160218657975,0.828,0.195,2.92243407430303e-124,"4","ARF3"
2.48074910533058e-128,1.64669892038357,0.924,0.301,3.52812137760115e-124,"4","DCTPP1"
2.48873932842942e-128,1.26187105145435,0.436,0.06,3.53948507289232e-124,"4","WIPI1"
3.13164846101502e-128,1.29675540903687,0.787,0.183,4.45383044125555e-124,"4","PHTF2"
3.68795548080626e-128,0.985289250381039,0.598,0.107,5.24501028480267e-124,"4","LIN54"
4.12334272475919e-128,1.90601811052227,0.436,0.062,5.86421802315251e-124,"4","GLUL"
4.49266184177465e-128,1.51525583804053,0.975,0.497,6.38946367137191e-124,"4","COX17"
4.91498076927035e-128,1.27971745980771,0.598,0.111,6.99008565005629e-124,"4","KCTD17"
6.43674229775594e-128,1.11401525346849,0.975,0.846,9.15433489586849e-124,"4","NDUFA4"
6.55395975157344e-128,1.25756498859979,0.495,0.077,9.32104155868774e-124,"4","ABCB10"
7.72777964666081e-128,1.05061786335493,0.52,0.084,1.0990448213481e-123,"4","SLC16A1"
8.76645132258654e-128,1.16025096382228,0.64,0.123,1.24676470709826e-123,"4","MBD3"
1.2140594849066e-127,1.17825909525863,0.836,0.198,1.72663539943416e-123,"4","AP1S1"
1.88181855610183e-127,1.52268355589182,0.483,0.076,2.67632235048802e-123,"4","BIVM"
2.26768461612873e-127,1.38169223013771,0.775,0.181,3.22510106105828e-123,"4","ACSL4"
2.45504963813493e-127,1.04046972967903,0.556,0.096,3.4915715953555e-123,"4","GBA1"
2.77214416138512e-127,1.18926824946949,0.689,0.143,3.94254342632191e-123,"4","AHR"
2.8730668945704e-127,1.20023708008918,0.917,0.266,4.08607573745803e-123,"4","EFHD2"
3.95157456769291e-127,1.26263079067553,0.757,0.168,5.61992935017285e-123,"4","TCOF1"
5.43313793451556e-127,1.88757677972435,0.444,0.065,7.72700877046803e-123,"4","CD72"
5.89968856164109e-127,1.29830555691431,0.392,0.049,8.39053707236595e-123,"4","CPEB3"
5.9232860997853e-127,1.41556881154797,0.625,0.123,8.42409749111465e-123,"4","REC8"
6.49957979230149e-127,1.59007358982707,0.483,0.075,9.24370238061117e-123,"4","DUSP10"
8.47836197545054e-127,2.15212418339498,0.289,0.025,1.20579264014858e-122,"4","USP49"
1.35602991341528e-126,1.03658474652162,0.654,0.128,1.92854574285921e-122,"4","ODF2"
1.52281407970477e-126,1.40640590214271,0.836,0.208,2.16574618415612e-122,"4","PTPRJ"
1.54805811518714e-126,1.30013795750943,0.799,0.204,2.20164825141915e-122,"4","HOPX"
1.67316325989791e-126,1.47193993171365,0.931,0.295,2.37957278822681e-122,"4","TPGS2"
2.99835069185184e-126,1.1011930724733,0.537,0.091,4.26425435395168e-122,"4","APOBEC3D"
3.40187589379326e-126,1.06874353735134,0.667,0.135,4.83814789615278e-122,"4","SYT11"
4.03884391115959e-126,1.49608035487217,0.353,0.039,5.74404381045116e-122,"4","DHCR7"
4.06020028727959e-126,1.21321392926421,0.843,0.204,5.77441684856904e-122,"4","CNOT9"
4.11455815209479e-126,1.09402945970603,0.681,0.141,5.85172460390921e-122,"4","IER5"
4.70119853160692e-126,1.16889343361308,0.441,0.062,6.68604455165136e-122,"4","CEP85"
6.0177990240282e-126,1.10737768458472,0.52,0.085,8.55851377197291e-122,"4","KIF3B"
6.07208455329761e-126,1.11012562744741,0.73,0.16,8.63571865169987e-122,"4","ST20"
6.21914773898388e-126,1.055984701882,0.6,0.111,8.84487191438288e-122,"4","PELP1"
9.75128153531022e-126,1.25678618815996,0.392,0.049,1.38682725995182e-121,"4","IFT22"
1.04558070659827e-125,1.41563041701677,0.522,0.089,1.48702488092407e-121,"4","ARHGAP10"
1.34011093160644e-125,1.49547818086494,0.39,0.049,1.90590576693068e-121,"4","FANCE"
1.34222846572958e-125,1.21187607767429,0.723,0.159,1.90891732396061e-121,"4","NEDD9"
1.83145885901374e-125,1.40432205492531,0.468,0.072,2.60470078928935e-121,"4","BAG3"
2.59889087996412e-125,1.745212121127,0.333,0.035,3.69614260948497e-121,"4","DCLRE1A"
2.86788945488317e-125,0.940635995577894,0.478,0.072,4.07871238273485e-121,"4","TAF5"
2.92189521939002e-125,1.17558791211426,0.591,0.109,4.15551938101649e-121,"4","TTLL5"
3.03909291231747e-125,1.54062727946082,0.953,0.408,4.32219793989791e-121,"4","IFT25"
4.43214285013265e-125,1.44070696220689,0.885,0.233,6.30339356145866e-121,"4","SEC14L1"
7.33087210590859e-125,1.12172840650947,0.463,0.069,1.04259663090232e-120,"4","MECR"
9.29146210556173e-125,1.26332686836337,0.353,0.04,1.32143174065299e-120,"4","SGCB"
1.30869975756392e-124,0.956247342784904,0.723,0.153,1.86123279520741e-120,"4","HAUS2"
1.32215036954001e-124,1.20508850665181,0.431,0.064,1.8803622555598e-120,"4","HLA-DRA"
1.61409826539722e-124,1.89632038787149,0.385,0.049,2.29557055304792e-120,"4","ARSB"
1.81388705128342e-124,1.89748794834521,0.37,0.045,2.57971016433527e-120,"4","GRAMD4"
1.91203052049967e-124,0.901086024177784,0.613,0.115,2.71928980625463e-120,"4","PGRMC1"
2.35097694777129e-124,1.04892841543781,0.772,0.172,3.34355941512033e-120,"4","CPSF3"
2.41101976333743e-124,1.23249603400173,0.76,0.171,3.42895230741849e-120,"4","IPO9"
3.31052489678553e-124,1.14529415206372,0.458,0.068,4.70822850820838e-120,"4","EAF2"
3.39858000791839e-124,1.83802938538837,0.441,0.065,4.83346048726153e-120,"4","GPD2"
3.54994959674518e-124,1.07416972962715,0.978,0.837,5.04873831649099e-120,"4","SLC25A3"
3.58634181708373e-124,1.20752163753359,0.98,0.697,5.10049533225648e-120,"4","UQCRQ"
4.7503945835377e-124,1.71367398302946,0.877,0.294,6.75601117670731e-120,"4","PAICS"
4.84411289644101e-124,1.38347474365538,0.841,0.221,6.8892973613184e-120,"4","CKAP5"
6.33226910006264e-124,1.93453175731552,0.907,0.294,9.00575311410908e-120,"4","TUBA1C"
6.91104923327915e-124,0.840724632606346,0.662,0.131,9.8288942195696e-120,"4","RAD1"
7.67744791703372e-124,0.988902425821741,0.64,0.125,1.09188664276054e-119,"4","HSPA14"
8.14626125947316e-124,0.922461318489133,0.588,0.108,1.15856127632227e-119,"4","CEP43"
8.52426752059221e-124,1.10354365962022,0.73,0.161,1.21232132677862e-119,"4","PDXK"
9.4216557781226e-124,1.19209767146557,0.718,0.155,1.3399478847646e-119,"4","CAPN1"
1.2031562519617e-123,1.37365054569539,0.348,0.039,1.71112882153993e-119,"4","RNF26"
1.35799016901535e-123,1.14836718510168,0.498,0.08,1.93133361837363e-119,"4","FUCA2"
1.61616260872394e-123,1.55148260902656,0.348,0.039,2.29850646212719e-119,"4","SRGAP2C"
1.74490258007558e-123,1.37126924006151,0.975,0.587,2.48160044938349e-119,"4","TALDO1"
2.12466226665003e-123,0.784931217500263,0.708,0.148,3.02169467562967e-119,"4","RNF8"
2.47336891328246e-123,0.968574295345069,0.652,0.13,3.51762526847031e-119,"4","PPP2R5D"
2.64259670304931e-123,1.00203508543864,0.294,0.027,3.75830103107673e-119,"4","CD68"
3.28171271446181e-123,1.20310380690987,0.5,0.082,4.66725182250759e-119,"4","SPATS2"
3.36591662764378e-123,1.10266535137518,0.52,0.087,4.78700662783498e-119,"4","TCF3"
4.34592824220701e-123,1.17954168067651,0.706,0.15,6.18077914606682e-119,"4","CNP"
5.18019534837694e-123,1.14011150978204,0.525,0.088,7.36727382446169e-119,"4","SKP2"
5.31248937512786e-123,1.38121936211612,0.316,0.032,7.55542238930684e-119,"4","USP13"
5.97270077891382e-123,0.846538522884725,0.463,0.069,8.49437504777123e-119,"4","CCHCR1"
7.63693834968591e-123,1.26968802453491,0.843,0.218,1.08612537209233e-118,"4","ECI1"
1.04532417310808e-122,3.13502508782548,0.262,0.021,1.48666003899432e-118,"4","F5"
1.1031539544496e-122,1.29390083968625,0.797,0.195,1.56890555401822e-118,"4","TSPAN5"
1.2518888457504e-122,1.2031857846893,0.461,0.07,1.78043631642623e-118,"4","C4orf33"
1.34076455429102e-122,1.34721632215883,0.544,0.098,1.90683534911268e-118,"4","ZMIZ1"
1.43243983737947e-122,0.981359744666973,0.679,0.141,2.03721593672108e-118,"4","PEDS1"
2.29929006455612e-122,1.56759765658499,0.882,0.284,3.27005032981171e-118,"4","ACAA2"
2.53661921164551e-122,2.59898585430459,0.277,0.024,3.60757984280225e-118,"4","HRH2"
2.89062547484343e-122,0.946525986001859,0.502,0.081,4.11104755032232e-118,"4","KIFBP"
3.3366279976954e-122,1.37089082096708,0.529,0.092,4.74535233832239e-118,"4","NF2"
3.68443813466845e-122,0.874753030527935,0.588,0.108,5.24000791512547e-118,"4","ILVBL"
4.43507252823568e-122,0.927289961248427,0.669,0.137,6.30756014965678e-118,"4","DCTN5"
5.75989666435499e-122,1.29062207039934,0.615,0.121,8.19172503604567e-118,"4","PCBD2"
6.04051437641805e-122,2.46566980643874,0.279,0.025,8.59081954614175e-118,"4","ENSG00000260997"
6.74562719394502e-122,0.912035125749584,1,0.977,9.59363099522861e-118,"4","YBX1"
7.01466989570731e-122,1.05335546580078,0.99,0.909,9.97626352567493e-118,"4","TPM3"
8.75859091456521e-122,1.56223034648317,0.397,0.053,1.24564679986946e-117,"4","MFHAS1"
1.07466414415681e-121,1.23002242895104,0.907,0.243,1.52838734581981e-117,"4","MRPL27"
1.09499579134243e-121,2.42273338233801,0.299,0.029,1.5573030144472e-117,"4","LCT-AS1"
1.13181831358829e-121,2.59350702709967,0.257,0.02,1.60967200558527e-117,"4","COPZ2"
1.24151431927455e-121,1.78295400362057,0.39,0.051,1.76568166487227e-117,"4","CHPF"
1.37198266004291e-121,0.910538121608253,0.664,0.135,1.95123373911302e-117,"4","PPIL1"
1.62222062124826e-121,1.30200410326793,0.532,0.092,2.30712216753928e-117,"4","CCDC86"
2.24059915677836e-121,0.938257878098089,0.635,0.125,3.18658012077018e-117,"4","BICD1"
4.1154792937305e-121,0.967141770311697,0.699,0.148,5.85303465154352e-117,"4","TAF6"
4.29322077576963e-121,1.18672869681693,0.576,0.106,6.10581858729956e-117,"4","EDC4"
6.04777595113242e-121,0.849846080508485,0.515,0.086,8.60114695770053e-117,"4","ZW10"
9.32208402049956e-121,1.77173848448773,0.26,0.021,1.32578678939545e-116,"4","MACIR"
1.33496284207523e-120,1.22625608850959,0.414,0.057,1.8985841539994e-116,"4","BYSL"
1.41663010593535e-120,2.34450643298925,0.26,0.021,2.01473133666126e-116,"4","FRMD4B"
1.70461364912096e-120,1.13840198128134,0.799,0.193,2.42430153177983e-116,"4","GLRX2"
1.969852373757e-120,1.11399605455356,0.569,0.105,2.80152404595721e-116,"4","THG1L"
3.08123082900075e-120,1.31717512049778,0.975,0.622,4.38212648500487e-116,"4","POMP"
3.08136213456487e-120,2.09802725656903,0.26,0.021,4.38231322777816e-116,"4","PKN3"
3.48939400188476e-120,1.28200008877203,0.885,0.264,4.96261614948051e-116,"4","HSPH1"
3.65480153939159e-120,1.3935345071408,0.848,0.223,5.19785874932272e-116,"4","TOMM40"
4.24773977540168e-120,0.895080509757638,0.591,0.11,6.04113550857627e-116,"4","CCDC138"
5.34224856799863e-120,1.11510058969006,0.713,0.157,7.59774591340766e-116,"4","PXK"
6.86365930940391e-120,0.91320325469215,0.64,0.129,9.76149626983424e-116,"4","SLC25A20"
7.53610146639353e-120,1.07860861360862,0.471,0.075,1.07178435055049e-115,"4","CASP9"
8.48219570621671e-120,2.37401798315344,0.275,0.024,1.20633787333814e-115,"4","IRF5"
9.42211296723468e-120,1.86108062480993,0.353,0.042,1.34001290620012e-115,"4","ZNF282"
1.04353945154096e-119,1.30300784608928,0.985,0.805,1.48412180798156e-115,"4","GSTP1"
1.11323391966994e-119,1.2733859807017,0.493,0.082,1.58324128055459e-115,"4","CREB3L2"
1.16111271291482e-119,1.51532890536925,0.377,0.048,1.65133450030746e-115,"4","BORA"
1.48260199442616e-119,1.36115239466476,0.466,0.074,2.10855655647289e-115,"4","DUS2"
1.61722960012858e-119,0.951148774013488,0.674,0.142,2.30002393730287e-115,"4","FAS"
2.42063398364781e-119,2.28165027911784,0.424,0.066,3.44262565154391e-115,"4","C20orf204"
2.47440336285428e-119,1.38167109678347,0.294,0.028,3.51909646265135e-115,"4","ENSG00000291224"
3.94009437383992e-119,1.01853982177269,0.549,0.098,5.60360221847514e-115,"4","SLC25A19"
4.02250297185018e-119,1.36534280103604,0.973,0.554,5.72080372656533e-115,"4","MRPL51"
4.66629803898155e-119,1.45351810408685,0.953,0.354,6.63640907103956e-115,"4","CMC2"
4.75034377426528e-119,1.23585139176178,0.76,0.179,6.75593891576008e-115,"4","MTA2"
4.77235424955159e-119,0.9339561652357,0.463,0.072,6.78724221371226e-115,"4","ZNF100"
5.41283227297448e-119,1.50371565467462,0.909,0.313,7.69813005862431e-115,"4","CXCR3"
1.35507196296514e-118,0.940401654739176,0.515,0.088,1.92718334572902e-114,"4","DOHH"
1.40107932424083e-118,1.36227156752918,0.85,0.226,1.9926150149353e-114,"4","SH3BP1"
1.89495328418687e-118,1.25592541645514,0.451,0.07,2.69500256077057e-114,"4","GDAP1"
2.43258653151075e-118,1.19615328231262,0.89,0.234,3.45962456511459e-114,"4","MRPL23"
2.60736339894402e-118,1.11871526803257,0.775,0.184,3.70819222597819e-114,"4","SCCPDH"
2.81604404917107e-118,1.03743974951532,0.515,0.088,4.0049778467311e-114,"4","RTTN"
4.37204968045656e-118,0.841547095453707,0.792,0.184,6.21792905554531e-114,"4","DESI2"
4.6202264153643e-118,1.54226543368621,0.365,0.046,6.5708860079311e-114,"4","TTL"
4.62442280364154e-118,0.954015532807364,0.375,0.047,6.576854111339e-114,"4","ZNF519"
4.97887229862118e-118,1.18876168103021,0.483,0.079,7.08095218309904e-114,"4","SLC35B4"
4.9931832609568e-118,0.830625961901625,0.657,0.136,7.10130523373276e-114,"4","XRCC4"
5.10206623727062e-118,0.737203162751567,0.51,0.086,7.25615860264628e-114,"4","ACER3"
5.46971265210212e-118,1.58699230317415,0.887,0.284,7.77902533381964e-114,"4","DLEU2"
6.91463775561991e-118,1.08435977496352,0.534,0.094,9.83399781604264e-114,"4","HIGD1A"
7.02636772427687e-118,2.52170624121241,0.287,0.028,9.99290017746656e-114,"4","NHS"
7.3432219282264e-118,2.85474986796892,0.257,0.021,1.04435302263236e-113,"4","SETBP1"
1.20465402338094e-117,1.65061806283213,0.946,0.385,1.71325895205238e-113,"4","RAB27A"
1.31151521434911e-117,0.895364195825172,0.689,0.147,1.86523693784731e-113,"4","BTBD6"
1.50840939348031e-117,0.988985659425203,0.615,0.121,2.1452598394077e-113,"4","RPUSD1"
1.80981674282946e-117,1.06267941192559,0.824,0.206,2.57392137165206e-113,"4","ACOT13"
1.88814624814692e-117,0.856898142280742,0.554,0.101,2.68532159411455e-113,"4","ENSG00000289047"
2.20139529860956e-117,0.997207032241314,0.713,0.158,3.13082439368252e-113,"4","TXLNA"
2.30846034610862e-117,1.60906037345482,0.252,0.02,3.28309230423569e-113,"4","SRXN1"
2.31662724929101e-117,1.46231854666015,0.956,0.399,3.29470727394167e-113,"4","PSMC3"
2.38307882902389e-117,1.03198737989608,0.436,0.065,3.38921471063778e-113,"4","SLC31A1"
2.46737818494845e-117,1.4887271760397,0.966,0.545,3.50910525463368e-113,"4","HMGA1"
2.57431293193806e-117,1.01740868094507,0.799,0.193,3.66118785180231e-113,"4","ELP6"
2.96171584657501e-117,0.587386209140527,0.728,0.178,4.21215227699898e-113,"4","KLRC2"
2.9807734246741e-117,1.53861397694848,0.316,0.034,4.23925596457151e-113,"4","LAMTOR5-AS1"
3.31204457167877e-117,1.30548484837853,0.723,0.17,4.71038978984154e-113,"4","BCL2"
4.58856854085704e-117,1.98549564422688,0.255,0.021,6.52586217880688e-113,"4","PLOD1"
6.9817964473442e-117,1.10847155702178,0.77,0.184,9.92951090741292e-113,"4","KHSRP"
8.01708408128451e-117,1.02401876961629,0.733,0.165,1.14018969804028e-112,"4","TTC7A"
8.3694166763771e-117,1.22818282341723,0.382,0.05,1.19029843971435e-112,"4","PFAS"
8.60748231678987e-117,0.985357773075533,0.716,0.16,1.22415613509386e-112,"4","G6PC3"
1.25478786655699e-116,1.00434594000363,0.679,0.146,1.78455930381735e-112,"4","EXOSC2"
1.61452638743102e-116,0.748583145897866,0.515,0.088,2.2961794282044e-112,"4","DHDDS"
1.65103812216032e-116,1.33624852013191,0.887,0.25,2.3481064173364e-112,"4","CASP3"
1.70341455734777e-116,1.03145025342,0.493,0.083,2.42259618345999e-112,"4","QSOX1"
1.71471730322784e-116,1.22780161228301,0.993,0.914,2.43867094865063e-112,"4","LDHA"
2.97656982030271e-116,1.02529967139634,0.696,0.15,4.23327759843451e-112,"4","LMF2"
3.1898187310265e-116,0.864328848617498,0.52,0.09,4.53656019926589e-112,"4","PPP2R3B"
3.65144528080835e-116,0.87246750265248,0.645,0.132,5.19308547836564e-112,"4","WDR5"
4.34898476975674e-116,0.92724860227303,0.493,0.082,6.18512613954804e-112,"4","RNF121"
4.94426819384107e-116,1.76345137347809,0.272,0.024,7.03173822528076e-112,"4","USP46"
6.70267398717315e-116,1.30425225016053,0.456,0.072,9.53254294455765e-112,"4","LETM1"
6.83923692287218e-116,0.862935356485237,0.654,0.135,9.72676275170882e-112,"4","SMPD4"
8.28189438151784e-116,1.20565498244326,0.463,0.075,1.17785101893947e-111,"4","XXYLT1"
9.82839768279848e-116,2.72049700480103,0.301,0.032,1.3977947184476e-111,"4","LINC01943"
1.1112046034235e-115,1.1020413350269,0.985,0.785,1.5803551869889e-111,"4","ATP5PF"
1.43548656364945e-115,1.1626435762535,0.775,0.187,2.04154899082225e-111,"4","DENND6B"
1.46044789683029e-115,1.24236741107726,0.532,0.095,2.07704899887204e-111,"4","SLC7A1"
1.48453661493445e-115,1.19805183405062,0.461,0.074,2.11130797375978e-111,"4","FAHD2B"
1.98956144727968e-115,1.00933767749517,0.598,0.118,2.82955429032116e-111,"4","SLC38A5"
2.06981290728653e-115,1.1244721654865,0.478,0.08,2.9436879167429e-111,"4","ENSG00000276256"
2.18305962667519e-115,1.3765455206176,0.554,0.106,3.10474740105746e-111,"4","HMGCS1"
2.29360612288106e-115,1.0245286983112,0.62,0.126,3.26196662796144e-111,"4","UBL7-DT"
3.24685506531999e-115,1.05537754657865,0.65,0.138,4.61767727389808e-111,"4","SEL1L3"
3.61169795431452e-115,1.14920033327152,0.5,0.086,5.13655683062611e-111,"4","ABCB8"
3.77488696318279e-115,1.2329414863008,0.375,0.05,5.36864423903857e-111,"4","SLC26A6"
3.8839486853546e-115,0.932123185666343,0.534,0.096,5.52375182031131e-111,"4","ST3GAL3"
4.13432247950102e-115,0.983568934561671,0.654,0.139,5.87983343034635e-111,"4","IMPDH1"
4.4311281278851e-115,1.44703642932585,0.939,0.324,6.30195042347819e-111,"4","MTCH2"
5.2807686241469e-115,0.916352460444032,0.699,0.15,7.51030913726172e-111,"4","NUP93"
5.69331121496381e-115,1.04520830854313,0.993,0.963,8.09702720992153e-111,"4","HSP90AA1"
8.97709463813411e-115,0.926215424157814,0.586,0.112,1.27672239943543e-110,"4","JPT2"
8.99371209637591e-115,1.6107150730833,0.48,0.083,1.27908573434658e-110,"4","FURIN"
9.64714867661284e-115,1.57508494819958,0.37,0.049,1.37201748478788e-110,"4","ARHGAP21"
1.08303005980169e-114,1.08510132673145,0.789,0.192,1.54028535104997e-110,"4","ERAL1"
1.42053596444808e-114,1.24357457498462,0.86,0.232,2.02028624863806e-110,"4","GPAA1"
1.6541956731464e-114,0.960970328937925,0.51,0.089,2.3525970863488e-110,"4","ZNF738"
1.74301593030403e-114,1.22845287649264,0.836,0.218,2.47891725607839e-110,"4","MAGOHB"
1.81654088751057e-114,1.33858558296405,0.863,0.235,2.58348445021754e-110,"4","RPA1"
2.0104852833781e-114,1.05412105691775,0.564,0.109,2.85931217002033e-110,"4","SNTB2"
3.04936001344504e-114,1.07723581291222,0.561,0.108,4.33679981112153e-110,"4","SKAP2"
3.56174117776743e-114,1.22046065335576,0.566,0.114,5.06550830302085e-110,"4","ZEB2"
6.48221853598103e-114,1.15345488971128,0.495,0.085,9.21901120187222e-110,"4","PHF7"
6.65347979587645e-114,0.897634331056787,0.527,0.094,9.46257896569548e-110,"4","NEMP1"
7.72314396318803e-114,1.06249040040536,0.417,0.061,1.0983855344446e-109,"4","NSDHL"
8.86907607469788e-114,0.677156887121646,0.515,0.09,1.26135999934353e-109,"4","PUSL1"
1.01590233469786e-113,0.879702922381005,0.522,0.093,1.44481630040729e-109,"4","SAP130"
1.07784639290515e-113,0.79655566897604,0.608,0.122,1.53291313998971e-109,"4","ZDHHC13"
1.21559478618e-113,0.815883689441913,0.61,0.123,1.72881890490519e-109,"4","CCDC51"
1.32515790612281e-113,1.80925494611458,0.316,0.036,1.88463957408787e-109,"4","WHRN"
1.47073524602821e-113,1.46738880135325,0.936,0.349,2.09167966690131e-109,"4","HPRT1"
1.62965258119935e-113,0.934249553410421,0.686,0.15,2.31769190098171e-109,"4","EFL1"
1.63164230086414e-113,1.61306121549088,0.488,0.09,2.32052168028898e-109,"4","GNG8"
1.75528352209473e-113,1.03087571470518,0.662,0.144,2.49636422512312e-109,"4","DHRS4L2"
2.25998112632825e-113,1.50022823497518,0.27,0.024,3.21414515786404e-109,"4","CEP72"
2.28015520431003e-113,1.04102488105273,0.784,0.192,3.24283673156972e-109,"4","RAD51C"
3.13525292122138e-113,0.846175511437607,0.728,0.165,4.45895670456105e-109,"4","TRAF7"
3.71892090422637e-113,1.76741465149012,0.436,0.07,5.28904930999075e-109,"4","H2AC15"
4.39584556203218e-113,1.05735574350199,0.743,0.177,6.25177155832217e-109,"4","TM7SF3"
5.71802555835202e-113,0.842757056672637,0.517,0.092,8.13217594908825e-109,"4","MED24"
6.0670270979049e-113,1.21848463402275,0.534,0.1,8.62852593864035e-109,"4","MLLT11"
6.68704244914794e-113,0.940575069020296,0.797,0.194,9.5103117711782e-109,"4","CHMP1A"
7.8558411783581e-113,1.58552471372661,0.355,0.046,1.11725773238609e-108,"4","NLRX1"
8.56902078478073e-113,0.903832438275324,0.537,0.098,1.21868613601152e-108,"4","AP3M2"
9.54455875645146e-113,1.13505864469741,0.341,0.042,1.35742714634253e-108,"4","CMC4"
9.69175079002448e-113,1.10976116695656,0.836,0.217,1.37836079735728e-108,"4","DESI1"
1.08119232465739e-112,1.29928455895272,0.968,0.455,1.53767172412773e-108,"4","GPI"
1.14064484786554e-112,0.882485724477769,0.551,0.104,1.62222510263437e-108,"4","APLP2"
1.31915141493402e-112,1.40460963208624,0.963,0.383,1.87609714231916e-108,"4","NUDT21"
1.39680719297914e-112,1.32541628662621,0.846,0.251,1.98653918985494e-108,"4","PHACTR2"
1.4794351968956e-112,1.5805869858821,0.49,0.088,2.10405273702493e-108,"4","SYTL3"
2.1541647237114e-112,1.45158854312446,0.946,0.503,3.06365307006235e-108,"4","DNMT1"
2.44380860318078e-112,0.847127480377842,0.539,0.1,3.4755845954437e-108,"4","NTAQ1"
3.03313505506709e-112,1.17767341076304,0.804,0.2,4.31372467531642e-108,"4","DNM1L"
3.13234205391711e-112,0.817554955648542,0.556,0.105,4.45481686908091e-108,"4","GTF2H4"
3.95281060623165e-112,1.40466750058273,0.564,0.112,5.62168724418266e-108,"4","SMIM3"
4.10213572751753e-112,1.15867269910377,0.789,0.198,5.83405743167543e-108,"4","ISOC2"
4.44055051162514e-112,1.45818027837512,0.297,0.031,6.31535093763327e-108,"4","ADGRG5"
4.58618298814395e-112,1.41077914393739,0.919,0.303,6.52246944573833e-108,"4","AKR1B1"
4.88844470826278e-112,0.732474190948714,0.676,0.146,6.95234606409132e-108,"4","BUD13"
5.18589530087601e-112,1.89737249294774,0.287,0.029,7.37538029690586e-108,"4","TTYH3"
5.53446042361765e-112,1.44222085910373,0.363,0.048,7.87110961446902e-108,"4","AACS"
6.05127145354677e-112,0.888984122751025,0.679,0.148,8.60611826123422e-108,"4","NELFB"
6.12428780834694e-112,0.957378371435738,0.706,0.16,8.70996212103102e-108,"4","DCAF12"
6.31361153086388e-112,1.22371468837601,0.456,0.075,8.97921831919461e-108,"4","CLPB"
6.54629783034922e-112,0.93931531949472,0.728,0.169,9.31014477432265e-108,"4","ACYP1"
9.17634061891327e-112,1.59420426937593,0.711,0.176,1.30505916282185e-107,"4","NCALD"
1.05441932691844e-111,1.34581363326494,0.426,0.067,1.4995951667434e-107,"4","HILPDA"
1.14950075187959e-111,1.5172576385057,0.338,0.042,1.63481996932316e-107,"4","ADAM15"
1.14959091484873e-111,1.21924418713882,0.468,0.079,1.63494819909786e-107,"4","ELF4"
1.21702374362104e-111,0.967046396383791,0.559,0.107,1.73085116817784e-107,"4","ALDH18A1"
1.29898662746688e-111,0.885065284933983,0.76,0.18,1.8474187815834e-107,"4","PIGT"
1.48667760636926e-111,0.73049547308396,0.576,0.112,2.11435289177837e-107,"4","EIF4ENIF1"
2.13884006810278e-111,1.528828090624,0.446,0.074,3.04185834485578e-107,"4","CHST2"
2.6905577911681e-111,1.80865680138699,0.627,0.147,3.82651129059927e-107,"4","H4C5"
3.01117362526157e-111,1.42898425206011,0.956,0.384,4.282491129847e-107,"4","DAZAP1"
3.07224367639818e-111,1.77572071455118,0.255,0.022,4.3693449565735e-107,"4","ATP1B1"
3.42333738967202e-111,1.53100439251403,0.941,0.397,4.86867043559155e-107,"4","SMC1A"
3.71008379373643e-111,1.16835355461508,0.424,0.065,5.27648117145195e-107,"4","PIEZO1"
4.1290921185321e-111,1.39213601261303,0.9,0.299,5.87239481097636e-107,"4","PGP"
4.47525770852846e-111,1.13436812873265,0.336,0.041,6.36471151306918e-107,"4","PERP"
4.87254805676936e-111,1.07646322960986,0.863,0.231,6.92973784633738e-107,"4","SLC25A1"
5.84224264810009e-111,0.950212287016019,0.532,0.099,8.30883749412795e-107,"4","SLC35A4"
6.33602397955135e-111,0.530753550509228,0.583,0.113,9.01109330371792e-107,"4","GEMIN2"
1.01417131322151e-110,0.766755516865378,0.672,0.146,1.44235444166364e-106,"4","ABHD12"
1.19273555690674e-110,1.0674451525531,0.98,0.784,1.69630850903277e-106,"4","ERH"
1.27851334595659e-110,1.07219701468668,0.387,0.055,1.81830168061946e-106,"4","ENDOD1"
1.46691911392159e-110,1.3271357642449,0.917,0.291,2.08625236381928e-106,"4","MYCBP"
1.51759776499174e-110,0.936096596301831,0.473,0.081,2.15832754137125e-106,"4","GATD1-DT"
1.91340255116995e-110,2.5185107355412,0.255,0.023,2.7212411082739e-106,"4","SLC9A7"
2.09464406639891e-110,1.67267242963799,0.331,0.041,2.97900279123254e-106,"4","SPECC1"
2.17422693326101e-110,1.24641663532056,0.961,0.652,3.09218554448381e-106,"4","SNRPE"
2.17445678498745e-110,0.819726235579598,0.586,0.116,3.09251243960915e-106,"4","THOC5"
2.50347884747716e-110,0.944193492218885,0.632,0.135,3.56044761688202e-106,"4","SLC66A2"
2.82370827815109e-110,1.39401631628033,0.949,0.479,4.01587791318648e-106,"4","CD63"
2.96605679062754e-110,1.26269704364168,0.966,0.591,4.21832596763049e-106,"4","FKBP1A"
3.01401406235173e-110,0.873592863202143,0.512,0.093,4.28653079947664e-106,"4","ZBED1"
3.31484855556987e-110,1.07957772232149,0.559,0.11,4.71437761573147e-106,"4","TRAK1"
3.78421597423597e-110,0.726650166249029,0.61,0.126,5.3819119585584e-106,"4","CHPT1"
5.61850294269113e-110,0.995010922912036,0.578,0.116,7.99063488509532e-106,"4","RAVER1"
5.79360990053022e-110,0.817573078698159,0.49,0.085,8.23967200053408e-106,"4","ATPSCKMT"
7.06872538904079e-110,0.89719862521304,0.554,0.107,1.00531412482938e-105,"4","CEP97"
7.15392630993766e-110,0.503076368737576,0.561,0.11,1.01743139979933e-105,"4","HSPA1A"
8.91321501715637e-110,1.14224708807104,0.978,0.698,1.26763743973998e-105,"4","SEM1"
1.5075693278149e-109,0.875282443992639,0.667,0.147,2.14406509801835e-105,"4","MVD"
1.55146162413807e-109,1.15480077084368,0.473,0.082,2.20648872184917e-105,"4","MYEF2"
1.55430776217303e-109,0.974316358012097,0.382,0.054,2.21053649936249e-105,"4","PAXIP1"
1.62703402271552e-109,1.75854242287955,0.456,0.083,2.31396778710601e-105,"4","KLRC1"
2.12814194905628e-109,1.1771632320496,0.463,0.078,3.02664347994785e-105,"4","CAD"
3.38705807073482e-109,1.02728805830593,0.468,0.08,4.81707398819906e-105,"4","PPP2R1B"
3.41019844378268e-109,0.975421301716705,0.544,0.104,4.84998422674773e-105,"4","SFMBT1"
3.68338412583238e-109,0.699311837730952,0.73,0.167,5.23850890375881e-105,"4","EIF2B2"
3.85442704433962e-109,1.53107282100827,0.988,0.884,5.4817661424598e-105,"4","VIM"
3.87439501326112e-109,1.42067294246802,0.951,0.371,5.51016458785997e-105,"4","MRPL13"
4.26660687498749e-109,2.09474834218566,0.284,0.029,6.06796829760721e-105,"4","SUSD1"
5.3109345188005e-109,1.05612621143521,0.708,0.165,7.55321107263807e-105,"4","RCC1L"
6.24102744805229e-109,1.24719848142613,0.968,0.591,8.87598923661997e-105,"4","ILF2"
6.77666906026495e-109,1.18266815869559,0.404,0.061,9.63777873750881e-105,"4","NEMP2-DT"
6.83433483232477e-109,1.01930097183288,0.635,0.153,9.71979099853229e-105,"4","GNLY"
7.26771010840418e-109,0.90011593077296,0.449,0.074,1.03361373161724e-104,"4","MSANTD3"
8.1550520139303e-109,1.55689890387077,0.255,0.023,1.15981149742117e-104,"4","PHLDB2"
9.2271828716745e-109,1.26249068178445,0.395,0.059,1.31228994800955e-104,"4","ENSG00000291015"
9.7144697261648e-109,0.833927403314603,0.586,0.117,1.38159188445516e-104,"4","BLTP3B"
1.07701771598814e-108,1.61159523785917,0.892,0.302,1.53173459567834e-104,"4","FUT8"
1.35418104580282e-108,0.848471065733635,0.691,0.154,1.92591628334078e-104,"4","TDP1"
1.42082982913147e-108,1.04618567405072,0.765,0.188,2.02070418299077e-104,"4","KEAP1"
1.71832972599739e-108,1.44193034532336,0.968,0.461,2.44380853631349e-104,"4","WDR1"
1.82631363988424e-108,1.05690964247443,0.429,0.068,2.59738325864336e-104,"4","CARM1"
2.19908358104929e-108,0.867401769889308,0.824,0.21,3.1275366689683e-104,"4","DUSP23"
2.27194210152778e-108,1.14980748676206,0.978,0.673,3.23115605679282e-104,"4","PSMA4"
2.61189934055611e-108,1.04868213170508,0.488,0.087,3.7146432421389e-104,"4","MAP3K11"
2.71219632105114e-108,1.28015480987863,0.912,0.273,3.85728560779893e-104,"4","GLRX3"
2.90282720506871e-108,1.16810604790575,0.806,0.208,4.12840085104872e-104,"4","EED"
3.55342464473473e-108,1.62898320984222,0.897,0.387,5.05368052974173e-104,"4","SLBP"
4.30468267768166e-108,0.672619226219338,0.642,0.136,6.12211970419885e-104,"4","TAX1BP3"
7.57429386839394e-108,0.782607338520507,0.691,0.157,1.07721607396299e-103,"4","TIFA"
7.66481825587999e-108,1.36924188978609,0.956,0.383,1.09009045235125e-103,"4","HDGF"
9.31666567772728e-108,0.991081502454147,0.466,0.08,1.32501619268637e-103,"4","EEF1AKMT4"
1.13406690167626e-107,1.23014949472465,0.375,0.054,1.61286994756398e-103,"4","NINJ2"
1.1822580043946e-107,1.0032766045719,0.745,0.183,1.68140733385e-103,"4","SLA2"
1.22576888527395e-107,1.27068618743225,0.98,0.554,1.74328850863662e-103,"4","LSM5"
1.39278068213858e-107,0.823514776313373,0.625,0.133,1.98081268613748e-103,"4","DLEU1"
1.42531534911958e-107,0.925097795077141,0.765,0.189,2.02708348951787e-103,"4","MVB12A"
1.48914141810211e-107,0.912685178216757,0.475,0.083,2.11785692482483e-103,"4","DLAT"
1.66284629097976e-107,0.872250199973172,0.422,0.066,2.36489999503141e-103,"4","ABHD11"
1.68504233540822e-107,1.17622881811945,0.853,0.244,2.39646720941757e-103,"4","ABI3"
1.69866285327573e-107,1.40955174122442,0.331,0.042,2.41583830992875e-103,"4","MORN2"
1.8236181482847e-107,1.09394963306494,0.581,0.12,2.5935497304905e-103,"4","ACY1"
1.89435394636873e-107,1.74375568305047,0.25,0.022,2.6941501825256e-103,"4","FKBP1B"
2.31503234920368e-107,1.48425787582213,0.949,0.398,3.29243900703748e-103,"4","ITGAE"
2.40961923017456e-107,0.910464508094439,0.586,0.121,3.42696046915427e-103,"4","NUP188"
3.18740411920026e-107,1.37700111395472,0.926,0.338,4.53312613832661e-103,"4","HINT2"
3.59910336212294e-107,1.06508983121271,0.765,0.189,5.11864480161125e-103,"4","CSE1L"
3.64487507261174e-107,0.880874535970096,0.49,0.087,5.18374132826841e-103,"4","LARS2"
3.70920536747842e-107,1.02268387453592,0.699,0.164,5.2752318736278e-103,"4","SIAH2"
4.03301254357879e-107,1.64143474336579,0.341,0.045,5.73575043947775e-103,"4","SYNGR3"
4.3458385328828e-107,1.50193764238274,0.321,0.039,6.18065156146592e-103,"4","ARHGEF12"
5.06397375036961e-107,1.35295333862893,0.4,0.061,7.20198346777566e-103,"4","ARID3A"
5.7801445574239e-107,1.00554205644135,0.775,0.192,8.22052158956827e-103,"4","IMMP1L"
6.17825908084551e-107,0.852523148990467,0.576,0.116,8.78672006477848e-103,"4","METTL2A"
6.79893031569425e-107,1.05090204951136,0.63,0.139,9.66943869498036e-103,"4","PBX3"
7.61195383363219e-107,1.13101863121305,0.527,0.102,1.08257207421917e-102,"4","MAPK13"
7.66587757366009e-107,1.24629124124389,0.843,0.235,1.09024110852594e-102,"4","STK39"
7.84514557284541e-107,0.896219259238011,0.581,0.119,1.11573660337007e-102,"4","ADAL"
8.07410885133589e-107,1.37886614290365,0.949,0.358,1.14829976083699e-102,"4","HSD17B10"
1.13775594982301e-106,1.095323249571,0.985,0.87,1.61811651183828e-102,"4","LCP1"
1.25190011486685e-106,0.98772759891509,0.794,0.2,1.78045234336364e-102,"4","GON7"
1.40049754432206e-106,1.35686824655298,0.924,0.327,1.99178760753483e-102,"4","MRPL11"
1.51978690317829e-106,1.20465078969985,0.407,0.063,2.16144093370017e-102,"4","ACSL1"
1.65007282675421e-106,1.04194018829863,0.821,0.22,2.34673357420984e-102,"4","BCAP29"
1.80397293138038e-106,0.669001460618751,0.667,0.147,2.56561030300918e-102,"4","NOC4L"
2.03268041980556e-106,0.718220082630714,0.772,0.19,2.89087809304747e-102,"4","SLF1"
2.08497434782854e-106,1.15782216373524,0.324,0.04,2.96525051748176e-102,"4","KIF5C"
2.12498769672084e-106,1.3324288302238,0.9,0.286,3.02215750227637e-102,"4","TADA3"
2.36935821972119e-106,0.825197789203211,0.483,0.089,3.36970126008747e-102,"4","LGALS3"
3.11242045503358e-106,1.28790697643072,0.887,0.276,4.42648437114875e-102,"4","POLR3K"
4.01130406908987e-106,0.759086391281691,0.566,0.114,5.70487664705961e-102,"4","LIN52"
4.81747489023825e-106,0.899921083512521,0.561,0.111,6.85141278889684e-102,"4","PDF"
6.79521708014649e-106,1.20632928208131,0.407,0.063,9.66415773138434e-102,"4","SLC25A29"
7.41977980523324e-106,2.41706923423155,0.275,0.029,1.05524108390027e-101,"4","HIC1"
9.13937207626028e-106,0.940298501230888,0.811,0.206,1.29980149668574e-101,"4","CFAP20"
1.10641677129006e-105,0.843413765776448,0.419,0.066,1.57354593212873e-101,"4","PALB2"
1.1167709945851e-105,1.01531314236255,0.819,0.213,1.58827170849892e-101,"4","BRCC3"
1.14576758722348e-105,0.745612597450734,0.529,0.101,1.62951066254924e-101,"4","ZRANB3"
1.95175802136538e-105,0.776227426794358,0.627,0.136,2.77579025798584e-101,"4","IFT27"
2.09283243135509e-105,1.93865430604942,0.275,0.029,2.97642628387321e-101,"4","NRSN2"
2.98928770240271e-105,0.824213599824575,0.529,0.102,4.25136497035713e-101,"4","ABHD8"
3.5616124577551e-105,1.09651320247564,0.686,0.161,5.06532523741931e-101,"4","MAN1A1"
3.73917119580018e-105,1.39096453478914,0.426,0.071,5.31784927466701e-101,"4","PLAGL1"
3.88593869308467e-105,1.43471794323238,0.971,0.608,5.52658200930502e-101,"4","TMPO"
3.98678097058167e-105,1.13639431983226,0.392,0.059,5.66999989636125e-101,"4","NUP153-AS1"
4.21712125205466e-105,0.854948157938661,0.556,0.111,5.99758984467214e-101,"4","HYOU1"
4.40955040539186e-105,1.01934063536593,0.662,0.151,6.2712625865483e-101,"4","ATP2A2"
4.78794084652072e-105,0.895528020031682,0.662,0.147,6.80940947192178e-101,"4","DOK1"
6.11667544527212e-105,1.30273754893844,0.377,0.056,8.69913581826601e-101,"4","OTUD7B"
7.22617484223582e-105,1.20414514941942,0.439,0.074,1.02770658606278e-100,"4","CHROMR"
7.67567015199246e-105,0.643324381027361,0.578,0.117,1.09163380901637e-100,"4","MEMO1"
7.98111386370403e-105,0.929133214687946,0.49,0.09,1.13507401369599e-100,"4","SFXN5"
1.13408981711526e-104,1.9845290569411,0.441,0.077,1.61290253790132e-100,"4","H2BC4"
1.16942005874223e-104,1.11106941210955,0.863,0.243,1.6631492075432e-100,"4","GUSB"
1.26452727599531e-104,1.10818923403969,0.882,0.248,1.79841069192053e-100,"4","ACTL6A"
1.45608549318762e-104,0.917595856281949,0.473,0.084,2.07084478841143e-100,"4","ANKRD52"
1.81008504063247e-104,0.996287593698994,0.993,0.995,2.5743029447875e-100,"4","SH3BGRL3"
2.25739643562212e-104,1.97454271792932,0.341,0.048,3.21046921074177e-100,"4","TNFRSF4"
2.58006948297861e-104,0.749609147704027,0.73,0.176,3.66937481869217e-100,"4","PIK3CG"
2.74573792008395e-104,0.899977360603194,0.456,0.078,3.90498846994339e-100,"4","CENPL"
3.19118687807029e-104,1.34933858745055,0.282,0.03,4.53850597799157e-100,"4","POGLUT3"
3.35811127936945e-104,0.885048232188561,0.804,0.207,4.77590586151923e-100,"4","SMARCA4"
3.78246645283012e-104,1.12739395833137,0.355,0.049,5.37942378921499e-100,"4","PLCXD1"
3.94986318637642e-104,1.38835918390401,0.985,0.729,5.61749542366455e-100,"4","HSPD1"
4.46930257456661e-104,0.876027894061407,0.417,0.067,6.35624212154863e-100,"4","NT5M"
4.62745322463387e-104,0.585103168648615,0.676,0.152,6.58116397607429e-100,"4","SAAL1"
5.30360940930085e-104,1.21805676257274,0.968,0.509,7.54279330190767e-100,"4","LSM3"
6.38226940420413e-104,0.922176102530878,0.708,0.168,9.07686354665912e-100,"4","CHAMP1"
6.67249415457801e-104,1.29595650627713,0.904,0.301,9.48962118664085e-100,"4","HAT1"
8.89897910272392e-104,0.814166273294652,0.76,0.19,1.2656128079894e-99,"4","TMEM14A"
1.16108955995781e-103,1.21636798110739,0.294,0.033,1.651301572172e-99,"4","C19orf47"
1.24635084550283e-103,1.01854270624459,0.816,0.221,1.77256017247412e-99,"4","TFPT"
1.31780983557769e-103,1.27604299874457,0.936,0.32,1.8741891481586e-99,"4","UBE2A"
1.32594221920783e-103,0.961024322467301,0.836,0.22,1.88575502415738e-99,"4","MRPL39"
1.63640929250719e-103,1.0131923518766,0.819,0.219,2.32730129580372e-99,"4","BCAT2"
1.64915404268095e-103,0.792272829115227,0.564,0.115,2.34542687950084e-99,"4","ARHGAP1"
1.6659291694221e-103,0.699529996330812,0.657,0.146,2.36928446475212e-99,"4","NKIRAS2"
1.69990388671526e-103,0.843970552863865,0.449,0.077,2.41760330768644e-99,"4","B4GALT5"
1.88171821022027e-103,0.805741097621715,0.748,0.182,2.67617963857527e-99,"4","CDKN2AIPNL"
1.88286536825847e-103,0.956268428551488,0.983,0.801,2.67781112673719e-99,"4","CSNK2B"
1.94674151539576e-103,1.0026181625655,0.735,0.181,2.76865578319585e-99,"4","SMARCD2"
2.07508935662366e-103,0.885524746593518,0.539,0.106,2.95119208299017e-99,"4","SAMD1"
2.10642933811566e-103,0.87949609260305,0.502,0.094,2.99576380466809e-99,"4","WDR41"
2.26062073607229e-103,1.70417328395426,0.294,0.034,3.21505481084202e-99,"4","SLC66A1"
2.66869485234444e-103,0.752611664001922,0.988,0.955,3.79541781900426e-99,"4","SUMO2"
2.98146581923113e-103,0.90113008875298,0.689,0.16,4.24024068811052e-99,"4","USP37"
3.08047566620144e-103,0.88043993526174,0.51,0.096,4.38105249247169e-99,"4","ARMC6"
4.39046405222105e-103,0.724677836674265,0.645,0.144,6.24411797506878e-99,"4","CCDC43"
4.45125654323089e-103,1.02484953694283,0.993,0.917,6.33057705578297e-99,"4","RAC2"
4.94299410743985e-103,0.942505555037082,0.801,0.208,7.02992621960095e-99,"4","ALG8"
5.15651019675221e-103,0.751401780403744,0.522,0.1,7.33358880182099e-99,"4","OSBPL11"
5.84167844549941e-103,1.21232544847255,0.924,0.307,8.30803508518925e-99,"4","PSMD1"
9.04709139647259e-103,1.00992663553942,0.493,0.092,1.28667733840633e-98,"4","SIMC1"
1.01053624550561e-102,0.996350631161021,0.85,0.234,1.43718464835808e-98,"4","UTP11"
1.08842780562084e-102,1.01242764895964,0.775,0.198,1.54796202515396e-98,"4","GBF1"
1.11802271281357e-102,1.35862653897626,0.382,0.058,1.59005190216346e-98,"4","NFKBID"
1.16962666029017e-102,0.950741873018484,0.542,0.11,1.66344303626468e-98,"4","GLB1"
1.31324178776083e-102,0.8179618749531,0.463,0.082,1.86769247055346e-98,"4","MCAT"
1.54510407095657e-102,0.654805004861446,0.576,0.118,2.19744700971443e-98,"4","TRIM11"
2.03076917214066e-102,0.811463061863082,0.978,0.919,2.88815991661845e-98,"4","COX6C"
2.17317750786598e-102,0.808843469578481,0.529,0.104,3.090693051687e-98,"4","MICB"
2.34813771379353e-102,1.13987527145178,0.324,0.042,3.33952145655716e-98,"4","SRD5A3"
2.82042210240953e-102,0.81437370550173,0.73,0.175,4.01120431404683e-98,"4","FOXRED1"
3.54766553594984e-102,1.04035081989838,0.745,0.191,5.04548992522787e-98,"4","IPO5"
4.00099507092091e-102,0.753285091969666,0.488,0.09,5.69021518986371e-98,"4","DLG3"
4.37832007102749e-102,1.24717593856749,0.926,0.312,6.2268468050153e-98,"4","GLO1"
4.67682540977987e-102,0.803465111571048,0.515,0.099,6.65138109778893e-98,"4","SLC35E1"
4.88082284784348e-102,1.01328629849029,0.373,0.055,6.941506254203e-98,"4","DPY19L1"
5.33938573459824e-102,1.25919309553521,0.328,0.043,7.59367439174561e-98,"4","TRIP10"
6.38637303888357e-102,0.660668826084188,0.598,0.128,9.08269973590022e-98,"4","ZDHHC16"
6.70927111454718e-102,0.822816160505629,0.5,0.095,9.541925379109e-98,"4","PXMP4"
6.94843166422931e-102,0.964297562272745,0.745,0.188,9.88205951286693e-98,"4","RAPGEF1"
7.3159658810808e-102,0.789876396387325,0.547,0.109,1.04047666760731e-97,"4","PIGU"
7.65602087419614e-102,1.45093558461156,0.277,0.03,1.08883928872817e-97,"4","C16orf95"
9.13718371291461e-102,0.975291612246807,0.534,0.107,1.29949026765072e-97,"4","PRKACA"
1.00145126450786e-101,1.20045901357767,0.397,0.063,1.42426398838308e-97,"4","TNFSF14"
1.15902730662794e-101,0.95740260392388,0.635,0.143,1.64836863548625e-97,"4","TOMM34"
1.32302793246824e-101,0.909967052091627,0.975,0.849,1.88161032555633e-97,"4","ATP5MF"
1.55378577464973e-101,0.856846828723932,0.51,0.098,2.20979412870684e-97,"4","PTGR3"
1.57474271645313e-101,1.29877148468923,0.436,0.076,2.23959909133965e-97,"4","SUOX"
1.96589001271615e-101,1.50037716054231,0.316,0.04,2.79588877608491e-97,"4","BHLHE40-AS1"
2.22108100296899e-101,0.743355046782016,0.588,0.126,3.1588214024225e-97,"4","EPN1"
2.42580430521125e-101,1.30770527964407,0.958,0.554,3.44997888287144e-97,"4","CACYBP"
2.65413757408485e-101,1.38052512059933,0.346,0.048,3.77471445786348e-97,"4","LRIG1"
2.97271482643866e-101,1.00945622395344,0.985,0.746,4.22779502616106e-97,"4","SEC61B"
3.26376519096711e-101,0.918453772841654,0.324,0.042,4.64172685459343e-97,"4","CCSAP"
4.81228646285774e-101,0.70008327689082,0.534,0.106,6.84403380747627e-97,"4","ZC3HC1"
5.08312644252011e-101,0.700660452035791,0.77,0.19,7.2292224265521e-97,"4","GPN3"
5.30176972763664e-101,0.645323392571542,0.48,0.088,7.54017690664483e-97,"4","ZNG1A"
5.79163671799715e-101,0.869826308854523,0.493,0.093,8.23686574033554e-97,"4","POP1"
5.80635766462112e-101,0.809855029694529,0.627,0.138,8.25780187062416e-97,"4","PGM1"
7.17617375190201e-101,1.69230025871711,0.272,0.029,1.0205954309955e-96,"4","GPR19"
8.6128196738803e-101,0.736199079579769,0.618,0.135,1.22491521401926e-96,"4","YRDC"
9.85356007248099e-101,0.726770689575143,0.689,0.161,1.40137331350825e-96,"4","ARMT1"
1.24355503142896e-100,1.13823947760527,0.74,0.186,1.76858396569826e-96,"4","NUDT2"
1.29887603694129e-100,1.32895943220141,0.949,0.352,1.8472614997379e-96,"4","UBE2M"
2.27882094356538e-100,0.858027098056994,0.772,0.196,3.24093914593868e-96,"4","AIFM1"
2.72744858414079e-100,1.00783134689303,0.975,0.818,3.87897737636502e-96,"4","ARPC5"
3.38737610589885e-100,0.772104821805063,0.512,0.1,4.81752629780934e-96,"4","USP5"
3.62335668078518e-100,0.755427896878435,0.637,0.144,5.15313787141268e-96,"4","FAHD2A"
3.72617384229209e-100,0.925557181339748,0.654,0.151,5.29936443850781e-96,"4","ZMYND19"
4.34457820552077e-100,1.3429777353549,0.961,0.434,6.17885912389165e-96,"4","SNRPA"
4.56446652504367e-100,0.964469647816746,0.64,0.146,6.49158429191711e-96,"4","DDX54"
5.32077863260342e-100,0.780009746441781,0.799,0.208,7.56721137128858e-96,"4","SNAP29"
5.32320764372552e-100,1.45780147781216,0.958,0.537,7.57066591090643e-96,"4","SIVA1"
5.44196096351269e-100,1.21267324327991,0.868,0.261,7.73955688230775e-96,"4","RCC2"
5.80315658017401e-100,0.671063988612258,0.551,0.113,8.25324928832348e-96,"4","CCAR2"
5.9605111315809e-100,0.893773822103626,0.804,0.209,8.47703893133435e-96,"4","ZMPSTE24"
7.20460152300483e-100,0.857520339189067,0.377,0.057,1.02463842860175e-95,"4","CEP76"
8.6490019479781e-100,1.45278844148351,0.338,0.047,1.23006105704145e-95,"4","CPT1A"
8.83110950712078e-100,0.79462100011982,0.784,0.2,1.25596039410272e-95,"4","HAUS6"
9.16312097299589e-100,1.18311197243768,0.963,0.556,1.30317906477947e-95,"4","RALY"
9.49589549587269e-100,1.73941243209778,0.26,0.027,1.35050625742301e-95,"4","CALML4"
9.72582757184948e-100,0.600039301784666,0.574,0.12,1.38320719726843e-95,"4","CDC23"
1.1244196338351e-99,1.17882119863533,0.966,0.533,1.59914960324028e-95,"4","CKLF"
1.16037954931122e-99,0.679642300732375,0.706,0.168,1.65029179503042e-95,"4","CPSF4"
1.16786080047364e-99,1.75132806240288,0.439,0.081,1.66093163043361e-95,"4","H2AC21"
1.29216541216127e-99,0.985479026245755,0.434,0.075,1.83771764917576e-95,"4","OPA3"
1.38748147998357e-99,0.649836473647437,0.424,0.071,1.97327616083263e-95,"4","ADCK2"
1.44860177123869e-99,0.716389365133726,0.632,0.143,2.06020143905567e-95,"4","CALU"
1.55162871539396e-99,0.929317233108039,0.659,0.154,2.20672635903329e-95,"4","PCYT1A"
1.8866677192454e-99,1.22312412534188,0.87,0.262,2.68321883031081e-95,"4","ADGRE5"
1.94760026615492e-99,1.04383720625602,0.635,0.149,2.76987709852552e-95,"4","LRRC28"
2.01317560475546e-99,0.730078047834437,0.706,0.168,2.86313834508321e-95,"4","PACSIN2"
2.0980183673523e-99,1.01016516238578,0.833,0.233,2.98380172204844e-95,"4","ETF1"
2.20844898743587e-99,1.32924214050423,0.941,0.406,3.14085614993129e-95,"4","LYST"
2.93279881187052e-99,1.32182878380173,0.279,0.032,4.17102647024225e-95,"4","ENSG00000289963"
3.14558289608917e-99,1.77395720300354,0.875,0.31,4.47364799481801e-95,"4","SLA"
3.29629622041626e-99,0.633099577522718,0.574,0.12,4.687992484676e-95,"4","MSTO1"
4.04261971308527e-99,1.19019912571063,0.98,0.561,5.74941375594987e-95,"4","ARHGDIA"
4.75067755041979e-99,1.88359784789763,0.314,0.041,6.75641361220702e-95,"4","ENSG00000258526"
4.77019975288051e-99,0.826944308231125,0.645,0.148,6.78417808854666e-95,"4","EIPR1"
4.85080179997136e-99,1.21159147147471,0.978,0.626,6.89881031991928e-95,"4","LSM4"
5.01369746992471e-99,1.42854309527775,0.284,0.033,7.13048054172693e-95,"4","GLIDR"
5.58100022215584e-99,1.28887189112235,0.681,0.169,7.93729851595004e-95,"4","ITPR1"
6.40801580390146e-99,1.32422890390544,0.971,0.563,9.11348007630866e-95,"4","DYNLL1"
6.833126507211e-99,1.04140462181283,0.417,0.071,9.71807251855549e-95,"4","TWSG1"
7.18206696493809e-99,0.812734572797073,0.674,0.161,1.02143356375349e-94,"4","LUZP1"
8.03193643913139e-99,0.826265715635067,0.512,0.101,1.14230200037327e-94,"4","UTP20"
8.81702982766404e-99,1.07904218958921,0.439,0.078,1.25395798209038e-94,"4","CCDC88A"
9.67305696951218e-99,0.989119972677742,0.725,0.184,1.37570216220402e-94,"4","TCIRG1"
1.24075461321982e-98,0.690828231168307,0.733,0.18,1.76460121092123e-94,"4","PMM1"
1.27329269729435e-98,1.39916972713392,0.333,0.046,1.81087687409203e-94,"4","RPS6KA4"
1.27675970605926e-98,0.840186208507335,0.735,0.183,1.81580765395748e-94,"4","COASY"
1.29527825794328e-98,0.622657946129092,0.512,0.1,1.84214473844693e-94,"4","ZNF66"
1.3074876308078e-98,2.47014554856799,0.279,0.033,1.85950890853485e-94,"4","FES"
1.37404864341554e-98,0.96155358202701,0.343,0.048,1.95417198066559e-94,"4","SLC27A4"
1.41205803781198e-98,0.888953510679443,0.525,0.105,2.0082289413762e-94,"4","PRMT5"
1.43015517631507e-98,0.852467467109533,0.407,0.067,2.0339666917553e-94,"4","MPZL1"
1.43979156665196e-98,0.857689483600208,0.826,0.222,2.04767156609242e-94,"4","CMAS"
1.50498766762234e-98,1.11159462499198,0.409,0.069,2.1403934608925e-94,"4","HEATR5A"
1.71470117853505e-98,0.733522799973221,0.61,0.139,2.43864801611255e-94,"4","SLAMF7"
1.75694850928589e-98,1.04533392396037,0.348,0.05,2.4987321699064e-94,"4","NAT1"
1.80803429539069e-98,0.763400205991699,0.748,0.188,2.57138637490464e-94,"4","ADIPOR2"
1.8503452958927e-98,0.96797964180951,0.662,0.158,2.6315610798186e-94,"4","H2BC12"
1.9066141024954e-98,1.29280217489569,0.819,0.245,2.71158657656896e-94,"4","CKAP2"
2.03282247971123e-98,1.34170511619083,0.956,0.426,2.89108013064531e-94,"4","STIP1"
2.21658324900534e-98,0.857876369606138,0.694,0.167,3.1524246967354e-94,"4","MTA1"
2.30160808288888e-98,0.756775108959153,0.473,0.088,3.27334701548456e-94,"4","EEF2K"
2.41543258066469e-98,1.18995440995914,0.968,0.548,3.43522821622133e-94,"4","PPM1G"
2.47908163816317e-98,0.589728789476754,0.588,0.128,3.52574990579566e-94,"4","PLPP5"
2.47915848860838e-98,1.33957847788696,0.958,0.53,3.52585920249883e-94,"4","PRKDC"
2.63551306718173e-98,1.21098768359505,0.897,0.295,3.74822668414585e-94,"4","MTFP1"
3.16629581277229e-98,1.25814668524553,0.958,0.442,4.50310590492476e-94,"4","PSMB2"
3.19118339026117e-98,0.668450104920918,0.706,0.168,4.53850101762943e-94,"4","PRPF4"
3.49663512611372e-98,1.11376258960368,0.885,0.271,4.97291447635893e-94,"4","EXOSC9"
3.77429206703809e-98,0.706802233761426,0.699,0.167,5.36779817774157e-94,"4","DENND10"
4.29806628871469e-98,0.801261627127243,0.738,0.181,6.11270987581003e-94,"4","NCBP1"
5.10670146595115e-98,0.906122623354934,0.725,0.181,7.26275082487572e-94,"4","EFTUD2"
7.25999847656992e-98,0.983732397072764,0.789,0.213,1.03251698333777e-93,"4","SIGMAR1"
8.20238672965478e-98,0.609524468968452,0.667,0.154,1.1665434406915e-93,"4","SEPHS1"
8.2279966720914e-98,0.981871679380327,0.507,0.101,1.17018568670484e-93,"4","MED25"
9.28263017923324e-98,1.41779957838395,0.914,0.332,1.32017566409055e-93,"4","VASP"
1.00890623088424e-97,1.2243489030008,0.424,0.075,1.43486644156356e-93,"4","ENSG00000266088"
1.04528172077434e-97,1.92353257061103,0.292,0.036,1.48659966328526e-93,"4","TM6SF1"
1.24332701772531e-97,1.07095339900595,0.681,0.171,1.76825968460893e-93,"4","GCSH"
1.2517953674447e-97,0.762833466643321,0.605,0.135,1.78030337157985e-93,"4","MIX23"
1.54007351367454e-97,1.16395926251803,0.35,0.051,2.19029255114793e-93,"4","LDHC"
1.67936658107823e-97,0.958170812032598,0.355,0.053,2.38839515160946e-93,"4","ASPHD2"
1.72505432936688e-97,1.09853576005389,0.37,0.057,2.45337226722557e-93,"4","B3GALNT2"
1.86496528995171e-97,1.01534588542327,0.461,0.086,2.65235363536933e-93,"4","ENG"
1.98172870639136e-97,2.17969553311068,0.314,0.041,2.81841456622979e-93,"4","H4C8"
2.69430483609424e-97,0.979965597897116,0.422,0.073,3.83184033789323e-93,"4","PRXL2A"
2.95141843412546e-97,0.784095520225078,0.439,0.077,4.19750729701323e-93,"4","XNDC1N"
4.61374434906596e-97,0.762779971874921,0.777,0.202,6.56166721324161e-93,"4","MAPKAPK2"
4.7353968380696e-97,0.800598454306236,0.674,0.162,6.73468138310259e-93,"4","RBM10"
5.10102963054451e-97,1.05281729557852,0.799,0.222,7.2546843405604e-93,"4","CDCA7L"
5.79251416144478e-97,0.784964414886439,0.623,0.141,8.23811364040676e-93,"4","BRAT1"
5.89663010868594e-97,1.00312930578199,0.821,0.232,8.38618734057314e-93,"4","TXNRD1"
6.40245326917922e-97,0.724915967081338,0.539,0.112,9.10556903942669e-93,"4","BPNT1"
7.77819036109143e-97,1.05441123243003,0.973,0.755,1.10621423315442e-92,"4","CAP1"
7.79012686022565e-97,0.54499468055908,0.51,0.1,1.10791184206129e-92,"4","DUSP14"
7.87543966156364e-97,1.07169906770725,0.865,0.264,1.12004502866758e-92,"4","LAP3"
8.12865623374906e-97,1.19575620515493,0.515,0.106,1.15605748956379e-92,"4","CYP51A1"
9.7133067971971e-97,0.748520974702594,0.48,0.091,1.38142649269737e-92,"4","SELENOI"
1.03944990682154e-96,0.842314223999395,0.645,0.151,1.47830565748159e-92,"4","ABI2"
1.0902493504087e-96,0.617074847406945,0.608,0.134,1.55055262615125e-92,"4","TIMM21"
1.16513311281948e-96,0.882492841594198,0.784,0.21,1.65705231305186e-92,"4","SH3GLB2"
1.60919106022208e-96,0.539410022342305,0.615,0.138,2.28859152584785e-92,"4","TOR2A"
1.70506882386738e-96,0.630026869340107,0.505,0.099,2.42494888130418e-92,"4","ALMS1"
1.79014802607116e-96,0.594392830685599,0.62,0.139,2.5459485226784e-92,"4","PIGS"
1.79598162166405e-96,0.745413885441435,0.507,0.1,2.55424506233061e-92,"4","TBL3"
1.82064147556005e-96,0.900427469728106,0.792,0.21,2.58931630654151e-92,"4","MGAT4B"
1.88176224256407e-96,0.91033010665061,0.777,0.208,2.67624226137462e-92,"4","ZDHHC3"
1.9290233799088e-96,0.877290299007315,0.645,0.152,2.74345705090629e-92,"4","PLPP1"
2.10013291608256e-96,0.550972513935982,0.637,0.146,2.98680903325262e-92,"4","MAP3K13"
2.2357101023149e-96,0.945205822163629,0.461,0.086,3.17962690751225e-92,"4","ZNF598"
2.23811219523644e-96,1.2271668902242,0.316,0.043,3.18304316406526e-92,"4","EMILIN2"
2.42380363627956e-96,2.11823291186283,0.316,0.044,3.44713353151679e-92,"4","ENSG00000291105"
2.88408397360017e-96,0.627029792025092,0.652,0.151,4.10174422725417e-92,"4","FAM98B"
2.96793021204749e-96,1.04551980937977,0.868,0.258,4.22099034757394e-92,"4","MZT1"
3.3344008653183e-96,0.642886383998886,0.664,0.157,4.74218491065569e-92,"4","TAF1B"
3.51237261143688e-96,0.717991111471726,0.654,0.154,4.99529632798553e-92,"4","CIZ1"
3.67835972933132e-96,1.25197165425578,0.919,0.311,5.231363207055e-92,"4","ZDHHC12"
4.17225141121045e-96,0.815819508854002,0.728,0.181,5.9337759570235e-92,"4","UMPS"
4.57071622484512e-96,1.714576217255,0.449,0.087,6.50047261497474e-92,"4","MEAK7"
4.60606848731244e-96,0.698020475210116,0.745,0.187,6.55075060265575e-92,"4","GET4"
4.67517801578961e-96,1.22383365333835,0.301,0.039,6.64903817405598e-92,"4","TMEM241"
5.28591230120929e-96,1.13568756096367,0.654,0.16,7.51762447477985e-92,"4","EHBP1L1"
5.45205128437564e-96,1.03795752861946,0.363,0.055,7.75390733663904e-92,"4","METTL1"
5.63635103273954e-96,0.687218740547617,1,0.976,8.01601843876217e-92,"4","HNRNPA1"
6.18475892039756e-96,0.837496895738139,0.669,0.162,8.79596413658941e-92,"4","CLPTM1"
6.21921800580614e-96,1.42053532561139,0.968,0.666,8.84497184785749e-92,"4","PRDX1"
7.01011463298294e-96,0.567291677322822,0.652,0.152,9.96978503102833e-92,"4","GMPPA"
7.65940379212166e-96,0.684298063819937,0.502,0.1,1.08932040731554e-91,"4","BBS7"
8.14112296252387e-96,0.798624261225329,0.382,0.061,1.15783050773014e-91,"4","NEK4"
1.11426160814107e-95,0.816595969727784,0.596,0.134,1.58470285909823e-91,"4","CCDC88B"
1.18725591851017e-95,0.682609429646532,0.436,0.078,1.68851536730516e-91,"4","POLR1A"
1.26124520585348e-95,0.793478473353516,0.743,0.19,1.79374293176483e-91,"4","BLTP2"
1.56883510458743e-95,1.07996167321519,0.449,0.084,2.23119728574425e-91,"4","LINC00963"
1.57988825441874e-95,0.602455549686152,0.669,0.162,2.24691707543433e-91,"4","RRAS2"
1.63743990939075e-95,0.865862721702343,0.627,0.147,2.32876703913552e-91,"4","TIAM1"
1.67788789770745e-95,0.674169184205679,0.652,0.153,2.38629216811953e-91,"4","KIF13B"
1.71275009255204e-95,0.591744414237424,0.446,0.08,2.43587318162752e-91,"4","NUP35"
2.17449672218833e-95,1.08182268487164,0.458,0.087,3.09256923829625e-91,"4","MAP4K3-DT"
2.26092524844982e-95,0.678859762000605,0.564,0.121,3.21548788834533e-91,"4","GPR137"
2.28966114850585e-95,1.23727493497613,0.929,0.324,3.25635608540503e-91,"4","SURF4"
2.30814313993779e-95,0.807997886990281,0.333,0.047,3.28264117361952e-91,"4","GBAP1"
2.78437916045016e-95,1.09564448179154,0.963,0.621,3.95994404199222e-91,"4","PSMD8"
2.84019979320827e-95,1.05189629336258,0.973,0.661,4.03933214590081e-91,"4","BANF1"
3.22700941509509e-95,0.950326335339116,0.483,0.095,4.58945279014823e-91,"4","IRAK1"
3.23710732098655e-95,0.826454785083297,0.444,0.081,4.60381403190707e-91,"4","KCTD9"
3.29247884913789e-95,0.87139931282002,0.483,0.094,4.68256341924391e-91,"4","CANT1"
3.75753346047935e-95,1.11120309554042,0.5,0.1,5.34396408749373e-91,"4","PNPLA6"
3.99977443614225e-95,0.917543584343785,0.801,0.224,5.68847920308151e-91,"4","SMC6"
4.01611645217193e-95,0.717534716598383,0.75,0.19,5.71172081827892e-91,"4","STT3A"
4.67510069095942e-95,0.80641364441937,0.657,0.158,6.64892820268249e-91,"4","GSR"
4.96884728055173e-95,1.52840379602026,0.848,0.287,7.06669460240067e-91,"4","ATXN1"
4.9925650091081e-95,1.4971573017419,0.375,0.061,7.10042595595354e-91,"4","GGT1"
5.29777337423976e-95,0.729413047973337,0.708,0.176,7.53449329284379e-91,"4","CYREN"
5.60187950845157e-95,1.12923732137864,0.326,0.045,7.96699303691982e-91,"4","KMT5C"
5.97275761844342e-95,0.535052332884098,0.441,0.079,8.49445588495023e-91,"4","SMIM13"
6.08527898947229e-95,1.14386008670184,0.963,0.606,8.65448377882749e-91,"4","MDH1"
6.24320205493696e-95,0.974445482715098,0.98,0.78,8.87908196253135e-91,"4","COX7B"
7.16575451511305e-95,0.616115946416617,0.382,0.061,1.01911360713938e-90,"4","MCOLN1"
9.29422157463175e-95,0.792712672310914,0.787,0.21,1.32182419234413e-90,"4","PRPSAP1"
9.29820663709553e-95,0.672087978719082,0.542,0.114,1.32239094792773e-90,"4","GGCX"
9.79724931218928e-95,0.98872068232367,0.76,0.208,1.39336479717956e-90,"4","DENND1B"
1.06285120179452e-94,0.847496346046222,0.672,0.164,1.51158697919217e-90,"4","BORCS5"
1.17972299400216e-94,1.00825999025376,0.444,0.083,1.67780204206987e-90,"4","EMSY-DT"
1.21145599372773e-94,1.36828171295813,0.973,0.725,1.72293271427958e-90,"4","CRIP1"
1.21920549202739e-94,0.647046748453942,0.527,0.109,1.73395405076136e-90,"4","ITPRID2"
1.34989533471717e-94,1.12825617135453,0.926,0.302,1.91982114503477e-90,"4","SMARCB1"
1.35370637244737e-94,1.53059704480293,0.833,0.272,1.92524120289465e-90,"4","SAMSN1"
1.45854079094046e-94,0.712545029220797,0.733,0.186,2.07433671287552e-90,"4","VGLL4"
1.46251981113735e-94,0.750484112745376,0.581,0.129,2.07999567539954e-90,"4","PCGF6"
1.48096426482437e-94,0.608584784365168,0.551,0.117,2.10622737743322e-90,"4","INO80C"
1.58626303761244e-94,0.909347766009698,0.522,0.108,2.25598329209241e-90,"4","FOXK2"
1.64897897959815e-94,0.602426796117876,0.605,0.136,2.34517790478449e-90,"4","ANKRD54"
1.83392073203461e-94,0.936008236160434,0.627,0.148,2.60820206509962e-90,"4","GMIP"
2.09742657996258e-94,0.586235139372888,0.561,0.121,2.98296008202279e-90,"4","SLX4IP"
2.1001305830026e-94,0.725386765969001,0.672,0.16,2.98680571514629e-90,"4","CHMP6"
2.66406489862898e-94,0.732848061305456,0.363,0.056,3.78883309883014e-90,"4","KHK"
2.77949222652097e-94,0.755530818407275,0.708,0.177,3.95299384455812e-90,"4","CDIP1"
3.6703652331556e-94,1.0922064530006,0.76,0.209,5.21999343459389e-90,"4","RRP7A"
4.48887444060925e-94,0.853781549291094,0.436,0.079,6.38407722943448e-90,"4","GATB"
4.5478501921676e-94,1.00339881875383,0.703,0.183,6.46795254330075e-90,"4","BCL3"
4.57847472112926e-94,0.699225308650319,0.694,0.173,6.51150674839003e-90,"4","C7orf50"
4.72929537697301e-94,0.660539508353574,0.453,0.085,6.72600388513101e-90,"4","CCDC117"
4.76698551569264e-94,1.04505862558131,0.792,0.225,6.77960680041808e-90,"4","RILPL2"
5.13363994160152e-94,0.925661219986404,0.784,0.213,7.30106272494568e-90,"4","ZDHHC24"
5.1947922064838e-94,0.725366450437308,0.522,0.107,7.38803347606126e-90,"4","ENSG00000290548"
5.66305104246273e-94,0.679679980202966,0.578,0.129,8.0539911925905e-90,"4","MFSD14B"
6.14072606045493e-94,0.749966433250059,0.397,0.067,8.733340603179e-90,"4","ZNF682"
6.70552594773359e-94,1.05071093563941,0.983,0.684,9.53659900286671e-90,"4","ARPC4"
6.98717012999724e-94,0.738770210855453,0.522,0.109,9.93715335888208e-90,"4","C2orf74-DT"
7.33823526139863e-94,0.712113740678315,0.488,0.097,1.04364381887611e-89,"4","DAAM1"
7.51420073825877e-94,1.21786256585995,0.973,0.474,1.06866962899516e-89,"4","MRPL52"
7.85032980311148e-94,1.13679348275358,0.909,0.317,1.11647390459851e-89,"4","MIS18BP1"
8.97979092941994e-94,1.2601237907827,0.944,0.423,1.2771058659821e-89,"4","P4HB"
9.45300990256792e-94,1.25095291787336,0.284,0.035,1.34440706834321e-89,"4","ZNF724"
9.4809816412309e-94,1.2849379683064,0.456,0.088,1.34838520901586e-89,"4","GBE1"
9.64307048709907e-94,0.746340562983151,0.456,0.086,1.37143748467523e-89,"4","TLNRD1"
1.00531038677776e-93,0.821934696716612,0.566,0.123,1.42975243207533e-89,"4","TRAF2"
1.11356603125964e-93,0.549715297209817,0.475,0.092,1.58371360965746e-89,"4","ARL13B"
1.20000623805062e-93,1.5174131055142,0.355,0.057,1.70664887175559e-89,"4","LAT2"
1.47448092149146e-93,0.763689349473512,0.821,0.225,2.09700676654516e-89,"4","ACOT8"
1.49945515909791e-93,1.11106867428232,0.88,0.274,2.13252512726905e-89,"4","PHF6"
1.53841828378858e-93,0.835936102555412,0.686,0.169,2.18793848320412e-89,"4","MTOR"
1.55407843771563e-93,1.07856498451313,0.836,0.251,2.21021035411916e-89,"4","SIPA1L1"
1.6206666805128e-93,0.670072606437787,0.615,0.141,2.30491215302531e-89,"4","PEX14"
1.71578205977883e-93,0.675179108821743,0.502,0.102,2.44018524541745e-89,"4","SLC25A13"
1.74705217197103e-93,0.688309266895935,0.61,0.139,2.48465759897721e-89,"4","UGGT1"
1.91346253283796e-93,0.911253797635472,0.809,0.22,2.72132641420215e-89,"4","RIC8A"
2.38413751762325e-93,0.864511295942252,0.431,0.079,3.39072037756379e-89,"4","TRIM41"
2.42728033161546e-93,0.939909364366826,0.76,0.205,3.45207808762351e-89,"4","PPP5C"
2.43017982935315e-93,0.906447790271721,0.775,0.206,3.45620175330604e-89,"4","UBA5"
2.66764211277325e-93,0.621013299305031,0.544,0.116,3.79392061278611e-89,"4","ALG1"
2.96098108639007e-93,0.895558177186458,0.789,0.215,4.21110730106395e-89,"4","MAP4K1"
3.08697762441614e-93,1.37253065626488,0.25,0.027,4.39029957744463e-89,"4","SEPTIN8"
3.14463174272599e-93,1.15043050855705,0.37,0.06,4.4722952645049e-89,"4","SPATA20"
3.25559363781526e-93,0.80282737205357,0.422,0.075,4.63010527170086e-89,"4","CHD1L"
3.31010528406692e-93,0.639226460992766,0.4,0.068,4.70763173499997e-89,"4","ZFYVE19"
3.36747967362092e-93,0.981778456779561,0.424,0.076,4.78922959182368e-89,"4","MLLT1"
3.37681930946837e-93,1.40667619743976,0.297,0.039,4.80251242192592e-89,"4","HECTD2"
3.3983469039011e-93,0.944720454722024,0.321,0.045,4.83312896672814e-89,"4","ZNF668"
3.47165278707122e-93,0.763366543026154,0.62,0.142,4.93738459377269e-89,"4","NUP85"
3.78811438803436e-93,0.63721855991797,0.635,0.149,5.38745628266246e-89,"4","RAB35"
3.86228520688796e-93,0.719843728973685,0.596,0.135,5.49294202123606e-89,"4","TARS2"
3.88916219840024e-93,0.995461702702904,0.539,0.117,5.53116647856482e-89,"4","LONP1"
3.95406344158859e-93,0.818410473601936,0.654,0.159,5.6234690266273e-89,"4","ELOA"
4.02625304590248e-93,1.22496411138603,0.828,0.241,5.72613708188251e-89,"4","PPP6R1"
5.30163245009416e-93,0.933715626706259,0.723,0.187,7.53998167052391e-89,"4","HERC2"
5.35341706754392e-93,1.24385393172937,0.912,0.316,7.61362975346096e-89,"4","CENPK"
5.58371258980491e-93,0.716530127024186,0.603,0.137,7.94115604522055e-89,"4","NIPSNAP3A"
7.6962459585371e-93,0.988391389332914,0.855,0.251,1.09456010022315e-88,"4","COMMD1"
8.43568460396398e-93,0.880128061548282,0.451,0.085,1.19972306437576e-88,"4","TPD52"
8.82586381525468e-93,1.3170195809695,0.919,0.346,1.25521435180552e-88,"4","CENPX"
9.36244542500466e-93,1.07990922485275,0.841,0.244,1.33152698834416e-88,"4","POLDIP2"
9.40151541995785e-93,0.663154276272608,0.429,0.078,1.33708352302641e-88,"4","ATPAF2"
1.03991942725338e-92,1.44387896823033,0.26,0.029,1.47897340943975e-88,"4","SLC39A14"
1.47616474886319e-92,0.550865910428162,0.625,0.146,2.09940150583323e-88,"4","WDR83"
1.54407270995107e-92,0.832198553846751,0.664,0.162,2.19598020809241e-88,"4","YKT6"
1.5702005443486e-92,1.85907029705617,0.647,0.175,2.23313921417258e-88,"4","PAM"
1.60055224948821e-92,1.18830665275828,0.926,0.338,2.27630540922213e-88,"4","MAD2L2"
1.96627875957294e-92,0.794603031565032,0.468,0.091,2.79644165186463e-88,"4","SRF"
2.02533573779964e-92,0.616197258054711,0.586,0.131,2.88043248629865e-88,"4","PHC2"
2.15172361918293e-92,0.866741676555649,0.716,0.184,3.06018133120197e-88,"4","IL4R"
2.19200328425781e-92,1.16491869840812,0.843,0.264,3.11746707087146e-88,"4","POLD2"
2.45967683658878e-92,0.787036993469853,0.61,0.141,3.49815239699656e-88,"4","PUDP"
3.18555727923131e-92,0.767701541169603,0.365,0.058,4.53049956252277e-88,"4","SRD5A1"
3.33849970985139e-92,0.521742817313698,0.5,0.101,4.74801428735065e-88,"4","CYP2R1"
3.47081054913868e-92,1.04162961261774,0.674,0.167,4.93618676298503e-88,"4","EML2"
4.19482250946527e-92,1.02158708786788,0.99,0.899,5.96587657296151e-88,"4","EIF5A"
4.41925302645092e-92,1.22305345145909,0.748,0.217,6.2850616542185e-88,"4","HSH2D"
5.03809121412527e-92,0.943635166627043,0.89,0.261,7.16517332472896e-88,"4","EXOSC3"
5.29961216017661e-92,1.0468578013571,0.395,0.068,7.53710841420318e-88,"4","SNHG4"
5.8039356892536e-92,0.625667779205011,0.625,0.146,8.25435733725647e-88,"4","KANSL3"
6.1103925747325e-92,0.794820842602591,0.598,0.137,8.69020031978457e-88,"4","ATG7"
6.114765265829e-92,0.729094460337459,0.789,0.213,8.696419161062e-88,"4","XRCC1"
6.82352190293002e-92,1.14942433003063,0.863,0.269,9.70441285034707e-88,"4","RABL6"
6.84570778914009e-92,0.876436750893055,0.365,0.058,9.73596561771503e-88,"4","PHF13"
6.93779612886365e-92,0.616479369124804,0.51,0.105,9.86693365446989e-88,"4","SH3BP2"
8.03430822232506e-92,0.659881852219647,0.674,0.165,1.14263931537907e-87,"4","DMAC2"
8.11171566539511e-92,1.33211085074332,0.48,0.098,1.15364820193249e-87,"4","SAMD10"
8.28606670761847e-92,0.985223883421167,0.304,0.041,1.1784444071575e-87,"4","NCKIPSD"
9.99470461994716e-92,0.58518191011902,0.547,0.117,1.42144689104888e-87,"4","CDK16"
1.17264455852725e-91,0.851866488490998,0.539,0.118,1.66773509113745e-87,"4","EOLA1"
1.18305542807458e-91,1.14921794127956,0.267,0.032,1.68254142980766e-87,"4","GSEC"
1.2141935578854e-91,1.23903733015701,0.966,0.477,1.72682607802462e-87,"4","YWHAE"
1.32953386982779e-91,0.934235878005677,0.483,0.098,1.89086306966908e-87,"4","AIG1"
1.38960144224223e-91,0.778020550524097,0.662,0.162,1.9762911711569e-87,"4","SCYL1"
1.43410719805713e-91,0.585958522013332,0.6,0.137,2.03958725707685e-87,"4","GDE1"
1.45945265260697e-91,0.685944158169094,0.429,0.079,2.07563356253763e-87,"4","NDUFAF5"
1.5027600047425e-91,0.638644999112477,0.495,0.1,2.13722527874478e-87,"4","PARD6A"
1.57921372228845e-91,1.07173876060514,0.904,0.291,2.24595775583863e-87,"4","MRPS11"
1.70232104419975e-91,0.747031114907329,0.738,0.195,2.42104098906088e-87,"4","ADI1"
1.70826939731233e-91,0.883465931847014,0.99,0.801,2.42950073685759e-87,"4","ATP5IF1"
1.73515877517485e-91,1.15701163847859,0.919,0.311,2.46774281005367e-87,"4","ELAVL1"
1.76030359234781e-91,1.0783949716593,0.978,0.714,2.50350376903705e-87,"4","HNRNPA3"
2.18329979456416e-91,1.01092445100749,0.877,0.263,3.10508896782914e-87,"4","LASP1"
2.21471088712876e-91,1.01181409887067,0.529,0.116,3.14976182367453e-87,"4","MAST4"
2.23991350129233e-91,0.546748661593795,0.672,0.161,3.18560498153796e-87,"4","DPAGT1"
2.29622958034076e-91,1.46273016451433,0.35,0.056,3.26569770916062e-87,"4","LINC01358"
2.33939194355937e-91,0.981152845317875,0.422,0.078,3.32708322213013e-87,"4","NLRP2"
2.90464557019073e-91,1.17193661400786,0.897,0.286,4.13098692992526e-87,"4","TIMM23"
2.91211622454218e-91,0.870006739920353,0.811,0.224,4.14161169454389e-87,"4","AAGAB"
3.02228004898628e-91,0.566773747382954,0.48,0.095,4.29828668566828e-87,"4","IL15RA"
3.03804998889541e-91,0.624163746186507,0.65,0.158,4.32071469420705e-87,"4","C12orf43"
3.26217355429806e-91,0.908827848772297,0.468,0.092,4.63946322892269e-87,"4","MSRA"
3.32866761892634e-91,0.917368311717787,0.725,0.187,4.73403108763705e-87,"4","LACTB2"
3.4206752918575e-91,1.21822221910481,0.946,0.364,4.86488440007974e-87,"4","MRPS15"
3.66169840562913e-91,1.04912401056733,0.973,0.62,5.20766747248574e-87,"4","NDUFS6"
3.76361097297618e-91,0.764277677848561,0.627,0.151,5.35260752576673e-87,"4","MMAB"
3.91325201583671e-91,0.862238678988122,0.799,0.22,5.56542701692297e-87,"4","FLII"
4.30922813914479e-91,1.37615234595396,0.299,0.04,6.12858425949172e-87,"4","TESK1"
4.38240953775086e-91,0.98062065984642,0.966,0.738,6.23266284458927e-87,"4","ATP5F1B"
4.43329126017699e-91,1.09260172379192,0.86,0.271,6.30502683022371e-87,"4","TARS1"
7.84183273395949e-91,0.789901538744931,0.801,0.221,1.11526545142372e-86,"4","MPHOSPH6"
7.87489632829721e-91,0.563897302827062,0.561,0.124,1.11996775581043e-86,"4","GLE1"
7.95555472017383e-91,0.812668235018845,0.471,0.093,1.13143899230312e-86,"4","DHTKD1"
8.24590512197499e-91,0.792211719459947,0.478,0.096,1.17273262644728e-86,"4","CPT2"
9.59792535776988e-91,1.13592721372937,0.951,0.376,1.36501694438203e-86,"4","UFD1"
1.028779582087e-90,0.598016581556612,0.632,0.15,1.46313032164414e-86,"4","CSNK2A2"
1.03333750756353e-90,0.935300034006935,0.988,0.806,1.46961260325685e-86,"4","XRCC5"
1.15124864061121e-90,1.08875749921122,0.868,0.261,1.63730581667726e-86,"4","TIMM17A"
1.152419002665e-90,1.050388663481,0.968,0.608,1.63897030559016e-86,"4","SNRPC"
1.27834952442271e-90,0.786677211845571,0.569,0.128,1.81806869363398e-86,"4","TRIM25"
1.35381256264379e-90,0.815010525001014,0.414,0.075,1.92539222659199e-86,"4","CCDC171"
1.47656271372676e-90,0.719326518163056,0.627,0.151,2.0999674914622e-86,"4","DDX41"
1.52720146578124e-90,0.579794678427761,0.647,0.155,2.17198592463408e-86,"4","TRIM26"
1.54763579841643e-90,0.714430504247656,0.373,0.061,2.20104763250785e-86,"4","IFT46"
1.56808320946755e-90,0.828967051657846,0.983,0.898,2.23012794050475e-86,"4","PSMA7"
1.62241745488795e-90,1.05580026055875,0.316,0.045,2.30740210434164e-86,"4","ITGAV"
1.64779379824381e-90,1.17126173626533,0.873,0.295,2.34349233986235e-86,"4","H2AJ"
1.70012945769894e-90,0.744228927517234,0.598,0.141,2.41792411473943e-86,"4","GM2A"
1.71532736679837e-90,1.02532536562611,0.87,0.275,2.43953858106064e-86,"4","DPM2"
2.27144420814878e-90,0.708113723617319,0.382,0.064,3.23044795282919e-86,"4","TMEM62"
2.29817265671649e-90,0.708959460863243,0.694,0.176,3.2684611523822e-86,"4","HRAS"
2.50706544417191e-90,0.594775221473072,0.625,0.148,3.56554847470129e-86,"4","INTS9"
2.64667254687999e-90,1.07346376527781,0.387,0.066,3.76409769617273e-86,"4","EFCAB7"
2.82029505866985e-90,1.46852285652541,0.304,0.042,4.01102363244026e-86,"4","CPPED1"
2.95196187054548e-90,0.676396105731744,0.576,0.131,4.19828017228978e-86,"4","SIRT6"
3.49939954755699e-90,0.65670271076808,0.762,0.202,4.97684603653556e-86,"4","MRE11"
3.85659649783942e-90,0.955631686666746,0.426,0.079,5.48485153922722e-86,"4","STIMATE"
3.98999074288812e-90,0.639925114723767,0.63,0.151,5.67456483453549e-86,"4","ATP6V1A"
4.23049802001306e-90,0.881882373354388,0.728,0.192,6.01661428406257e-86,"4","ACLY"
4.32495913514415e-90,1.25279878024384,0.297,0.04,6.15095688200202e-86,"4","CEP112"
4.54451704101821e-90,1.01173953613669,0.642,0.158,6.4632121357361e-86,"4","SREBF2"
4.64745451614494e-90,0.801804247051856,0.377,0.063,6.60960981286133e-86,"4","DNAAF5"
5.13180554349717e-90,0.883750163746589,0.414,0.075,7.29845384396167e-86,"4","INTS2"
5.30138727278834e-90,1.26638398147473,0.907,0.333,7.53963297935958e-86,"4","EIF4G1"
5.41273378225798e-90,0.831322202271366,0.728,0.193,7.6979899851273e-86,"4","PAPSS1"
5.42136510230539e-90,0.864278046610218,0.461,0.091,7.71026544849873e-86,"4","NCOR2"
5.42690176761544e-90,1.3553566014554,0.902,0.377,7.71813969390268e-86,"4","CDK4"
5.91916669036393e-90,1.02033135037844,0.547,0.121,8.41823886703558e-86,"4","NLE1"
6.15283716377325e-90,1.34059869323491,0.755,0.216,8.75056501431832e-86,"4","NAMPT"
6.91427231170411e-90,0.736256456329687,0.983,0.962,9.83347808170559e-86,"4","ARPC3"
7.11831576866958e-90,0.627848994796287,0.52,0.111,1.01236686862019e-85,"4","LARP1B"
9.18640649817965e-90,1.03542176292284,0.973,0.688,1.30649073217111e-85,"4","GNAI2"
9.95040610085453e-90,1.26271527526742,0.966,0.515,1.41514675566353e-85,"4","SUPT4H1"
1.00086559099579e-89,1.04404277339534,0.968,0.634,1.42343104351421e-85,"4","NDUFB3"
1.04914671803834e-89,0.553270997331825,1,1,1.49209646239413e-85,"4","PTMA"
1.14437038539627e-89,0.765887534855626,0.733,0.196,1.62752356211057e-85,"4","ST8SIA4"
1.41848430450399e-89,0.577212935617119,0.564,0.127,2.01736837786558e-85,"4","TEN1"
1.44914241292429e-89,0.537797159459931,0.414,0.075,2.06097033966092e-85,"4","ATG4A"
1.49458102490498e-89,1.18291981031459,0.973,0.53,2.12559313361987e-85,"4","ELOC"
1.53842485247409e-89,0.586442965022369,0.549,0.121,2.18794782518865e-85,"4","ZNF236-DT"
1.94412125782484e-89,0.608595290219719,0.998,0.992,2.76492925287849e-85,"4","OAZ1"
2.75059720126404e-89,0.915230528066221,0.978,0.76,3.91189933963771e-85,"4","ATP5F1C"
2.76819623861746e-89,0.577956565910097,0.716,0.183,3.93692869056176e-85,"4","CSTF1"
2.97472065503973e-89,0.858641163361695,0.723,0.192,4.2306477155975e-85,"4","EOLA2"
3.10913831024382e-89,1.10837904303973,0.801,0.241,4.42181650482876e-85,"4","EIF4G3"
3.27789705088929e-89,1.23042957655153,0.914,0.337,4.66182518577475e-85,"4","ATOX1"
3.41752322531766e-89,0.840334657867565,0.821,0.237,4.86040153104678e-85,"4","CDK5RAP2"
3.74580364785252e-89,0.987991913261146,0.877,0.274,5.32728194797586e-85,"4","TACC1"
4.06500146531438e-89,0.81849138977149,0.858,0.25,5.78124508397011e-85,"4","TMEM126A"
4.12479278218472e-89,0.587350618533983,0.424,0.078,5.86628029482311e-85,"4","ERF"
4.76671990224215e-89,1.04230538887127,0.833,0.246,6.77922904496879e-85,"4","MSH2"
4.89778324613802e-89,1.22031779059859,0.265,0.032,6.96562733265749e-85,"4","ENSG00000258875"
5.03536877124141e-89,0.643721343493481,0.654,0.161,7.16130146645953e-85,"4","FKBP15"
5.04746762826635e-89,1.11863825167229,0.387,0.068,7.1785084609204e-85,"4","PHLPP1"
5.09145281675285e-89,0.859657686222342,0.551,0.124,7.2410641959859e-85,"4","ECE1"
5.24989312888968e-89,0.679037078259954,0.475,0.096,7.4663980079069e-85,"4","TTI1"
5.41440796234669e-89,1.00269874219798,0.49,0.105,7.70037100404946e-85,"4","PMAIP1"
5.97752495521066e-89,0.692641384007757,0.799,0.219,8.5012359913006e-85,"4","RWDD4"
6.05833234300173e-89,0.54420621459272,0.522,0.111,8.61616025821706e-85,"4","STK40"
6.10411573450332e-89,0.913966347994978,0.875,0.265,8.68127339761062e-85,"4","DDA1"
6.1146655353653e-89,1.09056163577375,0.821,0.245,8.69627732439652e-85,"4","DCUN1D5"
7.12314938460554e-89,1.14811474065634,0.961,0.587,1.0130543054786e-84,"4","NDUFAB1"
7.52189081440958e-89,0.87878402358346,0.809,0.233,1.06976331162533e-84,"4","GNL1"
7.59494088970519e-89,1.25929340341979,0.919,0.374,1.08015249333387e-84,"4","USP1"
7.74355293582512e-89,0.77763031736052,0.733,0.195,1.10128809853305e-84,"4","UBAP2"
7.75629107437796e-89,1.09222143155985,0.48,0.099,1.10309971659803e-84,"4","AAMDC"
8.7275591540674e-89,1.27626575314835,0.897,0.308,1.24123346289147e-84,"4","UBE2F"
8.81384672352179e-89,0.755920754211081,0.419,0.077,1.25350528101927e-84,"4","ZNF789"
8.81978310041879e-89,0.85143318361024,0.436,0.084,1.25434955254156e-84,"4","KLHL18"
1.0327925910507e-88,0.591762088696774,0.605,0.143,1.46883762299231e-84,"4","RBM15B"
1.19256378322196e-88,0.65291528485872,0.578,0.133,1.69606421249828e-84,"4","MGRN1"
1.23792028837048e-88,0.887817118341545,0.772,0.216,1.76057023412049e-84,"4","AIMP2"
1.46063535656446e-88,0.736400883080155,0.468,0.094,2.07731560410598e-84,"4","HPS6"
1.60714751332865e-88,0.792506519354048,0.458,0.09,2.285685193456e-84,"4","PPP4R1"
1.96130532537652e-88,0.657405175700908,0.498,0.104,2.78936843375049e-84,"4","ELK1"
2.06906670597582e-88,0.974870396997487,0.358,0.059,2.94262666923881e-84,"4","HIP1"
2.10286791539484e-88,0.852631401565641,0.721,0.192,2.99069874927455e-84,"4","HLTF"
2.1432350819911e-88,1.42130435898932,0.887,0.406,3.04810893360774e-84,"4","ITM2C"
2.43063693594098e-88,0.51143495977142,0.596,0.138,3.45685185029526e-84,"4","SLC25A17"
2.46783587880462e-88,0.659423227120332,0.431,0.081,3.50975618683593e-84,"4","ARID3B"
2.53020186734055e-88,0.842102990615731,0.806,0.229,3.59845309573173e-84,"4","NFKBIB"
2.7300469664413e-88,1.20415830266567,0.951,0.429,3.88267279567282e-84,"4","UQCRC1"
2.85401241795907e-88,0.798893942897529,0.566,0.131,4.05897646082139e-84,"4","GFI1"
2.8974788977882e-88,0.674706543021031,0.765,0.204,4.12079448843438e-84,"4","DNTTIP1"
3.50698427992288e-88,0.727865143533876,0.689,0.176,4.98763304290632e-84,"4","TNPO3"
3.57955264571477e-88,0.660822285345447,0.409,0.074,5.09083977273555e-84,"4","GRAMD2B"
3.60806315929736e-88,0.531781244079302,0.532,0.116,5.13138742515271e-84,"4","CRTAP"
4.44963009885912e-88,0.59871465295116,0.61,0.145,6.32826392659744e-84,"4","FAM98A"
4.56675474646082e-88,0.699174146110593,0.794,0.216,6.49483860041658e-84,"4","UBL4A"
4.57841343958334e-88,1.42406287420736,0.515,0.115,6.51141959377543e-84,"4","TRPS1"
4.7421529888797e-88,1.1512272778407,0.324,0.049,6.74428998078471e-84,"4","PIK3AP1"
4.94420673177658e-88,0.731957370044373,0.581,0.136,7.03165081393266e-84,"4","TUBGCP3"
5.15903693311574e-88,0.84348445511064,0.645,0.161,7.3371823262772e-84,"4","QDPR"
5.20688834330169e-88,1.01421318348001,0.98,0.677,7.40523660184366e-84,"4","PSMA6"
5.55187235146462e-88,0.768251282753857,0.645,0.16,7.89587285825298e-84,"4","ELAC2"
5.67429142494092e-88,0.579408408585932,0.828,0.231,8.06997726455097e-84,"4","HPF1"
5.67739933678613e-88,0.513147349529032,0.556,0.125,8.07439733677723e-84,"4","ALDH3A2"
5.76557038731154e-88,0.604283466447827,0.598,0.14,8.19979420483448e-84,"4","VPS35L"
6.08104332244965e-88,0.701531048023929,0.694,0.179,8.64845981318789e-84,"4","BDH1"
6.23367491551591e-88,0.650612556050047,0.453,0.089,8.86553246484673e-84,"4","HEATR6"
6.29091260448084e-88,0.691572643846861,0.571,0.132,8.94693590609265e-84,"4","FBXO4"
6.82324852863398e-88,0.990135563579005,0.346,0.055,9.70402405742324e-84,"4","ENSG00000289359"
7.30134301456331e-88,1.28436161659219,0.328,0.051,1.03839700353119e-83,"4","HLA-DRB5"
7.99503568040671e-88,1.00486056935177,0.355,0.059,1.13705397446744e-83,"4","F11R"
8.02707229533394e-88,0.721054037960922,0.417,0.077,1.14161022184239e-83,"4","AVEN"
9.06169001820035e-88,1.06035900036021,0.819,0.252,1.28875355438845e-83,"4","BATF"
9.08632401832647e-88,0.865020087027189,0.801,0.226,1.29225700188639e-83,"4","EIF4EBP2"
9.95366460801548e-88,1.09377260716509,0.627,0.173,1.41561018055196e-83,"4","CD79A"
1.04082712195261e-87,0.665542308539096,0.63,0.155,1.480264332841e-83,"4","CCDC6"
1.09265688108488e-87,0.765256543803992,0.387,0.068,1.55397661627892e-83,"4","ENDOV"
1.31206798742087e-87,0.549638458290818,0.618,0.15,1.86602309170996e-83,"4","MAP7D3"
1.31535277731568e-87,1.04311608080149,0.9,0.287,1.87069471989835e-83,"4","CLTC"
1.32398371209198e-87,1.23693850451723,0.632,0.164,1.88296963533721e-83,"4","UBASH3B"
1.45581548168535e-87,0.704516866082362,0.706,0.182,2.0704607780529e-83,"4","TOLLIP"
1.46975825098253e-87,0.656002509382269,0.426,0.08,2.09029018454735e-83,"4","RHBDD3"
1.5858000488101e-87,0.652734218411214,0.529,0.118,2.25532482941773e-83,"4","TOX-DT"
1.62191501459137e-87,0.834065996814805,0.353,0.057,2.30668753375185e-83,"4","MYBL1"
1.65329298966214e-87,0.573683478304545,0.574,0.131,2.3513132898975e-83,"4","GET1"
1.81002525185241e-87,0.810070295964588,0.735,0.198,2.57421791318449e-83,"4","GTF3C5"
2.18389924321162e-87,0.838653614563236,0.99,0.978,3.10594150369557e-83,"4","MIF"
2.28149156047509e-87,0.835778383290391,0.988,0.871,3.24473729730767e-83,"4","ANP32B"
2.33507397468605e-87,1.21399101218638,0.951,0.386,3.3209422067985e-83,"4","STOML2"
2.37786705490955e-87,1.00624549738267,0.324,0.049,3.38180252549236e-83,"4","FLVCR1-DT"
2.572897324416e-87,0.751153331794644,0.385,0.067,3.65917457478444e-83,"4","SETD1A"
2.76617822838937e-87,0.875890490202079,0.321,0.048,3.93405867641537e-83,"4","RBMS2"
3.08213141128543e-87,1.11630640280103,0.828,0.262,4.38340729313013e-83,"4","SRRT"
3.71400889071295e-87,0.827288712504185,0.718,0.191,5.28206344437196e-83,"4","TRUB2"
4.01043757979096e-87,1.47254822104967,0.735,0.236,5.7036443259787e-83,"4","PRF1"
4.39447720046532e-87,0.763558469776489,0.77,0.209,6.24982547450178e-83,"4","ACO2"
4.73499478527704e-87,0.711372872475806,0.735,0.199,6.73410958362101e-83,"4","CASP6"
5.03614963535165e-87,1.0496756344464,0.975,0.737,7.16241201139712e-83,"4","NUCKS1"
5.27318211500478e-87,0.798953601038972,0.679,0.175,7.49951960395981e-83,"4","COQ9"
5.32532236971528e-87,1.16347249177995,0.301,0.043,7.57367347420907e-83,"4","LIPE"
6.424240358068e-87,0.958173662811831,0.358,0.06,9.13655463724431e-83,"4","CENPB"
6.51109383198559e-87,0.633086348816631,0.652,0.162,9.26007764784991e-83,"4","PCCB"
6.66667498646019e-87,0.872810696184365,0.39,0.07,9.48134516574368e-83,"4","ATN1"
7.46772777880417e-87,1.03540836375507,0.975,0.66,1.06206024470153e-82,"4","SNRPD3"
8.02642092302026e-87,0.643294151404552,0.461,0.092,1.14151758367194e-82,"4","TNPO2"
9.66753981442245e-87,0.778803978099433,0.777,0.217,1.37491751240716e-82,"4","DFFA"
1.08283133914937e-86,0.642346821485587,0.478,0.099,1.54000273053823e-82,"4","VAT1"
1.25417706193909e-86,0.9356791509417,0.801,0.238,1.78369061748977e-82,"4","PFKP"
1.47456589861129e-86,1.06963784386131,0.458,0.094,2.09712762100498e-82,"4","PNPO"
1.59469067470908e-86,0.959595023542747,0.466,0.096,2.26796907757126e-82,"4","INPPL1"
1.88256580754806e-86,0.608790244754922,0.542,0.121,2.67738509149485e-82,"4","RFT1"
1.88624376698291e-86,0.815847997382789,0.319,0.048,2.68261588540309e-82,"4","SLC4A2"
1.92518806603406e-86,0.918004781036882,0.718,0.196,2.73800246751365e-82,"4","GTF3C1"
2.12152173441341e-86,1.11654145733422,0.934,0.344,3.01722821068275e-82,"4","TGFB1"
2.14439464902845e-86,0.955276136908016,0.449,0.09,3.04975806984826e-82,"4","PWP2"
2.81566261149318e-86,0.605020665046395,0.635,0.156,4.00443536606561e-82,"4","YEATS2"
2.8837837039749e-86,1.15743441491898,0.257,0.031,4.1013171837931e-82,"4","SLX4"
2.89311184856704e-86,0.693890799381942,0.498,0.105,4.11458367103205e-82,"4","SHQ1"
3.00366070504428e-86,0.593745746064948,0.591,0.14,4.27180625471398e-82,"4","ASH2L"
3.31183738716361e-86,1.44122649826574,0.277,0.037,4.71009513202409e-82,"4","ZNF704"
3.96410250531648e-86,0.651013971839244,0.439,0.085,5.6377465830611e-82,"4","RABEP2"
4.65363779530846e-86,0.883476143651548,0.88,0.276,6.6184036724877e-82,"4","MFAP1"
5.11493783929879e-86,2.51424787263691,0.262,0.034,7.27446459505074e-82,"4","LINC01281"
6.0501861161426e-86,0.912021954786699,0.882,0.275,8.60457469437801e-82,"4","UROD"
6.24427089180714e-86,1.01882611399961,0.98,0.594,8.88060206232811e-82,"4","CLTA"
6.32761165040098e-86,0.615723035551896,0.561,0.129,8.99912928920027e-82,"4","RAD54L2"
6.41320749655386e-86,0.665933219333692,0.551,0.126,9.1208637015989e-82,"4","ESRRA"
6.49540850927462e-86,0.766625035672176,0.799,0.224,9.23776998189036e-82,"4","TSFM"
6.58193394584299e-86,1.14790249626992,0.968,0.506,9.3608264577779e-82,"4","C17orf49"
6.73761281055417e-86,0.739308487724548,0.775,0.214,9.58223293917014e-82,"4","ALAS1"
7.94135712022049e-86,0.83412141935627,0.757,0.21,1.12941980963776e-81,"4","HMGXB4"
8.03443287900567e-86,2.11239221832168,0.277,0.038,1.14265704405219e-81,"4","ELAPOR1"
8.07400302848045e-86,1.07909619165955,0.924,0.327,1.14828471071049e-81,"4","MLEC"
8.10065623848314e-86,0.723186848180422,0.429,0.083,1.15207533023707e-81,"4","PALM2AKAP2"
8.73235385239361e-86,0.877781846614546,0.591,0.143,1.24191536488742e-81,"4","ANKRD28"
9.86016135136132e-86,1.04361883845582,0.828,0.253,1.40231214739061e-81,"4","PPP1R16B"
1.12130829263979e-85,0.698783501215779,0.365,0.062,1.5947246537923e-81,"4","ATAD3B"
1.32770313623876e-85,0.732210441741683,0.669,0.171,1.88825940035876e-81,"4","NTHL1"
1.42511272994176e-85,0.721195340072307,0.615,0.15,2.02679532452317e-81,"4","TSR1"
1.46655515036199e-85,0.604099621821667,0.706,0.183,2.08573473484483e-81,"4","COQ5"
1.53628118566476e-85,1.32958840026929,0.287,0.039,2.18489910225243e-81,"4","POLR1G"
1.57787687154396e-85,0.953277963939963,0.983,0.885,2.24405648670982e-81,"4","EIF4A1"
1.72681812724576e-85,1.10428958457483,0.897,0.302,2.45588074056893e-81,"4","PSMD3"
2.00801894809061e-85,0.89192322576498,0.316,0.047,2.85580454797446e-81,"4","MVK"
2.13324106689643e-85,0.756060349756288,0.588,0.141,3.0338954453401e-81,"4","ACACA"
2.75978258421177e-85,1.18534936806428,0.797,0.242,3.92496279126597e-81,"4","HDAC7"
2.9741676237247e-85,1.06959591754615,0.958,0.548,4.22986119446126e-81,"4","SEC11A"
3.06551514287117e-85,0.5176841660339,0.527,0.117,4.35977563619137e-81,"4","ADAT1"
3.6188440039643e-85,1.33934573254904,0.966,0.673,5.14671994243802e-81,"4","SRGN"
4.05854310357332e-85,0.76479660520503,0.529,0.12,5.77206000190198e-81,"4","NUDT16"
4.81996442632516e-85,0.559926401100376,0.689,0.179,6.85495340711965e-81,"4","FBXO22"
5.06363088977788e-85,0.870597529416487,0.522,0.117,7.2014958514421e-81,"4","CBX6"
5.33596325985378e-85,0.526037126885152,0.627,0.154,7.58880694816405e-81,"4","YARS2"
5.52694762059722e-85,1.05847665613444,0.968,0.597,7.86042490601336e-81,"4","PSMB6"
5.67167063686529e-85,1.57202107287239,0.365,0.066,8.06624997974981e-81,"4","SMIM24"
5.77471149136879e-85,0.938641598001558,0.542,0.126,8.21279468302469e-81,"4","TLE3"
6.08670062869689e-85,1.02990967909461,0.836,0.265,8.65650563413272e-81,"4","GPRIN3"
6.3974497267673e-85,0.848417462106272,0.782,0.225,9.09845300140846e-81,"4","AP3D1"
6.52301044037426e-85,0.841378513991355,0.483,0.104,9.27702544830027e-81,"4","RASSF2"
6.53061148381591e-85,1.15456633998092,0.971,0.492,9.28783565228298e-81,"4","UBE2N"
6.68758188010857e-85,0.559865448756787,0.664,0.168,9.5110789498904e-81,"4","PATL1"
6.94955807807481e-85,0.559470936477728,0.527,0.117,9.883661498638e-81,"4","CARMIL2"
8.05150623136071e-85,1.27257908109041,0.841,0.284,1.14508521622412e-80,"4","MDFIC"
9.18817049877727e-85,0.535824359952547,0.542,0.123,1.3067416083361e-80,"4","C12orf4"
9.26631519849612e-85,1.04457392005804,0.909,0.298,1.31785534753012e-80,"4","MRPL47"
9.4499832970502e-85,0.984653285686722,0.598,0.148,1.34397662450648e-80,"4","IL21R"
9.83110992596619e-85,0.58409027150389,0.694,0.18,1.39818045367091e-80,"4","KATNA1"
9.8895205058977e-85,0.696708794400464,0.544,0.125,1.40648760634877e-80,"4","AGPAT1"
9.95510221320509e-85,0.947566127425508,0.431,0.085,1.41581463676203e-80,"4","SLC2A13"
1.15326034342447e-84,0.608476838206791,0.414,0.079,1.64016686041828e-80,"4","LDAF1"
1.17492181867942e-84,0.532147795285692,0.471,0.098,1.67097381052586e-80,"4","SEC24D"
1.25452325870602e-84,0.648522993906248,0.471,0.098,1.7841829785317e-80,"4","DAPK3"
1.36537932315018e-84,0.672405603656323,0.613,0.15,1.94184247338418e-80,"4","OGFOD1"
1.37766439641201e-84,0.561912547820898,0.48,0.101,1.95931430457716e-80,"4","LRWD1"
1.50408724106397e-84,0.50527605830523,0.549,0.125,2.13911287424117e-80,"4","STK32C"
1.53011741665006e-84,0.562164185769406,0.686,0.178,2.17613298995971e-80,"4","UNC45A"
1.54083326107838e-84,0.782027505216247,0.725,0.199,2.19137306390567e-80,"4","PTPN18"
1.57387048537824e-84,0.50780824721663,0.468,0.097,2.23835860430494e-80,"4","FRMD8"
1.6522697096727e-84,0.833548568868821,0.784,0.226,2.34985798109652e-80,"4","ORAI2"
1.79200434833613e-84,0.537323905695753,0.694,0.18,2.54858858420364e-80,"4","TAF2"
1.79654089529509e-84,0.564954022512094,0.493,0.105,2.55504046128868e-80,"4","PHYH"
2.20968761426698e-84,1.08890858475116,0.757,0.226,3.1426177250105e-80,"4","GNPTAB"
2.43713429215028e-84,0.841783563720088,0.449,0.092,3.46609239029613e-80,"4","ACP2"
2.44206816063082e-84,0.673480234111103,0.512,0.113,3.47310933804915e-80,"4","PNPLA4"
2.54719849482713e-84,0.605645298933614,0.564,0.132,3.62262569934314e-80,"4","EYA3"
2.64051185445723e-84,0.551712093098995,0.623,0.154,3.75533595940908e-80,"4","KDM2B"
2.7533826701239e-84,0.620096635161366,0.623,0.155,3.91586083345021e-80,"4","MAIP1"
2.78186176052376e-84,0.890963684811977,0.904,0.292,3.95636379581689e-80,"4","RTN3"
2.78763699323543e-84,1.18962968691007,0.279,0.038,3.96457733177942e-80,"4","KLHL23"
2.91177717544089e-84,1.00889142726142,0.434,0.087,4.14112949891203e-80,"4","SLC25A15"
3.60118419618856e-84,0.636346538297662,0.716,0.191,5.12160416381937e-80,"4","ATG10"
3.72032617116942e-84,0.797700366361255,0.397,0.074,5.29104788063715e-80,"4","TUBGCP4"
4.06495351636227e-84,0.834658867918623,0.985,0.924,5.78117689097042e-80,"4","NME2"
4.60358457236182e-84,0.679060611264005,0.806,0.231,6.54721797881299e-80,"4","LEO1"
4.65972963252834e-84,0.765007012868093,0.74,0.203,6.62706748338181e-80,"4","NME7"
4.93389530682306e-84,1.07940967836631,0.944,0.362,7.01698590536375e-80,"4","XPO1"
5.22603351243435e-84,0.598817670543762,0.578,0.137,7.43246486138414e-80,"4","ACADS"
5.26334277434625e-84,1.08020331943977,0.272,0.036,7.48552609367523e-80,"4","TP53I11"
5.56870994919684e-84,1.17187619394739,0.35,0.06,7.91981928974774e-80,"4","H2AC25"
5.90516124370134e-84,0.826703001352756,0.475,0.101,8.39832032079205e-80,"4","NBEAL2"
6.29949451704465e-84,0.594960378567771,0.686,0.178,8.9591411021409e-80,"4","SENP1"
6.65222619647944e-84,0.529500813051464,0.49,0.105,9.46079609663306e-80,"4","TANGO2"
6.86823128553935e-84,0.707061913168834,0.76,0.209,9.76799853429407e-80,"4","HECTD4"
7.62220858729649e-84,0.849594092151851,0.353,0.059,1.08403050528531e-79,"4","TTLL12"
8.48443298268767e-84,0.638579141577472,0.368,0.064,1.20665605879784e-79,"4","KIF1B"
9.70788509433552e-84,0.843076870639413,0.348,0.058,1.3806554181164e-79,"4","ATP10D"
9.81345375715968e-84,1.13757482865995,0.971,0.555,1.39566939334325e-79,"4","SUPT16H"
1.16743125063284e-83,1.04236884127082,0.924,0.328,1.66032072465002e-79,"4","GSTM1"
1.22217740500912e-83,0.58397362228196,0.645,0.164,1.73818070540397e-79,"4","SNAP47"
1.82069537900513e-83,0.688447950164716,0.765,0.214,2.5893929680211e-79,"4","MRPS17"
1.88019312605422e-83,0.761215835890928,0.458,0.094,2.67401066387432e-79,"4","EIF1AD"
1.96184625999808e-83,0.848235322580502,0.775,0.217,2.79013775096926e-79,"4","MRPS27"
1.98977669542525e-83,0.686888724160878,0.61,0.151,2.82986041623379e-79,"4","PES1"
2.08786814516643e-83,0.876873238065923,0.98,0.796,2.96936607605569e-79,"4","HMGN1"
2.18632713743898e-83,0.933697579726428,0.387,0.071,3.10939445486572e-79,"4","MTMR8"
2.25542320426363e-83,0.645250174247273,0.439,0.088,3.20766288110374e-79,"4","LRRC57"
2.36474452204513e-83,0.578578937074685,0.485,0.104,3.36313965925258e-79,"4","WIPF2"
2.43614670259926e-83,1.11517802680132,0.953,0.43,3.46468784043666e-79,"4","NUDT5"
2.67653102175872e-83,0.749080875507098,0.821,0.24,3.80656241914525e-79,"4","MRPL35"
2.68280983644084e-83,0.561964001330824,0.625,0.155,3.81549214938617e-79,"4","CERS5"
2.71029370456368e-83,0.504799784813279,0.645,0.162,3.85457970663047e-79,"4","CHID1"
2.94630594211692e-83,1.1619491448206,0.287,0.04,4.19023631087868e-79,"4","CPB2-AS1"
3.10911757774245e-83,0.9498884471827,0.348,0.059,4.42178701906531e-79,"4","HECTD3"
3.19099293327235e-83,1.07596965586661,0.52,0.12,4.53823014969993e-79,"4","LINC01588"
3.19496623291069e-83,0.617876398579716,0.532,0.12,4.54388097644559e-79,"4","MLKL"
3.2965521130532e-83,1.01971832325225,0.703,0.193,4.68835641518426e-79,"4","MDM2"
3.3070118074597e-83,1.00158403049794,0.85,0.279,4.70323219256918e-79,"4","DBF4"
3.41295739641009e-83,0.754897209718566,0.831,0.248,4.85390800917444e-79,"4","TIMM50"
3.57447488265454e-83,0.849709218541276,0.449,0.092,5.08361817811129e-79,"4","TRIB3"
3.61806206618041e-83,0.580976583374898,0.515,0.115,5.14560787052177e-79,"4","SFR1"
3.84612162195791e-83,1.0643808100901,0.929,0.323,5.46995417074854e-79,"4","GET3"
3.93453940255808e-83,0.59832901796471,0.559,0.13,5.5957019383181e-79,"4","TBC1D31"
4.77749280001182e-83,0.92822456980992,0.973,0.737,6.79455026017681e-79,"4","POLR2L"
4.93943208273105e-83,0.61121868767064,0.74,0.202,7.02486030806009e-79,"4","PITPNA"
4.96037657050361e-83,0.70969760444784,0.708,0.191,7.05464755857024e-79,"4","STX6"
6.25367187539079e-83,0.655215842964506,0.576,0.139,8.89397214118078e-79,"4","SIL1"
6.69417352173518e-83,0.705919522828586,0.502,0.112,9.52045358261178e-79,"4","VAMP1"
6.87957569325009e-83,0.626148803992239,0.618,0.155,9.78413255094027e-79,"4","GSK3A"
7.79409852684986e-83,1.06005924340016,0.392,0.074,1.10847669248859e-78,"4","FZR1"
8.22671362896459e-83,0.794795023084112,0.4,0.075,1.17000321231134e-78,"4","ADNP2"
9.04866706714283e-83,0.875889890694403,0.475,0.103,1.28690143028905e-78,"4","SUSD6"
9.12997269459889e-83,0.708338056267438,0.738,0.206,1.29846471662585e-78,"4","N4BP2"
9.14438319056362e-83,0.583733413180096,0.409,0.078,1.30051417736196e-78,"4","ALG9"
9.27740288713448e-83,0.993913382921022,0.4,0.076,1.31943223860827e-78,"4","FSD1"
9.70627217719726e-83,1.09077643939311,0.924,0.334,1.38042602904099e-78,"4","FERMT3"
9.76563206549137e-83,1.10659639251272,0.931,0.352,1.38886819235418e-78,"4","TIMM10"
1.00054911439705e-82,1.14364867338789,0.885,0.291,1.42298095049549e-78,"4","SLC25A11"
1.33308030869791e-82,1.46809121568429,0.255,0.032,1.89590681503016e-78,"4","GPR68"
1.3452466398435e-82,0.698873118543905,0.547,0.128,1.91320977118542e-78,"4","MKNK1"
1.3703126536269e-82,0.783925492949122,0.824,0.242,1.94885865598817e-78,"4","RMDN1"
1.37507970297076e-82,0.74591646218484,0.461,0.096,1.95563835356502e-78,"4","NCLN"
1.38271699294693e-82,1.06676143955848,0.936,0.347,1.96650010736913e-78,"4","SRPK1"
1.46449261922819e-82,0.696885128652101,0.324,0.051,2.08280140306634e-78,"4","CD99L2"
1.67679525296359e-82,0.876122033815717,0.983,0.758,2.38473820876482e-78,"4","SRSF9"
1.72764112767842e-82,1.12193119887539,0.944,0.377,2.45705121178425e-78,"4","SNX5"
1.76084318926829e-82,0.513278971256558,0.485,0.105,2.50427118377736e-78,"4","KIF21B"
1.79508751677885e-82,1.0752334655522,0.387,0.073,2.55297346636288e-78,"4","TKFC"
1.88156747534442e-82,0.512493402924678,0.652,0.165,2.67596526343483e-78,"4","PEX19"
1.88366962653858e-82,1.57628265754672,0.265,0.035,2.67895494286317e-78,"4","H2BC6"
1.90775018540546e-82,0.870997970153148,0.819,0.244,2.71320231368364e-78,"4","UBA1"
1.98586898660478e-82,0.588353505432757,0.453,0.094,2.82430287274932e-78,"4","TMEM127"
2.02994463228114e-82,1.13080536221112,0.944,0.377,2.88698725603024e-78,"4","ITGB2"
2.06595921578723e-82,1.07285157818292,0.963,0.534,2.93820719669259e-78,"4","AP2S1"
2.072522796799e-82,0.537857394453005,0.571,0.136,2.94754192160754e-78,"4","DCAKD"
2.15425886086307e-82,0.603967822692459,0.532,0.121,3.06378695191945e-78,"4","SACS"
2.21125613845201e-82,0.619587575174007,0.74,0.204,3.14484848010644e-78,"4","CEP78"
2.66981014233783e-82,0.612910714701143,0.721,0.193,3.79700398443287e-78,"4","NUP160"
2.84858366500361e-82,0.860914004457736,0.586,0.145,4.05125568836813e-78,"4","HIVEP1"
3.28902720656867e-82,0.80813655316734,0.326,0.052,4.67765449318196e-78,"4","ENSG00000214719"
3.3350228252498e-82,0.786859992135834,0.689,0.182,4.74306946207027e-78,"4","NRAS"
3.79285022820274e-82,0.782097680874153,0.811,0.241,5.39419159454994e-78,"4","APIP"
3.94595914365319e-82,0.74904440034102,0.988,0.877,5.61194309410357e-78,"4","NDUFA13"
4.45956527565193e-82,1.04974821971061,0.944,0.405,6.34239373503217e-78,"4","FKBP3"
4.72170647881012e-82,0.779421452467516,0.98,0.857,6.71521095416375e-78,"4","UQCRH"
4.72352568004079e-82,0.847824178289419,0.968,0.997,6.71779822215401e-78,"4","MT-CYB"
4.79071470556976e-82,0.785629021257217,0.782,0.227,6.81335445426131e-78,"4","KCTD20"
4.89033132809908e-82,0.995914226439955,0.272,0.037,6.95502921482252e-78,"4","PYCR3"
5.47896444258861e-82,1.96395776327574,0.275,0.038,7.79218323024953e-78,"4","TEX14"
5.57599282834307e-82,0.506064054165641,0.613,0.15,7.93017700046952e-78,"4","CHTF8"
6.53237893931548e-82,1.16805795402282,0.355,0.063,9.29034932749447e-78,"4","NAB2"
6.81784692262818e-82,0.776995112184887,0.743,0.208,9.6963418933618e-78,"4","HSPBP1"
6.88907700968278e-82,0.557287860786291,0.417,0.081,9.79764532317086e-78,"4","TMEM214"
7.43848815855362e-82,1.03434049692836,0.88,0.293,1.0579017859095e-77,"4","COPS3"
1.06235930006912e-81,0.882052448377129,0.973,0.731,1.5108873965583e-77,"4","RBX1"
1.0931169871907e-81,0.953785287978477,0.875,0.279,1.55463097918262e-77,"4","ELOVL1"
1.15754357674277e-81,1.22291061388567,0.966,0.656,1.64625847484356e-77,"4","CALR"
1.27833702100965e-81,0.73569798625855,0.772,0.22,1.81805091127993e-77,"4","TMA16"
1.40033269956933e-81,0.819913686782987,0.811,0.237,1.9915531653275e-77,"4","BAK1"
1.61018010792262e-81,1.13084338758899,0.784,0.255,2.28999814948755e-77,"4","WWOX"
1.62973281795497e-81,0.865555228130139,0.385,0.072,2.31780601369556e-77,"4","MROH1"
1.63049021467865e-81,0.669683097589985,0.478,0.104,2.31888318331597e-77,"4","BBS4"
1.802056445936e-81,0.864919015532888,0.838,0.255,2.56288467741017e-77,"4","SLX9"
1.86943950621201e-81,0.598462825291705,0.385,0.071,2.65871686573472e-77,"4","MCPH1-DT"
1.96952155742681e-81,0.731042336742252,0.755,0.214,2.80105355897241e-77,"4","AHCYL1"
2.05277979069287e-81,0.863006222859557,0.341,0.057,2.91946341832341e-77,"4","ADO"
2.08956663370655e-81,0.982513021020814,0.417,0.083,2.97178166645745e-77,"4","NOTCH1"
2.28786237307334e-81,2.0008301592099,0.341,0.059,3.2537978669849e-77,"4","H2BC18"
2.44217554890824e-81,0.987805880778002,0.963,0.629,3.4732620656573e-77,"4","MZT2A"
2.46979490842593e-81,0.994973837627919,0.978,0.64,3.51254231876336e-77,"4","ROMO1"
2.57647753253937e-81,1.13609704387004,0.316,0.05,3.6642663467775e-77,"4","KIF1C"
2.77137756532705e-81,0.654326863337229,0.748,0.206,3.94145317340812e-77,"4","SUGP2"
2.77491418158155e-81,0.519486303384092,0.652,0.167,3.94648294904529e-77,"4","MIB1"
2.88880777989828e-81,0.70626951351615,0.439,0.09,4.10846242457133e-77,"4","TMEM120B"
2.95636145760787e-81,0.504079916364025,0.414,0.081,4.20453726500991e-77,"4","NAA40"
3.12280468555077e-81,1.11272229952876,0.953,0.379,4.4412528237903e-77,"4","PSMD2"
3.36228986892807e-81,0.62500017188921,0.549,0.129,4.7818486515895e-77,"4","WDR55"
3.54458960418824e-81,1.22311332789541,0.931,0.393,5.04111533507651e-77,"4","EIF4A3"
4.0739203899977e-81,0.615848503147271,0.365,0.065,5.79392957865473e-77,"4","TCP11L1"
4.26721621776827e-81,0.714548369316471,0.593,0.147,6.06883490491004e-77,"4","NPLOC4"
5.11517897392446e-81,1.09951049086911,0.326,0.054,7.27480753671536e-77,"4","SVIL-AS1"
5.2971014313083e-81,0.597153274640693,0.6,0.149,7.53353765560667e-77,"4","TRPV2"
6.41074014938749e-81,0.728126835031524,0.755,0.213,9.11735464045889e-77,"4","TMED3"
6.54324010382013e-81,0.841992911894225,0.973,0.81,9.30579607565299e-77,"4","PSMB3"
6.59541640596685e-81,0.854842959070129,0.382,0.071,9.38000121256605e-77,"4","TRIP6"
7.06252953108441e-81,1.05768573288775,0.966,0.508,1.00443294991083e-76,"4","NDUFA6"
7.27582524928957e-81,0.71993118712464,0.39,0.074,1.03476786695396e-76,"4","DNASE1L1"
8.15348273166771e-81,0.640737867769396,0.434,0.088,1.15958831409778e-76,"4","VAC14"
9.10135041621444e-81,0.994678270447588,0.25,0.032,1.29439405619402e-76,"4","RANBP3-DT"
1.01061101905065e-80,1.16885983872955,0.946,0.485,1.43729099129384e-76,"4","SMC3"
1.16343508736322e-80,0.575286577945954,0.539,0.126,1.65463738124797e-76,"4","ALDH16A1"
1.19624010755765e-80,0.827542957500557,0.449,0.095,1.70129268096849e-76,"4","SCAF1"
1.34580016923211e-80,0.794566710211298,0.39,0.074,1.91399700068191e-76,"4","SLC12A2"
1.51464342055467e-80,0.646808177782604,0.571,0.14,2.15412587271286e-76,"4","TRIM24"
1.54529469556415e-80,1.26223594768886,0.701,0.208,2.19771811603133e-76,"4","APOLD1"
1.62458897227787e-80,0.823254834469112,0.397,0.076,2.31049043637359e-76,"4","GEMIN4"
1.96043429464574e-80,0.588675906293868,0.537,0.126,2.78812965384517e-76,"4","SLC38A10"
2.168783606128e-80,0.799790219147946,0.48,0.105,3.08444404463524e-76,"4","CCDC97"
2.25094388354609e-80,1.06573828539676,0.39,0.075,3.20129239117925e-76,"4","PABPC1L"
2.38794740083472e-80,0.692367534118908,0.301,0.046,3.39613879346713e-76,"4","ZSWIM9"
2.72936006974095e-80,0.647521126204025,0.711,0.193,3.88169589118558e-76,"4","USP12"
3.30255996746529e-80,0.996068286891791,0.73,0.214,4.69690078572913e-76,"4","PAK1"
3.31464691512608e-80,0.760644709097659,0.679,0.184,4.71409084269231e-76,"4","ECPAS"
3.44905624647105e-80,1.02983755201177,0.321,0.052,4.90524779373113e-76,"4","ENTREP3"
3.97263168342305e-80,0.647424789685165,0.434,0.088,5.64987678016426e-76,"4","HGH1"
4.14024850484392e-80,0.63868029879822,0.6,0.152,5.88826142358902e-76,"4","EEF1AKMT1"
4.28464471278705e-80,0.620657487648151,0.615,0.155,6.09362171052574e-76,"4","UPF1"
5.25357605303762e-80,0.672752120195845,0.61,0.154,7.4716358626301e-76,"4","KLHL2"
6.4929029204513e-80,1.05431887733648,0.885,0.316,9.23420653346583e-76,"4","SEPTIN11"
6.51842623152178e-80,1.12253287105941,0.338,0.059,9.27050578647028e-76,"4","MIR3142HG"
6.54184387853344e-80,0.89513474170761,0.412,0.082,9.30381036405025e-76,"4","ZSWIM8"
7.13024983865866e-80,0.579484396291132,0.75,0.21,1.01406413205403e-75,"4","GEMIN6"
7.20063343065527e-80,0.600380332538107,0.439,0.091,1.02407408650779e-75,"4","ZDHHC21"
7.64409534315771e-80,0.576793017464801,0.549,0.13,1.08714323970389e-75,"4","SYMPK"
7.8147030598206e-80,0.552564748910807,0.721,0.196,1.11140706916769e-75,"4","C1GALT1C1"
8.14807611879683e-80,1.00005880292878,0.975,0.676,1.15881938561528e-75,"4","MSN"
8.41382663270127e-80,0.732818671111564,0.414,0.083,1.19661442370278e-75,"4","CLSTN3"
9.03095011980935e-80,1.05075454081662,0.301,0.046,1.28438172603929e-75,"4","SLC17A9"
9.97159817410349e-80,0.73806137053312,0.377,0.071,1.418160692321e-75,"4","ENSG00000241490"
1.06928100787489e-79,0.816897567222248,0.561,0.139,1.52073144939966e-75,"4","EEIG2"
1.07647915859386e-79,1.08640198976357,0.971,0.637,1.53096865935219e-75,"4","CCT6A"
1.07837652999762e-79,1.24914110266416,0.895,0.356,1.53366710096261e-75,"4","MRPL12"
1.13691412875535e-79,0.515447608024069,0.664,0.176,1.61691927391586e-75,"4","NAPG"
1.15836322289633e-79,0.776140623640337,0.777,0.227,1.64742417560315e-75,"4","SMIM30"
1.21191572161516e-79,0.7553273014831,0.392,0.075,1.72358653928109e-75,"4","DHX57"
1.22993338830515e-79,0.618620281850011,0.777,0.227,1.74921126484758e-75,"4","TTF1"
1.29199023431021e-79,0.848055580234747,0.635,0.165,1.83746851123599e-75,"4","RBM14"
1.30754175045109e-79,0.622653382545909,0.287,0.042,1.85958587749154e-75,"4","RPP14"
1.3153540690757e-79,0.514370993225762,0.556,0.134,1.87069655703946e-75,"4","NEU1"
1.40077381058639e-79,1.12436274435578,0.956,0.472,1.99218051341596e-75,"4","NUTF2"
1.42830207597947e-79,0.724162649265042,0.767,0.222,2.031331212458e-75,"4","SPTLC2"
1.42858885566504e-79,0.579887354164917,0.627,0.161,2.03173907052682e-75,"4","RCOR1"
1.44822551182471e-79,0.600072734729617,0.752,0.209,2.05966632291711e-75,"4","NNT"
1.92673967373447e-79,0.57026933983523,0.603,0.151,2.74020916398516e-75,"4","NOL9"
2.18381314735273e-79,0.508409500092434,0.363,0.065,3.10581905816506e-75,"4","PIDD1"
2.29240682288111e-79,1.71466160210319,0.404,0.085,3.26026098350152e-75,"4","CISH"
2.32300349022547e-79,1.09216814182518,0.958,0.474,3.30377556379866e-75,"4","ARPC5L"
2.50926247224901e-79,0.666864731737057,0.76,0.215,3.56867308803254e-75,"4","XPNPEP1"
2.56004908886277e-79,0.608290378479511,0.576,0.142,3.64090181418063e-75,"4","PDCD11"
2.6653289488661e-79,1.82485831458086,0.272,0.039,3.79063083107737e-75,"4","ZG16B"
2.8209575048689e-79,0.560136724479438,0.613,0.155,4.01196576342455e-75,"4","SLC25A40"
2.97235503077448e-79,0.534128494809579,0.471,0.102,4.22728332476747e-75,"4","NSUN4"
3.03593074297853e-79,0.804259119529559,0.831,0.253,4.31770070266407e-75,"4","MRPS18A"
3.4323421909598e-79,0.66421499388745,0.463,0.099,4.88147706398302e-75,"4","DPH2"
3.71911349371825e-79,1.12757448454301,0.944,0.409,5.28932321076609e-75,"4","ANXA6"
3.76171552731816e-79,0.812426851885101,0.784,0.236,5.34991182295189e-75,"4","LARP4"
4.00543249113143e-79,1.23903367608848,0.255,0.034,5.69652608888712e-75,"4","RTEL1"
4.45044901514303e-79,0.538591928218534,0.395,0.076,6.32942858933642e-75,"4","MAFG"
4.53977565241569e-79,0.537635137427563,0.395,0.076,6.45646893286559e-75,"4","WDR4"
4.54070777092256e-79,0.869844566089228,0.787,0.239,6.45779459180606e-75,"4","EXOSC4"
4.85126863484616e-79,0.752226717014818,0.806,0.245,6.89947425247821e-75,"4","DTD1"
5.07358082523618e-79,0.711861008821461,0.544,0.13,7.21564664965089e-75,"4","LPCAT3"
5.08147420353361e-79,0.972173115281415,0.821,0.262,7.2268726122655e-75,"4","CISD1"
5.15422227202403e-79,0.606357302363753,0.63,0.161,7.33033491527257e-75,"4","PINX1"
5.30323312008784e-79,0.55278615322838,0.495,0.112,7.54225814338892e-75,"4","UBFD1"
5.51816770184646e-79,0.815178940304656,0.534,0.127,7.84793810556603e-75,"4","SCMH1"
5.65651074812009e-79,1.09556728787103,0.89,0.313,8.04468958597639e-75,"4","GMPS"
5.7968598722761e-79,0.607413611730806,0.64,0.171,8.24429411035107e-75,"4","CEMIP2"
6.17229611476365e-79,0.766268691592931,0.292,0.044,8.77823953441687e-75,"4","RSKR"
6.56939313727732e-79,0.739349303785796,0.426,0.087,9.34299091983581e-75,"4","KCTD10"
6.92207922667959e-79,0.525670417825421,0.561,0.135,9.84458107618372e-75,"4","LRRC40"
7.04143359850587e-79,0.984670205011314,0.353,0.063,1.00143268637951e-74,"4","C15orf39"
7.27970748024877e-79,0.753700514631918,0.26,0.035,1.03531999784098e-74,"4","CDAN1"
7.48018088926898e-79,0.569513846247113,0.63,0.163,1.06383132607183e-74,"4","GRWD1"
8.19121679131595e-79,0.792386669532354,0.272,0.038,1.16495485206095e-74,"4","C5orf34"
8.2821131884242e-79,0.997577744737937,0.794,0.242,1.17788213765769e-74,"4","SFMBT2"
9.39270091041058e-79,0.848408685413842,0.978,0.803,1.33582992347859e-74,"4","ATP5MK"
1.0291272057463e-78,0.714542879085333,0.725,0.205,1.46362471201239e-74,"4","SLC35B2"
1.04874316774557e-78,0.596954737379579,0.581,0.144,1.49152253316776e-74,"4","ATP6V1B2"
1.10961106367549e-78,1.07042099813214,0.939,0.445,1.57808885475928e-74,"4","CIAO2A"
1.11208583991741e-78,1.67836100868373,0.26,0.036,1.58160848153054e-74,"4","DGUOK-AS1"
1.16058637607495e-78,0.532206675608927,0.603,0.152,1.65058594405379e-74,"4","CEP41"
1.20292282880806e-78,0.831428741637477,0.304,0.048,1.71079684713083e-74,"4","CIDEB"
1.30270262880049e-78,0.588940547557335,0.574,0.142,1.85270367868006e-74,"4","ZC3H4"
1.3094642635686e-78,0.992791054019028,0.929,0.32,1.86232007564726e-74,"4","SHKBP1"
1.31284572531559e-78,0.797662692304338,0.838,0.26,1.86712919054383e-74,"4","PTRHD1"
1.38670927249855e-78,0.788023755011632,0.797,0.237,1.97217792734744e-74,"4","MRPL15"
1.5687446779434e-78,1.1456439049844,0.74,0.24,2.23106868097111e-74,"4","DDIT4"
1.63605657928058e-78,1.0536937738997,0.958,0.574,2.32679966705284e-74,"4","PARP1"
1.76864945695479e-78,0.966033217230148,0.892,0.297,2.5153732576811e-74,"4","NIT2"
1.80244336204573e-78,0.866780568822748,0.363,0.066,2.56343494950144e-74,"4","TAF5L"
1.96644035412682e-78,1.07968395717438,0.934,0.371,2.79667147163916e-74,"4","HSBP1"
2.00108221578161e-78,0.617991431553371,0.412,0.083,2.84593912728461e-74,"4","FAM53C"
2.03975007450272e-78,0.53333714297363,0.635,0.165,2.90093255595776e-74,"4","SLC52A2"
2.14642321429686e-78,0.905304116058183,0.36,0.066,3.05264309537299e-74,"4","TELO2"
2.16048128009961e-78,0.780052385240492,0.821,0.246,3.07263647655766e-74,"4","MRPL58"
2.38786194476268e-78,0.695927028492588,0.532,0.128,3.39601725784148e-74,"4","PITPNM1"
2.65435653814955e-78,0.953428769449435,0.799,0.247,3.77502586855628e-74,"4","PRRC2A"
2.70906675906434e-78,0.553138570883247,0.564,0.138,3.8528347447413e-74,"4","RPRD1B"
2.77237998765694e-78,0.629221586722422,0.451,0.097,3.94287881844571e-74,"4","PISD"
3.24844146606104e-78,0.525528943175708,0.654,0.173,4.61993345303202e-74,"4","ZNF410"
3.2592634817793e-78,1.22958101873392,0.257,0.035,4.63532452378652e-74,"4","FBXL19"
3.81571475883238e-78,0.982162633769324,0.971,0.696,5.42670953001141e-74,"4","ALDOA"
4.18263611593096e-78,0.560317709591991,0.569,0.141,5.94854508407701e-74,"4","PPME1"
4.20951565260488e-78,0.876356649319479,0.762,0.225,5.98677316113467e-74,"4","ABCC1"
4.73706609070113e-78,0.575603205891107,0.723,0.201,6.73705539419514e-74,"4","CNOT10"
4.8371401167444e-78,0.751448422480627,0.375,0.073,6.87938067403389e-74,"4","HLA-DQB1"
4.86624545560834e-78,0.942627229868248,0.877,0.289,6.92077428696619e-74,"4","PRPF19"
5.18977246488643e-78,1.02594886867171,0.885,0.306,7.38089439956148e-74,"4","FARSA"
5.99410297968989e-78,0.50533958615112,0.564,0.138,8.52481325771496e-74,"4","MED18"
6.26519412184284e-78,0.877634671209715,0.346,0.061,8.91035908008489e-74,"4","PI4K2A"
6.97849132818202e-78,0.674052299341807,0.564,0.139,9.92481036694047e-74,"4","MTMR2"
7.56092925006922e-78,0.537155056606927,0.549,0.133,1.07531535794484e-73,"4","CNOT3"
8.08521704045717e-78,0.624034367467817,0.419,0.086,1.14987956749382e-73,"4","GLYCTK"
1.08324890838465e-77,0.722859152889207,0.797,0.234,1.54059659750466e-73,"4","NUP58"
1.27772181563607e-77,0.568852462707116,0.669,0.18,1.81717596619761e-73,"4","CDK7"
1.5325945063869e-77,0.758788979870062,0.348,0.064,2.17965590698345e-73,"4","HLA-DMB"
1.68286243543966e-77,1.54329080845913,0.338,0.062,2.39336695568229e-73,"4","IGFBP4"
1.69075411833021e-77,0.920946403519392,0.277,0.04,2.40459050708922e-73,"4","KHDC1-AS1"
1.77737188651961e-77,0.939368165304334,0.877,0.284,2.52777829700819e-73,"4","CHCHD3"
1.81921067213087e-77,0.754917227805946,0.848,0.257,2.58728141790452e-73,"4","TRAPPC2L"
1.868216575854e-77,0.909751566418954,0.973,0.669,2.65697761417956e-73,"4","NDUFC2"
1.8935007826314e-77,0.736618380419158,0.328,0.056,2.69293681305838e-73,"4","SLC5A6"
1.93757984080408e-77,0.731327248725662,0.642,0.169,2.75562604959157e-73,"4","FAM193A"
1.96683023721305e-77,0.608571587439803,0.593,0.152,2.7972259633644e-73,"4","FUOM"
1.98345627671731e-77,0.807936976867175,0.377,0.072,2.82087151674736e-73,"4","CC2D1A"
2.04951964533509e-77,0.968977412931012,0.348,0.063,2.91482683959557e-73,"4","GPR137B"
2.06011756267881e-77,0.674134620393997,0.814,0.241,2.9298991976418e-73,"4","CCNB1IP1"
2.08552858879931e-77,0.919114517968884,0.358,0.065,2.96603875899038e-73,"4","UQCRHL"
2.09125764050168e-77,0.6022056218043,0.64,0.168,2.97418661632148e-73,"4","ASCC1"
2.14840318409742e-77,0.965173036398522,0.919,0.323,3.05545900842335e-73,"4","YIF1B"
2.15247544286059e-77,0.761939339897591,0.596,0.156,3.06125057483633e-73,"4","MMP25-AS1"
2.21969121953223e-77,0.622082962329824,0.326,0.055,3.15684485241874e-73,"4","NIPA1"
2.22286601978479e-77,1.06844621081126,0.304,0.049,3.16136005333792e-73,"4","SLC25A35"
2.23639922141575e-77,0.582995425381923,0.586,0.148,3.18060697269748e-73,"4","MYO5A"
2.34128571017077e-77,0.615169137930618,0.419,0.086,3.32977653700487e-73,"4","FECH"
2.85132924163853e-77,0.812226171213887,0.355,0.065,4.05516044745831e-73,"4","LANCL2"
3.12042660534736e-77,0.977259609369696,0.858,0.287,4.43787071812501e-73,"4","THOC3"
3.13732746808072e-77,0.963023277258315,0.983,0.753,4.4619071251044e-73,"4","PA2G4"
3.42746447855941e-77,0.758437944402208,0.98,0.88,4.87453998140719e-73,"4","SUB1"
3.45423730078732e-77,0.535386145974075,0.716,0.197,4.91261628917973e-73,"4","DCUN1D1"
3.72108163572548e-77,1.33682814871314,0.267,0.038,5.29212230232878e-73,"4","FAM184A"
4.02189392145688e-77,0.579865549894643,0.373,0.07,5.71993753509598e-73,"4","MTPAP"
4.0874971243684e-77,1.03492873640166,0.922,0.336,5.81323841027673e-73,"4","CYB5B"
4.30631835695948e-77,1.63466363600789,0.309,0.05,6.12444596726777e-73,"4","H2BC15"
5.71503414846762e-77,0.60705276818446,0.662,0.179,8.12792156595065e-73,"4","MAN2B1"
5.81601215752342e-77,1.18137339120649,0.265,0.037,8.27153249042981e-73,"4","SETD9"
6.61296471871561e-77,1.87561866103449,0.289,0.045,9.40495842295734e-73,"4","TIAM2"
6.90046511067026e-77,0.539803313177025,0.603,0.153,9.81384148039524e-73,"4","NADK"
6.90153409345169e-77,1.09380393351472,0.963,0.474,9.81536178770699e-73,"4","NFKB1"
6.9467857716996e-77,1.06272606279161,0.944,0.404,9.87971872451117e-73,"4","GTF3C6"
7.10422732496597e-77,0.845188778654208,0.824,0.255,1.01036321015666e-72,"4","APEH"
7.42854043875233e-77,0.959988731234741,0.971,0.665,1.05648702119936e-72,"4","CCT8"
7.55082180373909e-77,0.86293289514932,0.975,0.707,1.07387787692777e-72,"4","XRCC6"
7.61775760429289e-77,0.915506355343422,0.77,0.233,1.08339748648253e-72,"4","SMG6"
8.61236152508507e-77,0.759009113466274,0.336,0.059,1.2248500560976e-72,"4","TAOK2"
9.43339649847506e-77,0.892737378068496,0.324,0.055,1.34161765001312e-72,"4","CCDC102A"
1.02841569998993e-76,1.06554658333009,0.951,0.417,1.46261280852568e-72,"4","TXN2"
1.09322836082209e-76,0.60705342801001,0.377,0.072,1.55478937476118e-72,"4","CEP89"
1.15892321134572e-76,1.45353122195915,0.275,0.041,1.64822059117588e-72,"4","CD101"
1.1718050239256e-76,0.574093287154049,0.395,0.078,1.66654110502699e-72,"4","ABR"
1.36307972361621e-76,1.61533648053837,0.267,0.039,1.93857198292697e-72,"4","DOCK3"
1.36462761293757e-76,1.06195225948576,0.946,0.451,1.94077339111981e-72,"4","PPP1R18"
1.41725989675284e-76,0.764574360767677,0.363,0.068,2.01562702516189e-72,"4","SPRYD4"
1.58566895453564e-76,0.608815564174885,0.787,0.232,2.25513838714059e-72,"4","DNAJB11"
1.82093807024915e-76,0.935801045320825,0.973,0.65,2.58973812350835e-72,"4","PRDX6"
1.89192277161187e-76,1.39739412356601,0.721,0.252,2.6906925657864e-72,"4","TOX"
1.9039046428563e-76,0.576421572584603,0.691,0.191,2.70773318307022e-72,"4","YWHAG"
2.02376713289499e-76,0.526475420793737,0.635,0.167,2.87820161640325e-72,"4","NOL10"
2.11492644717549e-76,1.06979089419261,0.956,0.48,3.00784839317298e-72,"4","ETFB"
2.21175797591686e-76,0.568358726032908,0.659,0.178,3.14556219334895e-72,"4","ASMTL"
2.33869102944418e-76,1.04210117667419,0.973,0.598,3.32608638207551e-72,"4","POLR2E"
2.36417176701446e-76,0.62587899420714,0.478,0.109,3.36232508704796e-72,"4","CPLANE1"
2.51370358667086e-76,0.682572541530882,0.98,0.885,3.5749892409633e-72,"4","MZT2B"
2.59218157686459e-76,1.39850066285312,0.265,0.038,3.68660063861681e-72,"4","POLR3G"
2.69778343280018e-76,1.03181220693734,0.853,0.284,3.83678759812842e-72,"4","NUP210"
3.01582204664463e-76,0.947941863081618,0.973,0.577,4.289102114738e-72,"4","UBE2L3"
3.11284968789946e-76,0.519064745900036,0.431,0.091,4.42709482613061e-72,"4","POLR3H"
3.17233114058298e-76,0.77916253792641,0.341,0.061,4.51168934813711e-72,"4","ZNF93"
3.30813708399262e-76,0.762910421697787,0.598,0.155,4.7048325608543e-72,"4","SFXN4"
3.36226636291755e-76,0.93766632186308,0.824,0.268,4.78181522134135e-72,"4","FAM89B"
3.47293826234263e-76,0.639853140242731,0.752,0.216,4.93921279670369e-72,"4","RARS1"
4.13452548425891e-76,0.640504096816689,0.679,0.189,5.88012214371302e-72,"4","TRIM59"
4.41342279805105e-76,0.571398607570746,0.525,0.126,6.2767699033882e-72,"4","TBC1D9B"
4.46204157359267e-76,0.505822555642453,0.564,0.141,6.34591552596349e-72,"4","TMEM39B"
4.60325922917822e-76,0.764355455937777,0.75,0.22,6.54675527573726e-72,"4","PRPS2"
4.68570568340501e-76,1.47356643586278,0.262,0.037,6.66401062293861e-72,"4","CNTROB"
4.74375920389103e-76,1.19114121317169,0.319,0.054,6.74657433977382e-72,"4","ICA1L"
6.45893150493306e-76,0.586979682623891,0.446,0.097,9.1858923863158e-72,"4","TPMT"
6.66905777300493e-76,0.637016525239352,0.787,0.232,9.48473396476761e-72,"4","MRPL48"
6.7065754888037e-76,0.673188744105307,0.775,0.227,9.53809166017662e-72,"4","KPNA6"
7.17655390269219e-76,0.554722674040215,0.725,0.209,1.02064949604088e-71,"4","LACTB"
7.26695147141695e-76,0.681268628551217,0.395,0.079,1.03350583826492e-71,"4","CAMKK2"
7.67774129619987e-76,0.565528416930514,0.748,0.213,1.09192836714555e-71,"4","DDX49"
8.04365021036591e-76,0.738178279100917,0.444,0.097,1.14396793291824e-71,"4","RCN1"
1.04518315607006e-75,0.702414984907967,0.542,0.135,1.48645948456284e-71,"4","CALHM2"
1.07700919810109e-75,0.573206399242159,0.436,0.094,1.53172248153937e-71,"4","ST3GAL2"
1.14841135772608e-75,0.566248579994281,0.659,0.18,1.63327063295804e-71,"4","MTIF2"
1.2972523577269e-75,0.559570160951018,0.77,0.218,1.8449523031592e-71,"4","AGPS"
1.32856804809594e-75,1.10184932154505,0.336,0.06,1.88948947800205e-71,"4","SULT1A1"
1.37169146182768e-75,0.656871173716713,0.404,0.083,1.95081959701133e-71,"4","C20orf96"
1.41800626629427e-75,0.78540272059668,0.336,0.06,2.01668851192371e-71,"4","NXT2"
1.41912635789218e-75,0.713818114584378,0.775,0.23,2.01828150619426e-71,"4","WDR77"
1.54006946725178e-75,0.705793979421298,0.824,0.252,2.19028679632549e-71,"4","SF3B3"
1.67784203695131e-75,0.543276262192297,0.333,0.058,2.38622694495216e-71,"4","DHODH"
1.8249288092268e-75,0.878279473079692,0.98,0.732,2.59541375248235e-71,"4","ATP5F1A"
1.92253780966362e-75,0.717514354004023,0.816,0.252,2.7342332729036e-71,"4","GPANK1"
1.95463389964189e-75,0.831969190461356,0.321,0.055,2.77988033207069e-71,"4","ZSCAN2"
2.1699186775668e-75,0.5517337784259,0.819,0.245,3.08605834323551e-71,"4","POLR1F"
3.02465116865836e-75,0.535644225199799,0.654,0.177,4.30165889206592e-71,"4","COG4"
3.28546456569476e-75,0.656084769562497,0.309,0.051,4.67258770533108e-71,"4","VARS2"
3.32779751183478e-75,0.840009541761143,0.995,0.963,4.73279362133142e-71,"4","HSPA8"
3.67294087204376e-75,0.851522777998442,0.341,0.062,5.22365650822064e-71,"4","BLTP3A"
3.83547571955194e-75,0.571184855621103,0.412,0.085,5.45481356834677e-71,"4","MBOAT1"
3.980753113489e-75,0.655057437964527,0.444,0.097,5.66142707800405e-71,"4","ATP11A"
4.02070226997347e-75,0.900283015632652,0.287,0.045,5.71824276835626e-71,"4","CCRL2"
4.26128406803185e-75,1.04454029678047,0.931,0.372,6.0603982015549e-71,"4","EEF1E1"
4.54168372606419e-75,0.64784599355953,0.733,0.221,6.45918259520849e-71,"4","MYO1F"
5.00736386725117e-75,0.753887398977931,0.797,0.238,7.12147289200462e-71,"4","PSME3"
5.14936869966111e-75,0.535674820262386,0.37,0.071,7.32343216465804e-71,"4","SLC43A1"
6.48195227324077e-75,0.698580443503793,0.728,0.211,9.21863252300302e-71,"4","FTSJ3"
7.43845314306813e-75,0.5817995826303,0.723,0.207,1.05789680600715e-70,"4","ARHGEF2"
7.75030310056199e-75,0.654517972143758,0.995,0.92,1.10224810696193e-70,"4","RHOA"
7.78990949332985e-75,0.805092299715438,0.833,0.261,1.10788092814137e-70,"4","WDR18"
8.4955599361014e-75,0.748490623590874,0.853,0.276,1.20823853411234e-70,"4","STAMBP"
8.54502662440916e-75,0.618712083921314,0.605,0.16,1.21527368652347e-70,"4","UNC13D"
9.13725557775713e-75,1.0130222555129,0.275,0.042,1.29950048826862e-70,"4","ACSF2"
9.23733320060166e-75,0.95916155989939,0.321,0.055,1.31373352778957e-70,"4","BAHD1"
9.52042584184405e-75,1.05925564365243,0.941,0.384,1.35399496322706e-70,"4","FIBP"
1.17714012787573e-74,0.557002151240043,0.738,0.212,1.67412868986487e-70,"4","RABIF"
1.2435684129213e-74,0.521192684304024,0.672,0.185,1.76860299685667e-70,"4","SEC61A1"
1.37985468679621e-74,0.548935098287215,0.772,0.229,1.96242933556157e-70,"4","SLF2"
1.46543660692974e-74,0.788248927238164,0.868,0.278,2.08414394237547e-70,"4","PLGRKT"
1.53064373862678e-74,0.86092698439986,0.873,0.288,2.176881525075e-70,"4","PDHA1"
1.83267486337703e-74,1.12085306632208,0.27,0.04,2.60643019069481e-70,"4","ATP13A2"
1.98772263378329e-74,0.695468301727491,0.799,0.245,2.82693912976659e-70,"4","RAB33A"
2.23069546813471e-74,0.732393297538785,0.355,0.067,3.17249509478118e-70,"4","CHST14"
2.23485917327212e-74,0.522772606184266,0.414,0.086,3.1784167162276e-70,"4","SIK2"
2.44066921621306e-74,0.82086895419302,0.824,0.258,3.47111975929821e-70,"4","BAD"
2.63180677126322e-74,0.541842779404469,0.62,0.164,3.74295559009055e-70,"4","OAZ2"
3.81139162496867e-74,0.794977593857422,0.978,0.829,5.42056116903045e-70,"4","HNRNPD"
3.94012010214174e-74,0.56543043027895,0.576,0.147,5.60363880926598e-70,"4","ENTPD1-AS1"
4.13871455029076e-74,0.679185748393265,0.333,0.06,5.88607983342352e-70,"4","ENSG00000290968"
4.39988915595711e-74,0.615007233439005,0.578,0.149,6.25752235760221e-70,"4","DHRSX"
4.77214594539384e-74,1.02751030696805,0.429,0.092,6.78694596353913e-70,"4","RBM15"
4.89488059747689e-74,0.567418302037424,0.429,0.092,6.96149918573163e-70,"4","RIOX1"
4.9196257307365e-74,1.02802175943837,0.953,0.394,6.99669171425345e-70,"4","MPC2"
4.92506291137433e-74,0.500241213610972,0.37,0.072,7.00442447255657e-70,"4","ANAPC2"
5.00430102332894e-74,0.51064620403309,0.407,0.084,7.11711691537842e-70,"4","RRM2B"
5.1494731218141e-74,0.892186294904564,0.799,0.258,7.32358067384401e-70,"4","INPP5D"
5.34499322131426e-74,1.10710935192782,0.941,0.468,7.60164935935314e-70,"4","PDIA6"
5.52737281178934e-74,0.895738843103384,0.877,0.298,7.86102961292679e-70,"4","VOPP1"
6.3386603997734e-74,0.716480085895538,0.358,0.068,9.01484282055773e-70,"4","SPOPL"
6.74815709356144e-74,0.577330520046103,0.35,0.065,9.59722901846308e-70,"4","GYS1"
7.20859637423467e-74,0.537914899720847,0.564,0.141,1.02520657634365e-69,"4","PPAT"
7.33017782247381e-74,1.0439531492602,0.946,0.391,1.04249788991223e-69,"4","ITGB1BP1"
8.66026782048797e-74,0.70140686652227,0.426,0.092,1.2316632894298e-69,"4","NAT14"
9.80151335392116e-74,0.939603227497566,0.811,0.263,1.39397122919467e-69,"4","POLR2A"
1.10290248400326e-73,1.15771140222371,0.642,0.193,1.56854791274943e-69,"4","HDGFL3"
1.35216425769723e-73,0.989370694543302,0.892,0.307,1.923048007297e-69,"4","CYB5R3"
1.40870579696445e-73,0.60371031868427,0.816,0.247,2.00346138444284e-69,"4","FAF2"
1.55275845259665e-73,1.0485942243529,0.922,0.363,2.20833307128295e-69,"4","IAH1"
1.79564078411398e-73,0.723270982419773,0.441,0.098,2.55376032316691e-69,"4","BAP1"
1.96244593688242e-73,0.653848195495534,0.446,0.099,2.79099061143418e-69,"4","BRPF1"
2.09763855604905e-73,1.1165579577757,0.284,0.045,2.98326155441295e-69,"4","PIGQ"
2.2057850744203e-73,0.943735837852585,0.309,0.053,3.13706753284055e-69,"4","DYNC2LI1"
2.33421574296862e-73,0.564065430286182,0.532,0.132,3.31972162964997e-69,"4","BMP2K"
2.56506843705514e-73,0.977643106494643,0.968,0.6,3.64804033117982e-69,"4","TLN1"
3.00567498816963e-73,0.766677972121219,0.978,0.841,4.27467096817484e-69,"4","CBX3"
3.40839941989714e-73,0.893743628314604,0.973,0.699,4.84742565497771e-69,"4","BBLN"
4.27288466291936e-73,0.743182638612744,0.373,0.074,6.07689656760392e-69,"4","PTGER2"
4.33854299523835e-73,0.622910718556985,0.392,0.08,6.17027584782798e-69,"4","TNRC18"
5.07090673324044e-73,0.816367997703603,0.431,0.094,7.21184355601456e-69,"4","MINPP1"
5.17846719059147e-73,0.742918372292301,0.324,0.057,7.36481603845918e-69,"4","MAP1S"
5.71517274309871e-73,0.669038806482514,0.426,0.094,8.12811867523498e-69,"4","METTL8"
5.72591274885419e-73,0.595923915948686,0.348,0.065,8.14339311142043e-69,"4","LRRC8A"
6.00895683222654e-73,1.53097564558598,0.397,0.085,8.54593840679258e-69,"4","ENSG00000262202"
6.50386202711434e-73,0.590869594731677,0.718,0.208,9.24979257496201e-69,"4","BRD3"
6.84141124777083e-73,1.06839015732641,0.409,0.087,9.72985507657968e-69,"4","UAP1"
6.85229868758156e-73,0.905012826163014,0.466,0.109,9.74533919347849e-69,"4","EXT1"
6.88097365064163e-73,1.04190674989555,0.919,0.352,9.78612072594253e-69,"4","PTBP1"
6.93177563147609e-73,1.07525581680157,0.949,0.415,9.85837130308529e-69,"4","OLA1"
7.55155009960858e-73,1.16967836652593,0.966,0.583,1.07398145516633e-68,"4","CYCS"
7.8878768340196e-73,0.625470907321457,0.755,0.223,1.12181384333427e-68,"4","TBC1D2B"
7.93888303863701e-73,0.598597455440324,0.679,0.212,1.12906794575496e-68,"4","KLRD1"
8.03819794188152e-73,1.03464453903586,0.488,0.126,1.14319251129439e-68,"4","HLA-DRB1"
8.68834771927681e-73,0.928981491287154,0.98,0.811,1.23565681263555e-68,"4","LSP1"
9.30685160230714e-73,0.676751450109488,0.799,0.245,1.32362043488012e-68,"4","ERG28"
1.05334166838219e-72,0.547281795893999,0.441,0.098,1.49806252077315e-68,"4","ULK4"
1.08631796584468e-72,0.576217710196945,0.48,0.113,1.5449614110243e-68,"4","CEP164"
1.20362952461538e-72,0.831811974023319,0.799,0.247,1.711801909908e-68,"4","RANBP9"
1.29573948572949e-72,0.501546953403901,0.522,0.128,1.84280069660449e-68,"4","GSE1"
1.38069611603687e-72,0.903503548552694,0.98,0.685,1.96362601622764e-68,"4","MDH2"
1.46788798771933e-72,0.857554372915654,0.319,0.056,2.08763029613444e-68,"4","VCL"
1.65467675298842e-72,0.634041566444011,0.407,0.086,2.35328127810014e-68,"4","SEC24A"
1.87583461328431e-72,0.86014199297506,0.301,0.051,2.66781198701294e-68,"4","GNA12"
2.10837173030251e-72,0.613295925103109,0.978,1,2.99852627483623e-68,"4","MT-CO2"
2.31025007653865e-72,0.770110778394227,0.87,0.285,3.28563765885327e-68,"4","ATP6V0D1"
2.50150243558303e-72,1.42510028290716,0.387,0.082,3.55763676388619e-68,"4","CAMTA2"
2.68035054549863e-72,0.532297510833478,0.436,0.097,3.81199454580815e-68,"4","KLHL12"
2.71669784680276e-72,0.510349858467343,0.65,0.18,3.86368767772289e-68,"4","SETD3"
3.07510982646871e-72,0.535026732226227,0.669,0.187,4.37342119520381e-68,"4","LAS1L"
3.56089208947538e-72,0.605671651880512,0.755,0.224,5.06430072965189e-68,"4","OGDH"
3.56924656433406e-72,0.906950823866463,0.358,0.07,5.0761824637959e-68,"4","FNDC3B"
3.91509575846751e-72,0.572971879042722,0.674,0.19,5.56804918769249e-68,"4","COX10"
4.10514363427662e-72,0.99260933391383,0.887,0.308,5.8383352766682e-68,"4","PTPN11"
4.2149301689867e-72,0.504624876478939,0.502,0.121,5.99447368633289e-68,"4","MAVS"
5.18341997640361e-72,0.580803774888447,0.738,0.216,7.37185989044122e-68,"4","OPA1"
5.27722279782017e-72,0.521670263435982,0.48,0.114,7.50526626305984e-68,"4","TANGO6"
5.41007388354976e-72,0.631715875500768,0.676,0.191,7.69420707718447e-68,"4","UTP4"
5.4232994677675e-72,2.83704894420668,0.973,0.729,7.71301650305894e-68,"4","H4C3"
8.23062086179629e-72,0.625606533906127,0.512,0.125,1.17055889896467e-67,"4","PPM1D"
8.50304764204337e-72,0.853548476449245,0.975,0.775,1.20930343565141e-67,"4","IFI16"
8.99350990687145e-72,0.55351696780461,0.441,0.099,1.27905697895526e-67,"4","ZNF700"
9.31438308279492e-72,0.593876913731406,0.297,0.049,1.32469156203509e-67,"4","PROSER3"
9.3621738269068e-72,0.773688773434513,0.973,0.828,1.33148836166269e-67,"4","NDUFS5"
9.39950852554057e-72,0.987831019934853,0.314,0.055,1.33679810250238e-67,"4","CHSY1"
9.93321607349689e-72,0.831488845381664,0.304,0.052,1.41270198997273e-67,"4","PLCXD2"
1.04567066514946e-71,1.2281859497812,0.267,0.041,1.48715281997556e-67,"4","TBXAS1"
1.15793165868706e-71,0.913443577299928,0.983,0.707,1.64681040498474e-67,"4","ACTR3"
1.17370415352753e-71,0.915402731349042,0.853,0.287,1.66924204714685e-67,"4","FAM120A"
1.28860794536751e-71,0.98854346693884,0.434,0.099,1.83265821990167e-67,"4","ICA1"
1.46331602777095e-71,1.04038168933693,0.287,0.047,2.08112805469585e-67,"4","ZNF689"
1.48551585150721e-71,0.571401164692078,0.772,0.233,2.11270064401356e-67,"4","SLC39A1"
1.53491878168936e-71,0.602483935848161,0.466,0.109,2.1829614913186e-67,"4","DTX2"
1.58198858121634e-71,0.593691959741041,0.495,0.118,2.24990416020588e-67,"4","NOM1"
1.6509451238702e-71,0.772155460577466,0.824,0.257,2.3479741551682e-67,"4","NFU1"
1.8879044986513e-71,0.820986767542185,0.262,0.039,2.68497777798188e-67,"4","FSD1L"
2.01540657879627e-71,0.829955927194997,0.836,0.271,2.86631123636406e-67,"4","DDB1"
2.29132813263832e-71,0.503608771009179,0.603,0.162,3.25872687023822e-67,"4","ATP13A3"
2.3133676151635e-71,0.636354461863209,1,1,3.29007142228554e-67,"4","TMSB4X"
2.69712025556328e-71,0.700725600537026,0.311,0.054,3.8358444274621e-67,"4","TNFAIP1"
2.73252635462745e-71,0.621868972076375,0.51,0.125,3.88619898155116e-67,"4","MAK16"
3.1034824110582e-71,0.98249444022238,0.958,0.502,4.41377268500697e-67,"4","VPS29"
3.33285364137567e-71,0.683690836974382,0.819,0.253,4.73998444876447e-67,"4","PRCC"
3.33500178531111e-71,0.601943153477121,0.436,0.097,4.74303953906946e-67,"4","RUBCN"
3.52497668729593e-71,0.700736488031986,0.777,0.234,5.01322184467228e-67,"4","PRORP"
3.84027167217328e-71,0.663942691863265,0.596,0.158,5.46163437216484e-67,"4","FOCAD"
3.86187251726004e-71,0.906847588643268,0.485,0.119,5.49235509404723e-67,"4","ARRB1"
3.91993306397682e-71,0.63914712613955,0.98,0.92,5.57492880358784e-67,"4","ELOB"
4.11200121630465e-71,0.629694554874533,0.836,0.261,5.84808812982847e-67,"4","HTRA2"
4.37458038646386e-71,0.87165855068839,0.493,0.122,6.2215282256289e-67,"4","LGALS9"
4.42298259279741e-71,0.673294525577034,0.772,0.236,6.29036584347648e-67,"4","MAP2K1"
4.91805962888793e-71,0.704472220810542,0.836,0.267,6.99446440420441e-67,"4","NFYC"
5.03032364384772e-71,1.03181076246124,0.895,0.341,7.15412628628022e-67,"4","TRIM28"
5.26119370789885e-71,0.541747734446938,0.417,0.09,7.48246969137374e-67,"4","EEF2KMT"
5.36327026904244e-71,0.830255325562755,0.99,0.955,7.62764297663216e-67,"4","UBB"
5.4669276562979e-71,0.795069596348374,0.353,0.069,7.77506451278688e-67,"4","ZFAND2A-DT"
5.58842583993491e-71,0.926138004936829,0.301,0.052,7.94785922955543e-67,"4","MED20"
6.09759542378383e-71,0.60499081496719,0.515,0.127,8.67200021170537e-67,"4","SLC2A1"
6.98637713901703e-71,0.902141732852927,0.968,0.616,9.93602556711002e-67,"4","GNB2"
7.67510273877296e-71,1.02309641878627,0.865,0.317,1.09155311150829e-66,"4","SCLT1"
7.93600234226313e-71,1.03551915562507,0.931,0.454,1.12865825311666e-66,"4","RBBP7"
8.49178223708539e-71,0.992429022911929,0.951,0.485,1.20770126975828e-66,"4","POLR2K"
8.83615051551788e-71,0.750332586451182,0.865,0.275,1.25667732631695e-66,"4","DLD"
9.33486378547638e-71,1.03236945782517,0.929,0.38,1.32760432757045e-66,"4","CMTM6"
1.03982532763713e-70,0.569710413962579,0.779,0.235,1.47883958096552e-66,"4","UCHL3"
1.04729209790188e-70,0.628329749943837,0.444,0.1,1.48945882163606e-66,"4","COLGALT1"
1.14319043322086e-70,0.983588161839883,0.953,0.39,1.62584543412671e-66,"4","DBNL"
1.46540468663224e-70,0.526298903945027,0.6,0.162,2.08409854532836e-66,"4","ABHD17B"
1.49956710555274e-70,0.708347667218063,0.853,0.271,2.13268433751711e-66,"4","PPIL3"
1.52394713427378e-70,0.952390534908505,0.914,0.331,2.16735761436417e-66,"4","ITPA"
1.61692324854331e-70,0.982750504921144,0.306,0.054,2.29958824407829e-66,"4","MREG"
1.78238393008636e-70,0.512242454264715,0.429,0.095,2.53490642536882e-66,"4","INTS1"
1.99958201054654e-70,0.537713363128727,0.522,0.13,2.84380553539929e-66,"4","MADD"
2.11527954580298e-70,1.01627496869351,0.951,0.429,3.008350570041e-66,"4","LAMTOR2"
2.44981272280652e-70,0.53875887492042,0.596,0.16,3.48412365437544e-66,"4","GCH1"
2.61652843201019e-70,0.908411580088293,0.858,0.297,3.7212267360049e-66,"4","ANAPC15"
2.69620390377379e-70,0.513057067071491,0.667,0.191,3.83454119194708e-66,"4","EXOC3"
2.71146207122317e-70,1.16165045574764,0.953,0.433,3.85624135769359e-66,"4","CDC123"
2.7242882289944e-70,0.510587359962967,0.544,0.139,3.87448271927583e-66,"4","LRRC61"
2.93593936338924e-70,0.766832682476798,0.304,0.053,4.17549296261217e-66,"4","MON1A"
3.08766963761648e-70,0.52409703223412,0.306,0.053,4.39128375861816e-66,"4","ZNF684"
3.38944822228917e-70,0.555843203332496,0.569,0.149,4.82047326173966e-66,"4","CHRNB1"
3.90460720603019e-70,0.606606296383478,0.738,0.22,5.55313236841614e-66,"4","MSH3"
4.69684201607435e-70,0.567238201923912,0.424,0.094,6.67984871526094e-66,"4","CTDP1"
4.86047104551003e-70,0.776216911842689,0.909,0.312,6.91256192092437e-66,"4","ARPP19"
4.92490623296998e-70,0.849471249674254,0.346,0.067,7.0042016445299e-66,"4","ENSG00000275964"
5.0460868227451e-70,0.773587613935053,0.799,0.255,7.17654467930809e-66,"4","HDAC8"
5.22761646505894e-70,0.826896689844302,0.88,0.295,7.43471613660683e-66,"4","HDAC3"
5.28151752902346e-70,1.09083000702205,0.265,0.041,7.51137422977716e-66,"4","TMEM53"
5.32419673848824e-70,0.806906572090712,0.321,0.059,7.57207260147798e-66,"4","SWAP70"
5.84327576389258e-70,0.741960553433044,0.806,0.261,8.31030679140803e-66,"4","ESYT1"
6.86503555632343e-70,0.771518774497186,0.87,0.293,9.76345356820318e-66,"4","PYM1"
7.10166730916559e-70,0.519618803722264,0.507,0.125,1.00999912470953e-65,"4","FDX2"
8.03334396150856e-70,0.778898685409104,0.331,0.062,1.14250217820575e-65,"4","TBC1D22B"
8.08778337326853e-70,2.04605472977399,0.348,0.072,1.15024455134625e-65,"4","NR4A2"
8.65672846478197e-70,0.878641286863977,0.814,0.262,1.23115992226129e-65,"4","CS"
1.0997595839592e-69,0.515738611716751,0.635,0.177,1.56407808030678e-65,"4","RBFA"
1.34595778872548e-69,1.0433915419765,0.936,0.41,1.91422116712538e-65,"4","TIMM8B"
1.35573964818999e-69,0.51438735252086,0.686,0.198,1.92813292765581e-65,"4","MAPK3"
1.47789127532049e-69,1.06987161457958,0.919,0.441,2.10185697176081e-65,"4","SIRPG"
1.47937566337778e-69,0.553104675793106,0.642,0.182,2.10396806845588e-65,"4","CSNK1G1"
1.50151757256588e-69,1.00107004264157,0.816,0.287,2.13545829170319e-65,"4","IGF2R"
1.53954507730981e-69,0.719037021385564,0.637,0.177,2.18954100895001e-65,"4","COX15"
1.54668426173025e-69,0.541071602090865,0.699,0.203,2.19969435703277e-65,"4","GNL2"
1.54872053606924e-69,0.982744876318641,0.971,0.573,2.20259034639767e-65,"4","TKT"
1.58062451945419e-69,0.65396840983143,0.735,0.222,2.24796419156775e-65,"4","PAK1IP1"
1.60724665344508e-69,0.991675348841035,0.971,0.731,2.2858261905296e-65,"4","S100A11"
1.89525152741083e-69,0.799766569949698,0.877,0.296,2.69542672228368e-65,"4","GPS1"
1.91330968369198e-69,0.758264115784523,0.799,0.258,2.72110903214673e-65,"4","SERPINB6"
1.91482901424632e-69,0.754405285767794,0.547,0.147,2.72326982406111e-65,"4","HVCN1"
1.93666101452507e-69,0.801262496157612,0.297,0.051,2.75431929485755e-65,"4","ERV3-1"
2.06241358652417e-69,1.00040885355689,0.914,0.366,2.93316460275468e-65,"4","PSMB5"
2.0924539360828e-69,0.711289905482465,0.897,0.308,2.97588798789696e-65,"4","HCFC1R1"
2.26066275665791e-69,0.609407250936627,0.843,0.267,3.21511457251887e-65,"4","HACD3"
2.34406319345928e-69,0.9199788300156,0.767,0.25,3.33372667373778e-65,"4","TRAP1"
2.57566593611697e-69,0.925699404922652,0.966,0.594,3.66311209434556e-65,"4","EIF3I"
2.67537964066804e-69,0.724809318951124,0.777,0.245,3.80492492495808e-65,"4","SAMM50"
2.86152671324615e-69,0.686456213866599,0.304,0.053,4.06966329157867e-65,"4","EMC1"
2.9593858171719e-69,0.504147181367625,0.664,0.187,4.20883850918188e-65,"4","ABCF2"
3.0087791946663e-69,0.614199001319004,0.799,0.251,4.27908577065442e-65,"4","STRBP"
3.0625387094984e-69,0.957114088260098,0.917,0.337,4.35554255264863e-65,"4","VPS25"
3.15982587348731e-69,0.891503186522073,0.252,0.038,4.49390435727366e-65,"4","SEC61A2"
3.31775021311437e-69,0.969519473130935,0.949,0.388,4.71850435309126e-65,"4","PSMC2"
3.35574927904613e-69,0.801615457823978,0.336,0.064,4.77254662465941e-65,"4","SPA17"
3.53425526506064e-69,0.61282758340757,0.417,0.092,5.02641783796924e-65,"4","GTPBP3"
3.5976691054055e-69,0.530838747597511,0.755,0.228,5.11660500170771e-65,"4","UROS"
4.12229597166121e-69,0.949954038228118,0.799,0.269,5.86272933089657e-65,"4","MBD2"
4.14053146539968e-69,0.742704846554214,0.63,0.178,5.88866385009143e-65,"4","BAG6"
4.24602134074129e-69,1.49715060032343,0.848,0.394,6.03869155080226e-65,"4","CCND2"
4.94509653505479e-69,0.573222872859514,0.752,0.227,7.03291629215492e-65,"4","DELE1"
5.1802564491701e-69,1.01545737076118,0.929,0.434,7.36736072200972e-65,"4","BAZ1B"
5.85838051207175e-69,0.562329293425583,0.75,0.222,8.33178876426844e-65,"4","POM121"
6.15141466167599e-69,0.752542386544681,0.98,0.801,8.7485419318356e-65,"4","PSMB1"
7.28544570300746e-69,0.503368330215377,0.772,0.233,1.03613608788172e-64,"4","DDX1"
7.92983371720064e-69,0.50953953887245,0.355,0.071,1.12778095126028e-64,"4","DHX35"
7.97021470569553e-69,0.930006716650039,0.904,0.343,1.13352393544402e-64,"4","TMEM109"
8.86704294702233e-69,0.533168902964224,0.395,0.085,1.26107084792552e-64,"4","RAPGEF2"
8.92299737863326e-69,0.639935319231231,0.377,0.079,1.26902868718922e-64,"4","LINC00467"
1.0225307851374e-68,0.54266472903799,0.713,0.212,1.45424328262241e-64,"4","ISG20L2"
1.04683945577024e-68,0.540296676043874,0.48,0.118,1.48881507399643e-64,"4","HMGCR"
1.17278626426502e-68,0.752051769019139,0.385,0.082,1.66793662503772e-64,"4","TRAF3IP2"
1.2094306915078e-68,0.999015097474258,0.267,0.043,1.7200523294624e-64,"4","APOM"
1.34728198660092e-68,1.00202200683036,0.971,0.793,1.91610444134383e-64,"4","S100A4"
1.74150767430024e-68,0.833647618963365,0.909,0.326,2.4767722143898e-64,"4","CHCHD5"
1.77237902075422e-68,0.638671909360605,0.507,0.129,2.52067744331666e-64,"4","AGMAT"
1.77283484138315e-68,0.611348148261642,0.841,0.273,2.52132571141512e-64,"4","NAA50"
1.89883417293644e-68,0.737341683874736,0.75,0.23,2.70052196075021e-64,"4","MCMBP"
2.02015602380845e-68,0.851145588018522,0.873,0.306,2.87306589706038e-64,"4","PRKCSH"
2.08032925287407e-68,1.18227292306726,0.333,0.066,2.95864426343751e-64,"4","APOBR"
2.21078583307631e-68,0.537200438533579,0.615,0.172,3.14417961180113e-64,"4","DIAPH2"
2.71452207827469e-68,0.501740376326602,0.723,0.221,3.86059329972226e-64,"4","GALNT2"
2.84962273575602e-68,1.10244024317126,0.25,0.038,4.05273345479221e-64,"4","PDP2"
2.99715639470592e-68,0.803373798468836,0.382,0.082,4.26255582455077e-64,"4","PAWR"
3.01754726949112e-68,0.652812499264435,0.35,0.07,4.29155572667027e-64,"4","ZNF48"
3.15344575005335e-68,0.564816318327805,0.431,0.099,4.48483054572587e-64,"4","IDH1"
3.20966402798376e-68,0.858115620657344,0.265,0.042,4.5647841805985e-64,"4","TMEM104"
3.26099371419212e-68,1.09081948334711,0.931,0.397,4.63778526032403e-64,"4","MRPL17"
3.30134679868092e-68,0.66568404203763,0.395,0.085,4.69517541708401e-64,"4","SLC39A11"
3.47294351160354e-68,0.502592265845223,0.275,0.045,4.93922026220256e-64,"4","MSANTD7"
3.75451268902972e-68,1.10803210949842,0.904,0.392,5.33966794633807e-64,"4","PTPN6"
4.11254649219838e-68,0.938466448789795,0.958,0.691,5.84886362120454e-64,"4","PRELID1"
4.11549497774474e-68,0.627503937491031,0.294,0.051,5.85305695734857e-64,"4","PRDM10"
4.17433573310998e-68,0.514612190889649,0.397,0.086,5.93674027962901e-64,"4","CBR1"
4.22149023560941e-68,1.04842084355308,0.968,0.657,6.00380341308371e-64,"4","CCT2"
4.41055516292509e-68,0.715509417395704,0.89,0.311,6.27269155271206e-64,"4","TPRKB"
4.72054403569086e-68,0.909986329867312,0.939,0.37,6.71355772755955e-64,"4","USP14"
5.52347001902416e-68,0.773316965512724,0.853,0.288,7.85547906105616e-64,"4","CDC27"
6.35288649187434e-68,0.621546652040257,0.654,0.19,9.03507516874369e-64,"4","RPS6KA1"
6.49724117410808e-68,0.700425605551299,0.978,0.857,9.24037639781651e-64,"4","CAPZB"
6.53094431274029e-68,0.786947960740424,0.914,0.326,9.28830900157924e-64,"4","SZRD1"
6.64111804903539e-68,0.503897478203838,0.52,0.131,9.44499808933812e-64,"4","TXNDC11"
6.91206417687033e-68,0.991471224608131,0.946,0.392,9.83033767234499e-64,"4","SNF8"
7.12306903891466e-68,0.990085258499077,0.949,0.519,1.01304287871444e-63,"4","NUDC"
7.15686763387858e-68,0.792674310077969,0.618,0.182,1.01784971489021e-63,"4","RAB37"
7.20984055410475e-68,0.523263531609304,0.779,0.239,1.02538352360478e-63,"4","NIT1"
8.37023232503927e-68,0.700488046280514,0.412,0.093,1.19041444126708e-63,"4","NBPF10"
9.22251216322969e-68,0.516925974501444,0.498,0.124,1.31162567985453e-63,"4","FMNL3"
1.01833914690265e-67,0.777409027535697,0.855,0.294,1.44828193472494e-63,"4","YARS1"
1.05706772994097e-67,0.965241781346794,0.931,0.446,1.50336172552204e-63,"4","UQCC2"
1.27719170740269e-67,0.610408105499461,0.387,0.083,1.81642204626811e-63,"4","PTDSS2"
1.33169595986444e-67,0.805009471974231,0.353,0.072,1.89393799411921e-63,"4","MYO18A"
1.81742881099745e-67,0.524684835336973,0.336,0.065,2.58474725500057e-63,"4","TXNDC16"
1.82726933128626e-67,0.585533271843162,0.444,0.104,2.59874244295531e-63,"4","ENSG00000291175"
1.83740902375694e-67,0.552872259875237,0.36,0.074,2.61316311358712e-63,"4","CAPN15"
1.89188735822664e-67,0.55893865334403,0.664,0.193,2.69064220086993e-63,"4","METTL15"
1.93600141545759e-67,0.714664512456456,0.299,0.053,2.75338121306378e-63,"4","CLIC5"
2.00232822140032e-67,1.11890061150344,0.944,0.536,2.84771119647554e-63,"4","ATP5MC1"
2.10814248241753e-67,0.944980714349075,0.98,0.737,2.99820023849421e-63,"4","SRSF2"
2.12005466248337e-67,0.772907732696421,0.828,0.276,3.01514174098385e-63,"4","GALNT1"
2.13988329135514e-67,0.683304253895975,0.547,0.144,3.04334201696528e-63,"4","TYK2"
2.58176019793981e-67,0.617833720361461,0.806,0.256,3.67177935351e-63,"4","PPM1M"
2.78897672525508e-67,0.802884997853794,0.586,0.164,3.96648269865778e-63,"4","MSMO1"
2.83239188654545e-67,0.565062889840188,0.591,0.162,4.02822774104493e-63,"4","MED14"
2.85629000411033e-67,0.673373693613954,0.738,0.225,4.06221564384572e-63,"4","LYRM4"
2.86232389635618e-67,0.55656772094537,0.662,0.193,4.07079704539776e-63,"4","GPX7"
3.03205505259378e-67,0.715441906513947,0.821,0.269,4.31218869579887e-63,"4","SND1"
3.23045277688709e-67,1.04303137143663,0.255,0.04,4.59434993928882e-63,"4","PHLPP2"
4.46558262934964e-67,0.938282579883325,0.5,0.132,6.35095161546106e-63,"4","DPP4"
4.64438791348377e-67,0.717643741153273,0.473,0.116,6.60524849055662e-63,"4","LINGO1"
4.64665805389567e-67,0.521190527394697,0.613,0.176,6.60847708425042e-63,"4","GLIPR2"
4.69942891459539e-67,0.59576336573317,0.801,0.251,6.68352780233757e-63,"4","DCAF11"
4.7702125627459e-67,0.65120695049181,0.311,0.058,6.78419630673723e-63,"4","C1RL-AS1"
4.84760257326884e-67,0.674650693238322,0.877,0.293,6.89426037970294e-63,"4","VMA21"
4.98225555291584e-67,0.851542700274154,0.904,0.325,7.0857638473569e-63,"4","E2F4"
5.17295584007004e-67,0.561010521220662,0.674,0.197,7.35697779574761e-63,"4","CSTF3"
5.79473855338052e-67,0.639568078641657,0.365,0.076,8.24127717061778e-63,"4","KYAT1"
6.05177218259729e-67,0.777260737908028,0.841,0.286,8.60683039808987e-63,"4","MANF"
6.31452315521345e-67,0.796381032638498,0.257,0.041,8.98051483134458e-63,"4","FAM27C"
6.39491211333033e-67,0.584328813542596,0.73,0.221,9.09484400757839e-63,"4","ARMCX6"
6.67829794033059e-67,0.73879389806241,0.311,0.058,9.49787533073816e-63,"4","KSR1"
8.19166391310804e-67,0.766363483840275,0.88,0.301,1.16501844172223e-62,"4","MRPL40"
8.19527727312962e-67,0.562842919512142,0.483,0.12,1.16553233378449e-62,"4","PRIMPOL"
9.79414464366356e-67,0.593861078326416,0.353,0.072,1.39292325122183e-62,"4","INAFM1"
1.26730532127503e-66,1.01256957732121,0.926,0.403,1.80236162791734e-62,"4","ZYX"
1.35504917800571e-66,0.710864741583581,0.701,0.216,1.92715094095972e-62,"4","ARHGAP26"
1.3584481690297e-66,0.64197153864191,0.368,0.077,1.93198498599404e-62,"4","RPSA2"
1.64759285663857e-66,0.930334840177679,0.407,0.091,2.34320656071137e-62,"4","B3GNTL1"
1.86631995921628e-66,0.527586418846176,0.76,0.233,2.65428024599739e-62,"4","ERI3"
1.93181582223386e-66,0.909613093504075,0.966,0.64,2.74742846238099e-62,"4","CDK2AP2"
2.00223080771495e-66,0.574823569031726,0.414,0.095,2.8475726547322e-62,"4","ZBTB17"
2.05150763857199e-66,0.649486901161886,0.373,0.079,2.91765416357708e-62,"4","ADARB1"
2.29666484355638e-66,0.644767290464815,0.819,0.27,3.26631674050589e-62,"4","MRPS28"
2.3624784103789e-66,0.533405472494268,0.328,0.064,3.35991679524087e-62,"4","STARD9"
2.42042487426922e-66,0.611340687262056,0.37,0.079,3.44232825618568e-62,"4","MARK4"
2.47446965716004e-66,0.661274522454389,0.696,0.209,3.51919074641302e-62,"4","CEP192"
2.51622525140082e-66,0.990525009999422,0.966,0.619,3.57857555254225e-62,"4","CCT5"
2.57641126440553e-66,0.857430910597129,0.975,0.599,3.66417210023754e-62,"4","BLOC1S1"
2.89153353550487e-66,0.69040186013279,0.642,0.189,4.11233899419502e-62,"4","SCFD2"
3.80290793563022e-66,1.03453304698778,0.841,0.307,5.4084956660533e-62,"4","CHST11"
3.85616578289089e-66,0.580810953930093,0.804,0.257,5.48423897642743e-62,"4","GAR1"
3.87518588392815e-66,0.963174810951697,0.684,0.22,5.51128936412262e-62,"4","CAPN2"
4.04439756052326e-66,0.712596903789396,0.73,0.232,5.75194221057618e-62,"4","LINC00342"
4.11520448978176e-66,0.628774455856326,0.311,0.058,5.85264382536762e-62,"4","MRPL53"
4.21008415966384e-66,0.559057435815776,0.267,0.044,5.98758169187391e-62,"4","ALG14"
4.60637714285407e-66,0.529981401300463,0.782,0.241,6.55118957256706e-62,"4","IBTK"
4.76946280629645e-66,0.606164399894817,0.797,0.255,6.78313000311482e-62,"4","MRPS2"
4.79765643202946e-66,0.691274001206023,0.797,0.257,6.8232269776323e-62,"4","MNAT1"
4.84966730010041e-66,0.68042842845412,0.593,0.166,6.8971968342028e-62,"4","IFT57"
5.56783730637488e-66,0.803906789090294,0.578,0.165,7.91857821712636e-62,"4","HIPK2"
5.96433742541169e-66,0.763077649802539,0.873,0.304,8.4824806864205e-62,"4","AKR7A2"
6.00646612736293e-66,0.746622135457109,0.912,0.353,8.54239612633556e-62,"4","DNAJC1"
6.01614522314509e-66,0.882277368335189,0.321,0.062,8.55616173635694e-62,"4","PIP5K1C"
6.40278342646473e-66,0.75745809867429,0.841,0.282,9.10603858911815e-62,"4","KCNAB2"
7.59719410052767e-66,0.665676769138434,0.375,0.08,1.08047294497704e-61,"4","PPRC1"
9.72963264472511e-66,0.964340940300779,0.956,0.476,1.38374835473281e-61,"4","GNB1"
1.02938312069619e-65,0.822973188593121,0.777,0.258,1.46398867425412e-61,"4","NPM3"
1.06085102412121e-65,0.864598648621561,0.98,0.775,1.50874232650518e-61,"4","SRSF3"
1.24296342168592e-65,0.924968231182592,0.951,0.392,1.76774257832172e-61,"4","DCTN2"
1.2758680548539e-65,1.00463789130893,0.279,0.049,1.81453954761321e-61,"4","CDKL1"
1.36172526567795e-65,0.729939036247605,0.255,0.04,1.93664567284717e-61,"4","AP5B1"
1.36486343318628e-65,0.875526263988461,0.926,0.478,1.94110877467752e-61,"4","CD99"
1.50763297689418e-65,0.587970789078578,0.797,0.257,2.1441556197389e-61,"4","TRNAU1AP"
1.5252909222184e-65,0.830554687964439,0.782,0.262,2.16926874957901e-61,"4","ASXL2"
1.61438738491275e-65,0.728539421673589,0.806,0.269,2.29598173882291e-61,"4","GIHCG"
1.76876411266609e-65,1.0062625104284,0.963,0.492,2.51553632103371e-61,"4","VCP"
1.85799887848847e-65,0.550769243515776,0.529,0.143,2.6424460049863e-61,"4","CD79B"
1.88720701583605e-65,0.941950240686816,0.949,0.425,2.68398581792203e-61,"4","PSMB7"
2.31700879860364e-65,0.771484475472365,0.284,0.05,3.29524991337409e-61,"4","TMEM184B"
3.21855313956231e-65,0.888026719656892,0.961,0.575,4.57742627508552e-61,"4","LSM2"
3.35706003571859e-65,0.846028378034676,0.321,0.062,4.77441078279898e-61,"4","ACTMAP"
4.29639577064038e-65,1.26322712374352,0.777,0.349,6.11033406500475e-61,"4","ALOX5AP"
4.34487384581642e-65,0.637133998365084,0.316,0.061,6.17927958352011e-61,"4","SLC25A44"
4.57808494659873e-65,0.516830049603962,0.983,0.973,6.51095241105271e-61,"4","ATP5MG"
5.34255615464691e-65,0.511425112009196,0.662,0.194,7.59818336313883e-61,"4","GOLGA3"
5.55940550236731e-65,0.959255746486049,0.571,0.162,7.90658650546679e-61,"4","TCTN3"
6.29745621781948e-65,0.561979770855122,0.387,0.086,8.95624223298287e-61,"4","ASB6"
6.37462078324511e-65,0.988412633004582,0.951,0.472,9.0659856779312e-61,"4","SF3B4"
6.50955020517238e-65,0.708606578462337,0.792,0.27,9.25788230179616e-61,"4","CTSB"
7.3924000312852e-65,0.564827356711909,0.417,0.097,1.05134713244938e-60,"4","GSTM3"
7.77719259320527e-65,0.529853115511452,0.37,0.08,1.10607233060565e-60,"4","CHKA"
9.86530356945271e-65,0.556130883850269,0.353,0.074,1.40304347364756e-60,"4","TFE3"
1.1012098816457e-64,0.703729850786817,0.279,0.049,1.56614069367651e-60,"4","CSRP1-AS1"
1.64077631849826e-64,0.733211393321167,0.814,0.274,2.33351208016822e-60,"4","GATA3"
1.71019808818774e-64,0.788498447205314,0.975,0.669,2.4322437210206e-60,"4","COPE"
1.83096375851215e-64,0.904778314873225,0.907,0.34,2.60399665735598e-60,"4","VMP1"
1.95792113694622e-64,0.850943995476389,0.681,0.212,2.78455544096492e-60,"4","FAM3C"
1.99342108516503e-64,0.783580982736158,0.98,0.778,2.83504346732171e-60,"4","U2AF1"
2.01750201403806e-64,0.976984065297243,0.277,0.049,2.86929136436493e-60,"4","TOMM40L"
2.06122672072897e-64,0.75019073141247,0.978,0.804,2.93147664222073e-60,"4","NDUFB8"
2.06636987325413e-64,0.926796099582668,0.885,0.332,2.93879123374203e-60,"4","EIF2S1"
2.20653942422374e-64,0.675008378973315,0.331,0.066,3.138140369131e-60,"4","SCRIB"
2.79043081928724e-64,0.83809715535289,0.926,0.38,3.96855071119032e-60,"4","RECQL"
3.03828044225199e-64,0.703553610676766,0.748,0.24,4.32104244497078e-60,"4","MPHOSPH9"
3.40245533738132e-64,0.740675625038198,0.326,0.065,4.83897198082372e-60,"4","KLC2"
3.5563857426453e-64,0.937080777763724,0.949,0.401,5.05789180319015e-60,"4","CCDC124"
3.74225552490985e-64,0.707753121115423,0.299,0.056,5.32223580752679e-60,"4","AKAP1-DT"
4.55796359446551e-64,0.611836814058421,0.978,0.91,6.48233582404885e-60,"4","COX6B1"
4.7125445607979e-64,0.529178675747711,0.436,0.105,6.70218087436678e-60,"4","NAB1"
4.95193763591405e-64,0.855988523757268,0.858,0.302,7.04264570579696e-60,"4","TNIP1"
5.64286530042518e-64,1.03849339129449,0.924,0.426,8.02528303026469e-60,"4","DCTN3"
7.74858814689923e-64,1.08589401144257,0.983,0.748,1.10200420625201e-59,"4","HSPE1"
8.25143042053638e-64,0.719110229119051,0.449,0.11,1.17351843440868e-59,"4","IPO11"
8.32827277931888e-64,0.699159011442453,0.397,0.092,1.18444695467473e-59,"4","CXXC5"
8.3850694133233e-64,0.681356091114852,0.417,0.098,1.19252457196284e-59,"4","MYBBP1A"
8.52098129131277e-64,0.962517955246231,0.931,0.374,1.2118539592505e-59,"4","PSMD11"
9.096822209297e-64,0.598674717727056,0.319,0.062,1.29375005460622e-59,"4","ERCC2"
9.60639475902375e-64,0.538533801500529,0.556,0.154,1.36622146262836e-59,"4","ADAT2"
1.18274887251364e-63,0.840830211257422,0.657,0.201,1.68210544648889e-59,"4","BCL2A1"
1.20764446616068e-63,0.933347208789237,0.963,0.604,1.71751195977373e-59,"4","SRI"
1.23460733595602e-63,0.710100386334827,0.855,0.298,1.75585855319665e-59,"4","PDS5B"
1.32488257093073e-63,0.651361114577232,0.74,0.233,1.88424799237768e-59,"4","NUP153"
1.343956702522e-63,0.585073979558981,0.819,0.27,1.91137522232678e-59,"4","ATP6V1D"
1.36384387661745e-63,0.740785560096629,0.392,0.09,1.93965876132534e-59,"4","INF2"
1.49880107734372e-63,0.848424332650369,0.922,0.351,2.13159489219824e-59,"4","RBM42"
1.51919922353622e-63,0.520163943876809,0.706,0.213,2.16060513571321e-59,"4","GCDH"
1.56684955757844e-63,0.574488295912513,0.804,0.261,2.22837344078806e-59,"4","ACD"
1.66557643430601e-63,0.53908655797065,0.733,0.227,2.36878280487001e-59,"4","SYNC"
1.98005972058386e-63,0.987807764258135,0.958,0.558,2.81604093461436e-59,"4","NHERF1"
2.06646266067446e-63,0.521074633135638,0.824,0.272,2.93892319601122e-59,"4","DDX23"
2.55954091469988e-63,0.596107775488623,0.429,0.103,3.64017908888617e-59,"4","ELL"
2.68796316268598e-63,0.89551721049314,0.853,0.309,3.822821209972e-59,"4","TRAF1"
3.16901920325693e-63,1.089598902471,0.794,0.313,4.50697911087201e-59,"4","TACC3"
3.17856938226795e-63,1.00132827987235,0.914,0.399,4.52056137546148e-59,"4","HNRNPUL1"
3.46759072163242e-63,0.554095381382655,0.301,0.057,4.93160752430563e-59,"4","RPP25"
3.69978490221293e-63,0.659199888529712,0.85,0.287,5.26183408792722e-59,"4","AK6"
4.29820261643562e-63,0.628333103007853,0.858,0.288,6.11290376109474e-59,"4","COMMD8"
4.74455481399347e-63,0.898345474299357,0.944,0.449,6.74770585646152e-59,"4","IMMT"
4.97927372117679e-63,0.563207172796536,0.85,0.284,7.08152308625763e-59,"4","GTF2F1"
5.13113088281889e-63,0.622199633913914,0.483,0.125,7.29749434154503e-59,"4","MIDN"
5.65156056499086e-63,0.64246463778878,0.591,0.169,8.03764943553001e-59,"4","SERTAD2"
6.04937571722656e-63,0.884196737044618,0.909,0.372,8.60342214503961e-59,"4","SRA1"
6.17172461972151e-63,0.692015655110439,0.868,0.3,8.77742675416794e-59,"4","RPUSD3"
6.25095677859602e-63,0.963282701744861,0.944,0.455,8.89011073051926e-59,"4","ETFA"
6.61910554579644e-63,1.04465118678574,0.892,0.393,9.4136919072317e-59,"4","SIT1"
6.67423172130733e-63,0.651770753777302,0.319,0.063,9.49209235404329e-59,"4","RCAN1"
6.87583056688536e-63,0.587356697315501,0.848,0.278,9.77880623222435e-59,"4","PTPMT1"
7.43120272560319e-63,0.847350514236281,0.912,0.355,1.05686565163529e-58,"4","MAP4"
7.84109097693509e-63,1.10283071385813,0.52,0.149,1.11515995873971e-58,"4","P2RX5"
8.84970579985399e-63,0.89741299045398,0.252,0.042,1.25860515885523e-58,"4","PIK3R3"
9.20893238910934e-63,0.51767222588486,0.436,0.107,1.30969436437913e-58,"4","HLCS"
9.90402239501625e-63,0.535693410964235,0.73,0.23,1.40855006501921e-58,"4","GATAD2A"
9.97506296424656e-63,0.857750451779207,0.821,0.305,1.41865345477515e-58,"4","FAM111A"
1.01045000773667e-62,0.58931994528788,0.846,0.279,1.43706200100309e-58,"4","HARS1"
1.01191496847813e-62,0.664790679314471,0.801,0.27,1.43914546816959e-58,"4","CCDC14"
1.10068689690978e-62,0.658067870370888,0.833,0.276,1.56539690478509e-58,"4","RPP30"
1.13908407239223e-62,0.529983713294541,0.779,0.25,1.62000536775624e-58,"4","RPS6KB2"
1.14255566132097e-62,1.00782571908618,0.946,0.455,1.62494266153068e-58,"4","SLIRP"
1.25269299260889e-62,0.649538326806134,0.282,0.051,1.78157997408836e-58,"4","TSPOAP1"
1.29859771557607e-62,0.824498559687407,0.262,0.045,1.84686567109228e-58,"4","PLEKHG2"
1.34656471289059e-62,0.614452746991939,0.853,0.287,1.91508433467299e-58,"4","USP39"
1.38014129150277e-62,0.514936395821625,0.794,0.254,1.96283694477523e-58,"4","CSNK2A1"
1.38951539991127e-62,0.622545824477526,0.73,0.237,1.97616880175381e-58,"4","PSTPIP1"
1.4734434968996e-62,0.502322861763706,0.743,0.23,2.09553134129061e-58,"4","C6orf89"
1.8778005603872e-62,0.933119871267502,0.978,0.614,2.67060795698267e-58,"4","HNRNPM"
1.99018662063088e-62,0.911705952036952,0.914,0.393,2.83044341186123e-58,"4","DIAPH1"
2.17822236205718e-62,0.541633188215897,0.37,0.081,3.09786784331772e-58,"4","DDX51"
2.7879816126254e-62,0.61626913267484,0.848,0.29,3.96506744947584e-58,"4","ACTR1A"
3.47605989174206e-62,0.62621348294425,0.257,0.043,4.94365237803555e-58,"4","NDOR1"
3.58630326365555e-62,1.03097588000658,0.262,0.045,5.10044050157092e-58,"4","NSMF"
3.7394583028044e-62,0.594741224442701,0.365,0.081,5.31825759824842e-58,"4","SP2-DT"
4.18919317758564e-62,0.630800619223028,0.983,0.877,5.9578705371623e-58,"4","COX7A2"
5.12037784152714e-62,0.862145747264613,0.676,0.224,7.28220136621991e-58,"4","GPHN"
5.25064590166222e-62,0.994489893102579,0.926,0.384,7.46746860134402e-58,"4","FMNL1"
5.29921220360207e-62,0.604307281156751,0.654,0.216,7.53653959596287e-58,"4","TRGC2"
5.76761508657672e-62,0.890671535334645,0.956,0.528,8.20270217612941e-58,"4","TWF2"
6.34963453557751e-62,0.576398396223715,0.507,0.136,9.03045023649833e-58,"4","APP"
6.62105950722919e-62,0.630600560736731,0.819,0.274,9.41647083118136e-58,"4","BLMH"
7.46073603403518e-62,0.543155723546875,0.789,0.255,1.06106587876048e-57,"4","CCDC57"
7.51006375823866e-62,0.814434239114314,0.877,0.31,1.0680812676967e-57,"4","USP22"
7.79854903275809e-62,0.926753841082155,0.539,0.155,1.10910964343886e-57,"4","ITGA1"
7.93613625301828e-62,0.733094139280967,0.9,0.331,1.12867729790426e-57,"4","CRYBB2P1"
8.11404272367302e-62,0.820871966580433,0.299,0.058,1.15397915616078e-57,"4","ELL2"
8.76592408389821e-62,0.566111338764454,0.311,0.061,1.246689723212e-57,"4","ACAP3"
9.0488640209885e-62,1.18512599868812,0.267,0.047,1.28692944106499e-57,"4","PTP4A3"
9.3430272152036e-62,0.833447371863422,0.934,0.356,1.32876533054626e-57,"4","MRPL28"
1.08804996059091e-61,0.558621840092014,0.755,0.242,1.54742465395239e-57,"4","MARS1"
1.1284862673299e-61,0.837742186964946,0.877,0.321,1.60493316939658e-57,"4","AGFG1"
1.33603864943124e-61,0.671548195033313,0.613,0.182,1.90011416722112e-57,"4","PRDX4"
1.34443635530962e-61,0.776660676955115,0.941,0.369,1.91205738452134e-57,"4","ZCRB1"
1.52229250211419e-61,0.926426751277796,0.922,0.402,2.1650043965068e-57,"4","RNF187"
1.70563947747815e-61,0.920200973294224,0.939,0.387,2.42576046486942e-57,"4","SASH3"
1.70960949499415e-61,0.607154544545212,0.831,0.279,2.43140662378068e-57,"4","GFUS"
1.73320706411765e-61,0.650547018558705,0.87,0.301,2.46496708658813e-57,"4","MTX1"
1.9679739615614e-61,0.91953907297587,0.951,0.468,2.79885256813262e-57,"4","PIN1"
2.02223771941082e-61,0.585401032083714,0.265,0.046,2.87602648454607e-57,"4","PANX1"
2.23292995874634e-61,0.633159309461273,0.858,0.298,3.17567298732905e-57,"4","TMX1"
2.25818587481002e-61,0.648977941602082,0.645,0.196,3.2115919511548e-57,"4","GTDC1"
2.37239891452209e-61,0.660714285683398,0.314,0.063,3.37402573623331e-57,"4","GDF11"
2.42742858734306e-61,0.619025858550413,0.752,0.244,3.45228893691931e-57,"4","FARSB"
2.47441659369105e-61,0.502883848447826,0.502,0.135,3.51911527954742e-57,"4","INTS6L"
2.48096531817331e-61,0.580801394642562,0.811,0.266,3.52842887550608e-57,"4","UBR4"
2.63538304147159e-61,0.615215339844386,0.255,0.043,3.74804176158089e-57,"4","ENKD1"
2.83727449387521e-61,0.730933450265923,0.978,0.754,4.03517178518932e-57,"4","PHB2"
2.8531811994525e-61,0.615459538489692,0.385,0.09,4.05779430186134e-57,"4","KLRK1-AS1"
3.01602757584848e-61,0.648844956666149,0.502,0.135,4.28939441837171e-57,"4","H2BC5"
3.02749070530387e-61,0.72129229106299,0.4,0.096,4.30569728108316e-57,"4","ENSG00000287100"
3.13936352480916e-61,0.931614516208294,0.924,0.417,4.46480280498358e-57,"4","PNP"
3.25984968066821e-61,0.584443333149255,0.838,0.28,4.63615821584633e-57,"4","PDCL3"
3.28036375074674e-61,0.645227449099425,0.797,0.267,4.66533332631201e-57,"4","DCAF13"
3.71510627276125e-61,0.817120262202708,0.973,0.629,5.28362414112105e-57,"4","NDUFS8"
3.76189124500282e-61,0.747922129050791,0.333,0.07,5.35016172864301e-57,"4","HEXIM2"
4.45320952193187e-61,1.00640415716635,0.951,0.491,6.33335458209151e-57,"4","RNF167"
4.46831755871012e-61,0.80191087754929,0.912,0.34,6.35484123199753e-57,"4","TMEM167A"
5.3896102534561e-61,0.759511942092859,0.885,0.321,7.66510370246527e-57,"4","DNM2"
5.39265140074566e-61,0.887397304309646,0.833,0.295,7.66942882214047e-57,"4","RIN3"
5.43478395694401e-61,0.627242125902034,0.855,0.298,7.72934974356577e-57,"4","PANK2"
5.46529501268094e-61,1.07443023369278,0.275,0.051,7.77274256703483e-57,"4","SLCO3A1"
5.50792289953327e-61,0.607244392836039,0.483,0.126,7.83336794771621e-57,"4","ARAP1"
5.54388342360914e-61,0.648357203272581,0.816,0.281,7.88451100505691e-57,"4","SPIDR"
6.01476486437224e-61,0.534797799835247,0.304,0.06,8.5541985901102e-57,"4","PINLYP"
7.0707312509744e-61,0.938735222735174,0.377,0.088,1.00559939851358e-56,"4","LINC00426"
8.27324877048899e-61,0.688636381335679,0.267,0.047,1.17662144013894e-56,"4","DOCK7"
8.34071771150768e-61,0.850772954563161,0.958,0.49,1.18621687293062e-56,"4","SARNP"
8.58359677824696e-61,0.666668058026963,0.843,0.298,1.22075913380228e-56,"4","IDI1"
9.83665192998005e-61,0.678134205884307,0.873,0.302,1.39896863748176e-56,"4","POP4"
1.07309669608297e-60,0.753268535481518,0.88,0.308,1.5261581211692e-56,"4","PSPH"
1.18295228640403e-60,0.597422768792777,0.375,0.085,1.68239474172381e-56,"4","PUS7"
1.54495316940706e-60,1.17319568279687,0.252,0.043,2.19723239753072e-56,"4","TFEB"
1.59658218256188e-60,1.54275201571376,0.373,0.09,2.27065918003951e-56,"4","METRNL"
1.75713325311023e-60,0.647349549719859,0.304,0.06,2.49899491257338e-56,"4","INTS5"
2.09508590670308e-60,0.53809547139788,0.547,0.157,2.97963117651312e-56,"4","MAP3K14"
2.09696377957407e-60,0.532246930843083,0.27,0.048,2.98230188731025e-56,"4","ALG10"
2.17829888092533e-60,0.590807854643647,0.328,0.069,3.09797666845201e-56,"4","SCAMP4"
2.38374972605142e-60,0.533551143973872,0.792,0.269,3.39016886039032e-56,"4","TYMP"
2.56219611331996e-60,0.927939812678737,0.375,0.087,3.64395531236365e-56,"4","SMG9"
2.8258147050448e-60,0.643950314505645,0.998,1,4.01887367351472e-56,"4","TMSB10"
2.86114281397086e-60,0.585010616937401,0.794,0.265,4.06911731002936e-56,"4","ANKRD36C"
3.57939845890181e-60,0.613676338804131,0.811,0.282,5.09062048825015e-56,"4","C1orf35"
3.61777848385783e-60,0.566586124940504,0.858,0.296,5.1452045597426e-56,"4","RAP1GDS1"
3.98631685283504e-60,1.69772549392432,0.895,0.41,5.66933982810199e-56,"4","RBPJ"
4.17192754248325e-60,0.712095061108762,0.887,0.323,5.93331535091968e-56,"4","MRPL32"
4.44036436452284e-60,0.675501856598215,0.299,0.059,6.31508619922439e-56,"4","CHN2"
5.0918946507918e-60,1.54728261679478,0.846,0.383,7.24169257235609e-56,"4","H2AC20"
5.17974411605589e-60,0.832183569976244,0.914,0.353,7.36663208185469e-56,"4","PMF1"
6.2091578491438e-60,0.728888476444995,0.385,0.09,8.83066429305231e-56,"4","SLC9B2"
6.64637715061284e-60,0.503175250053473,0.578,0.168,9.45247758360159e-56,"4","MSRB2"
6.97478578944717e-60,0.580378380562015,0.804,0.269,9.91954034975177e-56,"4","ERO1A"
7.47619295557433e-60,0.856079274930353,0.287,0.055,1.06326416214178e-55,"4","LDLR"
8.00762143775238e-60,0.536790960534926,0.831,0.277,1.13884392087714e-55,"4","EMC8"
8.19224402602405e-60,0.78422357956303,0.887,0.336,1.16510094538114e-55,"4","GRHPR"
1.00501370863851e-59,0.566379335457866,0.701,0.224,1.42933049642569e-55,"4","LPP"
1.13361152946431e-59,0.886166423904732,0.919,0.38,1.61222231720415e-55,"4","ECHS1"
1.17288265886213e-59,0.530699894392845,0.985,0.948,1.66807371743372e-55,"4","SNRPD2"
1.18849383930414e-59,0.551259253163165,0.855,0.296,1.69027593825834e-55,"4","WDR54"
1.50573396691372e-59,0.602176146944153,0.843,0.289,2.14145484774469e-55,"4","ZNF326"
1.56390174487044e-59,0.908036329111895,0.949,0.484,2.22418106155474e-55,"4","VDAC3"
1.741608809719e-59,0.65133996284888,0.797,0.265,2.47691604918236e-55,"4","ATPAF1"
1.74594695375186e-59,0.559580112468925,0.321,0.067,2.4830857576259e-55,"4","GTF3C4"
1.83027570780367e-59,0.965835470881628,0.824,0.296,2.60301811163837e-55,"4","JARID2"
2.07891276326932e-59,0.89765066248631,0.956,0.5,2.95662973192163e-55,"4","DDOST"
2.25748883789174e-59,0.638597732028251,0.804,0.268,3.21060062524963e-55,"4","CMIP"
2.27119504248817e-59,0.9154607360254,0.946,0.419,3.23009358942667e-55,"4","MRPS12"
2.35042741449044e-59,0.791204780355266,0.275,0.051,3.34277786888831e-55,"4","SH2B3"
2.54861350368381e-59,0.837335122636853,0.446,0.117,3.62463812493912e-55,"4","ZSWIM6"
3.4504453246338e-59,0.524771738020728,0.475,0.125,4.90722334069419e-55,"4","HIP1R"
4.57959573004411e-59,0.537190869448048,0.319,0.066,6.51310104726873e-55,"4","ZNF362"
5.53926260414238e-59,0.613892151800058,0.855,0.297,7.87793927561129e-55,"4","SQOR"
5.83401474517399e-59,0.818484733867545,0.284,0.055,8.29713577058645e-55,"4","TMEM121"
6.69657811458275e-59,0.924751687140923,0.252,0.044,9.52387339455959e-55,"4","SORD"
7.32592935185183e-59,0.897499958972427,0.255,0.045,1.04189367242037e-54,"4","CLUH"
9.13235749453609e-59,0.851546125117711,0.926,0.375,1.29880388287292e-54,"4","MRPL22"
1.18136010593422e-58,0.756431089284779,0.971,0.666,1.68013034265965e-54,"4","PPP4C"
1.20050993727662e-58,0.755711521889997,0.762,0.265,1.70736523279481e-54,"4","MRTO4"
1.25180572716689e-58,0.795528734716413,0.975,0.683,1.78031810517675e-54,"4","YWHAQ"
1.27241714263926e-58,0.525950422563972,0.765,0.258,1.80963166026155e-54,"4","ZNF593"
1.47875182064059e-58,0.51630614771759,0.444,0.115,2.10308083931505e-54,"4","ANTXR2"
1.49334178677423e-58,1.09342885675509,0.275,0.052,2.12383068915031e-54,"4","ICAM1"
1.63840946264873e-58,0.821044152640856,0.926,0.395,2.33014593777902e-54,"4","MRPS16"
1.64471577521161e-58,0.874470734526244,0.936,0.423,2.33911477550595e-54,"4","RAB8A"
1.75281148673626e-58,0.812731855598282,0.944,0.395,2.49284849643632e-54,"4","MPG"
1.76710609042159e-58,0.927137074673884,0.282,0.054,2.51317828179759e-54,"4","KIF9-AS1"
2.1178704280264e-58,0.825939134129726,0.949,0.571,3.01203532273914e-54,"4","PPP1R14B"
2.37518930700629e-58,0.595090077199102,0.314,0.065,3.37799423242434e-54,"4","ZNF337-AS1"
2.56573114622089e-58,0.809210307890758,0.956,0.477,3.64898283615535e-54,"4","TMEM160"
5.64367325961332e-58,0.51919485533423,0.841,0.278,8.02643210982207e-54,"4","PLRG1"
5.66594671220786e-58,0.594731438331718,0.265,0.049,8.05810941410202e-54,"4","CCZ1"
6.22805115355679e-58,0.834886763402558,0.88,0.333,8.85753435058846e-54,"4","RFTN1"
6.82321217617804e-58,0.557846459674274,0.762,0.25,9.70397235696041e-54,"4","TBRG4"
6.89593311213167e-58,0.865386025828555,0.934,0.434,9.80739607207367e-54,"4","ETHE1"
7.26833894124454e-58,0.737151350750043,0.9,0.333,1.0337031642238e-53,"4","NDUFS4"
7.41421739646096e-58,0.713719252774603,0.875,0.316,1.05444999812468e-53,"4","CD2BP2"
8.40974050373156e-58,0.901384811065121,0.907,0.369,1.1960332944407e-53,"4","FDX1"
8.44563566433252e-58,0.505065132185936,0.635,0.194,1.20113830418137e-53,"4","SART1"
8.73215077818361e-58,0.838167392020172,0.953,0.519,1.24188648367327e-53,"4","NAA38"
8.79265811039213e-58,0.769202873554282,0.277,0.053,1.25049183645997e-53,"4","IPPK"
9.07209832081559e-58,0.697379226989964,0.855,0.314,1.29023382318639e-53,"4","NFATC2IP"
9.42638949980617e-58,0.703409592608825,0.833,0.3,1.34062111466243e-53,"4","NSMCE2"
1.19288315468524e-57,0.674901659592024,0.743,0.251,1.69651842259335e-53,"4","PSD4"
1.58001716673494e-57,0.551206394988342,0.875,0.307,2.24710041453043e-53,"4","ELOF1"
1.61245306835273e-57,0.883395824035135,0.951,0.482,2.29323075381125e-53,"4","MRPL16"
1.65624968927213e-57,0.877632126257773,0.963,0.57,2.35551830808283e-53,"4","PDCD5"
1.83217351918691e-57,0.821148334842095,0.966,0.528,2.60571717898762e-53,"4","MRPL41"
2.01680182588996e-57,0.912793781495545,0.973,0.677,2.86829555678071e-53,"4","CCT3"
2.48552556420595e-57,0.515553101414304,0.985,0.977,3.5349144574137e-53,"4","SRP14"
2.69770997157104e-57,0.999593975476122,0.292,0.059,3.83668312156833e-53,"4","LINC01036"
2.73592091064472e-57,0.691811604981775,0.973,0.764,3.89102671911892e-53,"4","TMEM258"
2.8039181461569e-57,0.792666830360655,0.914,0.362,3.98773238746434e-53,"4","U2AF2"
3.0198202186497e-57,0.857001483627309,0.963,0.527,4.2947883149636e-53,"4","CYC1"
3.45602516807587e-57,0.534761752719967,0.873,0.307,4.9151589940375e-53,"4","ADIPOR1"
3.82659153555632e-57,0.948678725525585,0.909,0.405,5.4421784818682e-53,"4","RUNX3"
3.87341401543969e-57,0.536747011448171,0.711,0.227,5.50876941275833e-53,"4","SRSF6"
3.96223122240815e-57,0.863411581850518,0.929,0.402,5.63508524450886e-53,"4","GLRX5"
4.35489330310578e-57,0.51610023156682,0.809,0.279,6.19352925567704e-53,"4","KDELR2"
5.07000403517277e-57,0.6336288126995,0.343,0.077,7.21055973882271e-53,"4","SLC16A1-AS1"
5.36212749633672e-57,0.946875898037569,0.907,0.405,7.62601772529008e-53,"4","NFATC3"
6.43852950282981e-57,0.757796127756564,0.917,0.348,9.15687665892456e-53,"4","POLR2J"
7.06046212689867e-57,0.578373349779444,0.279,0.055,1.00413892368753e-52,"4","CD27-AS1"
7.08194705561463e-57,0.839991223451053,0.909,0.379,1.00719451024951e-52,"4","CHCHD1"
7.29348448493818e-57,0.720978709346866,0.267,0.05,1.03727936344791e-52,"4","STXBP1"
7.33387297744521e-57,0.663652651623161,0.6,0.209,1.04302341485226e-52,"4","HLA-DPA1"
8.18836796535866e-57,0.798442854988797,0.287,0.057,1.16454969203331e-52,"4","FAM53B"
8.70224500675722e-57,1.0329580483006,0.282,0.056,1.23763328486101e-52,"4","AHI1-DT"
9.02604183972796e-57,0.860685991926375,0.941,0.472,1.28368367044611e-52,"4","PLP2"
9.70998135881278e-57,0.635921528067918,0.297,0.061,1.38095354885035e-52,"4","SH3BP5L"
1.29096297517882e-56,0.566886288134814,0.838,0.296,1.83600754329931e-52,"4","CBX1"
1.61961578970697e-56,0.801114201385999,0.961,0.547,2.30341757612125e-52,"4","NDUFA7"
1.72606780435194e-56,0.865659398170135,0.971,0.621,2.45481363134933e-52,"4","ANP32A"
1.86907506533488e-56,0.719505061308743,0.983,0.766,2.65819855791926e-52,"4","NOP10"
2.57028164785211e-56,1.37313409588889,0.267,0.052,3.65545455957527e-52,"4","RAB34"
2.63320676180665e-56,0.85454138261189,0.951,0.565,3.74494665664142e-52,"4","NDUFA12"
3.02508386837867e-56,0.930972331303974,0.958,0.532,4.30227427760815e-52,"4","SERPINB1"
3.53074461353635e-56,0.603910251364729,0.422,0.108,5.0214249893714e-52,"4","TVP23C"
3.58702141407129e-56,0.755993414974454,0.973,0.715,5.10146185509219e-52,"4","ATP5PB"
3.74220816145285e-56,0.521147875563945,0.299,0.062,5.32216844721824e-52,"4","CTC-338M12.4"
3.79941115764015e-56,0.583991812594447,0.324,0.071,5.40352254839582e-52,"4","H4C16"
4.30253618341388e-56,0.823176709617203,0.882,0.336,6.11906696005122e-52,"4","GARS1"
4.88718086131337e-56,0.954118035648029,0.956,0.485,6.95054862095987e-52,"4","SFXN1"
5.54775275336898e-56,0.682670091881789,0.882,0.33,7.89001396584137e-52,"4","BCL7B"
6.96261946791747e-56,0.507724142624543,0.373,0.09,9.90223740727222e-52,"4","ACP6"
8.6546989911786e-56,0.896769722873668,0.89,0.38,1.23087129052542e-51,"4","ITGAL"
9.18921565352277e-56,0.538815510998908,0.833,0.294,1.30689025024401e-51,"4","ZNF106"
9.35459751197453e-56,0.539294009302176,0.338,0.076,1.33041085815302e-51,"4","RPAP1"
1.27990761886036e-55,0.666460911775963,0.257,0.048,1.82028461554321e-51,"4","AEN"
1.32908905220044e-55,0.712667912890719,0.912,0.341,1.89023045003947e-51,"4","VBP1"
1.38189465141282e-55,0.756630636674666,0.973,0.998,1.96533057323931e-51,"4","MT-CO3"
2.020339304424e-55,0.97638798217269,0.789,0.297,2.87332655875181e-51,"4","MIR142HG"
2.41166841513542e-55,0.69523464754436,0.88,0.339,3.4298748200056e-51,"4","PSMD12"
2.51795701612525e-55,0.537270393352604,0.382,0.096,3.58103846833333e-51,"4","GCNA"
2.75391966529507e-55,0.822727916632716,0.951,0.486,3.91662454798265e-51,"4","TMEM256"
3.15823475088681e-55,0.781457976688466,0.973,0.654,4.49164146271122e-51,"4","NDUFA2"
3.46285414819905e-55,0.555970771432122,0.978,0.906,4.92487116956869e-51,"4","UBL5"
3.46703870031258e-55,0.536067281729638,0.828,0.292,4.93082243958455e-51,"4","GTF2H5"
3.65192297492821e-55,0.83955096831184,0.88,0.347,5.1937648549429e-51,"4","HDLBP"
3.84302380783096e-55,0.72978567391888,0.294,0.062,5.46554845949719e-51,"4","DNAJC18"
4.2244426889026e-55,0.819811372511423,0.949,0.418,6.00800239215727e-51,"4","ADSL"
4.26714311267112e-55,0.731616817403497,0.978,0.776,6.06873093484086e-51,"4","NDUFV2"
5.0028000956632e-55,0.565527766712239,0.868,0.319,7.1149822960522e-51,"4","HACD4"
5.15889157931757e-55,0.545068391665572,0.757,0.252,7.33697560410544e-51,"4","UBAP2L"
6.18580896057815e-55,0.616960184807411,0.875,0.319,8.79745750373424e-51,"4","NELFE"
8.13504179008096e-55,0.802172338598993,0.914,0.375,1.15696564338531e-50,"4","CNIH1"
9.8858634295065e-55,0.594109805142127,0.275,0.054,1.40596749694441e-50,"4","FUT10"
1.07719955246046e-54,0.548873997336528,0.826,0.286,1.53199320350927e-50,"4","AFG3L2"
1.12211006700887e-54,0.811066889331805,0.944,0.416,1.59586493730002e-50,"4","NDUFS3"
1.12678045380732e-54,0.92742706973078,0.255,0.048,1.60250716140477e-50,"4","VWA5A"
1.34491775591281e-54,0.603250624843072,0.434,0.118,1.9127420324592e-50,"4","PDE6G"
1.41563637324637e-54,0.799250220505045,0.963,0.652,2.01331805003098e-50,"4","BUB3"
1.50366159759864e-54,0.635611889088284,0.784,0.273,2.13850752410478e-50,"4","LARP1"
1.6377576040597e-54,0.91741521427664,0.926,0.442,2.32921886449371e-50,"4","TCP1"
1.81948364066956e-54,0.589015198375937,0.267,0.052,2.58766963376025e-50,"4","PRDM15"
1.86398280639248e-54,0.844691682874664,0.961,0.427,2.65095634725138e-50,"4","SUCLG1"
2.82206640690197e-54,0.687019690681161,0.647,0.214,4.01354284389598e-50,"4","ACP5"
3.24837883822506e-54,0.613698874634957,0.87,0.33,4.61984438372368e-50,"4","UBE2E3"
4.02722269898925e-54,0.810417496591936,0.961,0.54,5.72751612250251e-50,"4","ENY2"
4.30800638577727e-54,0.858160382018372,0.944,0.463,6.12684668185243e-50,"4","SLC25A39"
4.36043910235529e-54,0.844465935895754,0.951,0.479,6.2014164913697e-50,"4","DECR1"
4.62224411213936e-54,0.81453495105726,0.951,0.469,6.57375557628459e-50,"4","SUZ12"
4.83160464426652e-54,0.584078154626229,0.279,0.057,6.87150812507585e-50,"4","FNIP2"
5.52147686205e-54,0.857925632341759,0.966,0.571,7.85264439320751e-50,"4","DDX39A"
5.92406128253372e-54,0.79639474001174,0.963,0.562,8.42519995601945e-50,"4","EWSR1"
6.73610716601355e-54,0.603916515180377,0.985,0.935,9.58009161150447e-50,"4","TAGLN2"
8.14420662600135e-54,0.635060737065588,0.331,0.076,1.15826906634991e-49,"4","HS1BP3"
1.06482228253521e-53,0.817173768022309,0.833,0.344,1.51439025022158e-49,"4","CISD3"
1.15644919771045e-53,0.520811081773174,0.811,0.287,1.6447020489838e-49,"4","COQ4"
1.23858432828325e-53,0.865905883546206,0.953,0.457,1.76151463168444e-49,"4","RAB1B"
1.67582913437095e-53,0.535876450477142,0.314,0.07,2.38336419490237e-49,"4","HISLA"
1.9149999120937e-53,0.6045701042098,0.875,0.32,2.72351287497967e-49,"4","MRPS14"
2.07166919473211e-53,0.647819873444181,0.848,0.318,2.946327928748e-49,"4","RAD51B"
2.15038795723186e-53,0.687595482023489,0.971,0.773,3.05828175277516e-49,"4","PSMA5"
2.25555882377353e-53,0.511968537011638,0.449,0.122,3.20785575917071e-49,"4","HDAC10"
2.26030831817038e-53,0.867261542720052,0.958,0.587,3.21461049010191e-49,"4","PPA1"
2.65623424550972e-53,0.814458415556248,0.971,0.621,3.77769634396392e-49,"4","UQCRFS1"
3.24416196644101e-53,0.662100580041381,0.76,0.272,4.6138471486724e-49,"4","CD226"
3.46312851539657e-53,0.541697721879066,0.287,0.06,4.925261374597e-49,"4","RHBDF2"
3.52152687393191e-53,0.865561443649869,0.316,0.072,5.00831552010596e-49,"4","SPACA9"
3.5560015613805e-53,0.813133158231952,0.961,0.619,5.05734542059535e-49,"4","TOMM5"
3.94504719587718e-53,0.640832202968106,0.336,0.078,5.61064612197653e-49,"4","TECPR2"
4.89787187512835e-53,0.672479869523051,0.909,0.355,6.96575338080754e-49,"4","MRPL21"
5.25307223806567e-53,0.556367971942332,0.843,0.318,7.47091933697699e-49,"4","PLSCR1"
7.20340750815123e-53,0.683766559781273,0.444,0.124,1.02446861580927e-48,"4","KCNN4"
7.792843755076e-53,0.879912610029285,0.941,0.485,1.10829823884691e-48,"4","SYNCRIP"
1.19522026875284e-52,0.711905867074742,0.897,0.406,1.69984226622028e-48,"4","GCHFR"
1.24117989122964e-52,0.619260930838536,0.978,0.823,1.76520604130679e-48,"4","ATP5PO"
1.38812607855946e-52,0.628340087765958,0.27,0.054,1.97419290892726e-48,"4","MFSD13A"
1.46600998776292e-52,0.775417000780699,0.912,0.384,2.08495940459642e-48,"4","POLR2H"
1.53437318678472e-52,0.858717929355519,0.926,0.41,2.18218554624523e-48,"4","PSMC1"
2.35054440808542e-52,0.713017750837713,0.895,0.34,3.34294425717908e-48,"4","PFDN4"
2.78642144753831e-52,0.893632367653528,0.944,0.437,3.96284858268898e-48,"4","PSMC4"
2.95647073241551e-52,0.698057926080825,0.912,0.37,4.20469267564133e-48,"4","PSME3IP1"
2.9785329033936e-52,0.682331367196713,0.887,0.33,4.23606949520637e-48,"4","CHMP4B"
3.34300262824239e-52,0.583280646026835,0.625,0.205,4.75441833788633e-48,"4","ABTB3"
3.48197928917101e-52,0.819219524579821,0.934,0.406,4.95207094505901e-48,"4","CLTB"
3.61505209441733e-52,0.784834008565986,0.272,0.057,5.14132708868033e-48,"4","GPR55"
3.79952128014034e-52,0.825220406498067,0.958,0.485,5.40367916461559e-48,"4","PSMD13"
3.95817985755317e-52,0.502643487348344,0.841,0.303,5.62932339341212e-48,"4","CCDC47"
4.15491384639527e-52,0.657952974694905,0.968,0.728,5.90911847234335e-48,"4","RAC1"
4.82821236304538e-52,0.631759823199449,0.909,0.354,6.86668362272314e-48,"4","ISY1"
4.94778187446798e-52,0.539893954171967,0.282,0.059,7.03673538186836e-48,"4","NICN1"
5.36764704363296e-52,0.769052479813587,0.826,0.31,7.63386762545479e-48,"4","CDKAL1"
5.78128206964639e-52,0.500648515972732,0.397,0.103,8.22213935945109e-48,"4","PXYLP1"
5.91493211854086e-52,0.583344276914744,0.819,0.296,8.41221645898882e-48,"4","ATXN2L"
5.92231541679979e-52,0.70831781449277,0.912,0.38,8.42271698577266e-48,"4","TMEM165"
6.90338304281951e-52,0.540790518857344,0.875,0.322,9.81799136349791e-48,"4","RTCB"
7.63537075737644e-52,0.846514206798096,0.25,0.049,1.08590242911408e-47,"4","MYLK-AS1"
9.62915416700308e-52,0.508724672374378,0.267,0.054,1.36945830563118e-47,"4","MAPKBP1"
1.25252607650873e-51,0.674977909492327,0.966,0.698,1.78134258601072e-47,"4","ARF5"
1.27632710612786e-51,0.723696105179958,0.449,0.131,1.81519241033505e-47,"4","ENSG00000273118"
1.46906543255882e-51,0.795515164281869,0.936,0.431,2.08930485818515e-47,"4","BUD31"
1.49429178909645e-51,0.62023903312365,0.983,0.787,2.12518178245298e-47,"4","NDUFA11"
1.49879223457454e-51,0.941610549720096,0.99,0.985,2.13158231601191e-47,"4","IL32"
1.51051012247871e-51,1.05286239528998,0.699,0.285,2.14824749618922e-47,"4","LINC01871"
1.53135071033856e-51,0.555900460854731,0.841,0.307,2.17788698024349e-47,"4","DRG1"
1.55857065710421e-51,0.774703238969219,0.971,0.627,2.21659918853361e-47,"4","NONO"
1.75625610870798e-51,0.752855460962622,0.939,0.38,2.49774743780449e-47,"4","QARS1"
1.88793373234256e-51,0.832297726397479,0.907,0.389,2.68501935413759e-47,"4","HSPA4"
1.95141428631628e-51,0.820559247687255,0.914,0.384,2.77530139799902e-47,"4","LYPLA1"
2.29674209197182e-51,0.561206679063734,0.821,0.299,3.26642660320233e-47,"4","CTDSP1"
2.30201181889564e-51,1.05196045464052,0.282,0.061,3.27392120883338e-47,"4","ABAT"
2.81654532278143e-51,1.49139091024133,0.679,0.263,4.00569075805975e-47,"4","SNX9"
2.83840750752066e-51,0.712533681279148,0.926,0.421,4.03678315719588e-47,"4","PHPT1"
2.92362004486839e-51,0.521510316159488,0.279,0.059,4.15797242781183e-47,"4","NMNAT1"
2.9785804334322e-51,0.530097683812939,0.826,0.298,4.23613709242728e-47,"4","PEX2"
3.22054525072179e-51,0.666101284971441,0.971,0.751,4.58025945557653e-47,"4","NDUFB4"
3.59858270998642e-51,0.502304389931516,0.88,0.321,5.11790433014268e-47,"4","CDC34"
3.9063852845694e-51,1.31028893119057,0.299,0.066,5.5556611517146e-47,"4","RORA-AS1"
3.94447273806783e-51,0.511883125663632,0.324,0.076,5.60982912808006e-47,"4","LPAR5"
4.09196790257908e-51,0.733690659778023,0.966,0.684,5.81959675104796e-47,"4","PRDX5"
4.21983655691729e-51,0.520136951210226,0.799,0.279,6.00145155124777e-47,"4","SMIM15"
4.36547556497523e-51,0.736915217153828,0.907,0.38,6.20857934850778e-47,"4","AK2"
4.44064526915209e-51,0.542687633503824,0.292,0.064,6.3154857017881e-47,"4","NR1H3"
6.19661815262272e-51,0.814336674274035,0.951,0.492,8.81283033666004e-47,"4","CHD4"
6.56617049723478e-51,0.516293803653153,0.26,0.053,9.3384076811673e-47,"4","ENSG00000207751"
6.62797846011138e-51,0.674260475793968,0.892,0.358,9.4263109659704e-47,"4","BAG1"
1.20342629256967e-50,0.796166561406307,0.902,0.375,1.71151287329258e-46,"4","DOCK2"
1.24428585332604e-50,0.754890571963926,0.926,0.392,1.76962334060029e-46,"4","OIP5-AS1"
1.32439547306279e-50,0.735269566817207,0.48,0.14,1.8835552417899e-46,"4","LFNG"
1.77658403462905e-50,0.608864460143663,0.363,0.093,2.52665781404944e-46,"4","DAPP1"
2.18976330029225e-50,0.716245755423191,0.887,0.349,3.11428136567564e-46,"4","MRPS7"
2.2559351994345e-50,0.83882616400851,0.951,0.536,3.20839104063574e-46,"4","CTSC"
2.42074680867627e-50,0.63183652942771,0.333,0.081,3.4427861112994e-46,"4","ADAM8"
2.95274928475683e-50,0.830344946258501,0.934,0.461,4.19940003278117e-46,"4","MACF1"
3.08732136744606e-50,0.624228000181574,0.86,0.323,4.39078844878179e-46,"4","MYO9B"
3.27781642117737e-50,0.603773032125569,0.279,0.061,4.66171051419846e-46,"4","KIAA0825"
3.60796070449543e-50,0.785078705814569,0.944,0.472,5.1312417139334e-46,"4","OSTF1"
4.00928397030168e-50,0.608406656279753,0.819,0.304,5.70200366256304e-46,"4","ATP1A1"
4.11394927943189e-50,0.526013455890391,0.873,0.323,5.85085866520804e-46,"4","SKIC8"
4.25089568170891e-50,0.597881167583613,0.985,0.89,6.04562383852641e-46,"4","PGK1"
4.26663932250886e-50,0.774952876930664,0.975,0.629,6.0680144444721e-46,"4","RBM3"
6.30750234112663e-50,0.773346120965058,0.98,0.619,8.9705298295503e-46,"4","HNRNPL"
6.50748112877922e-50,0.607739607152931,0.983,0.775,9.25493966134981e-46,"4","ATP5MJ"
7.57727449346149e-50,0.704442544435104,0.973,0.684,1.07763997846009e-45,"4","HNRNPR"
1.02531196889617e-49,0.56980601294031,0.892,0.343,1.45819868216413e-45,"4","TMEM141"
1.03403390529653e-49,0.529216542381465,0.27,0.057,1.47060302011273e-45,"4","ARMC9"
1.1034704524923e-49,0.839687022688123,0.953,0.727,1.56935567753455e-45,"4","PRDX2"
1.11382795623841e-49,0.618624534567428,0.846,0.319,1.58408611936226e-45,"4","ERCC1"
1.1511309477213e-49,0.675953913710292,0.912,0.37,1.63713843384924e-45,"4","CAMTA1"
1.68997725139462e-49,0.629220470981479,0.887,0.356,2.40348564693342e-45,"4","SDF2L1"
2.2211032492874e-49,0.752780410234871,0.968,0.588,3.15885304113654e-45,"4","RBBP4"
2.90325292174203e-49,0.745977518007332,0.978,0.691,4.12900630530151e-45,"4","BZW1"
3.87078737559929e-49,0.769812911300031,0.819,0.319,5.50503380557731e-45,"4","CORO1B"
4.55067894523397e-49,0.73284890489077,0.282,0.062,6.47197559591176e-45,"4","MAILR"
4.7521536360353e-49,0.801533761832234,0.936,0.438,6.75851290116941e-45,"4","SEC13"
4.84139369438042e-49,0.540134066435246,0.826,0.307,6.88543011214783e-45,"4","RUVBL1"
5.2743662704811e-49,0.812981415383087,0.963,0.661,7.50120370987822e-45,"4","NHP2"
5.47210763856521e-49,0.607362586501622,0.88,0.342,7.78243148356745e-45,"4","SDF4"
6.23963038453672e-49,0.723751658318339,0.924,0.408,8.87400233288813e-45,"4","SF3A2"
6.62369989367744e-49,0.850155939133644,0.904,0.388,9.42022598878806e-45,"4","FAF1"
6.73960005560602e-49,0.58364755181801,0.846,0.32,9.58505919908288e-45,"4","HK1"
6.97946586526401e-49,0.850756702342359,0.956,0.612,9.92619635357848e-45,"4","HSPB1"
7.43498830644113e-49,0.983811980647933,0.963,0.611,1.05740403694206e-44,"4","JUND"
7.56474879017363e-49,0.846756624244506,0.919,0.511,1.07585857293849e-44,"4","PHB1"
7.82748041706164e-49,0.632306625885595,0.892,0.351,1.11322426491451e-44,"4","MRPS23"
1.04928907922084e-48,0.611260466649388,0.875,0.342,1.49229892846787e-44,"4","DHX15"
1.10237216793709e-48,0.570602936892443,0.873,0.325,1.56779369724014e-44,"4","PEF1"
1.40084257592401e-48,0.591652123744474,0.48,0.15,1.99227831147912e-44,"4","SOX4"
1.54203878269709e-48,0.641372812483802,0.877,0.347,2.19308755675181e-44,"4","GART"
1.65828649614246e-48,0.626843883357106,0.971,0.792,2.35841505481381e-44,"4","TRAPPC1"
1.74950931372147e-48,0.798469958745469,0.968,0.67,2.48815214597467e-44,"4","CCT4"
2.13518751213539e-48,0.780813772217961,0.843,0.331,3.03666367975895e-44,"4","GMDS"
2.51723947827687e-48,1.03160583031033,0.892,0.628,3.58001798600537e-44,"4","CTSW"
2.64190199986557e-48,0.78878687924722,0.968,0.577,3.75731302420881e-44,"4","ANXA11"
2.73485923914197e-48,0.564375846066479,0.848,0.317,3.88951680990772e-44,"4","IARS1"
2.83289779985335e-48,0.731747873246111,0.917,0.411,4.02894725095143e-44,"4","CCAR1"
2.8931998537349e-48,0.618329792921167,0.838,0.331,4.11470883198178e-44,"4","COX20"
3.1614781399025e-48,0.665124139802864,0.902,0.359,4.49625421056934e-44,"4","URM1"
3.25350538076233e-48,0.726728501713526,0.922,0.394,4.62713535252018e-44,"4","MCTS1"
3.44644417505694e-48,0.526296290773465,0.848,0.33,4.90153290576598e-44,"4","RB1"
5.02632643093379e-48,0.814467713553552,0.958,0.532,7.14844145007403e-44,"4","ADRM1"
5.22852390997826e-48,0.663196633922717,0.924,0.392,7.43600670477109e-44,"4","PSMD9"
5.68383077572982e-48,0.63931056092226,0.917,0.393,8.08354412924295e-44,"4","C4orf48"
6.14128084142745e-48,0.710533506453741,0.917,0.427,8.73412961267811e-44,"4","EXOSC8"
7.50889556073456e-48,0.736907163260765,0.956,0.445,1.06791512664767e-43,"4","MRPS36"
8.66350996613761e-48,0.725603257474938,0.973,0.66,1.23212438738409e-43,"4","CIAO2B"
9.23657725570626e-48,0.659439642563532,0.909,0.371,1.31362601730654e-43,"4","EIF4E2"
1.66163280704369e-47,0.97437246074708,0.924,0.506,2.36317417817754e-43,"4","IKZF3"
1.67927170798544e-47,0.704730146522849,0.971,0.634,2.3882602230969e-43,"4","PSMD4"
1.86301237109213e-47,0.62683361232719,0.887,0.344,2.64957619416723e-43,"4","BLOC1S2"
2.94205929756558e-47,0.604813954333023,0.87,0.358,4.18419673299777e-43,"4","RGS19"
2.94666005239534e-47,1.61799571186067,0.944,0.691,4.19073992651666e-43,"4","H1-2"
2.98226178695009e-47,0.769311808562817,0.941,0.484,4.24137271340042e-43,"4","EIF4H"
3.75439770594583e-47,0.55695652345515,0.409,0.116,5.33950441739616e-43,"4","PLEC"
6.18681371863151e-47,0.773839230206245,0.968,0.563,8.79888647063774e-43,"4","RBM17"
6.74586784938754e-47,0.695243451257609,0.902,0.399,9.59397325539896e-43,"4","PPIH"
7.54812074686504e-47,0.657576659725381,0.895,0.356,1.07349373261915e-42,"4","NDUFA9"
8.00821726497336e-47,0.684939549281687,0.922,0.4,1.13892865942451e-42,"4","RHOF"
8.96966433977778e-47,0.5293681074874,0.873,0.329,1.2756656624032e-42,"4","DPM1"
1.04505791004373e-46,1.01815138292928,0.252,0.053,1.48628135966419e-42,"4","TMEM143"
1.06568458379284e-46,0.678256018327387,0.936,0.437,1.51561661507017e-42,"4","BCL7C"
1.1333017657759e-46,0.847778979272843,0.627,0.225,1.61178177128649e-42,"4","ODC1"
1.18947430455762e-46,0.512152146077109,0.613,0.205,1.69167035594185e-42,"4","PKIA"
1.28878033675688e-46,0.814215042414379,0.902,0.397,1.83290339493564e-42,"4","GRK2"
1.5403807452783e-46,0.746268354820079,0.939,0.511,2.1907294959348e-42,"4","MEA1"
1.57219401697604e-46,0.574039176567304,0.993,0.891,2.23597433094333e-42,"4","SET"
1.5886386099551e-46,0.726934301888119,0.951,0.515,2.25936183107814e-42,"4","WAS"
1.82613508515414e-46,0.554996066875689,0.478,0.145,2.59712931810621e-42,"4","ELP1"
1.89941028287887e-46,0.675529100473346,0.973,0.72,2.70134130431032e-42,"4","LRRFIP1"
2.44093468873892e-46,0.662148313948818,0.934,0.415,3.47149731432449e-42,"4","MRPL18"
3.12847502294036e-46,0.51162441697095,0.267,0.06,4.44931717762578e-42,"4","SLFN12"
3.29136077725937e-46,0.675655823038032,0.971,0.604,4.68097329741827e-42,"4","AURKAIP1"
5.91609169875296e-46,0.695440073407954,0.968,0.684,8.41386561396646e-42,"4","ANAPC11"
5.996349376677e-46,0.637765584869964,0.98,0.841,8.52800808351003e-42,"4","SELENOH"
7.11014921867014e-46,0.817330117934775,0.887,0.439,1.01120542187927e-41,"4","SH2D1A"
7.33303294639022e-46,0.741396963836275,0.966,0.614,1.04290394563562e-41,"4","EIF3A"
9.77595544755683e-46,0.725966100818944,0.931,0.463,1.39033638375153e-41,"4","PPP1R7"
1.15491742536355e-45,0.712735622438207,0.949,0.562,1.64252356235204e-41,"4","CAPZA1"
1.6393719978538e-45,0.591898027321612,0.973,0.74,2.33151485534767e-41,"4","KHDRBS1"
2.01104507465609e-45,0.658171147369358,0.939,0.438,2.86010830517589e-41,"4","SSR3"
2.11681748283818e-45,0.541791611652018,0.863,0.33,3.01053782409246e-41,"4","HADHB"
2.19767282497199e-45,0.524768257490619,0.887,0.366,3.12553029167516e-41,"4","CISD2"
2.24422551846819e-45,0.792390472416987,0.953,0.51,3.19173753236547e-41,"4","FDFT1"
2.34259608630495e-45,0.566169754458348,0.855,0.339,3.33164015394289e-41,"4","HUWE1"
2.44534831674096e-45,0.700453332805762,0.951,0.569,3.47777437606899e-41,"4","NDUFB1"
2.6862536552971e-45,0.800180467529846,0.377,0.11,3.82038994856353e-41,"4","STAG3"
3.02009690126088e-45,0.729907025421977,0.961,0.513,4.29518181297322e-41,"4","NDUFV1"
3.21792119101033e-45,0.685880636499827,0.909,0.385,4.57652751785488e-41,"4","NAA20"
4.34718525367414e-45,0.666689861839764,0.365,0.1,6.18256686777537e-41,"4","TIPARP"
4.59852482824681e-45,0.60957113944053,0.831,0.312,6.54002201073261e-41,"4","DAXX"
5.95802793445333e-45,0.925114704281543,0.713,0.295,8.47350732837953e-41,"4","SP140"
6.52848555269112e-45,0.604976477190178,0.99,0.934,9.28481215303731e-41,"4","PSME2"
7.4042334881465e-45,0.584578842715199,0.968,0.999,1.0530300866842e-40,"4","MT-ND4"
7.5187554573617e-45,0.915396408798331,0.966,0.679,1.06931740114598e-40,"4","RPS27L"
7.65218981295301e-45,0.512478479694279,0.887,0.36,1.08829443519818e-40,"4","FAM136A"
8.10638338860547e-45,0.712888789290573,0.958,0.592,1.15288984552747e-40,"4","HADHA"
8.21357584785506e-45,0.77288275689039,0.926,0.46,1.16813475708195e-40,"4","LAGE3"
8.8022054666068e-45,0.502438500738536,0.848,0.322,1.25184966146082e-40,"4","ACTR1B"
8.93948531581858e-45,0.577432118049599,0.686,0.249,1.27137360161572e-40,"4","DHRS3"
1.35758050806368e-44,0.540148668594366,1,0.986,1.93075099856817e-40,"4","NPM1"
1.48874117609994e-44,0.503541560639971,0.755,0.284,2.11728770064934e-40,"4","MT1F"
1.82413229812877e-44,0.563352811663866,0.341,0.09,2.59428095439874e-40,"4","CIC"
1.8818242837664e-44,0.550295862279166,0.985,0.822,2.67633049637258e-40,"4","NEDD8"
2.18259909764194e-44,0.517377813101534,0.858,0.337,3.10409243666636e-40,"4","ECI2"
2.52318352411193e-44,0.712774524066028,0.971,0.964,3.58847160799199e-40,"4","MT-ND1"
2.74897151698725e-44,0.566543401942102,0.907,0.378,3.90958729145927e-40,"4","IPO7"
2.80580250379113e-44,0.614006006293205,0.961,0.719,3.99041232089175e-40,"4","RTRAF"
3.57252206553459e-44,0.611759590051385,0.85,0.342,5.08084088160329e-40,"4","TBC1D5"
3.66356939270613e-44,0.681940825070567,0.973,0.627,5.21032839030666e-40,"4","TRA2B"
3.89589326626877e-44,0.684931665490748,0.956,0.497,5.54073940328745e-40,"4","SRSF4"
4.07217109980472e-44,0.531630500220052,0.87,0.344,5.79144173814227e-40,"4","TIMMDC1"
4.25051266452808e-44,0.546664533257162,0.846,0.33,6.04507911149183e-40,"4","NUP107"
5.45447975508698e-44,0.921046985771314,0.968,0.807,7.75736110768471e-40,"4","ITM2A"
6.1886665881641e-44,0.590518491482027,0.98,0.867,8.80152162168698e-40,"4","SERBP1"
6.21389323253663e-44,0.74696283364588,0.924,0.437,8.8373989553136e-40,"4","SDHB"
6.33496063682207e-44,1.02105921853407,0.262,0.06,9.00958101768835e-40,"4","HECW2-AS1"
6.70386426535598e-44,0.553818257816054,0.277,0.066,9.53423575818927e-40,"4","TEC"
6.74083979751391e-44,0.811160336644255,0.797,0.377,9.58682236002428e-40,"4","IKZF2"
6.93255913183222e-44,0.692356261272763,0.944,0.493,9.85948559729178e-40,"4","RNASEH2C"
7.01964332544195e-44,0.650666498368842,0.953,0.631,9.98333673744354e-40,"4","SF3B6"
7.71835183582012e-44,0.773328206036567,0.963,0.685,1.09770399809034e-39,"4","SFPQ"
7.9412231320263e-44,0.675382698747334,0.971,0.636,1.12940075383678e-39,"4","NDUFB7"
8.07537974190309e-44,0.643390357698918,0.939,0.451,1.14848050689346e-39,"4","CFLAR"
9.76052296633588e-44,0.646839312699081,0.975,0.703,1.38814157627229e-39,"4","EZR"
1.20842720575105e-43,0.642506550910681,0.934,0.436,1.71862517201914e-39,"4","RER1"
1.41173319894017e-43,0.719200064003337,0.36,0.104,2.00776695553271e-39,"4","EOMES"
1.99184043789624e-43,0.652518339669601,0.912,0.401,2.83279547077603e-39,"4","UCHL5"
2.53101785482164e-43,0.507470931487947,0.858,0.339,3.59961359312734e-39,"4","MTF2"
2.75669589324519e-43,0.539281224269796,0.828,0.324,3.92057289937331e-39,"4","RBM38"
6.06121778848e-43,1.33060243527291,0.975,0.867,8.62026393877626e-39,"4","H1-4"
6.50351447957658e-43,1.02182070184244,0.914,0.527,9.24929829285382e-39,"4","SRM"
7.04596340917543e-43,0.709235728428105,0.934,0.433,1.00207691605293e-38,"4","SNRPA1"
9.26351166499161e-43,0.583693172361454,0.895,0.372,1.31745662899511e-38,"4","ZBTB8OS"
1.80694709808171e-42,0.536611602384738,0.9,0.354,2.56984016289181e-38,"4","SPAG7"
1.88420223760766e-42,0.701338726063246,0.968,0.622,2.67971242232561e-38,"4","SUMO1"
2.81341906256055e-42,0.595798886149997,0.88,0.361,4.00124459077362e-38,"4","MPV17"
3.94083626680313e-42,0.6004229735264,0.958,0.724,5.60465733864741e-38,"4","NDUFB6"
4.2129228962016e-42,0.681080537063356,0.946,0.438,5.99161894297792e-38,"4","MAZ"
4.5297774549105e-42,0.788378110811039,0.949,0.496,6.44224949637371e-38,"4","MRPL4"
4.64583769649019e-42,0.934545280536685,0.333,0.09,6.60731037194834e-38,"4","CNNM2"
4.77176511075172e-42,0.549751304406758,0.885,0.358,6.7864043405111e-38,"4","LSM1"
6.84995505278271e-42,0.66520430201837,0.956,0.604,9.74200607606756e-38,"4","MAGOH"
7.6205897586268e-42,0.601192568154322,0.966,0.68,1.0838002754719e-37,"4","RNPS1"
8.33715482959518e-42,0.63913543232495,0.936,0.47,1.18571015986503e-37,"4","POLR2F"
9.00878768104493e-42,0.581382690262123,0.907,0.386,1.28122978399821e-37,"4","R3HDM1"
1.0363791892076e-41,0.711144775060379,0.904,0.43,1.47393848289105e-37,"4","ACADVL"
1.67430152429193e-41,0.718930600492212,0.897,0.416,2.38119162784798e-37,"4","NDUFAF8"
2.02045351952658e-41,0.600155615969155,0.848,0.348,2.8734889954707e-37,"4","TSPOAP1-AS1"
2.12477838617602e-41,0.865923429648772,0.971,0.532,3.02185982081954e-37,"4","MYH9"
3.99428772446547e-41,0.688664464131207,0.944,0.533,5.68067600173479e-37,"4","AP2M1"
5.53645651482214e-41,1.01545187328391,0.25,0.058,7.87394845538005e-37,"4","RGS2"
5.99614060915479e-41,0.634548674513697,0.963,0.783,8.52771117433994e-37,"4","ABRACL"
6.9719693116748e-41,0.636715526584356,0.936,0.443,9.9155347550639e-37,"4","MRPS18C"
1.41522199226523e-40,0.736377168600115,0.978,0.675,2.01272871739961e-36,"4","CCT7"
1.61939008951316e-40,0.574709592490892,0.975,0.691,2.30309658530562e-36,"4","NDUFB10"
1.89182682710767e-40,0.639060101327587,0.929,0.459,2.69055611351252e-36,"4","RFC1"
2.13133725477247e-40,0.652616614767724,0.963,0.662,3.0311878437374e-36,"4","TXNL4A"
2.18879189272286e-40,0.653282565704329,0.953,0.565,3.11289982983045e-36,"4","CAPNS1"
2.74311684938799e-40,0.621792156429405,0.846,0.352,3.9012607831996e-36,"4","BZW2"
2.86019687119511e-40,0.506679002381361,0.917,0.457,4.06777199021369e-36,"4","CTSD"
2.91865284739057e-40,0.631894260712948,0.9,0.39,4.15090807955886e-36,"4","WNK1"
3.43610409764236e-40,0.551760625250151,0.762,0.3,4.88682724766697e-36,"4","NFAT5"
3.71199267770422e-40,0.644785189429841,0.309,0.084,5.27919598623094e-36,"4","STAP1"
5.23194111549395e-40,0.609948032023041,0.895,0.378,7.44086665445549e-36,"4","COMMD7"
5.76216749826971e-40,0.606433801316087,0.966,0.645,8.19495461603918e-36,"4","RHOG"
6.46506262808657e-40,0.647259983124657,0.912,0.408,9.19461206966472e-36,"4","NCOA4"
7.93558493960955e-40,0.534679508553947,0.978,0.93,1.12859889011127e-35,"4","PPIB"
1.11556092445569e-39,0.793687103988155,0.949,0.549,1.58655074676088e-35,"4","NOP56"
1.12723431214065e-39,0.576113900829515,0.292,0.077,1.60315263872643e-35,"4","AEBP1"
1.54266668337001e-39,0.65684082989175,0.926,0.42,2.19398055708883e-35,"4","COPZ1"
1.63556417034552e-39,0.529525711509923,0.897,0.381,2.3260993630654e-35,"4","RANGRF"
1.67905063805432e-39,0.625277310595118,0.956,0.542,2.38794581744085e-35,"4","PSMG2"
2.08277658994881e-39,0.876964751323416,0.99,0.958,2.9621248662252e-35,"4","HSP90AB1"
2.36354373837256e-39,0.578686685571232,0.929,0.402,3.36143190471345e-35,"4","NDUFA8"
2.85034524483458e-39,0.636602564559018,0.946,0.564,4.05376100720375e-35,"4","LUC7L2"
3.56720547161005e-39,0.501588375857974,0.882,0.363,5.07327962172382e-35,"4","CTBP1"
4.30499824950805e-39,0.673686177642464,0.958,0.614,6.12256851045034e-35,"4","PSMA3"
6.92075510649518e-39,0.667713486258769,0.87,0.439,9.84269791245745e-35,"4","PYCARD"
7.03286399193476e-39,0.635946431308642,0.931,0.475,1.00021391693296e-34,"4","PCMT1"
8.03702072500495e-39,1.15718356308254,0.951,0.764,1.1430250875102e-34,"4","MT2A"
9.30663963247263e-39,0.516385812347758,0.846,0.354,1.32359028853026e-34,"4","REL"
1.01990716773132e-38,0.726991406076393,0.966,0.688,1.45051197394748e-34,"4","RAD21"
1.26418322390296e-38,0.565487900842105,0.973,0.747,1.79792138103479e-34,"4","NDUFB2"
1.26800091781204e-38,0.532084385677096,0.877,0.387,1.80335090531229e-34,"4","GTPBP4"
1.27617073624436e-38,0.523533114190836,0.875,0.382,1.81497002108672e-34,"4","SEC11C"
1.56139665029833e-38,0.83299659831138,0.975,0.787,2.22061831605429e-34,"4","RPL22L1"
1.982777375001e-38,0.802350586178933,0.831,0.385,2.81990598272642e-34,"4","TNFSF10"
2.27055105696017e-38,0.59347956525261,0.912,0.396,3.22917771320875e-34,"4","DCAF7"
2.3796343454785e-38,0.635802875334386,0.924,0.472,3.38431596613953e-34,"4","DHX9"
3.75496768633428e-38,0.619963237975415,0.963,0.707,5.34031504350462e-34,"4","SEC61G"
4.43119683438819e-38,0.5806643090818,0.922,0.384,6.30204813786688e-34,"4","NDUFA10"
4.60096967888002e-38,0.619753212674433,0.926,0.43,6.54349907730316e-34,"4","SNRNP40"
4.7649842698396e-38,0.529205861255407,0.934,0.444,6.77676062856587e-34,"4","PTPN22"
6.33965164800739e-38,0.560135659716941,0.904,0.398,9.0162525737961e-34,"4","TIMM17B"
6.48536697498e-38,0.638723325642479,0.961,0.599,9.22348891181656e-34,"4","GDI2"
7.1718368853121e-38,0.666953283236565,0.953,0.534,1.01997864182909e-33,"4","MMADHC"
8.7771768552181e-38,0.583420643436039,0.978,0.742,1.24829009234912e-33,"4","EIF3L"
8.79102975243881e-38,0.631750927299315,0.956,0.529,1.25026025139185e-33,"4","GTF2A2"
1.01476781927163e-37,0.597060137053868,0.441,0.153,1.44320279256811e-33,"4","PDE7B"
1.4862633814097e-37,0.717273726063427,0.971,0.87,2.11376378104088e-33,"4","S100A10"
1.60694397508074e-37,0.538987320034,0.694,0.278,2.28539572135982e-33,"4","NOP16"
1.75182870900875e-37,0.531683030720136,0.797,0.344,2.49145078995224e-33,"4","YBX3"
1.80160815224407e-37,0.58588453794996,0.907,0.396,2.56224711412152e-33,"4","CPSF6"
1.80420104842136e-37,0.607324671755051,0.953,0.476,2.56593473106486e-33,"4","THOC7"
2.48914802904384e-37,0.605785897178085,0.922,0.449,3.54006632690615e-33,"4","LMAN1"
2.72118448596064e-37,0.668948719337796,0.961,0.551,3.87006857593323e-33,"4","PDAP1"
2.92192214641617e-37,0.631708651953476,0.841,0.376,4.15555767663308e-33,"4","SPTBN1"
3.08231323039554e-37,0.503358130734771,0.292,0.08,4.38366587626853e-33,"4","IZUMO4"
3.16968627627728e-37,0.565283242451973,0.9,0.409,4.50792782212155e-33,"4","SF3A3"
4.80072842710222e-37,0.66613774389126,0.9,0.432,6.82759596902478e-33,"4","TCF12"
4.99972540029048e-37,0.620757736652153,0.966,0.686,7.11060946429311e-33,"4","MRPS34"
5.56240564215465e-37,0.773164465607006,0.956,0.663,7.91085330427235e-33,"4","CNN2"
7.03855260456236e-37,0.600584145935266,0.961,0.675,1.00102295142086e-32,"4","ACTR2"
7.11109508262717e-37,0.869368877438105,0.809,0.417,1.01133994265124e-32,"4","ID2"
8.22976476167025e-37,0.607091802169675,0.9,0.41,1.17043714440474e-32,"4","ACADM"
1.16926037463503e-36,0.584932843527419,0.956,0.544,1.66292210480594e-32,"4","SPCS3"
1.31589671324591e-36,0.725131584822208,0.956,0.676,1.87146830557833e-32,"4","PRKCH"
1.32760748363277e-36,0.559068122375972,0.934,0.494,1.88812336322253e-32,"4","RPN2"
1.89582945143697e-36,0.586813543279027,0.912,0.41,2.69624864583366e-32,"4","CMTM3"
2.24905730479675e-36,0.645062469635973,0.963,0.572,3.19860929888194e-32,"4","ILF3"
2.5298611069269e-36,0.619889043073599,0.897,0.438,3.59796846627144e-32,"4","ATIC"
2.55877658266262e-36,0.506254132726366,0.892,0.379,3.63909205586278e-32,"4","TMEM183A"
3.12858024616488e-36,0.577422039481505,0.963,0.66,4.44946682609569e-32,"4","ENSA"
3.21769748823078e-36,0.577983300140808,0.971,0.978,4.57620936776182e-32,"4","MT-ND2"
3.6803341203454e-36,0.652986146171647,0.895,0.442,5.23417118595522e-32,"4","ARHGAP9"
6.55093346975675e-36,0.585173548521041,0.963,0.678,9.31673758068805e-32,"4","TUFM"
9.13917584793342e-36,0.572612368531685,0.939,0.449,1.29977358909309e-31,"4","KXD1"
1.30561972686723e-35,0.637875448917245,0.909,0.459,1.85685237555058e-31,"4","LDLRAD4"
1.35845618385892e-35,1.15591683549439,0.958,0.815,1.93199638468415e-31,"4","H1-3"
1.40561037047892e-35,0.589202577542362,0.922,0.428,1.99905906889512e-31,"4","SPTAN1"
2.09984356158784e-35,0.617026522802038,0.968,0.715,2.98639751329023e-31,"4","SRSF10"
2.37851965201618e-35,0.609561419077652,0.983,0.819,3.38273064909742e-31,"4","HNRNPU"
2.62734322087057e-35,0.512944192111071,0.897,0.399,3.73660752872212e-31,"4","HIKESHI"
3.27035601530371e-35,0.603798097710277,0.816,0.342,4.65110032496494e-31,"4","MSI2"
4.89453532403054e-35,0.600318924771779,0.966,0.628,6.96100813783623e-31,"4","HNRNPA0"
6.84328965579305e-35,0.50569057099819,0.836,0.367,9.73252654846887e-31,"4","DKC1"
1.07567361083233e-34,0.61565051990624,0.973,0.634,1.52982300932574e-30,"4","GHITM"
1.18173233525018e-34,0.671072445346729,0.299,0.087,1.6806597271928e-30,"4","NPDC1"
1.33785073775333e-34,0.596575423686347,0.949,0.591,1.90269131923278e-30,"4","NOP58"
1.51995030805549e-34,0.611778028684202,0.934,0.487,2.16167332811651e-30,"4","ILK"
1.87716092998832e-34,0.597052280664536,0.912,0.465,2.66969827462939e-30,"4","TIMM13"
2.07182059355563e-34,0.504705888480419,0.978,0.795,2.94654324815482e-30,"4","WDR83OS"
2.2285163555601e-34,0.615045674269708,0.973,0.582,3.16939596087758e-30,"4","CLPP"
2.32009071005786e-34,0.568748968406516,0.926,0.477,3.29963300784429e-30,"4","EPRS1"
2.36021320760495e-34,0.527252365144793,0.873,0.413,3.35669522385576e-30,"4","TCERG1"
2.99992602726539e-34,0.606596239124342,0.956,0.541,4.26649479597684e-30,"4","LSM6"
3.2976282873027e-34,0.528554439887989,0.919,0.432,4.6898869502019e-30,"4","COMMD3"
3.55722966921999e-34,0.588956501364786,0.931,0.483,5.05909203556467e-30,"4","PGLS"
5.30433311620226e-34,0.615419617855039,0.946,0.47,7.54382255786285e-30,"4","NDUFB5"
1.51236378051521e-33,0.558575354039147,0.257,0.069,2.15088376864874e-29,"4","ZNF512B"
2.04237448601742e-33,0.507486198409162,0.907,0.435,2.90466499401397e-29,"4","HDAC2"
3.16555802372355e-33,0.545922967212855,0.944,0.56,4.50205662133963e-29,"4","LMAN2"
3.27984623622147e-33,0.52664703803987,0.855,0.379,4.66459731715417e-29,"4","LYPLA2"
3.36156669743144e-33,0.514019385172473,0.924,0.455,4.780820157087e-29,"4","MRPL36"
4.87571281946461e-33,0.588573608177983,0.951,0.576,6.93423877184257e-29,"4","ATP6V0B"
6.63618974576376e-33,0.527007928719377,0.958,0.672,9.43798905642522e-29,"4","BSG"
9.72827731776782e-33,0.519651111171997,0.963,0.732,1.38355560013294e-28,"4","UBE2I"
1.07972886480611e-32,0.825445655421946,0.522,0.214,1.53559039152724e-28,"4","CD9"
1.36783325421833e-32,0.523022815491079,0.922,0.485,1.9453324541493e-28,"4","MGST3"
3.62563906343537e-32,0.700127696385587,0.956,0.648,5.15638387601778e-28,"4","CCND3"
5.72721323720654e-32,0.725366650312995,0.841,0.396,8.14524266595514e-28,"4","RNF19A"
8.54871536237902e-32,0.590848908345324,0.926,0.42,1.21579829883754e-27,"4","EIF4E"
8.60229724386183e-32,0.62346690630411,0.897,0.451,1.22341871402203e-27,"4","HSPA9"
1.02461752300768e-31,0.550169764046175,0.87,0.409,1.45721104122152e-27,"4","MT1X"
1.16075185876725e-31,0.543778632448105,0.892,0.427,1.65082129353879e-27,"4","CAPRIN1"
1.20614845908371e-31,0.571920843999377,0.951,0.53,1.71538433850885e-27,"4","POLR2G"
1.50541781692828e-31,0.601311932302837,0.939,0.494,2.14100521923541e-27,"4","CHMP2A"
2.04767245090346e-31,0.587208823971134,0.961,0.617,2.91219975967491e-27,"4","NDUFC1"
2.54098045272093e-31,0.534743849910556,0.958,0.603,3.61378239985971e-27,"4","GRB2"
2.87334298379692e-31,0.600817648481087,0.912,0.458,4.08646839155598e-27,"4","AHSA1"
3.36962941621643e-31,0.50707658812077,0.919,0.482,4.79228695574301e-27,"4","CEP57"
4.6458837360304e-31,0.515619524927653,0.924,0.443,6.60737584938243e-27,"4","PDS5A"
4.71747191206785e-31,0.577842187673695,0.931,0.442,6.7091885533429e-27,"4","RAD23B"
4.73439014492576e-31,0.568080875793196,0.968,0.608,6.73324966411342e-27,"4","AIP"
5.10104973345581e-31,0.574543330292209,0.98,0.768,7.25471293092085e-27,"4","PEBP1"
5.36344486539723e-31,0.599376413948944,0.956,0.521,7.62789128756794e-27,"4","PPP2R1A"
6.22381943917171e-31,0.503348921646313,0.917,0.483,8.85151600639e-27,"4","CNTRL"
8.11475711357747e-31,0.590577562544131,0.951,0.601,1.15408075669299e-26,"4","IMPDH2"
8.45315141936516e-31,0.52876895447462,0.887,0.404,1.20220719486211e-26,"4","PBRM1"
1.3624203532502e-30,0.53858036750109,0.985,0.732,1.93763422639243e-26,"4","VAMP8"
2.13627692174883e-30,0.544707649182145,0.956,0.545,3.03821303811119e-26,"4","RNASEH2B"
7.41805694226757e-30,0.535547250326987,0.968,0.571,1.05499605832929e-25,"4","SSNA1"
1.15708623218029e-29,0.568112797343404,0.907,0.421,1.6456080394068e-25,"4","COPB2"
1.47255070345999e-29,0.508385814471681,0.914,0.436,2.09426161046079e-25,"4","UBE2V2"
1.75413607091436e-29,0.557255831105324,0.958,0.609,2.4947323200544e-25,"4","KPNB1"
2.07770318765506e-29,0.51385375157797,0.961,0.57,2.95490947348303e-25,"4","SMARCE1"
2.95126121029041e-29,0.557012328137275,0.975,0.937,4.19728369327502e-25,"4","CD74"
3.50572502567541e-29,0.619125049317168,0.973,0.706,4.98584213151557e-25,"4","LCP2"
4.44335954025165e-29,0.567977753036146,0.956,0.535,6.3193459381459e-25,"4","PUF60"
4.65498504013796e-29,0.542129413989884,0.968,0.657,6.6203197240842e-25,"4","VDAC2"
6.69688365479764e-29,0.542056878640571,0.838,0.387,9.52430793385321e-25,"4","FKBP5"
7.31895976679265e-29,0.667865647542162,0.975,0.738,1.04090245803325e-24,"4","C1QBP"
8.19482547899644e-29,0.540543120561096,0.956,0.582,1.16546807962287e-24,"4","SNRPB2"
9.7410065304543e-29,0.548748425152567,0.961,0.596,1.38536594876121e-24,"4","RAB5IF"
1.67885447619309e-28,0.546966342859176,0.944,0.562,2.38766683604181e-24,"4","GNG2"
3.01792652661403e-28,0.525059850603235,0.936,0.533,4.29209510615047e-24,"4","GSPT1"
3.79774044795019e-28,0.539836905601357,0.956,0.548,5.40114646507477e-24,"4","ARF6"
3.9351136132802e-28,0.512650088965745,0.919,0.479,5.5965185808071e-24,"4","PFDN6"
1.01382345339514e-27,0.509117152216563,0.961,0.519,1.44185971541857e-23,"4","SRP72"
3.04283236988045e-27,0.509084692688478,0.953,0.593,4.32751619644397e-23,"4","PSMD7"
3.35694834577201e-27,0.512565416998031,0.902,0.425,4.77425193735696e-23,"4","SEPHS2"
4.83357916409592e-27,0.520549485023791,0.975,0.915,6.87431628717722e-23,"4","CALM2"
4.97674965108827e-27,0.530826763118587,0.961,0.686,7.07793335377774e-23,"4","EID1"
5.54613035264924e-27,0.502037957223132,0.946,0.487,7.88770658753775e-23,"4","CUEDC2"
5.75541984276264e-27,0.589780328850835,0.971,0.839,8.18535810037703e-23,"4","CD7"
1.23497713908508e-26,0.551679745560599,0.968,0.682,1.75638448720681e-22,"4","EIF1AX"
3.10984904279218e-26,0.581421881630228,0.917,0.474,4.42282730865903e-22,"4","SEMA4D"
5.30626354902809e-26,1.06878618773157,0.657,0.311,7.54656801942774e-22,"4","CRTAM"
1.4683300167828e-25,0.514426189887655,0.971,0.688,2.0882589498685e-21,"4","EIF4G2"
2.2776178656802e-25,0.551833635276208,0.904,0.454,3.23922812857037e-21,"4","UGP2"
2.31738913549441e-25,0.56446089239843,0.963,0.592,3.29579082850015e-21,"4","TOMM22"
7.58018238360652e-25,0.578202594269254,0.953,0.564,1.07805353859652e-20,"4","FLOT1"
8.58024938987335e-22,0.51324750297321,0.956,0.572,1.22028306822779e-17,"4","RNF181"
1.09914215562755e-21,0.585263078515473,0.924,0.593,1.5631999737335e-17,"4","CBLB"
5.61686550127473e-21,0.616043351395755,0.9,0.553,7.98830611591291e-17,"4","TUBA4A"
1.51350869621701e-16,0.524370829465134,0.956,0.674,2.15251206775983e-12,"4","CHCHD10"
2.39572805537636e-15,0.865741124544037,0.953,0.725,3.40720444035627e-11,"4","ARL6IP1"
4.07104778915007e-15,0.920783421009036,0.485,0.268,5.78984416572923e-11,"4","GZMA"
4.39980005516622e-11,0.692907786475206,0.36,0.184,6.25739563845739e-07,"4","LTA"
0,4.8926418323801,1,0.049,0,"5","TRBV7-9"
2.07781607409024e-13,0.555893910390235,0.832,0.646,2.95507002057114e-09,"5","LINC00861"
6.22899506183863e-12,0.669705893279943,0.712,0.535,8.8588767769469e-08,"5","SATB1-AS1"
1.07622435544586e-09,0.54075474455262,0.9,0.849,1.5306062783151e-05,"5","GBP5"
3.59459014169791e-09,0.542532789601455,0.82,0.728,5.11222609952276e-05,"5","COA1"
1.75148561944857e-08,0.515036751670711,0.724,0.607,0.000249096284797976,"5","CD55"
1.07144718259208e-07,0.604722665000167,0.604,0.476,0.00152381218308246,"5","LDLRAP1"
3.33256636131905e-07,0.61641109106657,0.484,0.328,0.00473957587906795,"5","MX2"
3.50149340006503e-07,0.55180485712671,0.58,0.448,0.00497982391357249,"5","GPR155"
6.39536650014671e-07,0.578215851012487,0.52,0.373,0.00909549023650865,"5","FOS"
1.8484461754793e-06,0.538536731249396,0.628,0.528,0.0262886015076666,"5","SERINC5"
3.21747765084644e-05,0.528663978330605,0.576,0.486,0.457589671503381,"5","GNL3"
6.26640463462559e-05,0.602987630320529,0.472,0.386,0.891208067136452,"5","CLUAP1"
0.000144543809728509,0.657733720977683,0.312,0.216,1,"5","NT5E"
0.000155744719435555,0.546464774965274,0.44,0.357,1,"5","ZC3H8"
0.000162413773229431,0.511783780881104,0.412,0.31,1,"5","FBLN5"
0.000289018023095594,0.500469775376298,0.276,0.181,1,"5","ITGA6"
0.000780696731549818,0.708426022955651,0.264,0.187,1,"5","C9orf72"
0.000976984637727831,0.519961230294034,0.52,0.469,1,"5","WHAMM"
0.00111833311681055,0.897725626691875,0.256,0.185,1,"5","ENSG00000289093"
0.00126107234492427,0.592617047409589,0.368,0.286,1,"5","TMEM63A"
0.00181384490439128,0.512204925860761,0.488,0.437,1,"5","RETREG1"
0.00417602434097821,0.558565345439828,0.384,0.323,1,"5","PARP11"
0.00508539093168561,0.549143537674764,0.44,0.39,1,"5","LINC00649"
0.00601824872204493,0.529553991056734,0.268,0.197,1,"5","LINC02964"
0,5.83754012784422,0.959,0.109,0,"6","KLRB1"
0,7.10899900667875,0.703,0.021,0,"6","CEBPD"
0,5.56483653733447,0.646,0.031,0,"6","CXCR6"
0,7.38086012495584,0.398,0.006,0,"6","SLC4A10"
1.88856949296142e-242,6.32671322115549,0.313,0.006,2.68592353288973e-238,"6","ZBTB16"
3.23200562725901e-215,6.39983839899406,0.26,0.004,4.59655840308777e-211,"6","CCR6"
5.68709111321144e-211,5.06712670053215,0.415,0.021,8.08818098120931e-207,"6","BLK"
1.23904528747175e-175,5.52064919856831,0.423,0.031,1.76217020784233e-171,"6","IL18RAP"
3.48979894728086e-169,5.00752378726858,0.305,0.013,4.96319206282285e-165,"6","TRDV2"
1.28142959677323e-146,4.12819793903197,0.415,0.037,1.82244917253089e-142,"6","MAF"
1.31819113244215e-133,2.53295489409349,0.947,0.329,1.87473142855922e-129,"6","ANXA1"
1.95559920261855e-126,4.83082654774113,0.354,0.031,2.7812531859641e-122,"6","ENSG00000227240"
4.22254649691251e-110,3.38149312259248,0.508,0.081,6.00530562790897e-106,"6","CPNE7"
4.99131349581899e-105,3.20651115711814,0.472,0.073,7.09864605375376e-101,"6","GPR183"
4.54921225262678e-102,3.5231782672219,0.435,0.064,6.46988966568581e-98,"6","PLCB1"
9.13441946558258e-86,2.78208302418665,0.732,0.263,1.29909713639515e-81,"6","GZMA"
2.78783070818175e-81,2.41887357074447,0.65,0.189,3.96485283317609e-77,"6","GZMK"
4.60154740112049e-80,3.79489015125382,0.252,0.025,6.54432071387357e-76,"6","CCR5"
3.7987958158198e-77,2.56572693876549,0.797,0.362,5.40264740925892e-73,"6","ALOX5AP"
7.05799619438017e-77,2.95423333869494,0.52,0.125,1.00378821876475e-72,"6","ERN1"
1.02911342586661e-76,3.12407591336623,0.35,0.053,1.46360511426749e-72,"6","FASLG"
3.22567729722364e-76,1.60788123962225,0.992,0.798,4.58755825211146e-72,"6","S100A4"
4.63933322256605e-76,2.63008984422059,0.671,0.231,6.59805970913344e-72,"6","IFNGR1"
3.40838603036506e-74,2.31910457433836,0.687,0.236,4.84740661238519e-70,"6","KLRG1"
5.30773960538819e-69,2.87785887675648,0.366,0.063,7.54866726678309e-65,"6","TRAV1-2"
4.88803760269443e-66,2.60656517015824,0.654,0.243,6.95176707855202e-62,"6","NCR3"
3.05467301272678e-63,1.40813900878445,0.955,0.74,4.34435595870003e-59,"6","S100A11"
2.25363126556469e-62,1.45407205921155,0.728,0.265,3.2051143858861e-58,"6","CST7"
4.25137404344247e-61,2.19810649391488,0.695,0.278,6.04630416458388e-57,"6","PHACTR2"
1.60172283030357e-58,3.79921244640456,0.256,0.037,2.27797020925774e-54,"6","LINC02481"
2.2920924386077e-58,0.54355859469762,0.402,0.082,3.25981386618787e-54,"6","CCL4"
4.70571579755664e-53,1.28882344489173,0.724,0.306,6.69246900728505e-49,"6","NKG7"
5.29418943757957e-53,2.6927275978408,0.423,0.112,7.52939621812567e-49,"6","TRGV9"
7.05320919207583e-49,0.922105436388282,0.996,0.946,1.00310741129702e-44,"6","S100A6"
1.17108607647109e-45,2.58183772345858,0.455,0.146,1.66551861795718e-41,"6","DPP4"
3.99021483309758e-45,1.27623311061317,0.776,0.397,5.67488353563137e-41,"6","LYAR"
7.55298297579671e-44,3.40120447513312,0.268,0.054,1.07418523881781e-39,"6","PERP"
6.62819240633575e-43,0.725540447904204,0.992,0.962,9.4266152402907e-39,"6","CYBA"
1.34393007335893e-42,1.29418503141979,0.923,0.685,1.91133735033107e-38,"6","SRGN"
1.63927838838667e-42,1.83665085159171,0.585,0.246,2.33138172396352e-38,"6","MYO1F"
3.50329572357637e-42,1.82067874949782,0.272,0.053,4.98238717807031e-38,"6","TRDC"
6.08219293992634e-42,1.2398715409074,0.837,0.497,8.65009479916325e-38,"6","CD99"
1.38676972588424e-40,1.52379826180734,0.793,0.495,1.97226390415257e-36,"6","PLP2"
1.68011373461752e-40,1.57791231810837,0.748,0.458,2.38945775337304e-36,"6","XBP1"
3.61234449520254e-40,1.25763719681336,0.748,0.371,5.13747634107706e-36,"6","CCL5"
1.04575010116278e-39,2.39528854452811,0.37,0.105,1.4872657938737e-35,"6","TCP10L"
2.9257398216557e-39,1.9532968346962,0.581,0.261,4.16098717435874e-35,"6","PRF1"
1.94264480221575e-38,1.63984652728484,0.549,0.22,2.76282943771123e-34,"6","AHNAK"
1.16255319351835e-37,2.40578229643665,0.354,0.101,1.6533831518218e-33,"6","KLRC1"
2.80964347364043e-37,2.21734355318404,0.52,0.227,3.99587494821141e-33,"6","GYG1"
4.24327061224687e-36,1.72109373264108,0.524,0.212,6.0347794647375e-32,"6","STOM"
1.05942591478201e-35,1.28760599435562,0.72,0.374,1.50671553600298e-31,"6","SH2D2A"
2.99930345762322e-35,0.74173135984318,0.976,0.899,4.26560937743175e-31,"6","SSR4"
9.8380784776309e-35,3.1042552819338,0.264,0.064,1.39917152108867e-30,"6","RGS2"
1.18490528357531e-34,2.72432011651298,0.35,0.109,1.6851722943008e-30,"6","LGALS3"
4.08695609991256e-34,1.40995017574572,0.805,0.556,5.81246896529565e-30,"6","CKLF"
4.43562478066582e-34,1.85457871292702,0.48,0.189,6.30834556306292e-30,"6","MATK"
3.49068672034431e-33,1.41689145256503,0.561,0.236,4.96445465367367e-29,"6","HOPX"
6.05659134611946e-33,1.53930213164418,0.699,0.424,8.6136842124511e-29,"6","TNFAIP3"
2.04799365641344e-32,2.98183529529232,0.272,0.073,2.91265657815119e-28,"6","IL18R1"
4.58395328481019e-32,1.38973272557344,0.565,0.239,6.51929836165705e-28,"6","PTMS"
9.34285477823142e-32,1.42959092843952,0.675,0.394,1.32874080656007e-27,"6","CDC42EP3"
2.49961122029937e-31,0.742822729220184,0.98,0.931,3.55494707750977e-27,"6","PPIB"
1.67904800866128e-30,2.60972624866188,0.264,0.07,2.38794207791807e-26,"6","CASP4LP"
3.62908695679922e-30,1.27520648510992,0.768,0.521,5.16128746995985e-26,"6","GLIPR1"
3.64134989535515e-30,1.61358464875511,0.789,0.592,5.1787278211741e-26,"6","PPP1R14B"
4.35588606305442e-30,0.820817719292058,0.943,0.735,6.194941158876e-26,"6","CRIP1"
4.72473856069778e-30,2.57783139043808,0.321,0.103,6.71952318102438e-26,"6","HPGD"
4.89499765268727e-30,1.35256369552819,0.772,0.559,6.96166566165183e-26,"6","CTSC"
6.78660456285319e-30,1.36293186787202,0.728,0.484,9.65190900928981e-26,"6","RORA"
1.5196372914561e-29,0.907449979782616,0.923,0.604,2.16122815590886e-25,"6","CLIC1"
1.78787554404293e-29,1.77948648297876,0.463,0.198,2.54271659873786e-25,"6","GLIPR2"
2.43222556233002e-29,3.01511308006707,0.264,0.074,3.45911119474575e-25,"6","MICAL2"
2.44052546171033e-29,1.46320627328892,0.362,0.117,3.47091531164443e-25,"6","PLEK"
6.32681034294881e-29,0.98313128017879,0.874,0.667,8.9979896697418e-25,"6","TC2N"
7.92921885030352e-29,0.505631210183243,1,0.984,1.12769350489017e-24,"6","IL32"
9.81711917695261e-28,0.89922611762266,0.907,0.758,1.3961906893462e-23,"6","SEC61B"
2.35516878355804e-27,0.570337651238744,1,0.994,3.34952104397625e-23,"6","SH3BGRL3"
2.54021785823002e-27,1.89898587864285,0.451,0.203,3.61269783797474e-23,"6","SESN1"
3.10925936915293e-27,1.984951732172,0.472,0.221,4.42198867480929e-23,"6","DUSP16"
1.33479026493719e-26,0.670295967884308,0.976,0.887,1.89833871479366e-22,"6","IFITM2"
1.41487148443098e-26,2.6071157610277,0.268,0.081,2.01223022515774e-22,"6","TNFSF14"
1.74430525782828e-26,0.705750406992987,0.984,0.944,2.48075093768338e-22,"6","UBC"
2.56763165047231e-26,1.49475485121607,0.602,0.345,3.65168573330172e-22,"6","CASP1"
1.08961729529753e-25,1.16356602728507,0.699,0.431,1.54965371737214e-21,"6","ITM2C"
1.27256565154215e-25,2.20837319092115,0.26,0.076,1.80984286962325e-21,"6","FYCO1"
1.30600249808865e-25,1.02487183080677,0.764,0.567,1.85739675278168e-21,"6","REEP5"
2.9246196961926e-25,0.844227860946691,0.943,0.876,4.15939413192511e-21,"6","LCP1"
7.03340441839208e-25,1.57873353731312,0.622,0.365,1.00029077638372e-20,"6","APOBEC3G"
1.06590523541383e-24,1.02433979633065,0.78,0.588,1.51593042580554e-20,"6","TTC39C"
1.34879098317802e-24,0.545187686942127,0.996,0.978,1.91825053627577e-20,"6","RPL36AL"
1.99832399248653e-24,2.15792930337278,0.378,0.155,2.84201638211434e-20,"6","ENSG00000290048"
2.42556282876429e-24,1.38552088456366,0.675,0.434,3.44963545506857e-20,"6","GCHFR"
3.49451843060657e-24,1.21373207336648,0.638,0.397,4.96990411200866e-20,"6","SAMD3"
4.34065212612116e-24,0.720016779241311,0.967,0.93,6.17327545376951e-20,"6","LAPTM5"
4.40414966539243e-24,1.4806163315422,0.549,0.306,6.26358165412111e-20,"6","EFHD2"
7.3513508611176e-24,0.838379471473053,0.874,0.772,1.04550911946815e-19,"6","EMB"
7.69002998450097e-24,1.79571705898746,0.382,0.159,1.09367606439573e-19,"6","NIBAN1"
9.13821953920762e-24,1.06963304267412,0.817,0.628,1.29963758286611e-19,"6","SPOCK2"
3.3215928402836e-23,0.825892446148677,0.874,0.72,4.72396933745133e-19,"6","SEC61G"
1.08008310497545e-22,0.769822583087755,0.902,0.762,1.53609419189609e-18,"6","SYNE2"
2.04829142063545e-22,0.905113019618037,0.805,0.656,2.91308005842774e-18,"6","EML4"
5.41447958935532e-22,1.87820896179016,0.276,0.093,7.70047287198114e-18,"6","ZFYVE28"
5.65985769382914e-22,1.50857052403857,0.39,0.165,8.04944961216381e-18,"6","SLAMF7"
7.53050744034737e-22,0.960996394962932,0.715,0.482,1.0709887681662e-17,"6","PYHIN1"
1.98341861116317e-21,2.18721580585407,0.272,0.094,2.82081794879625e-17,"6","GAB3"
2.04544675025197e-21,1.20412979858068,0.593,0.345,2.90903436820835e-17,"6","YWHAH"
4.00725986562977e-21,1.03997874704465,0.724,0.499,5.69912498089866e-17,"6","OSTF1"
4.01923347066536e-21,1.79039244319065,0.407,0.195,5.71615384198027e-17,"6","ZNRF1"
4.43402116201945e-21,1.83079106602587,0.378,0.17,6.30606489662406e-17,"6","ENSG00000283674"
8.09604616406989e-21,0.6091199356003,0.931,0.881,1.15141968545402e-16,"6","CD53"
1.16449963480399e-20,1.23019048199133,0.76,0.585,1.65615138061823e-16,"6","JUN"
1.25122670959685e-20,0.847594538329216,0.837,0.663,1.77949462638864e-16,"6","CD81"
1.48712952932989e-20,1.75842290477781,0.447,0.235,2.11499561661296e-16,"6","PLEKHF1"
1.78658964100299e-20,1.94354898615699,0.358,0.158,2.54088778743445e-16,"6","SLAMF1"
4.16822210490539e-20,1.87688224290645,0.268,0.093,5.92804547759645e-16,"6","AUTS2"
4.69574984839516e-20,1.69124830470622,0.346,0.145,6.6782954343876e-16,"6","OASL"
5.20320057525581e-20,0.55363155510247,0.976,0.873,7.39999185812881e-16,"6","S100A10"
1.03961425591574e-19,1.0193159258085,0.447,0.206,1.47853939476337e-15,"6","LAG3"
1.11245628983362e-19,1.19372105892679,0.598,0.39,1.58213533540137e-15,"6","CCDC107"
1.2786507181466e-19,1.46960225241989,0.508,0.292,1.8184970513481e-15,"6","CERK"
1.44297815248637e-19,1.54104987664703,0.305,0.115,2.05220352846612e-15,"6","EOMES"
2.14303601387325e-19,1.29473640710982,0.711,0.564,3.04782581893054e-15,"6","CD69"
2.64148968719135e-19,0.907268934526309,0.907,0.857,3.75672663312354e-15,"6","IL7R"
4.01764006362017e-19,1.19383376816132,0.602,0.387,5.71388769848061e-15,"6","DNAJC1"
5.8966922221855e-19,1.6981501115609,0.451,0.243,8.38627567839221e-15,"6","TBCD"
1.18596290158791e-18,0.990779720299973,0.667,0.456,1.68667643863832e-14,"6","DHRS7"
2.32143791329851e-18,0.600369758946346,0.915,0.818,3.30154900029314e-14,"6","ARF1"
3.23840212448924e-18,0.840759033841515,0.829,0.687,4.6056555014486e-14,"6","KLF6"
3.9885439346522e-18,0.676030785540246,0.894,0.826,5.67250718386236e-14,"6","PDIA3"
5.58940647683191e-18,1.71740645207747,0.394,0.201,7.94925389135035e-14,"6","CD58"
5.86777644725713e-18,1.30629318234022,0.496,0.271,8.34515166328909e-14,"6","DUSP2"
1.44035859988902e-17,1.03645825287083,0.699,0.504,2.04847800076217e-13,"6","ARPC5L"
1.63597315405313e-17,1.26204333708038,0.492,0.289,2.32668101969436e-13,"6","ACTN4"
2.23572197278632e-17,0.962328341089675,0.671,0.481,3.17964378969671e-13,"6","STAT4"
2.34252885043874e-17,0.861776331523123,0.78,0.612,3.33154453109397e-13,"6","GLRX"
2.77399059316808e-17,1.93836448053084,0.256,0.096,3.94516942160365e-13,"6","NPDC1"
3.53980026500538e-17,1.02594011080554,0.61,0.407,5.03430393689065e-13,"6","TRAT1"
3.56993366662865e-17,1.59359103162861,0.496,0.291,5.07715966067927e-13,"6","TNFSF13B"
4.09900100579826e-17,2.08789824892675,0.252,0.094,5.82959923044628e-13,"6","PMEPA1"
4.41433943317742e-17,0.650669749086767,0.927,0.844,6.27807354186492e-13,"6","GPR171"
7.20310298889651e-17,2.21771857181032,0.26,0.104,1.02442530708086e-12,"6","MBOAT1"
7.45498783798335e-17,0.87010823397076,0.805,0.655,1.06024837031799e-12,"6","HSPA5"
8.37150559597096e-17,2.01214022998002,0.264,0.105,1.19059552585899e-12,"6","IL12RB2"
9.95585807670139e-17,0.793138985423447,0.768,0.583,1.41592213566847e-12,"6","GNG2"
1.07242830872923e-16,1.45220670586031,0.358,0.162,1.52520754067472e-12,"6","CDC42EP3-AS1"
1.07847616179666e-16,0.502712316304395,0.972,0.954,1.53380879730722e-12,"6","MYL12B"
1.24433631522024e-16,1.05490704935236,0.537,0.307,1.76969510750622e-12,"6","LINC01871"
1.25605209184248e-16,0.80466842218903,0.801,0.674,1.78635728501837e-12,"6","PARP8"
4.47381227081173e-16,1.04974618086701,0.618,0.44,6.36265581154844e-12,"6","RBPJ"
4.94472697132605e-16,0.773925687239804,0.768,0.645,7.0323906986199e-12,"6","SELENOK"
5.69750650792498e-16,1.00185260905822,0.679,0.518,8.10299375557091e-12,"6","GPR65"
5.77197103524786e-16,1.36196517130937,0.516,0.329,8.2088972063295e-12,"6","SYTL2"
6.26690814533318e-16,0.66320452101866,0.821,0.658,8.91279676429285e-12,"6","CDK2AP2"
7.44405893514025e-16,1.36939736322376,0.415,0.219,1.05869406175565e-11,"6","ANXA2"
1.13665282073733e-15,0.702276311978842,0.825,0.723,1.61654764165263e-11,"6","ARL4C"
1.9596423171344e-15,1.05384363253262,0.667,0.505,2.78700330342855e-11,"6","FKBP11"
4.08534933157515e-15,0.680963852539024,0.858,0.797,5.81018381936618e-11,"6","CLEC2B"
4.17864305744036e-15,0.929995811085052,0.659,0.481,5.94286615629168e-11,"6","CFLAR"
1.47001691083527e-14,1.78809574557449,0.301,0.139,2.09065805058992e-10,"6","ENSG00000232855"
1.64264162649222e-14,1.15887756865917,0.52,0.342,2.33616492119724e-10,"6","ATP2B4"
3.21017036983975e-14,0.746023921080574,0.85,0.8,4.56550429998609e-10,"6","HCST"
3.75504999320505e-14,0.751736383868827,0.76,0.644,5.34043210033623e-10,"6","CTSW"
3.93158785513674e-14,0.985182523511933,0.614,0.45,5.59150424757548e-10,"6","PNP"
4.61756728305317e-14,1.37077143407891,0.435,0.246,6.56710418995822e-10,"6","DUSP1"
6.80194684768031e-14,1.26757885643371,0.459,0.281,9.67372880677094e-10,"6","PRNP"
7.02133094670366e-14,1.73097004946152,0.354,0.194,9.98573687240195e-10,"6","LUZP1"
8.79142599452269e-14,1.13137921023307,0.541,0.373,1.25031660494102e-09,"6","MRPL10"
1.43697416031218e-13,0.659652922230755,0.878,0.811,2.04366465079598e-09,"6","RABAC1"
1.91152784744862e-13,0.993249677901517,0.573,0.422,2.71857490464143e-09,"6","PRKX"
2.57131509151329e-13,1.05990544300287,0.61,0.471,3.65692432315021e-09,"6","SSR3"
3.42141476968886e-13,1.12379382753713,0.565,0.414,4.86593608545149e-09,"6","SEC11C"
4.19958592001727e-13,0.592793920796786,0.858,0.73,5.97265109544857e-09,"6","FYN"
4.21057091668795e-13,0.896572474504084,0.581,0.422,5.98827395771361e-09,"6","RAB27A"
6.23861446385348e-13,0.554592015688003,0.874,0.787,8.87255749049242e-09,"6","TMEM50A"
6.77761126284136e-13,0.951598627197343,0.622,0.473,9.63911873801298e-09,"6","MYDGF"
8.09746855585762e-13,0.863472981919667,0.618,0.464,1.15162197801407e-08,"6","IDS"
1.018543294335e-12,0.659514485440545,0.366,0.182,1.44857227320323e-08,"6","GNLY"
1.94469175295749e-12,1.22456095945618,0.528,0.35,2.76574061105615e-08,"6","CLIC3"
2.27509288283737e-12,1.30155505723166,0.394,0.233,3.23563709797131e-08,"6","BMAL1"
2.55818073005506e-12,0.516448344361926,0.37,0.194,3.6382446342843e-08,"6","GZMB"
3.07930754227107e-12,0.895480299136295,0.565,0.395,4.37939118661791e-08,"6","SLFN12L"
3.25693820987371e-12,0.52620480073278,0.959,0.939,4.63201752208239e-08,"6","CD74"
3.78476275561578e-12,1.43161777835701,0.569,0.464,5.38268959103676e-08,"6","JAML"
4.74645904557523e-12,1.00285756402047,0.565,0.412,6.7504140546171e-08,"6","TNFRSF25"
4.96777086566556e-12,0.762826891483667,0.679,0.481,7.06516372514956e-08,"6","ANXA5"
5.70303350952799e-12,0.769367157275702,0.642,0.475,8.11085425725071e-08,"6","PTPN22"
6.05600377906141e-12,1.11604008563121,0.537,0.395,8.61284857458113e-08,"6","MXD4"
1.08727322579363e-11,0.706954988210209,0.715,0.603,1.5463199817237e-07,"6","TMED9"
1.33062542524765e-11,0.939915143153975,0.593,0.479,1.89241547978721e-07,"6","PDE4D"
1.85461837104537e-11,0.808722213784113,0.646,0.513,2.63763824730072e-07,"6","HM13"
2.25104880340347e-11,0.575807809334158,0.736,0.541,3.20144160820042e-07,"6","TXN"
3.67035811027638e-11,0.777099409568231,0.614,0.478,5.21998330443506e-07,"6","SELENOT"
4.74865756448785e-11,0.716550450161206,0.659,0.522,6.75354078821461e-07,"6","TMED10"
4.9563818132309e-11,1.02807413968388,0.524,0.376,7.04896621477699e-07,"6","APMAP"
6.78241223604649e-11,0.859233095717451,0.65,0.544,9.64594668210531e-07,"6","RNASET2"
8.24938007943684e-11,1.0800744014524,0.459,0.302,1.17322683489751e-06,"6","LMO4"
8.30111756621083e-11,0.997476627120833,0.516,0.368,1.1805849402665e-06,"6","CTSA"
1.00632579231078e-10,0.842243977047635,0.74,0.688,1.43119654182439e-06,"6","CXCR4"
1.03326649582582e-10,0.535875907157461,0.431,0.241,1.46951161036348e-06,"6","TRGC2"
1.13731941688675e-10,0.600446496698931,0.776,0.622,1.61749567469634e-06,"6","TLN1"
1.37963180841344e-10,1.04862549648452,0.492,0.355,1.96211235792559e-06,"6","ARFGAP3"
1.41477818480646e-10,0.870320719639343,0.516,0.365,2.01209753443174e-06,"6","SURF4"
1.54098809646019e-10,0.876895406842567,0.565,0.425,2.19159327078568e-06,"6","RNF19A"
1.79471831939947e-10,1.47886402238337,0.309,0.172,2.55244839384993e-06,"6","P2RX5"
2.47538599889322e-10,1.24560555495906,0.354,0.208,3.52049396762594e-06,"6","MIAT"
2.55244597440988e-10,0.666134621783553,0.736,0.641,3.63008866480573e-06,"6","CANX"
3.06688639146219e-10,1.42663173222727,0.35,0.209,4.36172582593753e-06,"6","TMEM154"
3.48568179668839e-10,0.646245874975341,0.516,0.327,4.95733665125023e-06,"6","C12orf75"
3.60371041365066e-10,0.747175879133808,0.65,0.498,5.12519695029396e-06,"6","PDIA6"
4.51256251367511e-10,0.680034444032879,0.728,0.661,6.41776640694874e-06,"6","SPCS2"
4.57456446134683e-10,1.48455527935656,0.329,0.196,6.50594557692746e-06,"6","HNRNPLL"
6.38821863023786e-10,1.09901430285101,0.443,0.303,9.08532453592429e-06,"6","GPRIN3"
6.54847900242737e-10,1.23213216916947,0.386,0.249,9.31324683725221e-06,"6","UPP1"
6.89747438972248e-10,1.16054654385829,0.407,0.275,9.80958807706331e-06,"6","PDLIM2"
7.13393126222083e-10,1.68686954549097,0.321,0.193,1.01458770411305e-05,"6","FHL3"
9.37778663163426e-10,0.858631795579393,0.537,0.409,1.33370881475102e-05,"6","GLCCI1"
9.64379733226654e-10,1.08420440359164,0.407,0.268,1.37154085659495e-05,"6","NFATC2"
2.54434659628365e-09,1.2154520438601,0.447,0.318,3.61856972923461e-05,"6","SPIDR"
3.06026614520636e-09,1.40538925552592,0.285,0.158,4.35231051171248e-05,"6","TBC1D31"
3.61756851550773e-09,0.772644356493385,0.589,0.467,5.14490594275509e-05,"6","ARAP2"
4.17430214661319e-09,1.83363610139684,0.297,0.174,5.93669251291328e-05,"6","LST1"
4.58553805137509e-09,0.514335606164984,0.78,0.69,6.52155221666566e-05,"6","BSG"
5.7191770106639e-09,0.741442261973153,0.593,0.477,8.1338135445662e-05,"6","DNAJB6"
5.75668281414044e-09,0.585964307320191,0.679,0.582,8.18715429827053e-05,"6","RNF149"
6.20532386054255e-09,0.703890019180861,0.593,0.469,8.82521159446361e-05,"6","SH2D1A"
6.93086399009851e-09,0.668384087670089,0.659,0.573,9.8570747667181e-05,"6","SPCS3"
6.94020251048565e-09,0.724194853868664,0.663,0.584,9.87035601041269e-05,"6","PVRIG"
7.00632110931579e-09,0.519135691570845,0.728,0.622,9.96438988166892e-05,"6","RPS6KA3"
8.04743987496597e-09,0.569393854078183,0.707,0.6,0.000114450689901766,"6","ATP6V0B"
8.81670883394911e-09,1.2614951627399,0.325,0.199,0.000125391233036424,"6","GABARAPL1"
1.23825443667919e-08,0.949757556281471,0.451,0.325,0.000176104545984514,"6","TNFSF12"
1.82003058318315e-08,0.734173346448133,0.553,0.391,0.000258844749540307,"6","APOBEC3C"
2.27537944626026e-08,1.10739632708972,0.366,0.237,0.000323604464847134,"6","EIF4EBP1"
2.28382214124817e-08,0.760355569002784,0.533,0.409,0.000324805184928315,"6","RNF166"
2.4803908935675e-08,0.75397098060287,0.634,0.558,0.00035276119288317,"6","SLC3A2"
3.78072483394622e-08,0.6612787805427,0.703,0.612,0.000537694685883832,"6","HIF1A"
4.5861555180033e-08,0.595283489337456,0.683,0.615,0.000652243037770429,"6","PIP4K2A"
4.86478365306028e-08,1.08901140774409,0.435,0.323,0.000691869531138233,"6","DNAJC3"
5.30147649804825e-08,0.556824067682172,0.74,0.645,0.000753975987552422,"6","TERF2IP"
5.55958017487641e-08,1.54277835584373,0.268,0.154,0.000790683492470923,"6","DNAJB9"
5.88469939820169e-08,1.19157830070363,0.362,0.249,0.000836921948412244,"6","ARHGAP26"
6.15699902479785e-08,0.78774671815975,0.557,0.444,0.000875648401306751,"6","CMTM3"
6.39101771198138e-08,0.930664917386633,0.301,0.177,0.000908930538997992,"6","C1orf21"
7.6612403052203e-08,1.07709284062908,0.524,0.433,0.00108958159620843,"6","TMIGD2"
7.83293289778808e-08,0.588244513639982,0.663,0.57,0.00111399971672342,"6","ARL14EP"
9.04108245573031e-08,0.78129561921316,0.5,0.379,0.00128582274685396,"6","ABCB1"
1.0009485589274e-07,0.737886377708563,0.577,0.482,0.00142354904050654,"6","TMED2"
1.03004557634844e-07,1.3142330806877,0.333,0.218,0.00146493081868276,"6","SEC61A1"
1.21303707329842e-07,0.662083874357559,0.593,0.482,0.00172518132564502,"6","SSBP4"
1.90171026220673e-07,0.875274422309228,0.476,0.375,0.00270461233491041,"6","RASAL3"
1.91996120011955e-07,0.628798555769797,0.602,0.514,0.00273056881881002,"6","SH3GLB1"
2.35673701755882e-07,0.749222626766576,0.654,0.569,0.00335175138637216,"6","CLDND1"
2.60629147302527e-07,0.840781576222778,0.378,0.251,0.00370666773293654,"6","CAPN2"
3.3001243720373e-07,0.942632960238571,0.423,0.313,0.00469343688191145,"6","NAA50"
3.58506990198737e-07,0.729489530904048,0.508,0.411,0.00509868641460644,"6","DEGS1"
3.5949973818038e-07,1.02129474931427,0.427,0.314,0.00511280527640137,"6","PIM1"
3.63493571600703e-07,0.72234764738504,0.634,0.561,0.0051696055753052,"6","ODF2L"
4.15429726219485e-07,0.830101174272518,0.516,0.401,0.00590824156629352,"6","CD28"
5.96556584662935e-07,0.880942110286424,0.467,0.369,0.00848422774707627,"6","YIPF5"
7.84059211445438e-07,0.591187693028071,0.557,0.44,0.011150890105177,"6","MT1X"
9.69912302755958e-07,0.911469366118911,0.419,0.312,0.0137940927697952,"6","SKIL"
1.01454781136321e-06,1.28488614234157,0.317,0.213,0.0144288989732076,"6","MPZL3"
1.11383909167901e-06,0.62476193276516,0.305,0.191,0.0158410195618588,"6","CYTOR"
1.12225752958103e-06,0.995075098225254,0.382,0.272,0.0159607465857014,"6","FBXO34"
1.50856062023687e-06,1.10573786172711,0.402,0.306,0.0214547491410087,"6","TYMP"
1.51345794627405e-06,0.65790016850705,0.569,0.481,0.0215243989119096,"6","SLC2A3"
1.64707168361206e-06,0.61623045953169,0.561,0.449,0.0234246534843307,"6","CLINT1"
1.74988541485707e-06,0.558212082001686,0.61,0.524,0.0248868703700973,"6","SCP2"
1.98069543754749e-06,0.795117864873459,0.488,0.403,0.0281694505128004,"6","SIK3"
2.31642975877366e-06,0.917398700306484,0.472,0.378,0.0329442640292789,"6","CISD3"
2.45089190578734e-06,0.752664610937377,0.484,0.386,0.0348565846841076,"6","TGFB1"
2.83244701604888e-06,0.769221579279078,0.528,0.451,0.0402830614622471,"6","RAB18"
3.12601975604086e-06,0.659994383898658,0.593,0.494,0.0444582529704131,"6","MACF1"
3.2729500108419e-06,0.863616080644974,0.459,0.354,0.0465478950541934,"6","PLSCR1"
3.27646884009522e-06,1.416920701107,0.256,0.163,0.0465979398438343,"6","RAB11FIP1"
3.99569112458e-06,0.646140519097012,0.537,0.456,0.0568267191737768,"6","ELOVL5"
4.14789072995538e-06,1.08420042745651,0.341,0.242,0.0589913019614254,"6","TP53I13"
5.36089447286558e-06,0.528123391394726,0.663,0.586,0.0762426411930943,"6","IRF1-AS1"
5.37935345051417e-06,1.13461257378967,0.309,0.212,0.0765051647732126,"6","GALM"
6.6785699957392e-06,0.694733580880017,0.537,0.456,0.0949826224794029,"6","STK24"
7.31887765767196e-06,0.592351478661728,0.593,0.525,0.104089078047411,"6","RPN2"
7.45046904594113e-06,0.762036889849093,0.435,0.34,0.105960570771375,"6","HERPUD1"
7.51324081629967e-06,0.646465171362617,0.545,0.437,0.106853310889414,"6","ITGAE"
7.56350150982929e-06,0.735310428545036,0.402,0.302,0.107568118472792,"6","MGAT5"
8.51644327339916e-06,0.501781830419016,0.768,0.703,0.121120856234283,"6","YWHAQ"
8.92868820777423e-06,0.574938299583818,0.61,0.527,0.126983803690965,"6","PLEKHO1"
1.02079255555637e-05,0.834963329187667,0.362,0.262,0.145177117251227,"6","MPHOSPH6"
1.138246926265e-05,0.50779440593809,0.638,0.55,0.161881477853409,"6","NAA38"
1.14334584798154e-05,1.05347646902778,0.305,0.207,0.162606646499935,"6","DDX60"
1.2987324073045e-05,0.805465542487715,0.451,0.364,0.184705722966847,"6","PBXIP1"
1.32093729310925e-05,0.575799083595503,0.602,0.531,0.187863701825998,"6","ICAM3"
1.60380862978838e-05,0.640127560206404,0.455,0.35,0.228093663328504,"6","SLA"
1.62603324485965e-05,0.524415935951685,0.805,0.737,0.231254448083939,"6","MRPS6"
1.79447923495476e-05,0.844448034914496,0.378,0.288,0.255210836795266,"6","ITGB1"
2.09778617985386e-05,0.692165705677899,0.476,0.39,0.298347150498816,"6","PDIA4"
2.32766550223474e-05,0.744473315548793,0.492,0.417,0.331040587727825,"6","TNFSF10"
2.57457555759712e-05,0.728949886288892,0.488,0.422,0.366156135801463,"6","TRADD"
2.90058981778263e-05,0.674675809794359,0.736,0.712,0.412521883885046,"6","IER2"
2.97197897848875e-05,0.983047280794445,0.467,0.376,0.42267485032067,"6","FOS"
3.17430981459502e-05,0.835853395381271,0.411,0.323,0.451450341831704,"6","LIMS1"
3.17834278370855e-05,0.628702658598261,0.512,0.431,0.45202391069903,"6","C4orf48"
3.74770354337712e-05,1.18303799739451,0.268,0.179,0.532998397939093,"6","PBX4"
3.88436375279772e-05,0.606364255940113,0.431,0.338,0.552434212922892,"6","TUBA1C"
4.25315520598454e-05,0.911500046479958,0.341,0.252,0.604883733395121,"6","CCPG1"
4.51832527993479e-05,0.923496081406539,0.358,0.268,0.642596221312326,"6","REEP3"
4.64670659280814e-05,0.758832285733085,0.394,0.308,0.660854611629174,"6","ERO1A"
5.74491716748262e-05,0.507460804470854,0.528,0.46,0.817042119559379,"6","LRPAP1"
8.84067725596159e-05,0.838985004072027,0.431,0.362,1,"6","TMX4"
9.24335763962446e-05,1.32727269066784,0.435,0.37,1,"6","TIMP1"
9.47332724111647e-05,0.549035182617045,0.537,0.488,1,"6","RPN1"
0.000103035160812901,0.508338826707279,0.537,0.457,1,"6","COPZ1"
0.000107461615679035,0.642305211894573,0.415,0.324,1,"6","SP140"
0.000109613631524343,1.21554299855205,0.354,0.283,1,"6","KIAA0319L"
0.00012534769042048,0.908922389895552,0.354,0.278,1,"6","TNFRSF1A"
0.000126281356905051,0.780653910467524,0.423,0.347,1,"6","EIF2AK2"
0.000130632223947549,1.08115816867231,0.26,0.18,1,"6","OAS1"
0.000131484475172232,0.994487125671137,0.276,0.197,1,"6","PXK"
0.000138230255958528,1.01719906554277,0.293,0.217,1,"6","SNX10"
0.000146101081164659,1.03364330502826,0.305,0.231,1,"6","STT3A"
0.000161712094765673,0.72935183384946,0.602,0.556,1,"6","ISG15"
0.000167307707097695,1.06300509605269,0.272,0.199,1,"6","MAN1A1"
0.000169516673725405,0.866990671322232,0.358,0.288,1,"6","RANBP9"
0.000177634003573021,0.541774520139404,0.537,0.485,1,"6","SNHG16"
0.000186127680579289,0.93861687998845,0.285,0.204,1,"6","GALNT10"
0.000200744274058896,0.829281153935781,0.26,0.182,1,"6","ITGA1"
0.000208464351142486,0.80803416438369,0.39,0.322,1,"6","ITCH"
0.000216061952072727,0.979223902915592,0.301,0.229,1,"6","ANO6"
0.000233228606876374,0.721334117043992,0.407,0.327,1,"6","CD59"
0.000236837753831062,0.521421103662933,0.654,0.638,1,"6","CDKN1B"
0.000247847999065678,0.84239761276035,0.358,0.283,1,"6","TGIF1"
0.000248202081679815,0.709884334289187,0.398,0.328,1,"6","ACAA2"
0.000262579721964938,0.933389322974603,0.341,0.269,1,"6","LPCAT4"
0.000281046569557046,0.707843422984344,0.378,0.308,1,"6","CTSB"
0.000312888979637898,0.696011617546754,0.419,0.356,1,"6","TSEN54"
0.000320183808499244,0.504721124752385,0.581,0.539,1,"6","SEPTIN2"
0.00036950886892379,0.682300358353838,0.423,0.363,1,"6","VHL"
0.000375798129435131,0.921466566174497,0.321,0.247,1,"6","ENSG00000288755"
0.000378767081759391,0.533763710561427,0.524,0.477,1,"6","N4BP1"
0.00038688757647663,0.911044106126188,0.394,0.332,1,"6","NRIP1"
0.000397760540556108,0.735506833227343,0.394,0.317,1,"6","KDELR2"
0.000420897306735991,0.717265716513413,0.407,0.326,1,"6","MANF"
0.000438435479795212,0.714627839273759,0.463,0.41,1,"6","TMEM238"
0.000457152443799042,0.601786762597013,0.528,0.479,1,"6","CARD16"
0.000535216021866193,0.592705541553758,0.492,0.428,1,"6","SASH3"
0.00054311621958948,0.989475333456064,0.276,0.204,1,"6","IFI44"
0.000569891490912462,0.576988712860162,0.512,0.46,1,"6","TM9SF3"
0.000598414352749446,0.609851591579335,0.455,0.394,1,"6","PTTG1IP"
0.000638336127026769,0.871684867884165,0.301,0.233,1,"6","ARL3"
0.000654898195510257,0.635403209292888,0.488,0.436,1,"6","RHEB"
0.00067703520113433,0.997702625154103,0.268,0.206,1,"6","TBK1"
0.000761408619959852,0.670832028797409,0.394,0.322,1,"6","SLK"
0.000772739247372873,0.568604373385483,0.467,0.395,1,"6","SDF2L1"
0.000775750493780883,0.76478830898492,0.333,0.266,1,"6","BMI1"
0.000958392951076238,0.801339925049747,0.325,0.256,1,"6","MBNL2"
0.000967496593329938,0.640572715618447,0.447,0.382,1,"6","TAGAP"
0.0010054540477549,0.9138985400043,0.289,0.22,1,"6","MAP3K5"
0.00109114681071468,0.813969528653802,0.289,0.223,1,"6","PDE4DIP"
0.00110767499444071,0.602984843664537,0.297,0.214,1,"6","RHOC"
0.00112152252085169,0.604464355037951,0.459,0.409,1,"6","NMRK1"
0.00116052602022528,0.588561437970671,0.362,0.275,1,"6","DDIT4"
0.00120489941299794,0.87403719471262,0.39,0.331,1,"6","GOLGA8A"
0.0012606302992292,0.71352571304031,0.415,0.365,1,"6","MPC1"
0.0014366183718511,0.767758520148835,0.268,0.197,1,"6","MPST"
0.00149364501873313,0.674106385208259,0.341,0.273,1,"6","PSTPIP1"
0.00153490282017562,0.748140020434549,0.325,0.255,1,"6","RAB9A"
0.00163243797897194,0.688515589843346,0.374,0.316,1,"6","TMED5"
0.0019972624853892,0.618887493274853,0.427,0.388,1,"6","HELZ"
0.00215045989688762,0.707280255158972,0.37,0.308,1,"6","DYNLT3"
0.00219536063521368,0.5913231560794,0.272,0.201,1,"6","BHLHE40"
0.00221626939029634,0.784317470369389,0.313,0.255,1,"6","PTPRJ"
0.00231193375472811,0.503714366535203,0.508,0.475,1,"6","BCL7C"
0.00248935404157324,0.663543443312206,0.366,0.294,1,"6","ABHD13"
0.00274039304535201,0.716949391239857,0.374,0.314,1,"6","NRBF2"
0.00294738880639668,0.504038661347097,0.443,0.385,1,"6","TMEM109"
0.00301939688302052,0.72493984131956,0.333,0.263,1,"6","RGS1"
0.00302182141250249,0.801609294869518,0.272,0.212,1,"6","NR1D2"
0.00328376125959188,0.663985866844087,0.317,0.254,1,"6","ATP1B3"
0.0033942397850398,0.774745817925869,0.309,0.256,1,"6","PRKD3"
0.00348940337293768,0.678050758033072,0.321,0.265,1,"6","BCAP29"
0.00430684753379263,0.801803470688649,0.317,0.263,1,"6","ZZEF1"
0.00441670632677885,0.660207906777646,0.366,0.315,1,"6","GATA3"
0.00442194039897733,0.689336478850042,0.354,0.31,1,"6","FAM89B"
0.00453167841262459,0.546790711614514,0.272,0.205,1,"6","EPHA4"
0.00504761887755842,0.625502260607703,0.354,0.296,1,"6","TVP23B"
0.0056021927480281,0.677193268551865,0.411,0.371,1,"6","NEK7"
0.00570397941374336,0.532236304202955,0.346,0.29,1,"6","ABI3"
0.00637308088115736,0.556071007836761,0.402,0.369,1,"6","E2F4"
0.00673966178388329,0.738610165832625,0.329,0.282,1,"6","PDK3"
0.00680019055318391,0.599983147243908,0.386,0.339,1,"6","GBP3"
0.00705641257156672,0.639982247185933,0.35,0.303,1,"6","ETV6"
0.00743583135706456,0.849185952156209,0.256,0.204,1,"6","ZFAND2A"
0.00764002744364952,0.728967934562408,0.264,0.214,1,"6","TOR3A"
0.00833758425143344,0.544036937660462,0.431,0.394,1,"6","HTATIP2"
0.00852797462589563,0.56577413779484,0.411,0.367,1,"6","CITED2"
0.00854988881163399,0.559538459928383,0.431,0.402,1,"6","ERLEC1"
0.00927392731755748,0.624777291525235,0.309,0.259,1,"6","LPP"
0.00933734593486937,0.593550520789424,0.378,0.339,1,"6","NCBP3"
0.0095363414444743,0.8059976898584,0.293,0.247,1,"6","SIRT2"
0.00965972470626567,0.726151338612704,0.293,0.246,1,"6","MAPKAPK2"
0,4.86153092994955,0.788,0.059,0,"7","MIR210HG"
2.47059124833752e-122,4.91866037276737,0.55,0.09,3.51367487338562e-118,"7","IGFBP2"
8.69812362650068e-111,3.16441047558213,0.879,0.342,1.23704714216093e-106,"7","BNIP3"
3.40267692029639e-109,3.13875853525816,0.771,0.232,4.83928711604553e-105,"7","P4HA1"
5.06973383118889e-98,2.05461937005203,0.996,0.893,7.21017545471684e-94,"7","PGK1"
5.42261042081479e-95,1.58722254476974,0.996,0.917,7.7120365404828e-91,"7","LDHA"
5.42734490024649e-91,1.79782177770692,0.996,0.908,7.71876991713055e-87,"7","ENO1"
5.95505265617292e-91,1.84232604803077,0.996,0.881,8.46927588760913e-87,"7","TPI1"
1.05394708235088e-90,2.30360799501314,0.935,0.538,1.49892354051943e-86,"7","BNIP3L"
4.41788556550825e-82,3.95567210657826,0.359,0.051,6.28311685126584e-78,"7","SAP30-DT"
3.9592112891859e-71,1.02765803971625,1,0.978,5.63079029548018e-67,"7","MIF"
1.12896444188559e-67,1.3976984550279,0.983,0.856,1.60561322924968e-63,"7","C4orf3"
6.61546845746048e-59,2.17187675113248,0.844,0.479,9.40851924020029e-55,"7","GPI"
3.86121534256728e-54,2.00432473528205,0.675,0.261,5.49142046019918e-50,"7","DDIT4"
2.49356153419011e-51,1.19777296085738,0.948,0.622,3.54634321392518e-47,"7","PKM"
2.14936717599505e-50,1.79339315080538,0.835,0.545,3.05682999770016e-46,"7","FAM162A"
1.08624975001429e-48,0.791570178744204,0.996,0.989,1.54486439447032e-44,"7","PNRC1"
6.84552024175679e-47,2.06709096991019,0.623,0.253,9.7356988878265e-43,"7","MXI1"
7.92676224953619e-40,2.11386056775483,0.554,0.224,1.12734412712904e-35,"7","PDK1-AS1"
8.34012478047302e-39,1.22340327086672,0.922,0.748,1.18613254627887e-34,"7","THEMIS"
6.78843292206236e-35,2.25845759291839,0.39,0.125,9.65450930175709e-31,"7","ANKRD37"
2.02243004196934e-34,1.80089956812764,0.537,0.228,2.8763000056888e-30,"7","CALHM6"
3.72713668746727e-34,1.09174204695857,0.922,0.708,5.30073379691596e-30,"7","ALDOA"
2.07486080007067e-33,1.49210050489455,0.736,0.473,2.95086702986051e-29,"7","SLC2A3"
2.22112478944164e-33,1.32388665088664,0.801,0.57,3.1588836755439e-29,"7","ZNF292"
5.10768082367643e-33,1.98590863826435,0.55,0.261,7.26414366743261e-29,"7","ENO2"
8.75914790663608e-33,0.55613292518389,1,0.986,1.24572601528178e-28,"7","SARAF"
1.06274783503633e-28,1.88915764076234,0.485,0.214,1.51143997098867e-24,"7","PDK1"
2.9166741848769e-27,1.58864361416974,0.61,0.337,4.14809402573192e-23,"7","ANKZF1"
3.94264092775877e-27,0.560777883418938,0.996,0.965,5.60722392745852e-23,"7","GAS5"
1.90004092931939e-26,0.562882760286221,0.991,0.959,2.70223820967803e-22,"7","SRSF5"
5.01022511792387e-26,1.19795713335194,0.81,0.599,7.12554216271133e-22,"7","DARS1"
4.87503488413991e-25,2.09244462890934,0.411,0.176,6.93327461222378e-21,"7","ALDOC"
1.16220010822239e-24,1.81528933699757,0.472,0.231,1.65288099391389e-20,"7","EGLN1"
9.19267742092127e-24,1.72507970096339,0.511,0.272,1.30738258280342e-19,"7","PFKP"
3.60621660816099e-23,1.72998485150042,0.403,0.16,5.12876126012657e-19,"7","NOG"
1.90683357920458e-22,1.31456316252276,0.571,0.303,2.71189871634475e-18,"7","FBLN5"
6.52447724749674e-21,0.532763639573424,0.991,0.944,9.27911154138986e-17,"7","CD48"
9.98746888643114e-21,0.601002096459963,0.944,0.879,1.42041782502824e-16,"7","TOMM20"
2.55833447462668e-20,0.699921308884773,0.944,0.854,3.63846328981406e-16,"7","ZFP36L2"
2.11991629739109e-19,1.44720582138452,0.554,0.333,3.0149449581496e-15,"7","MTFP1"
5.32983855324927e-19,1.08693814334978,0.667,0.466,7.58009639043112e-15,"7","HPCAL1"
8.48841642750523e-19,1.67225778014123,0.333,0.136,1.20722258431979e-14,"7","ENSG00000291174"
6.99954972880518e-18,0.508863368529837,0.983,0.912,9.95475962430672e-14,"7","LEPROTL1"
1.28100013188926e-17,1.31555980745226,0.537,0.316,1.8218383875729e-13,"7","KDM7A"
1.32808445937115e-17,0.621601359594766,0.926,0.746,1.88880171811766e-13,"7","PIK3IP1"
1.98086737229067e-17,1.08150643513409,0.654,0.439,2.81718957687179e-13,"7","ACTN1"
3.06609873592206e-17,1.5686486798116,0.459,0.26,4.36060562222835e-13,"7","KDM3A"
5.32261124354755e-17,0.522055260392571,0.978,0.894,7.56981771057333e-13,"7","TMEM123"
1.32543571802683e-16,0.75047535211457,0.84,0.619,1.88503467817776e-12,"7","PGAM1"
5.88963810695581e-16,1.87449683910615,0.346,0.17,8.37624331571255e-12,"7","SLC16A3"
2.03678823173668e-15,0.625498905308021,0.883,0.819,2.89672022317591e-11,"7","PRKCQ-AS1"
3.24737672369238e-15,1.05607102997428,0.641,0.496,4.61841917643531e-11,"7","RNMT"
5.77743051701672e-15,1.27942326855619,0.511,0.321,8.21666168130118e-11,"7","ENSG00000291149"
2.90525565903016e-14,1.20619861842063,0.411,0.212,4.13185459827269e-10,"7","NT5E"
3.79462662594119e-14,0.657767313695213,0.835,0.701,5.39671798741355e-10,"7","SNHG7"
9.91736036742644e-14,0.623087390512621,0.9,0.721,1.41044699145539e-09,"7","LINC02446"
3.5197061544191e-13,1.25454660626082,0.459,0.286,5.00572609281485e-09,"7","RLF"
1.4722937995387e-12,0.902516044517701,0.576,0.392,2.09389624170393e-08,"7","DCTN6-DT"
3.14414935510407e-12,1.13279343082773,0.532,0.365,4.471609212829e-08,"7","ZBTB25"
1.51988924131155e-11,0.636417435905279,0.697,0.525,2.16158647899328e-07,"7","SERINC5"
2.96857919458677e-11,1.10583136494146,0.489,0.334,4.2219133305413e-07,"7","WDR54"
4.48674342942805e-11,0.585142757542427,0.784,0.666,6.38104650533257e-07,"7","CHD2"
5.77628412430814e-11,0.504053814508424,0.879,0.837,8.21503128159104e-07,"7","GCC2"
1.54293370855345e-10,0.509166836601793,0.827,0.692,2.19436032030472e-06,"7","MGAT4A"
1.81661547081909e-10,1.53049877613528,0.29,0.153,2.58359052259891e-06,"7","FUT11"
2.15302597044241e-10,0.731525420039395,0.688,0.529,3.0620335351632e-06,"7","TSC22D3"
3.6750383151797e-10,0.689799052792736,0.701,0.57,5.22663949184857e-06,"7","RCAN3"
6.71248172920429e-10,1.30114149147767,0.364,0.223,9.54649151527433e-06,"7","NREP"
9.33691885252558e-10,0.635537429074181,0.671,0.516,1.32789659920619e-05,"7","SFXN1"
2.44420473669845e-09,1.58614968098389,0.299,0.168,3.47614797653253e-05,"7","ING2"
2.75431005583135e-09,0.545569327844319,0.792,0.712,3.91717976140335e-05,"7","EVI2A"
3.15522156649525e-09,0.991960034386092,0.433,0.283,4.48735611186954e-05,"7","TMEM63A"
3.83237253891766e-09,0.515307177634627,0.883,0.803,5.4504002248487e-05,"7","ANAPC16"
1.00419938775271e-08,0.54546287662248,0.801,0.71,0.00014281723692619,"7","OXNAD1"
1.9209676177399e-08,1.0384244785928,0.537,0.436,0.000273200014594969,"7","WSB1"
3.48786921628742e-08,1.03908623453143,0.498,0.39,0.000496044759940397,"7","MGAT1"
3.95246908894954e-08,0.630043583237306,0.619,0.507,0.000562120153830403,"7","RAB24"
6.11277396923893e-08,1.18830207117447,0.286,0.161,0.000869358713905161,"7","ENSG00000289334"
9.15468629639362e-08,0.59971688853926,0.615,0.476,0.0013019794850731,"7","LDLRAP1"
1.39653604387712e-07,0.555346972453695,0.745,0.65,0.00198615356160204,"7","ALKBH7"
1.59479774507837e-07,0.654111781462693,0.623,0.49,0.00226812135305046,"7","SORL1"
2.06823468886655e-07,0.521902597466573,0.753,0.7,0.00294144337450601,"7","SNHG5"
2.50511601940969e-07,0.943370949165301,0.442,0.329,0.00356277600280445,"7","GOLGA8A"
2.72828479809311e-07,0.778523403553652,0.489,0.374,0.00388016663984802,"7","N4BP2L1"
2.76766404598162e-07,0.595184297651294,0.667,0.566,0.00393617180619506,"7","UBA2"
3.8746597946262e-07,1.15294083137926,0.385,0.274,0.00551054115991738,"7","ZNF160"
4.38129222443432e-07,0.701516364973727,0.515,0.395,0.0062310738015905,"7","CCDC107"
4.44391796654052e-07,0.978983073641295,0.45,0.336,0.00632014013201392,"7","PAICS"
5.36456902304726e-07,0.634691048822216,0.576,0.451,0.00762949006457781,"7","SVIP"
6.21997202680826e-07,1.27698184980325,0.316,0.208,0.0088460442165267,"7","FAM210A"
7.32487552056675e-07,0.562423876929396,0.641,0.509,0.01041743796535,"7","MYC"
1.36959905853876e-06,1.07743860447604,0.264,0.156,0.0194784378105382,"7","ARRDC3"
1.3854856055547e-06,0.564867826692884,0.792,0.726,0.0197043762821989,"7","JUNB"
2.08135402977674e-06,1.06081982553486,0.312,0.206,0.0296010170114848,"7","BMT2"
2.14116188996967e-06,0.893803680854609,0.312,0.19,0.0304516043991487,"7","MYLIP"
2.27805384688255e-06,1.05910221263807,0.286,0.177,0.0323984818103636,"7","KDM6B"
3.98101283295787e-06,0.550697829317919,0.554,0.449,0.0566179645103269,"7","NSMCE3"
4.09032221097309e-06,0.852008347251758,0.459,0.364,0.0581725624844592,"7","RASSF7"
5.88251571405439e-06,0.59117836962522,0.593,0.49,0.0836611384852815,"7","ZNF148"
8.5335074699158e-06,0.831832881673627,0.316,0.204,0.121363543237142,"7","SELENOM"
1.02265563465849e-05,1.10986107432797,0.351,0.259,0.145442084361131,"7","HDHD5"
1.14453024428448e-05,1.06084990573958,0.255,0.158,0.162775091342139,"7","SPART"
1.21490288222859e-05,0.887047072072996,0.286,0.181,0.17278348791055,"7","ITGA6"
1.43848136818588e-05,0.501109299580669,0.593,0.494,0.204580820183396,"7","SNHG1"
1.97622488309427e-05,0.589353256392668,0.537,0.438,0.281058702873668,"7","IL6ST"
2.30539974608648e-05,1.17160687018819,0.281,0.192,0.327873951888419,"7","FAM216A"
3.02833209117284e-05,1.20580829123422,0.277,0.19,0.430689390006601,"7","YEATS2"
3.32075893459718e-05,0.655535631134615,0.498,0.375,0.472278335678411,"7","FOS"
3.41046287080608e-05,1.12141460901655,0.325,0.24,0.485036029486041,"7","PFKFB3"
3.8624879753035e-05,0.764570989460747,0.468,0.398,0.549323039847663,"7","VEGFB"
5.53406991488729e-05,0.770883750806498,0.338,0.244,0.78705542329527,"7","ZNF654"
5.76214953520866e-05,0.979658293091466,0.333,0.246,0.819492906897376,"7","ALKBH5"
7.09026070422284e-05,0.563094867522918,0.511,0.42,1,"7","AKTIP"
8.09723551269766e-05,0.759514160149051,0.277,0.18,1,"7","ENSG00000290109"
8.77697926017834e-05,0.506646177481094,0.541,0.427,1,"7","SIT1"
9.02174184652586e-05,0.597813541315917,0.45,0.361,1,"7","PLCG1"
0.000107049224863543,0.742241937154507,0.312,0.219,1,"7","TBC1D22A-DT"
0.000118193724426957,0.914393845418203,0.264,0.179,1,"7","LNPK"
0.000134814013794944,0.740408843258979,0.29,0.196,1,"7","PLAG1"
0.000141825275018803,0.505306212272777,0.554,0.48,1,"7","ESYT2"
0.000152791239384887,0.684015922983968,0.351,0.251,1,"7","DUSP1"
0.00015729482691091,0.525222454299511,0.519,0.445,1,"7","BCAS4"
0.000311108412640392,0.627464228963332,0.472,0.375,1,"7","LINC01550"
0.000333639269952934,0.999498196362392,0.264,0.187,1,"7","C9orf72"
0.000430251234433345,1.19955100898513,0.325,0.258,1,"7","GALNT2"
0.000456962812308088,1.01617193468518,0.39,0.327,1,"7","MKNK2"
0.000495276650772607,1.0164028669337,0.294,0.227,1,"7","VGLL4"
0.000575418748243338,0.75265032178453,0.346,0.265,1,"7","TCP11L2"
0.000621393001631783,0.792714860035901,0.372,0.309,1,"7","ERO1A"
0.000744779805294602,0.878876389559032,0.351,0.284,1,"7","NFKBIZ"
0.000920340220398989,0.641801243527018,0.511,0.441,1,"7","IMMP2L"
0.00131327942541165,0.659454168750427,0.498,0.44,1,"7","RASGRP1"
0.00136354590030292,1.02321234274343,0.251,0.184,1,"7","ZNF12"
0.00166191895440698,0.918741132363988,0.29,0.229,1,"7","EPS8L2"
0.00190928540060725,0.634575020632538,0.429,0.366,1,"7","CITED2"
0.00202649052432401,0.645324019469143,0.437,0.396,1,"7","ST3GAL1"
0.00210343204274578,0.579769394406861,0.377,0.3,1,"7","PHF1"
0.00217648516265822,0.521385741478031,0.346,0.272,1,"7","SSBP2"
0.00245239257518506,0.561557354612159,0.403,0.334,1,"7","DBP"
0.00297439333822793,0.818854299840001,0.264,0.202,1,"7","WDR45B"
0.00345253481473562,0.665626926820375,0.372,0.317,1,"7","LGALS8"
0.00411815859752274,0.508081349969664,0.377,0.308,1,"7","DYNLT3"
0.00437644504082914,0.510816044592829,0.342,0.276,1,"7","ADPRM"
0.00500659248915993,0.579783765367153,0.416,0.371,1,"7","TMEM263"
0.00520306162361363,0.619161258843452,0.377,0.315,1,"7","EDEM3"
0.00625713756452325,0.568847104677847,0.368,0.304,1,"7","GSTM2"
0.00707138451967848,0.596342693675244,0.316,0.254,1,"7","LEF1-AS1"
0.00707286007521045,0.632892384770059,0.364,0.311,1,"7","OXSR1"
0.00825938727842053,0.539781333685272,0.455,0.43,1,"7","RNF145"
0.00933170386677178,0.559785492840543,0.381,0.339,1,"7","AFF1"
0,4.92209465812501,0.987,0.034,0,"8","TRBV4-1"
2.96580208793787e-13,0.582946236652429,0.926,0.848,4.21796372946523e-09,"8","GBP5"
2.53086550854495e-09,0.51493304739306,0.749,0.606,3.59939692625262e-05,"8","CD55"
2.56407931768116e-09,0.540008395464991,0.861,0.715,3.64663360560614e-05,"8","NELL2"
7.80455320316942e-08,0.596220467053636,0.788,0.73,0.00110996355655475,"8","COA1"
5.58771504103816e-07,0.608673872954788,0.584,0.444,0.00794684833136447,"8","DPH5-DT"
1.17268547220535e-06,0.554822533375401,0.593,0.451,0.0166779327857045,"8","FAAH2"
1.45329129457747e-06,0.585545371377883,0.645,0.491,0.0206687087914808,"8","PASK"
2.56564696972789e-06,0.527913204886652,0.641,0.509,0.0364886312034701,"8","MYC"
7.55436398277178e-06,0.790383024960589,0.299,0.183,0.10743816456298,"8","SCML1"
1.92704522986937e-05,0.521751453629834,0.468,0.333,0.274064372592022,"8","FCER1G"
2.56768501723795e-05,0.522703486744279,0.558,0.445,0.365176163151581,"8","DYRK2"
0.00012073912728009,0.652064800144841,0.268,0.169,1,"8","SYNM"
0.000237624991492462,0.611702474093805,0.394,0.297,1,"8","TNFSF13B"
0.000326381517244981,0.553269270646627,0.433,0.331,1,"8","MX2"
0.000393866352829555,0.56002135535962,0.407,0.31,1,"8","APBA2"
0.000515907419132975,0.691599115033356,0.429,0.348,1,"8","ENSG00000290067"
0.000586280454552339,0.520978391326641,0.316,0.222,1,"8","IFI44L"
0.000633727790557203,0.686451217541735,0.26,0.177,1,"8","SERPINF1"
0.000928401886140299,0.540858325306606,0.476,0.397,1,"8","CNST"
0.000941288181215289,0.639262883946474,0.264,0.182,1,"8","ITGA6"
0.00157887423883554,0.504442522464301,0.502,0.448,1,"8","BEX4"
0.00191459580999913,0.635822507425235,0.325,0.247,1,"8","ENSG00000290879"
0.00199733163958178,0.599579073068863,0.346,0.267,1,"8","TRMO"
0.00216524016246466,0.571986632364628,0.442,0.382,1,"8","PPAN"
0.00267330519110419,0.574446266469602,0.407,0.338,1,"8","LINS1"
0.00627832989256695,0.644102457265479,0.364,0.313,1,"8","RABGAP1"
0.00634001320080619,0.529566374683573,0.346,0.285,1,"8","NFKBIZ"
0.00848215752798758,0.74460697017317,0.325,0.28,1,"8","WDR6"
0.00916246877357899,0.606634313504853,0.329,0.266,1,"8","PLCL1"
