"cell_barcode","Timepoint","Replicate","cluster","HIV_Specific_TCR","Stemness_score1","Cytotoxicity_score1","Exhaustion_score1","Cycling_score1"
"CP018_2m_A_AAACGGAGTACCCCTG-1","2m","A","0","Other",-0.165065323765245,-0.119195192864427,-0.0952232842299001,0.0869246489411788
"CP018_2m_A_AAACGGAGTACTTCTG-1","2m","A","0","Other",0.205486201363978,0.0716202700878835,-0.114620498534872,-0.182737565245277
"CP018_2m_A_AAACGGAGTCCTACGT-1","2m","A","5","Other",0.609017082350775,-0.129845475371255,-0.167053620490713,-0.20341784208727
"CP018_2m_A_AAATCCAGTATAGGCT-1","2m","A","0","Other",-0.053713196190474,-0.223410997615209,0.00770495481681478,-0.159293629448476
"CP018_2m_A_AAATCCAGTGGAGCTC-1","2m","A","0","Other",0.452506319229025,-0.0861842935012811,-0.144320839042379,-0.195940118985595
"CP018_2m_A_AAATGGGGTACATTAG-1","2m","A","1","Other",-0.0341817403394897,-0.312337600505853,-0.0375791109851555,-0.271284922674402
"CP018_2m_A_AAATGGGGTACCCCTG-1","2m","A","6","Other",-0.24494630531951,-0.344110835630236,0.116366532796733,0.0320969823775099
"CP018_2m_A_AAATTCGGTACTCCCG-1","2m","A","0","Other",0.391955135946641,-0.213316584733946,-0.0646125996840987,-0.22701084803558
"CP018_2m_A_AAATTCGGTATCAGCG-1","2m","A","0","Other",-0.0198328491936905,-0.262008832335651,-0.112573489646696,-0.157611103082041
"CP018_2m_A_AAATTCGGTGTCCCTG-1","2m","A","0","Other",0.219327177023162,-0.201279754504154,-0.16234111787416,0.00629336832640592
"CP018_2m_A_AACAGAGGTGCGCTCC-1","2m","A","2","Other",-0.493013090057148,-0.0710445169441795,0.017464314430049,0.499543758199109
"CP018_2m_A_AACATGCGTATCATCT-1","2m","A","0","Other",0.488319979281735,-0.263439441260962,-0.0888691106816807,-0.0710130285117666
"CP018_2m_A_AACATTGGTGTGTTGG-1","2m","A","5","Other",0.582999785824851,-0.349044322520918,-0.19171658535521,-0.248039698224033
"CP018_2m_A_AACCCCTGTACGCCGG-1","2m","A","5","Other",0.111789818939168,-0.240306117199568,-0.141465094677135,-0.221549543262305
"CP018_2m_A_AACCCGAGTCACACTC-1","2m","A","0","Other",0.390287425969758,-0.218617367218841,-0.160587814694105,-0.21169995011696
"CP018_2m_A_AACCGCAGTCTTGATT-1","2m","A","0","Other",-0.329188857191412,-0.281883898464743,-0.145791048734581,-0.176416470429294
"CP018_2m_A_AACCGGCGTACTTCTG-1","2m","A","4","HIV-Specific TCR",-1.14389066190069,1.33911901907784,0.648931855848657,1.12980078954338
"CP018_2m_A_AACCGTGGTACTATTC-1","2m","A","5","Other",0.54493894557335,-0.335266400475021,-0.0691226625991209,0.000884160586746618
"CP018_2m_A_AACGAAGGTCAGTTAA-1","2m","A","0","Other",0.346600781349446,-0.327546538872608,-0.165945748301134,-0.214403358737281
"CP018_2m_A_AACGCATGTACAAGGA-1","2m","A","0","Other",0.0869372401336617,-0.292465606809776,-0.145436451785665,-0.212291691078623
"CP018_2m_A_AACGCATGTGGGTTTG-1","2m","A","0","Other",0.156150943105727,-0.247927870038356,-0.144612623989677,-0.192675667017907
"CP018_2m_A_AACGCCAGTAATCTTC-1","2m","A","0","Other",0.328135990286408,-0.312454819043936,-0.173071941191504,-0.218298998439914
"CP018_2m_A_AACGCCAGTATATGGC-1","2m","A","1","Other",-0.0951354400370357,-0.0606946457084394,-0.163445210873914,0.187698142085069
"CP018_2m_A_AACGTCGGTACTCGCT-1","2m","A","5","Other",0.332375766027888,-0.126281647727327,-0.147341864209374,-0.218170690916518
"CP018_2m_A_AACTGCGGTATAGCGT-1","2m","A","4","Other",-0.083547183140452,0.696965296073052,0.276891466432734,0.617802956555736
"CP018_2m_A_AACTTCTGTCTATGTT-1","2m","A","0","Other",0.591753263730862,-0.366653282097066,-0.165431981778317,-0.250142136428438
"CP018_2m_A_AACTTCTGTCTTATGT-1","2m","A","1","Other",-0.145985785162928,0.261820424072011,0.0272857346668902,-0.294770551742072
"CP018_2m_A_AAGCAAGGTCATACGG-1","2m","A","0","Other",-0.00348288039192068,-0.234311830134382,-0.130998498584912,-0.138725689356368
"CP018_2m_A_AAGCCATGTCGATAGT-1","2m","A","8","Other",-0.316951123585254,-0.250488617994223,-0.128070376735892,0.0272978831069251
"CP018_2m_A_AAGCCATGTCGTTTCA-1","2m","A","0","Other",0.171473496348814,-0.0737632653667732,-0.0328288885966753,-0.208583442482973
"CP018_2m_A_AAGCCATGTGTTCGTC-1","2m","A","1","Other",-0.435656137008793,-0.0266150235264032,-0.149891789030981,-0.211991611787616
"CP018_2m_A_AAGCCCAGTCCTTGTA-1","2m","A","0","Other",0.571709802672381,-0.249919031625102,-0.154371795910962,0.0239321455946401
"CP018_2m_A_AAGCCGCGTCTTCTCT-1","2m","A","6","Other",-0.608746437548489,0.815995991152955,-0.0020404563024175,0.0941242833020901
"CP018_2m_A_AAGCGCCGTGTTCTCA-1","2m","A","4","HIV-Specific TCR",-1.31321517600998,1.9388171170224,0.316074914684792,0.834367800767821
"CP018_2m_A_AAGGCCCGTCCCTGTG-1","2m","A","0","Other",0.0298229199758429,-0.286916703681089,-0.152704985564809,-0.157130268332791
"CP018_2m_A_AAGGGTAGTCGCATAG-1","2m","A","6","Other",0.413166371434236,-0.2966848480116,-0.0209688036968065,0.0518941075805112
"CP018_2m_A_AAGGTAGGTATCATCT-1","2m","A","4","Other",0.186632963366533,0.0804420851021606,-0.158184598662665,0.450418038516496
"CP018_2m_A_AAGGTAGGTCGTCTGT-1","2m","A","0","Other",-0.0589359239392775,-0.265616121448609,-0.125989097419303,0.062570561178879
"CP018_2m_A_AAGTAGGGTAATTGGC-1","2m","A","8","Other",0.949646103241752,-0.28285701158112,0.0315313398543415,-0.240324023401165
"CP018_2m_A_AAGTAGGGTACGAGTT-1","2m","A","0","Other",0.0535921535044253,-0.226638964852515,0.013290099310639,-0.200788441642221
"CP018_2m_A_AAGTAGGGTCGTATGG-1","2m","A","4","Other",0.362993770293432,-0.0982775788498546,0.0178134397821705,1.40676154510172
"CP018_2m_A_AAGTCCGGTACATTAG-1","2m","A","0","Other",0.262185189717564,-0.321221469213085,0.10894571489928,-0.175652573167288
"CP018_2m_A_AAGTCTAGTATGTACA-1","2m","A","1","Other",0.0209671089375454,-0.371310792199271,0.0488712945847721,0.0754991356253774
"CP018_2m_A_AAGTCTAGTCTGTACC-1","2m","A","1","Other",-0.0344048032222268,-0.130229516803784,-0.148872333903154,-0.184752930817738
"CP018_2m_A_AAGTGCTGTCCTTCCC-1","2m","A","1","Other",-0.700257450490349,-0.276670274419707,0.0409818365946985,-0.165537366280312
"CP018_2m_A_AAGTTGCGTCGATCAG-1","2m","A","0","Other",0.417641348911489,-0.0970770939027194,-0.165788164011786,-0.257120141363083
"CP018_2m_A_AATACTGGTGGAAGTA-1","2m","A","0","Other",0.465432559989738,-0.318189072973209,-0.139867538264518,-0.204850751633685
"CP018_2m_A_AATCCGGGTAACATGC-1","2m","A","8","Other",0.690693257130842,-0.154698241046916,0.0247039078834615,-0.287885746506211
"CP018_2m_A_AATCGCGGTACTAATG-1","2m","A","1","Other",-0.908765562519256,0.174947645964765,-0.186119975359755,-0.0943065889812395
"CP018_2m_A_AATCTAGGTATGCTCC-1","2m","A","8","Other",0.295043539490557,-0.307800425626684,-0.138444382017015,-0.169391249488055
"CP018_2m_A_AATCTAGGTCTTGGAG-1","2m","A","0","Other",0.0121291156738892,-0.176531473814022,-0.149627515864971,-0.239194696469637
"CP018_2m_A_AATGGCTGTGTTACCC-1","2m","A","0","Other",0.0772926350327876,-0.266736519415034,-0.113799706167729,0.0889923503552816
"CP018_2m_A_AATGGTCGTACAAGGA-1","2m","A","1","Other",-0.724886824263339,0.388116057830438,-0.18390703533415,-0.253409117460312
"CP018_2m_A_AATGGTCGTATGTACA-1","2m","A","0","Other",0.547156498813064,-0.380670918458915,-0.14856407831371,-0.250667260978981
"CP018_2m_A_AATGTCAGTATTACCT-1","2m","A","0","Other",0.654993740069395,-0.145752731560275,-0.160371301484243,-0.199584177496624
"CP018_2m_A_AATGTCAGTGCACAGC-1","2m","A","1","Other",-0.165333818397903,-0.171715604377767,-0.0929707896432919,0.045130500633626
"CP018_2m_A_AATGTTGGTCTAAGTA-1","2m","A","0","Other",0.355889050284251,-0.105842307936791,-0.149473348903091,-0.208608926153117
"CP018_2m_A_AATTCCTGTATCCGAG-1","2m","A","1","Other",-0.209738707412821,-0.226458689975052,0.0409571539462385,-0.183335722565512
"CP018_2m_A_AATTCCTGTCATCGGA-1","2m","A","8","Other",0.37370485450471,-0.333008617531075,0.212038585664547,-0.198861650429945
"CP018_2m_A_AATTGGCGTACTCAGG-1","2m","A","3","Other",-1.24594809251144,1.26863645527146,0.0202743846814163,0.0852827007420978
"CP018_2m_A_AATTGTGGTAACTTTC-1","2m","A","0","Other",0.331286866267368,-0.314384497508807,-0.138913130364163,0.0185804209485577
"CP018_2m_A_AATTGTGGTCAGGTTG-1","2m","A","0","Other",-0.160640647865396,-0.310833355714893,-0.172385652694617,-0.211354293716141
"CP018_2m_A_AATTGTGGTCTCCTGG-1","2m","A","5","Other",0.149279643387454,-0.0360999937057042,-0.114853899577349,-0.155960017146027
"CP018_2m_A_ACAAGCTGTAATTGGC-1","2m","A","0","Other",-0.119332028914933,-0.316136016631601,-0.135887065204222,-0.18827695615974
"CP018_2m_A_ACAAGCTGTATTACAG-1","2m","A","0","Other",0.442434980617656,-0.210143063842459,-0.143576919364198,-0.22553152248402
"CP018_2m_A_ACAAGGAGTAACCGCA-1","2m","A","0","Other",0.309282007011185,0.0342530404955124,-0.129602909305007,-0.217157458782681
"CP018_2m_A_ACAAGGAGTATCAATG-1","2m","A","0","Other",0.269621442312964,-0.186264895205772,-0.164527930701532,-0.234709282774876
"CP018_2m_A_ACAAGGAGTATCCCCG-1","2m","A","0","Other",0.248640828761475,-0.101744476384583,-0.109764081211799,-0.170044584794231
"CP018_2m_A_ACAAGGAGTGCGATGC-1","2m","A","0","Other",0.532031413195494,-0.210186080795804,-0.0525509743266494,0.0490910616415585
"CP018_2m_A_ACAAGTCGTCCCTTGG-1","2m","A","7","Other",0.287526910254725,0.0325524207517682,-0.111351460341878,0.104565780655
"CP018_2m_A_ACACCCTGTATCGAGT-1","2m","A","6","Other",-0.0524843430427178,0.309036411095758,-0.0363240559921294,0.142371416374801
"CP018_2m_A_ACACTCCGTGCTAGGC-1","2m","A","1","Other",-0.968428962951366,0.710640377651082,0.347546312993342,-0.211146399196461
"CP018_2m_A_ACACTCCGTGGTCAGC-1","2m","A","0","Other",0.214567566313453,-0.0870051162978249,0.221434076764107,-0.200818350544179
"CP018_2m_A_ACAGAAGGTGGTCTAG-1","2m","A","1","Other",-0.0566196548941655,0.360857065700497,0.246852567350441,0.148597280633315
"CP018_2m_A_ACAGCATGTGCCCATT-1","2m","A","4","HIV-Specific TCR",-1.07658992438031,1.58879464323866,1.2688867065723,-0.107522610774441
"CP018_2m_A_ACAGGCCGTATGATGC-1","2m","A","0","Other",0.0160895768654497,-0.328077806597059,-0.181873147388726,-0.24976048851431
"CP018_2m_A_ACAGTTAGTCCAACGA-1","2m","A","0","Other",-0.0655353351355079,-0.131840202858311,-0.136259346391981,-0.195229557775674
"CP018_2m_A_ACATCTTGTAGCCTCT-1","2m","A","0","Other",0.377496368847816,-0.292214664439082,-0.166993591668934,-0.00152553136337624
"CP018_2m_A_ACATTAGGTCTCGTCG-1","2m","A","1","Other",-0.334012163844287,-0.0937250821981943,0.0461190988445817,-0.17843599227244
"CP018_2m_A_ACATTAGGTGGCTTGA-1","2m","A","4","Other",-0.528903601590164,0.120348242619106,0.101558170387897,0.731609363945742
"CP018_2m_A_ACATTCTGTATGCAGT-1","2m","A","0","Other",0.43710665272335,-0.139774655190242,-0.153532554675648,0.109762116480811
"CP018_2m_A_ACATTCTGTCGCCATT-1","2m","A","0","Other",0.457641503928116,-0.261887599008403,-0.00790906920112022,-0.219658206866526
"CP018_2m_A_ACCACAGGTACAGGCC-1","2m","A","0","Other",0.433099252773477,-0.165775108574403,0.0479116996338084,-0.0440792789562392
"CP018_2m_A_ACCACAGGTAGCTGGC-1","2m","A","0","Other",0.4483220674705,-0.335091974410985,-0.191331183991854,-0.236036802188559
"CP018_2m_A_ACCACCTGTCTATTCG-1","2m","A","6","Other",-0.0143754416065192,0.147252547364577,-0.0678806854312912,-0.244972968705599
"CP018_2m_A_ACCACGAGTCCAGGTA-1","2m","A","0","Other",0.0140697597942314,-0.263125912307554,0.00748749766164203,-0.196586355724914
"CP018_2m_A_ACCACTCGTACCTAGG-1","2m","A","8","Other",0.410875425137424,-0.332144764113645,-0.139229025120604,0.0349455476930266
"CP018_2m_A_ACCACTCGTAGGCCGT-1","2m","A","0","Other",0.197907562981129,-0.0454674507738429,-0.165121766984504,-0.186828412504153
"CP018_2m_A_ACCAGATGTATGTTCT-1","2m","A","0","Other",0.432899516338156,-0.328538967180071,-0.0435141919245188,-0.20911867484608
"CP018_2m_A_ACCAGATGTGTTCTAT-1","2m","A","2","HIV-Specific TCR",-0.355960725730555,-0.160995197403227,0.0983200009355721,-0.0552146014273402
"CP018_2m_A_ACCATCCGTAGGCGCT-1","2m","A","0","Other",0.475340840363736,-0.327302400017265,-0.12124439053773,-0.0376010657689815
"CP018_2m_A_ACCCATCGTGCGGTTA-1","2m","A","2","Other",-0.496846247464019,0.408542650292132,0.177053004802063,0.362358699669055
"CP018_2m_A_ACCCCTGGTAGTGATC-1","2m","A","0","Other",0.37493982593162,-0.326200120148089,-0.137152837615474,-0.293204486720544
"CP018_2m_A_ACCCCTGGTGCGTCTT-1","2m","A","0","Other",0.338748745341417,-0.288634091026431,-0.151181887310369,-0.206254515222089
"CP018_2m_A_ACCCCTGGTGTTGGGC-1","2m","A","0","Other",0.108317172097142,-0.280214844854559,-0.0669345609457445,-0.0979135603121889
"CP018_2m_A_ACCCTTAGTATCGTGG-1","2m","A","0","Other",0.549791247256781,-0.152755279978719,-0.163128072859522,0.18259613465049
"CP018_2m_A_ACCTAGGGTGTAGGTT-1","2m","A","0","Other",0.470973485382558,-0.294269105586752,-0.143788070559364,0.056811327096227
"CP018_2m_A_ACCTATTGTGCTATGG-1","2m","A","0","Other",0.145657870175044,-0.132545649772527,-0.148982947057274,0.0092755635090917
"CP018_2m_A_ACCTGCTGTAGGCCCG-1","2m","A","0","Other",0.0198185627478151,-0.259888913979192,0.0307138280311271,0.165093102099199
"CP018_2m_A_ACCTGCTGTGTGGGCT-1","2m","A","0","Other",0.0696983213150912,-0.171238077573793,-0.0234103655066183,0.0800743680002861
"CP018_2m_A_ACCTGTCGTGCTATAA-1","2m","A","1","Other",-0.0957177766820039,-0.333737622591445,0.0896022166507644,0.264131289566257
"CP018_2m_A_ACCTTATGTGTGCCCC-1","2m","A","5","Other",0.21898697583993,-0.228751800369985,-0.102447339891574,0.115777630971301
"CP018_2m_A_ACCTTTGGTCTTAGTT-1","2m","A","0","Other",0.418548701733993,-0.293771241137359,-0.131893638924824,-0.204253906966865
"CP018_2m_A_ACGAGTTGTAGGCATT-1","2m","A","3","Other",0.0766423348553842,0.851368698000915,0.195607143107687,-0.249675240527623
"CP018_2m_A_ACGAGTTGTGGGTGTC-1","2m","A","1","Other",-0.693955844965744,-0.225248202207629,0.0207674855250826,-0.25384072845103
"CP018_2m_A_ACGCAATGTAGCAGGG-1","2m","A","0","Other",0.139241568786312,-0.0803299326883782,-0.150347549290952,-0.197696248286645
"CP018_2m_A_ACGCAATGTCCTTAAT-1","2m","A","8","Other",0.0841029357219008,-0.234711222192027,-0.12498716731877,-0.186451950886065
"CP018_2m_A_ACGCAATGTGGGATAA-1","2m","A","1","Other",-0.844665967351426,-0.143438909518187,0.258418338865217,-0.273479203530574
"CP018_2m_A_ACGCATGGTATTGAGC-1","2m","A","0","Other",0.0705864366836857,-0.277025376741987,0.0349122755388907,-0.224373074984234
"CP018_2m_A_ACGCATGGTGTAACGT-1","2m","A","0","Other",0.966061103074398,-0.363871864309096,-0.211019614811308,-0.248185841337673
"CP018_2m_A_ACGCCGGGTAAGTGCT-1","2m","A","7","Other",0.233979692028267,-0.270817477846337,-0.125334463607467,-0.166931822629677
"CP018_2m_A_ACGCTGAGTAACTGCG-1","2m","A","5","Other",0.222729896036234,-0.349903771100552,-0.19236177328747,-0.220035087093318
"CP018_2m_A_ACGCTGAGTGCTCCGC-1","2m","A","0","Other",0.192850037380609,-0.261630691269634,0.00442510890993056,0.200684507577891
"CP018_2m_A_ACGGATTGTAATGGGA-1","2m","A","0","Other",0.504367668205438,-0.372254339832703,-0.0286688933158839,-0.285218964733419
"CP018_2m_A_ACGGGCTGTATTGGGT-1","2m","A","7","Other",0.463494514941636,-0.359291196113297,0.0638954908103953,-0.287436649307289
"CP018_2m_A_ACGGGTCGTCATGCAG-1","2m","A","3","Other",-0.774507069963374,1.57362861050025,0.377448798815693,-0.272230459399049
"CP018_2m_A_ACGGTGCGTACCTGCT-1","2m","A","8","Other",0.498215740211006,-0.320694929904721,-0.0572699464711399,0.0308102067516106
"CP018_2m_A_ACGGTGCGTAGAGTAG-1","2m","A","0","Other",0.191892655366482,-0.313989405675703,-0.043801537478599,-0.21849013787871
"CP018_2m_A_ACGGTTGGTGGTTGAT-1","2m","A","8","Other",-0.260204212330763,-0.276156779804331,-0.0689346128996171,-0.192310030662158
"CP018_2m_A_ACGTCTCGTCCTTAGC-1","2m","A","4","Other",-1.25960212869363,1.91812480502356,1.20205058724423,1.88142792927339
"CP018_2m_A_ACGTCTCGTGCGCTCC-1","2m","A","0","Other",-0.112730700851473,-0.107130738756532,-0.00914272184207743,-0.151936311931639
"CP018_2m_A_ACGTCTCGTGTTAAGC-1","2m","A","3","Other",-1.21302209518987,1.58540852029605,-0.120670152794716,-0.164123260125152
"CP018_2m_A_ACGTGCAGTCAGGCGT-1","2m","A","2","Other",-0.0911693342429578,-0.293448972790085,0.122528298545521,-0.166935208199757
"CP018_2m_A_ACGTTCCGTGGGTTGC-1","2m","A","6","Other",-1.18068129556165,1.80541908991575,0.0949454208441025,-0.196301561876733
"CP018_2m_A_ACTAATGGTCAAACGT-1","2m","A","0","Other",0.516544376088474,-0.137944991399019,0.0396737795413444,-0.225349676105337
"CP018_2m_A_ACTAATGGTGTGTTAA-1","2m","A","0","Other",0.271120316562738,-0.177498168135145,-0.165432048595609,-0.198328500373725
"CP018_2m_A_ACTACAAGTATTGTAG-1","2m","A","1","Other",-0.113654258931571,0.0220118672950804,-0.126635278516976,0.20402531670331
"CP018_2m_A_ACTACCCGTCACATGG-1","2m","A","0","Other",0.193785654290988,-0.206466073040327,-0.18239048045737,-0.0142176664514238
"CP018_2m_A_ACTACGGGTCTTAATC-1","2m","A","0","Other",0.488434814282518,-0.318929960898544,-0.173185327726525,-0.119699832688315
"CP018_2m_A_ACTACGGGTGGCCCCT-1","2m","A","4","HIV-Specific TCR",-0.504069713617322,-0.147286302131255,-0.0929931446506623,0.691611119258071
"CP018_2m_A_ACTACTTGTCATACTT-1","2m","A","3","Other",-0.976250377087023,1.52948333294458,0.537458109134242,-0.183021790097374
"CP018_2m_A_ACTATAGGTCCAACCT-1","2m","A","0","Other",0.253790670130583,-0.109736831344696,0.0582491934883111,0.164724274398069
"CP018_2m_A_ACTATGAGTGGTGTCA-1","2m","A","6","Other",-0.443138450982979,-0.297640170931883,-0.0294618805917033,-0.133620676237136
"CP018_2m_A_ACTATTCGTCTAACTT-1","2m","A","1","Other",-0.372826943839478,-0.31566451835906,-0.172698418509734,-0.182731845419202
"CP018_2m_A_ACTATTCGTGTAACGT-1","2m","A","2","HIV-Specific TCR",0.206338191850028,0.266225290471951,0.0132550657370631,-0.193830962516582
"CP018_2m_A_ACTCAGGGTGCCTCTG-1","2m","A","7","Other",0.530867163025327,-0.177946380108603,-0.124428846977384,-0.19422003857563
"CP018_2m_A_ACTCATTGTACAGTTA-1","2m","A","0","Other",0.292966900160957,-0.180392262307843,-0.134499804097215,-0.221213523529355
"CP018_2m_A_ACTCATTGTAGACTCG-1","2m","A","0","Other",0.384952182886724,-0.345031068939847,-0.14831233534211,-0.224642521781015
"CP018_2m_A_ACTCCCGGTGTATCGG-1","2m","A","8","Other",0.209036834426857,-0.230232526074867,0.0228029638654037,-0.301214232968768
"CP018_2m_A_ACTCCCGGTGTCCCAT-1","2m","A","6","Other",-0.0432906377229363,-0.153401687141471,-0.16015877255799,0.0601765639219599
"CP018_2m_A_ACTCTATGTGGGAGAT-1","2m","A","4","Other",-0.98397211020717,-0.216507734621588,0.258137389660676,0.911312585677992
"CP018_2m_A_ACTGCGAGTATCGGGC-1","2m","A","1","Other",-0.64222830948159,-0.0605744307836457,-0.0539952775562597,-0.309988345166805
"CP018_2m_A_ACTGGATGTACCCATC-1","2m","A","0","Other",-0.235381335156805,-0.0231910213954544,-0.143388546137481,0.0528602203947303
"CP018_2m_A_ACTGGATGTATCTGTT-1","2m","A","5","Other",0.318917487714796,-0.265223737560648,-0.147679629287827,0.0258800681149806
"CP018_2m_A_ACTGGATGTGGCTATG-1","2m","A","0","Other",0.0467457795386654,-0.299304981265478,-0.111116610693073,0.0141756521493368
"CP018_2m_A_ACTGGGCGTAGCAATC-1","2m","A","2","Other",-0.241250085635831,-0.254080643877813,0.0214451036743972,-0.116499291852836
"CP018_2m_A_ACTGTGGGTGGTAATC-1","2m","A","6","Other",-0.654342508278214,-0.0883498784542028,-0.0391002753426072,0.0597751402904278
"CP018_2m_A_ACTTAAGGTGCTCCGC-1","2m","A","2","Other",-0.176585128966671,-0.21577473229261,0.0408494848661176,-0.0928553228516726
"CP018_2m_A_ACTTAAGGTGGGATAA-1","2m","A","1","Other",-0.875344540689005,0.65834194097017,-0.0619427208013077,-0.0145452376050394
"CP018_2m_A_ACTTATCGTGCGAGGA-1","2m","A","0","Other",0.136070460789624,-0.359777069229764,-0.0226667511010165,-0.236901155228631
"CP018_2m_A_ACTTCATGTCTCCGCA-1","2m","A","1","Other",-0.630346872586264,-0.244585484450859,-0.127838402109983,-0.165299765929275
"CP018_2m_A_ACTTCATGTCTTCTCT-1","2m","A","0","Other",-0.0261994764515563,-0.287457387517237,-0.118140661060979,-0.187728940990942
"CP018_2m_A_ACTTCTGGTAGGCCCG-1","2m","A","4","HIV-Specific TCR",-1.0672622038489,1.22324846520697,0.942936242936705,0.780698890921154
"CP018_2m_A_ACTTGCCGTCAGGTGC-1","2m","A","0","Other",-0.0359799698042618,-0.243437860389651,-0.127165406883126,-0.178487435175373
"CP018_2m_A_ACTTGGGGTGGTGATT-1","2m","A","0","Other",0.326806456974046,-0.286323059262998,-0.121411821933409,-0.190616717910533
"CP018_2m_A_ACTTTCGGTAGACTCG-1","2m","A","6","Other",-0.788482025778688,1.4412673091171,0.282807416968446,-0.247669172036271
"CP018_2m_A_AGAATGGGTAGGATAG-1","2m","A","0","Other",0.104683503481655,-0.288395535544698,0.0254404184407804,0.153054435698283
"CP018_2m_A_AGAATGGGTAGGCGGA-1","2m","A","5","Other",0.444662206177238,-0.232306715491375,0.0135750429124449,0.0897984847603976
"CP018_2m_A_AGAATGGGTAGTTGCG-1","2m","A","0","Other",0.572411435446064,0.0409030133490098,-0.132192096204515,-0.245780559819879
"CP018_2m_A_AGAATGGGTCCATAGG-1","2m","A","4","HIV-Specific TCR",-1.19832208722884,1.21894603692441,0.10685501397536,0.596809539392421
"CP018_2m_A_AGACGGGGTCGTTCCG-1","2m","A","0","Other",0.397945755707801,-0.329767495626776,0.193557368893547,-0.308785345744198
"CP018_2m_A_AGACGTTGTCAAGGCC-1","2m","A","8","Other",0.193859491434154,-0.305874102909258,-0.1398913642438,-0.201546093286237
"CP018_2m_A_AGACGTTGTCTAATTC-1","2m","A","6","Other",-0.967194301016516,1.8167827405303,-0.153628453150335,-0.191989887074552
"CP018_2m_A_AGACTCGGTCCCTGAT-1","2m","A","0","Other",0.14891944136294,-0.258627533100599,-0.129222433805455,-0.184422026819216
"CP018_2m_A_AGACTCGGTCCCTTGG-1","2m","A","1","Other",0.0663526661761613,-0.140055174930585,0.364845224726887,-0.209796870278532
"CP018_2m_A_AGAGAATGTGTTGGGC-1","2m","A","0","Other",0.491557910135186,-0.33818873752589,-0.0192219926117285,0.0337212423805741
"CP018_2m_A_AGAGATGGTCGCGCTC-1","2m","A","0","Other",-0.0983541644728081,-0.301221914246236,-0.146975172977679,-0.194620258710186
"CP018_2m_A_AGAGATGGTCGCGTAA-1","2m","A","3","HIV-Specific TCR",-1.26828086620193,1.5316993804938,0.140779674599284,-0.168625892532208
"CP018_2m_A_AGAGGGTGTACGGTTG-1","2m","A","2","Other",0.0900809141453827,-0.396871588215082,0.283174398165678,-0.030828245316527
"CP018_2m_A_AGAGGGTGTGCTCCTG-1","2m","A","3","HIV-Specific TCR",-1.10732086266972,1.32855432593951,0.320868832879587,-0.133661073115248
"CP018_2m_A_AGAGGTAGTATGTCTT-1","2m","A","2","Other",-0.12484544686649,-0.231546135846802,0.157574962765384,-0.257974473066028
"CP018_2m_A_AGAGGTAGTCCTAATT-1","2m","A","0","Other",0.396107237381467,-0.293455729147747,-0.0152139781307579,-0.198121048708473
"CP018_2m_A_AGAGTGAGTATTACCT-1","2m","A","0","Other",0.620107551059308,-0.0713978680267551,-0.178047439932861,-0.227010984881911
"CP018_2m_A_AGAGTGAGTGGCTAGC-1","2m","A","1","Other",-0.504640065792186,-0.301440882333784,0.0373049813499195,-0.279085421065912
"CP018_2m_A_AGCAATCGTGGCTTTC-1","2m","A","0","Other",0.180869658647981,-0.0545675071268137,-0.119933137818605,0.0546850295592441
"CP018_2m_A_AGCAGGGGTGCTCTGT-1","2m","A","0","Other",0.559844452381142,-0.306331482064377,-0.108027025770618,-0.283295323210001
"CP018_2m_A_AGCAGGGGTGGTCTCT-1","2m","A","3","Other",-0.871474379273427,0.985805862085044,0.116517524984143,-0.16923455229892
"CP018_2m_A_AGCATCGGTCGATTCC-1","2m","A","0","Other",-0.0350086555164713,-0.280320625284839,-0.109838521957297,-0.183339077784165
"CP018_2m_A_AGCCCTTGTCGGGTTA-1","2m","A","0","Other",0.243629648703467,-0.333048478706769,-0.190290146063086,-0.277683426058951
"CP018_2m_A_AGCCCTTGTGGCGGTT-1","2m","A","5","Other",0.105909601245032,-0.237898049208211,-0.190833422623186,-0.260319855747224
"CP018_2m_A_AGCCTCTGTGTCGATG-1","2m","A","1","Other",0.00986453361787198,-0.368825727343773,-0.00820686835479301,-0.270034345783905
"CP018_2m_A_AGCCTTCGTAGCGTCA-1","2m","A","1","Other",-0.600396366766358,-0.32658368869606,0.0959005152345939,-0.332449260902938
"CP018_2m_A_AGCGCGTGTCAGCATG-1","2m","A","4","Other",-0.652283351032579,0.263806466357237,-0.041337525646264,1.35775932755502
"CP018_2m_A_AGCGCGTGTCGTGGTA-1","2m","A","1","Other",-0.836576803533877,0.0701468477458275,0.237587991951467,-0.227832204678948
"CP018_2m_A_AGCGGGAGTGTCACGA-1","2m","A","4","HIV-Specific TCR",0.0213407891685697,0.172097270932156,0.2861808149991,1.1894877670277
"CP018_2m_A_AGCGTGCGTGGATTTA-1","2m","A","4","Other",-0.88319367088314,0.0739160489240651,0.245447652664636,0.56044240728142
"CP018_2m_A_AGCGTTGGTCTACAGG-1","2m","A","4","Other",-0.761938548162328,0.0263010219685283,0.0134289383654097,0.4641337119712
"CP018_2m_A_AGCTTGGGTGTGGGCT-1","2m","A","0","Other",0.185475852410592,-0.0316703143662501,-0.133485436829713,-0.188820740317858
"CP018_2m_A_AGGAAATGTAAACGCT-1","2m","A","0","Other",-0.042233096918791,0.184555099140174,-0.122819131254171,-0.169945709022922
"CP018_2m_A_AGGAAATGTATCCCCG-1","2m","A","0","Other",0.251493063384428,0.00535000325185953,-0.146816834396503,-0.201548640071907
"CP018_2m_A_AGGAAATGTCACACTC-1","2m","A","7","Other",0.000329669604866689,-0.107446412879576,-0.150926818150251,-0.21847370439459
"CP018_2m_A_AGGAATGGTAACTGCG-1","2m","A","0","Other",0.43338105453469,-0.244643755530243,-0.159841631301104,-0.253879538521868
"CP018_2m_A_AGGAATGGTCATTAAG-1","2m","A","0","Other",0.535499457301129,-0.206265142583591,-0.0272373781286594,0.0514283209380802
"CP018_2m_A_AGGACCCGTAAGTAGG-1","2m","A","8","Other",0.29663120320829,-0.284612688456133,-0.128723697402738,-0.200032395146416
"CP018_2m_A_AGGACGGGTACCTCCG-1","2m","A","0","Other",0.628474040442919,-0.332134235785599,-0.187848196016275,0.0344963833493918
"CP018_2m_A_AGGAGGTGTATCGCGA-1","2m","A","6","Other",-0.437197129340811,1.27606393917108,0.14973560065799,0.0254576836920598
"CP018_2m_A_AGGCAGGGTACAGAAG-1","2m","A","0","Other",0.235757464533884,-0.319838435433451,-0.153060748401892,-0.012044992866817
"CP018_2m_A_AGGCAGGGTAGCCCTT-1","2m","A","1","Other",0.174244924098115,0.0653556645130568,0.0880336516376806,-0.205042427484083
"CP018_2m_A_AGGCAGGGTCAGGATT-1","2m","A","2","Other",-0.333890737883872,-0.194516954625485,-0.0260095448747479,-0.214484720044421
"CP018_2m_A_AGGCATTGTATCAATG-1","2m","A","0","Other",0.291857770858605,-0.131745637158016,-0.127119297379957,-0.202746425872854
"CP018_2m_A_AGGCCGTGTGGTACTG-1","2m","A","0","Other",0.400044267785364,-0.114194160589433,-0.162948431455733,-0.238039439073962
"CP018_2m_A_AGGCGCTGTCTGGTAG-1","2m","A","0","Other",0.15549926146387,-0.268107887027736,-0.115784434575029,-0.176669215733747
"CP018_2m_A_AGGCGCTGTGCTACCT-1","2m","A","4","Other",-0.709647409513198,0.872594610011105,0.608654387582949,0.0533962927627086
"CP018_2m_A_AGGCTCAGTACTACCC-1","2m","A","4","Other",-0.334765726924638,-0.35083955123392,-0.0701067286447949,1.50034059829007
"CP018_2m_A_AGGCTCAGTCCTAGAG-1","2m","A","0","Other",0.242465379796248,-0.291083275588908,-0.141399145284197,-0.215841926908939
"CP018_2m_A_AGGCTCAGTCTGTATT-1","2m","A","2","Other",-0.324463433773272,-0.269895726606326,-0.151905720642329,0.0221987466516127
"CP018_2m_A_AGGCTTGGTACCTAGG-1","2m","A","5","Other",0.376444973409014,-0.189575891344671,-0.136767170418578,-0.224858501585107
"CP018_2m_A_AGGGCGAGTATAGGAG-1","2m","A","5","Other",0.321964356340138,-0.0506909316677687,-0.15157892287341,-0.00546048324502538
"CP018_2m_A_AGGGGCAGTAGTATGC-1","2m","A","0","Other",0.421094814530689,-0.271639752662602,-0.174031961682097,-0.233002074314664
"CP018_2m_A_AGGGGCAGTGTGTAGT-1","2m","A","0","Other",0.791623469611613,-0.345636397236809,-0.0338250263204839,0.347408796162496
"CP018_2m_A_AGGGTAAGTGCATGGC-1","2m","A","0","Other",0.351905990715607,0.257556455913827,-0.0893518495261092,-0.170934834183773
"CP018_2m_A_AGGTATCGTGTCTGAG-1","2m","A","0","Other",0.251069627955553,-0.162406183583628,-0.119190473290071,-0.154999303867024
"CP018_2m_A_AGGTTTAGTAGTGAGA-1","2m","A","8","Other",-0.0184639543157952,-0.286341085692783,-0.107390744733256,-0.182740932651952
"CP018_2m_A_AGGTTTAGTCCAACGA-1","2m","A","6","Other",0.145410240311371,-0.111625589074282,-0.113791014487349,-0.220380037985704
"CP018_2m_A_AGTATTGGTGTGGATT-1","2m","A","0","Other",0.217170409703062,-0.278302852342199,-0.0268115458080127,-0.159407781675181
"CP018_2m_A_AGTATTGGTGTTCATT-1","2m","A","0","Other",-0.0554947399199657,-0.289991737864061,-0.125572965693284,-0.200814851328007
"CP018_2m_A_AGTCAGTGTACGTTGG-1","2m","A","0","Other",0.84615975348671,-0.316684542791811,-0.162177948094784,-0.225449736775609
"CP018_2m_A_AGTCGCAGTACGTTGG-1","2m","A","0","Other",0.468336888714733,-0.201920687291947,-0.0570061757261976,-0.231032033384655
"CP018_2m_A_AGTCGGCGTCAGTATA-1","2m","A","0","Other",-0.0863395280973349,-0.272133574205463,-0.141313425246155,0.107148004891372
"CP018_2m_A_AGTCTCCGTCATTCTG-1","2m","A","0","Other",0.335837546740213,-0.307992020918704,0.00894240238268221,-0.210076568413743
"CP018_2m_A_AGTCTGGGTATACTAG-1","2m","A","5","Other",0.130826589421425,-0.31878242778519,-0.0285494621146269,-0.214252666920056
"CP018_2m_A_AGTGAGAGTCACGGCG-1","2m","A","0","Other",0.644670166345483,-0.143734129661264,-0.160057774553164,-0.186369804267168
"CP018_2m_A_AGTGTGTGTAGTGTAC-1","2m","A","4","Other",-1.14793298760793,1.14031886563867,0.170081253091182,1.87777745707883
"CP018_2m_A_AGTTATGGTCCCAATC-1","2m","A","0","Other",-0.320333300568548,-0.23578387009377,-0.105214651243762,-0.178983236371449
"CP018_2m_A_AGTTGCGGTACTCATT-1","2m","A","1","Other",-0.300501304790449,0.604749459352807,0.019953744634641,-0.216543184120758
"CP018_2m_A_AGTTTAGGTATGCAGT-1","2m","A","1","Other",-0.40994111847934,-0.19489948119939,0.0388937257380155,-0.244035910234376
"CP018_2m_A_ATAAGCCGTACATTCT-1","2m","A","0","Other",0.122517965619781,-0.226751648952928,-0.129572854920231,-0.158389199099835
"CP018_2m_A_ATACGGTGTAGGCCGT-1","2m","A","0","Other",0.193322296133323,0.0363528288933753,-0.122558851654865,0.0308028193460791
"CP018_2m_A_ATACGTAGTAGGATAG-1","2m","A","0","Other",0.540579963136032,-0.11272286735877,-0.184228041725832,-0.299183834259697
"CP018_2m_A_ATACGTAGTGTCGCTT-1","2m","A","0","Other",0.161454295170269,-0.21086587628017,-0.137412283595636,0.0976146318628915
"CP018_2m_A_ATACTAGGTAGTACGT-1","2m","A","0","Other",0.17122064228847,-0.309061211718938,-0.0202655693870288,0.0887585777589803
"CP018_2m_A_ATAGCGTGTATTCGTT-1","2m","A","0","Other",0.0551874565301023,-0.293367082986119,-0.148720656923089,-0.212753829356841
"CP018_2m_A_ATAGCGTGTGCTGTCT-1","2m","A","3","Other",-1.28984053790254,2.3512547652996,0.804207834149109,0.0834236348263759
"CP018_2m_A_ATAGGAGGTAGGTTCG-1","2m","A","2","Other",-0.273056660857841,-0.341596427395556,0.13219342622757,0.0900404664459231
"CP018_2m_A_ATAGGCTGTAGCAGGG-1","2m","A","4","HIV-Specific TCR",-0.805139435203278,1.10029273300862,0.530887886130401,1.31401509614229
"CP018_2m_A_ATAGGCTGTGCGCTCC-1","2m","A","0","Other",-0.168830967811809,-0.190192236086316,-0.11324835575136,-0.251821785089643
"CP018_2m_A_ATAGGCTGTGCGCTGG-1","2m","A","0","Other",-0.173817418735616,-0.0422995443652993,-0.10683377884346,-0.184758817152716
"CP018_2m_A_ATAGTGCGTAGCTGGC-1","2m","A","0","Other",0.335363159930441,-0.0561819830197327,-0.170372148572704,-0.0527216218023273
"CP018_2m_A_ATATCAGGTATCCTAT-1","2m","A","1","Other",-0.359082890917563,-0.254893570529325,0.0662521713816723,-0.162640596664979
"CP018_2m_A_ATATCCTGTCCATAGG-1","2m","A","0","Other",0.0941326021614024,-0.296621397683659,-0.131044624416603,-0.196816311141917
"CP018_2m_A_ATATGGCGTCTCGCTG-1","2m","A","0","Other",0.428703401868118,0.0271642765549123,-0.0139583405120158,-0.216121818015683
"CP018_2m_A_ATATTGGGTACTAATG-1","2m","A","0","Other",0.300806890874039,-0.319482888914232,-0.144706881544509,-0.205665549646789
"CP018_2m_A_ATCAATGGTCGATTCC-1","2m","A","0","Other",0.0942953167664566,-0.271722045551994,0.00431982453597168,0.245915281236999
"CP018_2m_A_ATCAATGGTGCTCCTG-1","2m","A","0","Other",0.308898604894702,-0.256444070502957,-0.123797602339461,0.0899368272705366
"CP018_2m_A_ATCACCCGTAGGAGGT-1","2m","A","0","Other",0.431957022132972,-0.369622956710872,-0.166943632910027,-0.285379846882694
"CP018_2m_A_ATCAGCGGTAGTGATC-1","2m","A","1","Other",-0.497609830068659,-0.334127385309065,0.101664487111871,-0.194995895048098
"CP018_2m_A_ATCAGCGGTCAAGGCC-1","2m","A","0","Other",0.145611179114416,-0.284692663586409,0.272103846266893,0.0849009383454273
"CP018_2m_A_ATCAGTAGTACCACGA-1","2m","A","7","Other",0.162575049406741,-0.269162498598624,-0.146414347850502,-0.182227931221521
"CP018_2m_A_ATCATCTGTGCGAATT-1","2m","A","8","Other",0.332672064917232,-0.310666120719912,-0.0489554071723328,-0.235125299175035
"CP018_2m_A_ATCATTCGTAGTGTGT-1","2m","A","6","Other",-0.317182711798611,-0.144826787935692,-0.153631315303175,-0.229585735208161
"CP018_2m_A_ATCATTCGTGGGTTCA-1","2m","A","0","Other",0.381023499650853,-0.236670368917781,0.00636179254904315,-0.21282721634619
"CP018_2m_A_ATCCCCGGTCGCTGGG-1","2m","A","1","Other",-0.428239466492691,-0.0267747172837248,-0.174603279512245,0.0863717479962522
"CP018_2m_A_ATCCCCGGTGTCGTAG-1","2m","A","0","Other",0.140182697265105,-0.311262798949266,-0.164810530070573,-0.189915360065335
"CP018_2m_A_ATCCGAGGTGGCTTAG-1","2m","A","1","Other",-0.152457901618354,-0.185196687600547,0.0465239152674678,-0.242000503171043
"CP018_2m_A_ATCCGCTGTAAAGCGA-1","2m","A","0","Other",-0.0948477732373201,-0.290738381338364,-0.0482300756107541,0.16061228655291
"CP018_2m_A_ATCCTATGTAACGCTG-1","2m","A","0","Other",0.33234288767926,-0.244803697110862,-0.122011679921935,-0.162302756315036
"CP018_2m_A_ATCCTGCGTACGTGCA-1","2m","A","4","Other",-0.973265591360133,1.5305697701825,0.818824037261756,0.832435333280624
"CP018_2m_A_ATCCTGCGTGTCATGG-1","2m","A","7","Other",0.425453487129374,-0.162863092272831,-0.0346445171928014,-0.172539170609795
"CP018_2m_A_ATCGAGTGTACTTGCC-1","2m","A","0","Other",0.063613595166844,0.0609225519069346,-0.130534199169891,-0.148414580432726
"CP018_2m_A_ATCGAGTGTGGACGCT-1","2m","A","0","Other",0.508867932494488,-0.186189143458538,-0.145114495295677,0.183755268297507
"CP018_2m_A_ATCTCATGTGCGCCTC-1","2m","A","0","Other",-0.498553581808342,-0.295988270445008,-0.155180917508743,-0.159371801489337
"CP018_2m_A_ATCTCTGGTATACAGC-1","2m","A","0","Other",-0.0527774043749156,-0.14133127057257,-0.135258321682677,-0.212905538139721
"CP018_2m_A_ATCTCTGGTCGAGGCT-1","2m","A","0","Other",0.151118773600772,-0.171550079607004,-0.154731408285843,-0.207429208546984
"CP018_2m_A_ATCTCTGGTCTAGCTC-1","2m","A","8","Other",0.513186846469119,-0.269857367367381,-0.107821346293789,-0.164414375922823
"CP018_2m_A_ATCTGCCGTCGCTTTA-1","2m","A","8","Other",0.257156357708059,-0.319302153295701,-0.14601841014312,-0.210775517003002
"CP018_2m_A_ATCTGTTGTAACCGTG-1","2m","A","1","Other",-0.181029454896828,-0.200109674979785,0.140782671451909,0.131479615365578
"CP018_2m_A_ATCTGTTGTAAGGTTC-1","2m","A","2","Other",0.693547359079371,-0.323889297845059,0.0307264601124647,-0.20202088177751
"CP018_2m_A_ATCTGTTGTCATCGGA-1","2m","A","0","Other",0.19851119038747,-0.0902640398941069,0.104696898899285,-0.0501936089829823
"CP018_2m_A_ATCTGTTGTCCTTCGG-1","2m","A","0","Other",-0.0594924794916896,-0.14763207445939,-0.15683494438294,-0.00811720836264054
"CP018_2m_A_ATCTTCGGTAGCAGGG-1","2m","A","0","Other",0.539966116490554,-0.116719367813556,-0.136990547253092,-0.169877910433046
"CP018_2m_A_ATCTTGTGTCAGGATT-1","2m","A","4","Other",-1.40763629225666,1.98042624307367,0.411460623392317,1.20101850328823
"CP018_2m_A_ATCTTGTGTCCGTGTT-1","2m","A","4","Other",-1.316341666352,1.11179208368437,0.562654717728393,1.36777819288473
"CP018_2m_A_ATCTTGTGTCGTTCGT-1","2m","A","6","Other",-0.0560699572938752,-0.247962015010624,-0.151242896334659,-0.0247502138003398
"CP018_2m_A_ATGAAGGGTACATATG-1","2m","A","8","Other",0.37639902510781,-0.212190839591716,-0.128499378640729,-0.0368555828668928
"CP018_2m_A_ATGAGCTGTACTAATG-1","2m","A","4","HIV-Specific TCR",-0.446661131384719,0.781344290322954,0.262538246529957,0.56101913895527
"CP018_2m_A_ATGAGCTGTAGGCGGA-1","2m","A","2","Other",-0.40822843049685,-0.298142500924508,-0.017580923619825,-0.245694760630061
"CP018_2m_A_ATGAGTCGTAGGTATC-1","2m","A","0","Other",0.28545624406989,0.087147141151931,-0.128813326546177,-0.172915022571332
"CP018_2m_A_ATGATGCGTCGTCAGA-1","2m","A","4","Other",-0.751118205032311,1.565556334527,0.309484736083442,0.252755107752624
"CP018_2m_A_ATGCAGTGTATCCGGA-1","2m","A","5","Other",0.0373626677368286,-0.319446763599021,-0.14663904046953,-0.17633921088257
"CP018_2m_A_ATGCAGTGTCTGTATT-1","2m","A","0","Other",0.0656644925261956,-0.171088961593516,-0.136394244475897,0.0125354748110897
"CP018_2m_A_ATGCCAGGTCTAAGGT-1","2m","A","0","Other",0.0580701032051485,-0.295944617788317,-0.15789843145518,-0.214838755963883
"CP018_2m_A_ATGCCAGGTGTAAGCT-1","2m","A","7","Other",0.178574988456004,-0.291389464804297,-0.117848915368376,0.0390206095452045
"CP018_2m_A_ATGCCGAGTCCTTAAT-1","2m","A","6","Other",-0.354215935193129,0.656779238945289,-0.129825952327102,0.0327066994580139
"CP018_2m_A_ATGCCTCGTGGAGCTC-1","2m","A","6","Other",-0.776746973014081,0.305727181238482,0.20064751420395,-0.199146708332527
"CP018_2m_A_ATGCCTCGTGGGCAAG-1","2m","A","0","Other",-0.0885799709979325,-0.331318336090268,-0.150647414763899,-0.207444953623861
"CP018_2m_A_ATGCGATGTATAGTCA-1","2m","A","7","Other",0.80986118214616,-0.327778414130427,-0.0923458825051453,-0.260039190363811
"CP018_2m_A_ATGCGATGTCGCGTAA-1","2m","A","0","Other",0.177498872111203,-0.283735762585969,-0.134347281871822,-0.203587734826246
"CP018_2m_A_ATGCTCCGTATAGGGA-1","2m","A","8","Other",0.415244592036199,-0.0352960320210579,-0.0502673806646572,-0.251627364744136
"CP018_2m_A_ATGCTCCGTATCACGG-1","2m","A","5","Other",0.492741263376493,-0.297416050468464,-0.175036333172456,-0.22096126888718
"CP018_2m_A_ATGCTGGGTAACTCCC-1","2m","A","0","Other",0.150623903792131,-0.242733891865158,-0.144765140281264,0.0695613022305511
"CP018_2m_A_ATGCTGGGTGTGTTGG-1","2m","A","0","Other",0.407264691795997,-0.344949493458101,0.15938413453954,-0.252924454316975
"CP018_2m_A_ATGGAGAGTATCTGCC-1","2m","A","1","Other",0.407463250615687,0.0438950137147975,-0.0639200788208142,-0.251125327854781
"CP018_2m_A_ATGGGCCGTCGGTATG-1","2m","A","4","Other",-0.761858884489899,0.949205426042461,0.531933089707766,0.823746469307545
"CP018_2m_A_ATGGGCCGTGGAATTC-1","2m","A","0","Other",-7.24275478194425e-05,-0.293662203612029,-0.157795793311632,-0.221285970999282
"CP018_2m_A_ATGGGCCGTGGTCTCT-1","2m","A","6","Other",0.572615037953923,0.0413250820095353,-0.0816444194126659,-0.237825478054154
"CP018_2m_A_ATGGTCGGTCTATCCA-1","2m","A","4","HIV-Specific TCR",-1.24503602596081,2.02310359564386,1.29647547307985,1.0419070298688
"CP018_2m_A_ATGTACAGTCCGTCCA-1","2m","A","6","Other",-0.628713479508013,1.28841662448879,0.0909021012006215,-0.233462131568878
"CP018_2m_A_ATGTACAGTCGTGCCC-1","2m","A","4","HIV-Specific TCR",-1.15995379712976,0.996692693008025,0.201897134163646,1.01937802948023
"CP018_2m_A_ATGTCTTGTGTATGTA-1","2m","A","0","Other",0.209894271857159,-0.342021494717546,-0.00485087388224195,0.148854499543147
"CP018_2m_A_ATGTGCGGTAAGGCCC-1","2m","A","0","Other",0.158920340316037,-0.237205499106739,0.0631749957263716,-0.215861500742045
"CP018_2m_A_ATGTTAGGTACAAGTC-1","2m","A","0","Other",0.235029763559741,-0.12639598184343,-0.155237892932199,-0.0013224972251214
"CP018_2m_A_ATGTTAGGTCAGTCTC-1","2m","A","0","Other",0.172875636811199,-0.192757426817755,-0.130981181677045,-0.193072735982394
"CP018_2m_A_ATGTTCTGTAGTCCGA-1","2m","A","2","Other",-1.11786210850285,0.0777230569749742,0.260722026983442,-0.280667991931393
"CP018_2m_A_ATGTTCTGTGGAATGA-1","2m","A","5","Other",0.553062265549832,-0.33174253274108,-0.109359312054677,-0.197524544462085
"CP018_2m_A_ATGTTGAGTGGTATTA-1","2m","A","0","Other",0.578497643267763,-0.295617042685531,0.0172800216578264,-0.00315242104618119
"CP018_2m_A_ATTACAGGTAACGCCA-1","2m","A","0","Other",0.46427150273166,-0.332186227444529,-0.189270562507578,-0.289424887486357
"CP018_2m_A_ATTACAGGTGGGGCTT-1","2m","A","0","Other",0.270607420846663,-0.290847566949629,-0.0447263463617639,-0.219098207828923
"CP018_2m_A_ATTACCTGTAAGGCCC-1","2m","A","2","Other",-0.211600500027346,-0.264103640483595,-0.130620067344102,-0.146478424398291
"CP018_2m_A_ATTACCTGTACGGTGC-1","2m","A","6","Other",-0.512858786846262,1.2976644753145,0.212002172968937,-0.219592520338348
"CP018_2m_A_ATTATCCGTACCAGAT-1","2m","A","0","Other",-0.191119737688326,-0.254335796851643,-0.0143431603123219,0.20547209047199
"CP018_2m_A_ATTCAGAGTCCATAGG-1","2m","A","0","Other",0.340098344166135,-0.30607961465476,0.0086120180595049,-0.189378339469151
"CP018_2m_A_ATTCAGAGTGGTGTCA-1","2m","A","3","Other",-1.31076992983745,0.930457817799134,0.0871097774045744,-0.197822602528152
"CP018_2m_A_ATTCGGGGTAAAGCCT-1","2m","A","1","Other",-0.276391308865246,0.0884925448182972,0.140346506009651,0.0399934708458153
"CP018_2m_A_ATTGCCCGTATCTTCG-1","2m","A","0","Other",-0.128540299902497,-0.249732783633954,-0.113171073532156,-0.199823113993051
"CP018_2m_A_ATTGCGGGTCCTGATC-1","2m","A","0","Other",-0.0298431946124511,-0.258918136441905,-0.142987302310099,0.14486739922245
"CP018_2m_A_ATTGCTTGTCATAGGT-1","2m","A","0","Other",0.114960566429263,-0.265639421687438,-0.122134578032141,-0.158353661601026
"CP018_2m_A_ATTGCTTGTGCCATAG-1","2m","A","7","Other",0.104536973540726,-0.23192336948505,-0.102851901609128,0.0816419895918561
"CP018_2m_A_ATTGGTAGTAAGTGAG-1","2m","A","0","Other",0.698378910930029,-0.204026066348775,-0.158947037867526,-0.229102682001546
"CP018_2m_A_ATTGTCTGTAAGTTGC-1","2m","A","0","Other",0.554616828411842,-0.248436213031782,0.109356854180458,-0.239304754667023
"CP018_2m_A_ATTGTCTGTCACTAGG-1","2m","A","5","Other",0.147705980823364,-0.338824006740736,-0.170218412357222,-0.226163187358855
"CP018_2m_A_ATTGTCTGTGTGCAAT-1","2m","A","4","Other",-0.987909309686086,0.217238032467088,-0.0328898856671345,2.17011177995387
"CP018_2m_A_CAAAGCTGTAAGCGTT-1","2m","A","0","Other",0.177104046209988,-0.301063730621265,-0.122717134299064,-0.222971986541571
"CP018_2m_A_CAAAGGAGTCTCCGCA-1","2m","A","3","Other",-0.235517275937771,1.79964136820528,0.343867289012924,-0.193253607224416
"CP018_2m_A_CAACCTCGTATTGGTA-1","2m","A","0","Other",0.362691399766384,-0.296548769908591,-0.128161094951628,0.203517814860895
"CP018_2m_A_CAACGTGGTATAGGAG-1","2m","A","7","Other",0.0471481704595584,-0.329808449686501,0.125679931868184,-0.243293498571993
"CP018_2m_A_CAACGTGGTATGCAGT-1","2m","A","0","Other",0.481357522306843,-0.3522072099137,-0.1650862717886,0.0101250295479249
"CP018_2m_A_CAACGTGGTCATCGAG-1","2m","A","0","Other",0.333280771725932,-0.204783036028672,-0.144309339468726,-0.213583485150715
"CP018_2m_A_CAAGTTAGTATAGGAG-1","2m","A","8","Other",0.420529534580359,-0.242849278493076,-0.0267167729495909,-0.202170667859097
"CP018_2m_A_CAATATGGTAGGGGCA-1","2m","A","1","Other",-0.515030851901176,-0.187973989275512,0.130815197167119,-0.278419089784259
"CP018_2m_A_CAATATGGTGCCTTCG-1","2m","A","7","Other",0.409261095272031,-0.256816763487532,0.0560372985529569,-0.197726408938564
"CP018_2m_A_CAATCGGGTAGGCCGT-1","2m","A","5","Other",0.177569484053938,-0.306526599005802,-0.172853222147345,-0.233807232034382
"CP018_2m_A_CAATCGGGTGGTAGTT-1","2m","A","0","Other",-0.00721864612584078,-0.32560314840936,-0.161643188756933,-0.221560316786239
"CP018_2m_A_CAATGTAGTAAGTTGC-1","2m","A","0","Other",0.00796033625498516,0.0149158626908833,0.00573457448359582,0.0821295427628199
"CP018_2m_A_CAATGTAGTCACAGCA-1","2m","A","0","Other",0.309102661115156,-0.315528830950876,-0.153062001346318,-0.213617498272236
"CP018_2m_A_CAATGTAGTCATACTT-1","2m","A","0","Other",0.311977698971832,-0.179498030961483,-0.0690234590225395,-0.185403416609639
"CP018_2m_A_CAATTCTGTGGTTCAG-1","2m","A","6","Other",-1.27151324747411,1.7912156833161,0.230231205700508,0.00464620251303624
"CP018_2m_A_CAATTTCGTATGAGTC-1","2m","A","0","Other",0.202107741139817,-0.135734297183949,-0.0325317283178055,0.0329220935149845
"CP018_2m_A_CACACCTGTAACCGTG-1","2m","A","0","Other",-0.163916690692326,-0.00855373753311078,-0.158694777675104,-0.208637212458253
"CP018_2m_A_CACACCTGTCTCGCTG-1","2m","A","0","Other",0.521801316550678,-0.239870137183962,-0.125773987960373,-0.208715202822513
"CP018_2m_A_CACAGCAGTAAATCCA-1","2m","A","0","Other",-0.114555222520058,-0.280259055854462,0.116680974854267,-0.189496228399317
"CP018_2m_A_CACAGCAGTATTGAGC-1","2m","A","8","Other",0.583009441170885,-0.368296576956794,-0.0366339227851413,-0.217713218080711
"CP018_2m_A_CACATGGGTCAGTCTC-1","2m","A","8","Other",0.336314390717836,-0.315369447722546,-0.139440344697845,-0.225016971196945
"CP018_2m_A_CACATGGGTGGACGCT-1","2m","A","3","Other",-1.4455251552024,2.3212916499475,0.950770000863306,-0.262380152957684
"CP018_2m_A_CACCCATGTACATTTC-1","2m","A","0","Other",0.209761881023442,-0.308026531647233,-0.0555354847291837,-0.226241139802299
"CP018_2m_A_CACCCTGGTGGTAGGG-1","2m","A","0","Other",0.333606338608182,-0.350107467589692,0.24042223583764,0.099193320110141
"CP018_2m_A_CACCGCCGTCCTAGCT-1","2m","A","0","Other",0.305499593146933,-0.179723207846288,-0.145562776020317,-0.214077218911319
"CP018_2m_A_CACGAATGTACGAAAG-1","2m","A","0","Other",0.34711279958064,-0.294256560902203,-0.122827607261611,0.124856453640578
"CP018_2m_A_CACGAATGTACTGGGC-1","2m","A","6","Other",-1.1584638069142,0.617054487528806,0.117407320259648,-0.273181831049274
"CP018_2m_A_CACGCCCGTGTGTGCA-1","2m","A","4","HIV-Specific TCR",-1.05510500895465,1.83194551316987,0.760080495660114,0.344817099248456
"CP018_2m_A_CACGCGGGTAGCGGTC-1","2m","A","4","Other",-1.01812390498267,-0.102645968110516,-0.202437469509562,1.01155588623868
"CP018_2m_A_CACGCGGGTCACCCTG-1","2m","A","4","Other",-0.812007900820261,1.08208647239475,0.139190471549445,1.76378541165949
"CP018_2m_A_CACGCTTGTGTACTCC-1","2m","A","0","Other",0.0235514462707012,-0.303923894155444,-0.0374057109510496,-0.235489008108054
"CP018_2m_A_CACGGCGGTAGAGTAG-1","2m","A","8","Other",0.238807407342936,-0.194526159994156,-0.153106104531066,-0.210734895929244
"CP018_2m_A_CACGGGTGTACTGGGC-1","2m","A","0","Other",0.0828582654767158,-0.0985054732511368,-0.0616243964655481,-0.246170607026643
"CP018_2m_A_CACGTAGGTAGTCTGG-1","2m","A","0","Other",0.552389824703818,-0.312429585475974,-0.167796669829956,-0.203060981195876
"CP018_2m_A_CACGTAGGTGTGGTGC-1","2m","A","7","Other",0.0423477619865043,-0.184980227609315,-0.140812777856505,-0.230524467820626
"CP018_2m_A_CACTAGGGTAACGTCG-1","2m","A","6","Other",-0.155356061885543,-0.328937131495915,-0.150094457582662,-0.0892522588355298
"CP018_2m_A_CACTAGGGTAAGGGAC-1","2m","A","7","Other",0.590790339792734,-0.197453520922219,-0.0455578617364272,-0.267989760349179
"CP018_2m_A_CACTAGGGTCTCGATC-1","2m","A","0","Other",0.838939475230434,-0.339202062564919,-0.225000802940106,-0.267605095502914
"CP018_2m_A_CACTTATGTACTTCAT-1","2m","A","4","Other",-1.29450920099968,1.57490276120907,0.238843593781767,1.71508888006992
"CP018_2m_A_CACTTATGTGCCTGGG-1","2m","A","0","Other",0.298006097110845,-0.311459193100267,-0.0318850827254555,-0.237183272643122
"CP018_2m_A_CAGCAATGTGCCCGAG-1","2m","A","5","Other",0.277917974586321,-0.289067549100727,-0.00955820476050488,0.178430842314418
"CP018_2m_A_CAGCCCCGTATCTGGG-1","2m","A","0","Other",0.365691217978381,-0.2639083512699,-0.00930594743343041,0.0823610657320652
"CP018_2m_A_CAGCCCCGTCGACTTC-1","2m","A","8","Other",-0.0410928999062585,-0.320056476402853,-0.137379678092024,0.0150784485833746
"CP018_2m_A_CAGCCCCGTCTTAGCC-1","2m","A","0","Other",0.666423963066448,-0.00400069940987241,-0.140157733587203,-0.222643509522288
"CP018_2m_A_CAGCCTTGTAGAGAAT-1","2m","A","4","HIV-Specific TCR",-1.14189649060923,1.05027594244822,0.749688623877041,0.715395252826588
"CP018_2m_A_CAGCCTTGTATCATTC-1","2m","A","0","Other",0.624616312964893,-0.213363331650786,-0.157419391945391,-0.0295878223445473
"CP018_2m_A_CAGCGGTGTAAAGCCT-1","2m","A","0","Other",0.14805977506625,-0.111087204839737,-0.130502288485491,-0.208331679048569
"CP018_2m_A_CAGCGGTGTAGGGTAA-1","2m","A","4","Other",-1.381377110928,1.4950345580282,0.442803191556513,0.559975127946347
"CP018_2m_A_CAGCGTAGTCTTGATT-1","2m","A","0","Other",-0.0423071083343043,-0.317404074959882,-0.157057082920863,-0.171228644448762
"CP018_2m_A_CAGGCCGGTCTCCTGG-1","2m","A","0","Other",0.299299566297554,0.094597624682654,-0.159957882281506,0.0351061101031579
"CP018_2m_A_CAGGCCGGTGGAAAGC-1","2m","A","1","Other",-0.852651903324368,-0.291254059508032,-0.0125905243266408,-0.204010051305073
"CP018_2m_A_CAGGCCGGTGGCGATC-1","2m","A","3","Other",-0.130034716860448,1.03005644380171,0.5820305145529,-0.231973144105702
"CP018_2m_A_CAGGGTCGTACTGCGA-1","2m","A","5","Other",0.0728261162668467,-0.16630994191776,-0.126557801584053,0.0500194492318663
"CP018_2m_A_CAGGGTCGTGTCTGAG-1","2m","A","4","Other",-0.90096405140162,-0.0517908395062732,-0.226545810748222,1.43710608455996
"CP018_2m_A_CAGGTGCGTACTTTCG-1","2m","A","6","Other",-0.0220965923715961,-0.335768154364201,-0.166825393550645,0.0310941200806095
"CP018_2m_A_CAGGTGCGTGCTGGGT-1","2m","A","0","Other",-0.230706069235039,-0.328171150681518,-0.148445052501619,0.0570474806044054
"CP018_2m_A_CAGTATAGTAACAGAG-1","2m","A","0","Other",-0.467090799554515,-0.188519634480022,-0.0833537428383776,-0.112414919422623
"CP018_2m_A_CAGTATAGTATATGGC-1","2m","A","0","Other",0.139917309776843,-0.144942546620156,0.135784372285945,-0.213132381792546
"CP018_2m_A_CAGTATAGTATCTGGG-1","2m","A","1","Other",0.0988495771572782,-0.282335327376395,0.228759408785496,-0.254822370364777
"CP018_2m_A_CAGTCAGGTGGTATGT-1","2m","A","0","Other",0.228764703845977,-0.203603848620257,-0.160907599611701,-0.21798697919973
"CP018_2m_A_CAGTCTCGTCAGGTGC-1","2m","A","8","Other",0.194401256783214,-0.2746620494217,-0.00186343723362886,-0.179326251942633
"CP018_2m_A_CAGTGCAGTAATGGAG-1","2m","A","0","Other",0.404137737356047,-0.26544253289903,-0.169977082075729,-0.245323708145827
"CP018_2m_A_CAGTTAAGTGTCGGCG-1","2m","A","0","Other",0.243022524743912,-0.193317776005004,-0.02078870527888,0.0207555596280339
"CP018_2m_A_CAGTTGGGTATTGCTT-1","2m","A","3","Other",-0.975792935836085,2.73312236417316,0.883921305679155,-0.251311707456628
"CP018_2m_A_CAGTTGGGTATTGTCT-1","2m","A","6","Other",0.450783125722426,-0.336532597465537,-0.163321712507083,-0.259336925023355
"CP018_2m_A_CATACAAGTCAGCATG-1","2m","A","2","Other",-0.0784804810201041,0.0115915430688128,-0.0320178005444185,0.0149762335287671
"CP018_2m_A_CATACAAGTCATAGGT-1","2m","A","8","Other",0.362693406710968,-0.190233624473274,0.0441460519527542,-0.165373749328743
"CP018_2m_A_CATACAAGTGGTTTAA-1","2m","A","3","Other",-0.760497568484971,1.42877883149621,0.0699394085619591,-0.184347471034447
"CP018_2m_A_CATACGGGTAGTCTCC-1","2m","A","0","Other",0.809476659063666,-0.25831134101558,-0.149556831437945,-0.174689320687781
"CP018_2m_A_CATAGCGGTGTAGAAG-1","2m","A","0","Other",0.587110641576615,-0.302684321449252,-0.0221305205750522,-0.163012764932693
"CP018_2m_A_CATAGCGGTGTGTTAA-1","2m","A","4","Other",-0.925295127365017,0.650569697965804,0.114725174800947,0.485093414967756
"CP018_2m_A_CATAGGTGTCCTATTG-1","2m","A","7","Other",0.195981871377346,-0.122428580383461,0.189050434376018,-0.156689736504217
"CP018_2m_A_CATAGTAGTAGCCAGC-1","2m","A","7","Other",0.409521154726928,-0.0104784090020263,-0.111897202772866,-0.17783923165857
"CP018_2m_A_CATATTCGTGGGAGTG-1","2m","A","0","Other",0.23863257924514,-0.297733090908277,-0.1457135587242,0.0232539473190617
"CP018_2m_A_CATCAGGGTACAGTTA-1","2m","A","0","Other",0.50523539615832,-0.086535821887125,-0.07332014879317,-0.0767363909243392
"CP018_2m_A_CATCATTGTCTCCGCA-1","2m","A","4","Other",-0.94888040513008,0.445135897827445,0.144600353871027,1.01519451446663
"CP018_2m_A_CATCGAGGTATTCGTT-1","2m","A","0","Other",0.723404757131951,-0.114830358123096,-0.141706007035425,-0.220509252823101
"CP018_2m_A_CATCGGAGTACACTCC-1","2m","A","0","Other",-0.0175819011627751,-0.276575463060934,-0.128137736027671,-0.201118149376878
"CP018_2m_A_CATCTATGTCCTTTAG-1","2m","A","6","Other",-0.613852462858985,0.340266064661472,-0.0672565360993998,-0.00183314659757217
"CP018_2m_A_CATCTCAGTATCTCGC-1","2m","A","0","Other",0.558206669337321,0.0241928056415347,0.0431379415494595,-0.192209533881746
"CP018_2m_A_CATCTCAGTCTGCAAG-1","2m","A","0","Other",-0.0822532172859167,-0.272609456906418,-0.149787371393692,-0.217816811376097
"CP018_2m_A_CATCTTGGTGGCGGTT-1","2m","A","0","Other",0.204116919589628,-0.357102847656816,-0.0990191630138096,-0.0840186773960555
"CP018_2m_A_CATGCAGGTAAATGGG-1","2m","A","5","Other",0.482681035034987,-0.242186645278816,-0.0996383853078456,-0.153572345602417
"CP018_2m_A_CATGCAGGTCTGCGCC-1","2m","A","6","Other",-1.21718349551453,1.61805642927275,-0.0918748553259747,-0.0722177104775194
"CP018_2m_A_CATGCAGGTGCCCCTA-1","2m","A","4","HIV-Specific TCR",-1.25952702818905,1.32647042115978,0.421761416821431,0.648934673396151
"CP018_2m_A_CATGGGCGTAGAGAAT-1","2m","A","4","Other",-0.773079037729654,2.05957468625718,1.22300515832687,0.120078269381578
"CP018_2m_A_CATGTCCGTAACGAAG-1","2m","A","4","Other",-1.02563356096648,1.17460746402242,1.08027317047622,0.843252624290519
"CP018_2m_A_CATGTCCGTCGGTATG-1","2m","A","0","Other",-0.25455883268768,-0.270717328079953,-0.107659481884732,0.0709927832303928
"CP018_2m_A_CATGTCCGTGCACAGC-1","2m","A","0","Other",0.0298940945793165,-0.279718407000055,-0.122178974203911,-0.157822252572954
"CP018_2m_A_CATGTGGGTCAGCAAT-1","2m","A","6","Other",0.312187116639784,-0.167634516437827,-0.139650314240259,-0.209595786256348
"CP018_2m_A_CATGTGGGTCTAAATG-1","2m","A","0","Other",0.0744795039712196,-0.293836545568862,0.0328975560744496,-0.221505999042886
"CP018_2m_A_CATGTGGGTGGAATTC-1","2m","A","0","Other",0.228298760827164,-0.148441336803204,-0.143658007886322,-0.166835483561782
"CP018_2m_A_CATGTGGGTGTGGTGC-1","2m","A","0","Other",-0.0343434830627951,0.00192281338339834,0.0795794537447075,0.0263132118231433
"CP018_2m_A_CATTATCGTCTGGCTT-1","2m","A","0","Other",0.0595770537794751,-0.260269144654473,-0.116122239736127,0.0814644843068428
"CP018_2m_A_CATTATCGTGGGGTAG-1","2m","A","4","Other",-0.766617811493987,-0.165166311025193,0.137878756759677,1.94939224590869
"CP018_2m_A_CATTATCGTGTTACGG-1","2m","A","6","Other",-0.206750351882539,-0.311485170920959,-0.109367208309335,-0.189971468500879
"CP018_2m_A_CATTCCAGTATCTGTT-1","2m","A","6","Other",-0.615658796021661,0.165271663583744,0.179671795191132,-0.23113817843535
"CP018_2m_A_CATTCCAGTCAGCGGT-1","2m","A","2","Other",-0.879681519005734,0.324052198335573,0.168121300289889,-0.0376820662287776
"CP018_2m_A_CATTCTGGTCCAGATG-1","2m","A","8","Other",0.460020686766778,-0.137930553325022,-0.0773195259854401,-0.213078435388908
"CP018_2m_A_CATTGGGGTAACGAAG-1","2m","A","7","Other",0.331992389685954,-0.151407272856395,-0.0296835027552195,-0.22201721622877
"CP018_2m_A_CATTGGGGTAGTTTAG-1","2m","A","0","Other",0.346173712574102,-0.027457891913449,-0.0825169456819021,-0.0808463549118799
"CP018_2m_A_CATTGGGGTATCAGTA-1","2m","A","0","Other",0.260079204997347,-0.0838473631357856,0.12898026580913,-0.203450310639103
"CP018_2m_A_CATTGGGGTCCGTCGC-1","2m","A","0","Other",-0.220273835460446,-0.257720483760816,-0.134898763993602,-0.152790300063739
"CP018_2m_A_CCAAAGTGTACTATGA-1","2m","A","2","Other",-0.816428769484648,0.526172634416605,0.344813422962989,-0.254057642167645
"CP018_2m_A_CCAAAGTGTGGTTTCC-1","2m","A","8","Other",-0.227709961800921,-0.236047508283939,-0.124677149394259,0.392063029663272
"CP018_2m_A_CCAACGAGTCTGGCTT-1","2m","A","6","Other",0.269032285775317,-0.222720972220562,-0.149163177481353,0.0125505524206903
"CP018_2m_A_CCAAGATGTATGTTAG-1","2m","A","0","Other",0.11762354210343,-0.308187987310968,-0.0199607996146913,0.333463770995976
"CP018_2m_A_CCACGGGGTCCGACAA-1","2m","A","0","Other",0.347069408836779,-0.315631339029024,-0.157533615979793,-0.21032564132577
"CP018_2m_A_CCACGTTGTCACTATT-1","2m","A","0","Other",0.271450171594337,-0.282735808476636,-0.12829384711017,0.0553764384088981
"CP018_2m_A_CCAGAATGTAACAGGA-1","2m","A","4","HIV-Specific TCR",-0.959872055196885,0.30008838694611,0.482311576550684,0.755090281995603
"CP018_2m_A_CCAGCTTGTCCAGTGA-1","2m","A","0","Other",0.28377334417369,-0.163465772405579,-0.15230521375759,-0.184417339541553
"CP018_2m_A_CCAGGGTGTGCCTGGG-1","2m","A","1","Other",-0.276850051765471,-0.321004729930907,-0.0581240947885387,-0.225083644217451
"CP018_2m_A_CCAGTAGGTATGGTCG-1","2m","A","0","Other",0.32844131171432,-0.318194889075278,-0.0365431826527118,-0.231585378994087
"CP018_2m_A_CCAGTAGGTCAGCGGT-1","2m","A","6","Other",-0.73996529391586,0.596600473481736,0.177275889526585,-0.23807572444892
"CP018_2m_A_CCAGTAGGTGGAAATG-1","2m","A","0","Other",0.104322607641375,-0.241789427139994,-0.160737390366851,-0.245460671519479
"CP018_2m_A_CCAGTGAGTAGTACGT-1","2m","A","0","Other",0.32543611802405,0.0241744145708552,0.00568771231278675,-0.23056708760033
"CP018_2m_A_CCAGTTCGTCAATTAG-1","2m","A","6","Other",-0.748374999993981,1.72060590540565,-0.122798056764616,0.117829531889031
"CP018_2m_A_CCATAGGGTAGACGGG-1","2m","A","0","Other",0.454251927330015,-0.342085734111395,-0.18300156587232,-0.255290586824709
"CP018_2m_A_CCATAGGGTCTATCGC-1","2m","A","2","Other",-0.0673959459642199,0.339819052151863,0.0654237732590922,0.17864943205247
"CP018_2m_A_CCATATTGTAAAGTGG-1","2m","A","6","Other",-0.66768899294293,2.32920542027196,0.0268400045656527,-0.154113134946147
"CP018_2m_A_CCATCCGGTAGTCGCA-1","2m","A","0","Other",0.0544978442074362,-0.211101862509075,0.100059257567519,-0.103331452620186
"CP018_2m_A_CCATCCGGTGTAGAAG-1","2m","A","1","Other",-0.291640824440752,-0.354983339709349,-0.0630635233900539,-0.272799455675695
"CP018_2m_A_CCATCCGGTGTTAGCG-1","2m","A","0","Other",0.111514122963868,-0.0757032000526189,-0.139739983296822,-0.209552911694501
"CP018_2m_A_CCATGCTGTCATACGG-1","2m","A","8","Other",0.138118749401585,-0.29353016570192,-0.14018776791904,-0.212234535881949
"CP018_2m_A_CCATGCTGTCATTAAG-1","2m","A","4","HIV-Specific TCR",-0.249180710027177,0.426386343202847,0.0932584400215239,1.86932410239375
"CP018_2m_A_CCATGCTGTGGTGGAG-1","2m","A","0","Other",0.3514782170744,-0.332284509256728,-0.16214586488212,-0.257741884473231
"CP018_2m_A_CCATTTGGTAATTGTG-1","2m","A","0","Other",-0.0608861688995108,-0.297132677468472,-0.174324205589357,0.00539290464686465
"CP018_2m_A_CCATTTGGTGCCTCTG-1","2m","A","0","Other",0.117463273787235,-0.329026711510626,-0.174505532993858,-0.258359474016814
"CP018_2m_A_CCCAAAGGTCAGGTAT-1","2m","A","0","Other",0.446021631062374,-0.225943137273794,-0.0161055527149181,-0.158326104252061
"CP018_2m_A_CCCAATCGTAACATGC-1","2m","A","0","Other",0.0206292048684376,-0.154341978977959,-0.128584252685473,-0.17918901657465
"CP018_2m_A_CCCAATCGTCCAACCT-1","2m","A","0","Other",0.0885876275806703,-0.275131622668436,-0.136835670713404,-0.217699370129774
"CP018_2m_A_CCCAATCGTCCGTCGC-1","2m","A","0","Other",0.0531125221233066,-0.165613115263125,0.0705665529437093,-0.217490477969076
"CP018_2m_A_CCCATGTGTAGGACCC-1","2m","A","0","Other",0.0970083924897065,-0.209257958303821,-0.163607631780195,-0.233065052479434
"CP018_2m_A_CCCATGTGTCTTGGAG-1","2m","A","0","Other",0.26718286483397,-0.0514343855263307,-0.16447235310732,-0.224244036878027
"CP018_2m_A_CCCTAGTGTGGGTTAT-1","2m","A","6","Other",-0.685198414150376,0.620467807730161,0.097580009514351,0.071572775625841
"CP018_2m_A_CCCTGATGTAGGCCCG-1","2m","A","0","Other",-0.0807977719906243,-0.290280142402295,-0.10954874649674,-0.167390237681876
"CP018_2m_A_CCCTGTGGTGTCGTCT-1","2m","A","7","Other",0.16958937372555,-0.300698431323899,-0.154834095810499,0.0570100952628048
"CP018_2m_A_CCGAAATGTCTAAAGC-1","2m","A","6","Other",0.0574349559710905,-0.295885388519996,-0.134046787201865,-0.201177152821591
"CP018_2m_A_CCGAATGGTCAGGTAT-1","2m","A","3","Other",-0.466622716753343,1.92436040138152,0.253020583600806,-0.196169638781044
"CP018_2m_A_CCGATAGGTGTGGTGC-1","2m","A","0","Other",0.549144902984098,-0.356145604879061,-0.18611650144387,-0.19115092020057
"CP018_2m_A_CCGCATTGTATTGGGT-1","2m","A","6","Other",-0.670142554660521,1.33233685630739,-0.075240769782348,-0.0461016454119537
"CP018_2m_A_CCGCTATGTCATACTT-1","2m","A","0","Other",0.244279929040653,-0.0584902845135493,-0.135427043756038,0.0499993541496536
"CP018_2m_A_CCGCTTGGTAATTTGG-1","2m","A","4","Other",-1.03912193649041,1.31237286853564,0.708590328717361,0.484816059876018
"CP018_2m_A_CCGCTTGGTGTAGCGC-1","2m","A","3","Other",-0.0263832715703189,0.715772094616436,-0.0771000543096539,-0.244413182450643
"CP018_2m_A_CCGGCCTGTCCTTATG-1","2m","A","5","Other",-0.410865735110544,-0.103819007685938,-0.105203517803641,-0.170644766031758
"CP018_2m_A_CCGGCCTGTGCTATAA-1","2m","A","0","Other",0.29261877591558,-0.0843639614822777,-0.0610010942943906,0.0626966474920885
"CP018_2m_A_CCGTCCAGTCATCTCA-1","2m","A","6","Other",0.0886936064984698,-0.18264498700407,-0.136692351522058,-0.198858776282074
"CP018_2m_A_CCGTCCAGTCCACGTT-1","2m","A","0","Other",0.402484816632688,-0.241742057847284,-0.135315584266556,-0.217118560181314
"CP018_2m_A_CCGTCCAGTGTTATAG-1","2m","A","3","Other",-1.14050341806066,0.734570894093901,0.154762941203637,-0.273613235146658
"CP018_2m_A_CCGTCGCGTATACAGC-1","2m","A","4","Other",-1.34962771624903,1.3928529732068,0.214377495269401,1.82464470881118
"CP018_2m_A_CCGTTTAGTCATGGAT-1","2m","A","0","Other",0.163507357195387,-0.283368069051998,-0.133579347029021,-0.175391843814197
"CP018_2m_A_CCGTTTAGTGGCGAAG-1","2m","A","0","Other",0.470221870753288,-0.308302188412085,-0.0686169299122454,-0.218812410129534
"CP018_2m_A_CCTAATTGTAGCAGTT-1","2m","A","0","Other",0.169183755089562,-0.275581457715144,-0.128653390063628,-0.0152183767422894
"CP018_2m_A_CCTAATTGTGCTGTCT-1","2m","A","8","Other",0.095083021461551,-0.297923186638605,-0.138264246466373,-0.204820363762976
"CP018_2m_A_CCTACGTGTAACTTCT-1","2m","A","0","Other",0.238475311412812,-0.337826028512641,-0.153016102980235,-0.219597614188602
"CP018_2m_A_CCTACGTGTGGTATTA-1","2m","A","0","Other",0.695423340831135,-0.322824229045238,0.00636098383087449,0.0949625314489458
"CP018_2m_A_CCTAGAGGTCCTTCGG-1","2m","A","4","HIV-Specific TCR",-1.24494359291446,1.86708303671985,0.693887107028908,0.614797749808069
"CP018_2m_A_CCTAGTCGTCTACTAT-1","2m","A","0","Other",0.409989277142439,-0.295912888399691,-0.142480253362824,-0.229058917097502
"CP018_2m_A_CCTATGCGTCCAGGGT-1","2m","A","5","Other",0.123497253373455,-0.365112652567322,-0.19521191814161,-0.21502641567553
"CP018_2m_A_CCTATTGGTAACGAGA-1","2m","A","0","Other",0.403765294554133,-0.349844415066148,-0.132919449933495,-0.0430133357279414
"CP018_2m_A_CCTCATAGTGCCTTCG-1","2m","A","0","Other",0.22535058726978,-0.176091738921238,-0.147855340206063,-0.197103804731407
"CP018_2m_A_CCTCGATGTCTCCGCA-1","2m","A","7","Other",0.355332043414513,-0.231288622965991,-0.106789785926834,-0.192602915620699
"CP018_2m_A_CCTCTCCGTACGCAAT-1","2m","A","0","Other",0.13145982373758,-0.347902873108254,-0.164464373579096,-0.234702781646409
"CP018_2m_A_CCTCTGGGTGTAGCAT-1","2m","A","0","Other",0.504457711927068,-0.376163432077361,-0.0812134415396077,0.239816601837498
"CP018_2m_A_CCTGCGCGTACGGATT-1","2m","A","0","Other",0.291005834841347,-0.192057577939945,-0.158828954309448,0.0375587120054011
"CP018_2m_A_CCTGTACGTACGCCGG-1","2m","A","0","Other",0.501338142047449,-0.303425312023141,-0.148124156429975,0.295253286097269
"CP018_2m_A_CCTGTCGGTATCAGTA-1","2m","A","0","Other",0.378185262541521,0.011846131090345,-0.133342971114275,-0.22675135754519
"CP018_2m_A_CCTGTCGGTCAGCGTA-1","2m","A","0","Other",0.354789845035113,0.0128735340930529,-0.132070052441063,0.0934648384967003
"CP018_2m_A_CCTTAATGTAGTCTGG-1","2m","A","4","Other",-1.38484082622821,2.21491165827216,0.46806154163169,0.574784036744405
"CP018_2m_A_CCTTAATGTCATTAAG-1","2m","A","0","Other",0.0405815354128352,-0.198835952505133,-0.160329954040643,-0.257413690343028
"CP018_2m_A_CCTTAATGTCCTTGTA-1","2m","A","4","Other",-0.856791531769603,0.0822157746859568,0.114696123228152,0.83222300817995
"CP018_2m_A_CCTTAATGTGGTCAGC-1","2m","A","0","Other",0.500863854925615,-0.223699663354727,-0.0708751316322536,-0.0411333983118635
"CP018_2m_A_CCTTAATGTGTTGCAG-1","2m","A","0","Other",0.0524747145751263,-0.161971459288106,-0.142614899760738,0.0464318360592078
"CP018_2m_A_CCTTATGGTATGGCGC-1","2m","A","0","Other",0.0356872039015175,-0.278140829751733,-0.118964375169162,-0.207889634201749
"CP018_2m_A_CCTTATGGTGGCCCCT-1","2m","A","1","HIV-Specific TCR",-0.22070960935396,0.987108258560473,-0.175828917558144,-0.217536827330291
"CP018_2m_A_CCTTATGGTGTGGGCT-1","2m","A","0","Other",0.298921851619655,-0.107405134284882,-0.130620372334195,-0.173236723935982
"CP018_2m_A_CCTTCCCGTGGGTATT-1","2m","A","0","Other",0.373281575595074,-0.350395007917694,0.0216828995148245,-0.228143604012681
"CP018_2m_A_CCTTCGGGTACTATTC-1","2m","A","0","Other",-0.16706820710074,-0.200839836706153,-0.132237384518863,0.167197540640134
"CP018_2m_A_CCTTGCGGTCTATCCA-1","2m","A","5","Other",0.401365648992417,-0.128679024873653,-0.128529560519003,-0.197106631787869
"CP018_2m_A_CCTTGCGGTCTCTAAT-1","2m","A","0","Other",0.280071533375219,-0.251521949754544,-0.130773952952127,0.101867678556119
"CP018_2m_A_CCTTGCGGTGTTCGTC-1","2m","A","2","Other",-0.786919338248424,0.876901620058514,0.180803096951481,-0.111849317950266
"CP018_2m_A_CCTTGTAGTCACTCCG-1","2m","A","1","Other",-0.812125837231546,-0.0661686003935548,0.374642695175584,-0.305069200916421
"CP018_2m_A_CGAAGCCGTCACCCTG-1","2m","A","8","Other",0.0665291052735055,-0.319053734433047,-0.0492750583256644,-0.214201358505426
"CP018_2m_A_CGAAGCCGTCACTCCG-1","2m","A","0","Other",0.324539065127937,-0.0245050897041901,0.0626753864519616,-0.197391283793861
"CP018_2m_A_CGAAGGGGTGTAAGGA-1","2m","A","0","Other",0.46375340520325,-0.136151569508738,-0.190924098978369,-0.224996525221467
"CP018_2m_A_CGAAGTTGTACATCTT-1","2m","A","7","Other",-0.106153433300251,-0.289912275931798,-0.0134560978714647,-0.213930845003045
"CP018_2m_A_CGACAGCGTGGACGCT-1","2m","A","8","Other",0.342709090006181,-0.239490883856349,-0.0605788757803165,-0.185774559646905
"CP018_2m_A_CGACAGCGTGTATCTT-1","2m","A","6","Other",0.336682415339962,-0.317768438480506,-0.143283049806644,-0.246982292109273
"CP018_2m_A_CGACCCCGTCTTATGT-1","2m","A","0","Other",0.154241659621853,-0.152802323949954,-0.147176693032688,-0.0457415994771055
"CP018_2m_A_CGACGTAGTCTCGCCA-1","2m","A","6","Other",-1.18287907821496,2.57349250934555,0.467910643200143,-0.295527181773843
"CP018_2m_A_CGACTAGGTGGGATGG-1","2m","A","3","HIV-Specific TCR",-1.11473291333542,1.86884398429084,0.380361203567367,-0.26617093917107
"CP018_2m_A_CGAGCGTGTATGCTGG-1","2m","A","4","Other",-0.792749469022513,0.698326825980086,0.321988101106955,0.0249004034221543
"CP018_2m_A_CGAGGCTGTGGCCCCT-1","2m","A","6","Other",0.44874775524093,-0.344429081766073,-0.166754344167434,-0.247396213926722
"CP018_2m_A_CGAGGGAGTGGCTAAT-1","2m","A","0","Other",0.590259211368674,-0.313199616117966,-0.0599168719055951,-0.241005874225418
"CP018_2m_A_CGAGTGCGTCGTCAGA-1","2m","A","1","Other",0.351988052170385,-0.0851503888315124,-0.165333528194716,-0.265980832126642
"CP018_2m_A_CGATAGTGTCAGCTCT-1","2m","A","8","Other",0.041552528299879,-0.237789567621324,-0.14041246962121,0.0979447830493644
"CP018_2m_A_CGATAGTGTCCAGGGT-1","2m","A","6","Other",0.093006982490641,-0.196039506881942,-0.0358640056656871,0.0307431877773518
"CP018_2m_A_CGATAGTGTGTTGTAA-1","2m","A","5","Other",0.0728584018721032,-0.245765267889723,-0.0451646045174599,-0.20137148630484
"CP018_2m_A_CGATCAGGTCATGTCC-1","2m","A","0","Other",0.280912719324192,-0.26619946056741,-0.111397137085122,-0.165466092344553
"CP018_2m_A_CGATGATGTCGTTGCT-1","2m","A","0","Other",0.219594244743408,-0.298528065131601,-0.14111282953803,-0.223358067893076
"CP018_2m_A_CGATTCCGTAATTCCT-1","2m","A","0","Other",0.387410087488967,-0.319639055879904,0.00324467296015468,0.0541541888371934
"CP018_2m_A_CGATTCCGTCCGTTGT-1","2m","A","0","Other",-0.170031938431869,-0.254884855983059,-0.110261797612664,0.0950721604096884
"CP018_2m_A_CGCACCCGTCTGTCTA-1","2m","A","0","Other",0.154323066267669,-0.313966830578289,0.297430270341561,-0.0147687406982242
"CP018_2m_A_CGCACCCGTGTGTCTC-1","2m","A","6","Other",-0.401267691944679,-0.247954327116868,-0.128020353678529,-0.159726170232667
"CP018_2m_A_CGCATAGGTACTTAAG-1","2m","A","1","Other",-0.0950334389393586,-0.0424364225532646,0.0341242897560362,0.0732998953369048
"CP018_2m_A_CGCATAGGTATCTGGG-1","2m","A","0","Other",0.521570595793851,-0.318698720900706,-0.155325199881516,-0.21292680727503
"CP018_2m_A_CGCATCTGTCGTGAGC-1","2m","A","0","Other",0.183947090242704,-0.336657178065748,-0.134395862102001,-0.202901750311828
"CP018_2m_A_CGCATTCGTAATTTGG-1","2m","A","6","Other",-0.118005677323661,-0.323611696574252,-0.124566484837012,-0.23923473159653
"CP018_2m_A_CGCATTCGTGCGGGTT-1","2m","A","3","HIV-Specific TCR",-1.13197701430926,1.88573026706105,0.342104022952452,-0.143391931072382
"CP018_2m_A_CGCCATTGTCAGTAGT-1","2m","A","0","Other",0.599270998648168,-0.323463522834845,-0.152215066934562,-0.168677210031786
"CP018_2m_A_CGCCATTGTCTAATCT-1","2m","A","0","Other",0.333961849834121,-0.211593532575553,-0.159732705383908,-0.0180389885188998
"CP018_2m_A_CGCCCGTGTGGCATGC-1","2m","A","6","Other",-0.222323752986752,0.444808369661149,-0.0590434974308816,-0.276479287113964
"CP018_2m_A_CGCCGTCGTGGGCGTT-1","2m","A","0","Other",0.0941123899818281,-0.274192503789944,0.00257534029416855,-0.191320353567505
"CP018_2m_A_CGCGCTCGTCTCTAGC-1","2m","A","6","Other",-0.931849361667015,0.845288628199351,-0.0259670906246593,0.208273088171616
"CP018_2m_A_CGCGGATGTCGTAGTG-1","2m","A","6","Other",-1.3605702958119,1.23231996279755,0.00821241666979572,-0.00179799723397814
"CP018_2m_A_CGCGGATGTGCCTTTA-1","2m","A","8","Other",0.129375577348499,-0.23629884902851,-0.125779733891443,-0.152815674130246
"CP018_2m_A_CGCGTAAGTCAATTAG-1","2m","A","4","Other",-0.556094898288408,-0.143795903541179,-0.12020150467683,1.99825734744477
"CP018_2m_A_CGCTATCGTAAGTGCT-1","2m","A","6","Other",-1.2390192086865,1.26986187534882,-0.176966707707525,0.0197312214683323
"CP018_2m_A_CGCTATCGTATATGTG-1","2m","A","4","Other",-0.590429613858423,0.77620250597057,0.501845532848275,0.292929773626843
"CP018_2m_A_CGCTCGCGTCAGTAGT-1","2m","A","1","Other",-0.917827343634688,0.124934110416265,0.0560312413034343,-0.31257443339175
"CP018_2m_A_CGCTCTGGTAGCATCG-1","2m","A","1","Other",0.133945673123271,0.0833078849735124,0.116287987988989,0.22568545997341
"CP018_2m_A_CGCTGCCGTCAGGTGC-1","2m","A","6","Other",-1.06979200697863,1.33597384090888,-0.0048360263171649,0.103952494025844
"CP018_2m_A_CGCTGCCGTCATACAA-1","2m","A","6","Other",0.0285434577957788,0.0627935738199277,-0.126078398592221,0.20549063027576
"CP018_2m_A_CGCTGCCGTGGATTCG-1","2m","A","1","Other",-0.456786799663523,-0.221797293485199,0.0478531430569763,-0.218877651677787
"CP018_2m_A_CGCTGCCGTGGTAGCC-1","2m","A","1","Other",-0.135826348646141,-0.345995746402059,-0.180694563401484,-0.225953096399647
"CP018_2m_A_CGCTGGGGTACTGCGA-1","2m","A","0","Other",0.121745455514488,-0.31296396260657,0.0424891564262317,-0.248742470259133
"CP018_2m_A_CGCTTCGGTAATACTG-1","2m","A","3","HIV-Specific TCR",-1.20978741130664,2.22178554126703,0.177332118294164,-0.199991190227948
"CP018_2m_A_CGCTTTAGTGGATGTT-1","2m","A","0","Other",0.454118136718686,-0.27853732992012,0.00444408181898084,-0.196370350613338
"CP018_2m_A_CGCTTTAGTGTTACCC-1","2m","A","5","Other",-0.0103599180555973,-0.31705111238407,-0.161108763330708,-0.187190785887909
"CP018_2m_A_CGGAATTGTATCATGA-1","2m","A","1","Other",-0.455099579990979,-0.373117782964699,0.136699233257158,-0.291752737878513
"CP018_2m_A_CGGATATGTAGTCGAT-1","2m","A","1","Other",-0.363765936049917,0.397545626305574,0.232183949822831,0.015303053238138
"CP018_2m_A_CGGCTCCGTGGTTGTG-1","2m","A","0","Other",0.116900504480896,-0.312690380042757,-0.143038704968728,0.151492499417731
"CP018_2m_A_CGGGCATGTGCTTGCT-1","2m","A","0","Other",0.657882931046758,-0.206316886325058,-0.169833436144458,0.00998144584257893
"CP018_2m_A_CGGGGTTGTACATTTC-1","2m","A","0","Other",0.56933715307609,-0.304499443184141,0.262232664237295,-0.205502705653113
"CP018_2m_A_CGGGGTTGTACTTCTG-1","2m","A","8","Other",0.432259636973146,-0.285421554693782,-0.027876067561354,-0.215755578132414
"CP018_2m_A_CGGGGTTGTCCAGAAT-1","2m","A","0","Other",0.451560297212523,-0.283850869865742,-0.138377132749947,-0.212233466098466
"CP018_2m_A_CGGGGTTGTGGATATC-1","2m","A","4","Other",-1.31119484652111,2.39139719809758,0.71258863169404,1.07193540139452
"CP018_2m_A_CGGGTTAGTCATACGG-1","2m","A","0","Other",0.390789173908449,-0.216611211001454,-0.164658330192879,-0.205446290828116
"CP018_2m_A_CGGGTTAGTCGTATGG-1","2m","A","8","Other",0.033760880477995,-0.289602598451553,-0.154474083846422,-0.199134901271359
"CP018_2m_A_CGGGTTAGTGTAGAAG-1","2m","A","4","HIV-Specific TCR",-0.779707142169836,0.177335915441543,0.284063126777595,1.75454146261938
"CP018_2m_A_CGGTATGGTAGCCCTT-1","2m","A","0","Other",0.294127525929209,-0.135749122984785,-0.109411852271031,-0.197677528745494
"CP018_2m_A_CGGTATGGTGCTAGAT-1","2m","A","0","Other",0.438598222977392,-0.19767875034767,-0.0913534207731111,0.0481788086970412
"CP018_2m_A_CGGTATGGTGTGGTCA-1","2m","A","0","Other",0.0230899404784266,-0.154296203732831,-0.137810039075676,0.232855462898311
"CP018_2m_A_CGGTGTAGTAGCAGGG-1","2m","A","1","Other",-0.183398891580206,1.00140498166268,0.0173983652622817,0.0979320083915513
"CP018_2m_A_CGGTTAGGTCAAACGT-1","2m","A","0","Other",0.326251517175727,-0.322766021156551,-0.0271553292933553,-0.207755410900824
"CP018_2m_A_CGGTTAGGTCAAAGGA-1","2m","A","4","HIV-Specific TCR",-0.575983900161726,-0.215429094617715,-0.126732753563271,2.16582337823237
"CP018_2m_A_CGGTTAGGTGGCCTGG-1","2m","A","4","Other",0.155167167083039,-0.214779599009991,-0.0337884780515702,1.37984134963716
"CP018_2m_A_CGGTTCTGTATCCAGG-1","2m","A","8","Other",0.451742366145906,-0.248663996123895,-0.127760902733815,0.0646737818439947
"CP018_2m_A_CGTAATAGTCCGATAG-1","2m","A","5","Other",0.478768779332164,-0.285983556321083,-0.0135928511810946,-0.214164781408057
"CP018_2m_A_CGTACAGGTGCCCGTC-1","2m","A","1","Other",-0.152622627406791,0.234282634545382,-0.122764481567664,-0.186716716608878
"CP018_2m_A_CGTACAGGTGCTTCGT-1","2m","A","0","Other",0.166004242287571,-0.235300462465447,-0.118946069449595,-0.153181401231561
"CP018_2m_A_CGTAGATGTATTCGGG-1","2m","A","0","Other",0.77698049885662,-0.341802254587038,-0.168642088163489,-0.23842000312502
"CP018_2m_A_CGTAGGCGTATCGGGC-1","2m","A","5","Other",0.530866876601665,-0.347278825095686,-0.0546658611671288,-0.226367266952105
"CP018_2m_A_CGTAGGCGTCAGTCAG-1","2m","A","7","Other",0.0381275693340537,-0.278524339520053,-0.137083658598204,-0.198947145818711
"CP018_2m_A_CGTAGGCGTGCAAGCC-1","2m","A","0","Other",0.374323744472405,-0.258404375263787,-0.13836437176288,0.0899006787208975
"CP018_2m_A_CGTAGGCGTGCGGTTA-1","2m","A","4","Other",-0.638827020654709,0.399320714359749,0.15789483746799,1.96339093984884
"CP018_2m_A_CGTCAGAGTACGGTTG-1","2m","A","0","Other",0.326294323051684,-0.354827552335938,-0.157113941540689,-0.209320631476847
"CP018_2m_A_CGTCAGAGTGGCGGTT-1","2m","A","4","Other",-1.0608702993974,1.3588950555597,0.52569134079027,1.48960264385994
"CP018_2m_A_CGTCTTAGTCATTATC-1","2m","A","5","Other",-0.141707693530394,-0.283874791379633,-0.133905525747095,-0.189012519881128
"CP018_2m_A_CGTCTTAGTGGGTTAT-1","2m","A","0","Other",0.279118468499518,-0.240690576278278,-0.122014208971885,0.055969681372985
"CP018_2m_A_CGTTAAAGTATGCCTC-1","2m","A","0","Other",0.344766704945697,-0.125377856695141,-0.117823523563066,0.0858220609030989
"CP018_2m_A_CGTTAAAGTCTGGTAG-1","2m","A","0","Other",0.168799707426717,-0.347700664988616,-0.160131653713923,0.170700420946513
"CP018_2m_A_CGTTCCGGTAAGCCCA-1","2m","A","0","Other",0.191426566399587,-0.0459893143804692,0.151211647097519,-0.180895142613052
"CP018_2m_A_CGTTCCGGTATGTGTA-1","2m","A","0","Other",0.350835512842036,-0.33818499095269,-0.174256346184394,-0.25528828078357
"CP018_2m_A_CGTTCTAGTACTAAGC-1","2m","A","4","HIV-Specific TCR",-1.23706326248029,1.68735268256865,1.21318453637943,-0.0818956554594847
"CP018_2m_A_CGTTCTAGTGTCCCGC-1","2m","A","0","Other",-0.359203983296275,-0.257463849138192,-0.140789961678227,-0.215417803942978
"CP018_2m_A_CGTTGGAGTAGCTTGG-1","2m","A","0","Other",0.11116824673899,-0.144686558100857,-0.16334609124425,-0.23910972810258
"CP018_2m_A_CGTTGGAGTGTACTCC-1","2m","A","1","Other",-0.804522241516742,1.0182289737357,-0.0528247709558741,-0.241023870046191
"CP018_2m_A_CGTTTCAGTGCTTGCT-1","2m","A","0","Other",0.374486951734932,-0.349367603610765,0.0133674799043931,0.004232915106438
"CP018_2m_A_CGTTTCAGTGTGCGGT-1","2m","A","0","Other",0.499433941774484,-0.276185823292119,-0.0445009895715795,-0.191949781903402
"CP018_2m_A_CTAAAGCGTACATTCT-1","2m","A","0","Other",0.509884686912094,-0.280922303260526,-0.132158726382393,0.0862577653802156
"CP018_2m_A_CTAAATGGTACGTTCC-1","2m","A","1","Other",-0.61787760009795,0.283718782290667,0.145303942613479,0.000655908888906709
"CP018_2m_A_CTAACCCGTATCGGGC-1","2m","A","0","Other",0.409644576399682,0.0400321865839389,-0.129406925688251,-0.211750613074395
"CP018_2m_A_CTAACGGGTCCCAATC-1","2m","A","1","Other",-0.553516674065743,-0.254681016258303,0.0270942131402729,0.124377959137519
"CP018_2m_A_CTAAGCGGTCGCGGAT-1","2m","A","6","Other",-0.493463778940032,0.892450692788223,-0.0663299328678629,-0.24744431180679
"CP018_2m_A_CTAAGGTGTACGCATG-1","2m","A","1","Other",-0.0653152062806159,-0.316008156273511,0.167414348491271,-0.26048274635925
"CP018_2m_A_CTAATCTGTATCAATG-1","2m","A","1","Other",-0.363894246802342,-0.330723356348342,0.166102117150091,-0.077193178696219
"CP018_2m_A_CTAATCTGTGCGTATG-1","2m","A","0","Other",0.438260517193865,-0.180985484237783,-0.127598732498186,0.0612821111757149
"CP018_2m_A_CTAATGAGTAGGACTT-1","2m","A","0","Other",0.371973428918897,-0.240461328494546,-0.059732979998705,-0.0429534959802146
"CP018_2m_A_CTAATGAGTCAGCAAT-1","2m","A","0","Other",0.168366552510238,-0.263789659120078,-0.00944963889226713,-0.179809231309124
"CP018_2m_A_CTAATTCGTAAGGCCC-1","2m","A","4","Other",-1.25040220060175,1.40674278577431,0.272702463141878,0.667024529740867
"CP018_2m_A_CTACAGGGTAAGGCCC-1","2m","A","0","Other",-0.00529177895301314,-0.234110973007514,0.00834112815548363,-0.162046548408492
"CP018_2m_A_CTACGGAGTATTCAGA-1","2m","A","0","Other",0.566162793121081,-0.277996903497892,-0.00952751619941709,-0.195517384684694
"CP018_2m_A_CTACTATGTCTTGGTC-1","2m","A","0","Other",-0.0995443785989414,-0.187446866744558,-0.0173389427881687,0.0360653527358646
"CP018_2m_A_CTACTGCGTACGTTCC-1","2m","A","7","Other",-0.0867364748214101,0.0614819792687084,-0.0930589543356607,0.127612286196625
"CP018_2m_A_CTACTGCGTCTAATTC-1","2m","A","0","Other",0.352003182563327,-0.194279704739781,0.0158649609770196,-0.222463657246731
"CP018_2m_A_CTAGCAGGTATACCCC-1","2m","A","0","Other",0.760098045800667,-0.275376072329804,0.0809612580069073,0.333741106245404
"CP018_2m_A_CTAGCAGGTGCCCGAG-1","2m","A","8","Other",-0.00706122363118578,-0.296032453502257,-0.155330376500591,-0.234542070186852
"CP018_2m_A_CTAGGTGGTCCGTAAG-1","2m","A","0","Other",0.218415414845795,-0.201369135768502,-0.163221205521384,-0.237357962293995
"CP018_2m_A_CTAGGTGGTGTTGGAT-1","2m","A","2","Other",-0.792956646457688,0.0303991926622355,0.437437595488531,-0.304743808079358
"CP018_2m_A_CTAGTAAGTCCATTCA-1","2m","A","0","Other",0.566240180642301,-0.0108648248232012,-0.129945102376639,-0.21109742987549
"CP018_2m_A_CTAGTGGGTAGTCGAT-1","2m","A","0","Other",0.805977873967962,-0.196878732326809,-0.168548565410456,-0.231870552049519
"CP018_2m_A_CTAGTGGGTCTAATCT-1","2m","A","0","Other",0.454749974126628,-0.33339381307368,-0.142532522392803,-0.222915529697525
"CP018_2m_A_CTATAAGGTAAATCTG-1","2m","A","8","Other",0.352890268442502,-0.0974096500149587,-0.1361611074504,-0.20160329478968
"CP018_2m_A_CTATAAGGTCCATTCA-1","2m","A","0","Other",0.0901279837799041,-0.163807828826755,-0.00736196975779459,-0.202626521766006
"CP018_2m_A_CTATAAGGTGTGAGTT-1","2m","A","1","Other",-0.851434600788654,-0.168505410544786,0.231083250489921,-0.252950737951449
"CP018_2m_A_CTATCGCGTATTATGG-1","2m","A","0","Other",0.356894969035117,-0.308663637792023,-0.139258620573469,-0.228169008946997
"CP018_2m_A_CTATGGGGTATCATCT-1","2m","A","0","Other",0.693945898253299,-0.338294093079135,-0.176126608110659,-0.260008145239212
"CP018_2m_A_CTATGTTGTGTTGTGG-1","2m","A","2","Other",-0.65229836980551,-0.315497849554718,0.261920027362327,0.184863516293649
"CP018_2m_A_CTATTGTGTCTAAGTA-1","2m","A","1","Other",0.0418119845638514,0.165914976055612,0.00572260394175711,-0.215582339655496
"CP018_2m_A_CTATTGTGTGGACTGC-1","2m","A","0","Other",0.104219142024298,-0.326056091620086,0.2126163110921,0.0899404746534898
"CP018_2m_A_CTCCGCAGTGGCGTGT-1","2m","A","1","Other",-0.545206826471575,0.946830830206761,0.145724351671748,-0.246559550008276
"CP018_2m_A_CTCCTGGGTCTAGGTG-1","2m","A","5","Other",0.702532087350808,0.0473868852139949,-0.145571142952968,0.129483481612787
"CP018_2m_A_CTCGAAGGTAGTTGCG-1","2m","A","5","Other",0.219865493063501,-0.297597121620535,-0.0526901020034891,-0.0129992198926545
"CP018_2m_A_CTCGAAGGTCGAGTCA-1","2m","A","0","Other",0.22554709531216,-0.303948411984535,-0.0351944756686646,-0.237512932223986
"CP018_2m_A_CTCGATCGTAGCTGTG-1","2m","A","0","Other",-0.000514897458219199,-0.193218066880378,0.0313958803143909,-0.245858373790174
"CP018_2m_A_CTCGATCGTCGAAGTT-1","2m","A","2","Other",-0.855163971083434,-0.312711566723969,-0.16799129439716,0.0464417838780513
"CP018_2m_A_CTCGCCAGTCGGATAT-1","2m","A","6","Other",-1.18611226304575,1.43013205725707,0.0336941042731334,-0.0644273136777715
"CP018_2m_A_CTCGCTGGTACAAGTC-1","2m","A","0","Other",0.438081175857237,-0.236892394623181,-0.0829244602846324,-0.26392238733837
"CP018_2m_A_CTCGCTGGTACTATTC-1","2m","A","0","Other",0.214656334552611,0.139130810958279,-0.126700547367037,-0.192233843625956
"CP018_2m_A_CTCGCTGGTAGCTGGC-1","2m","A","0","Other",-0.0518273380160306,-0.125155779661806,0.0121515774115026,0.317360575921247
"CP018_2m_A_CTCGCTGGTGTTGCAG-1","2m","A","0","Other",0.506723904965517,-0.271105685091371,0.00361667802597904,-0.178597255408801
"CP018_2m_A_CTCGGTTGTCAAAGGA-1","2m","A","7","Other",0.455795608601797,-0.180319750785913,-0.11570936629004,-0.0752435315738456
"CP018_2m_A_CTCGGTTGTCTTAGTT-1","2m","A","7","Other",0.805380007428048,-0.038139439355783,-0.163041863993957,-0.173903286341152
"CP018_2m_A_CTCGTCGGTGGTGTGC-1","2m","A","0","Other",-0.0151983222545224,-0.294182363677142,-0.120925103968986,0.0678363732879642
"CP018_2m_A_CTCTAATGTCCAGCCC-1","2m","A","0","Other",0.227741657848275,0.00265721840403371,-0.121286573340406,-0.169162228429171
"CP018_2m_A_CTCTAATGTCGCCTAT-1","2m","A","6","Other",-0.100327459143825,-0.148539628619374,-0.14405480479285,-0.162249768119003
"CP018_2m_A_CTGCAAGGTATCAGGT-1","2m","A","0","Other",0.109061282834668,-0.22478577088661,-0.154598360342926,-0.236516901719974
"CP018_2m_A_CTGCAAGGTCAAGTTA-1","2m","A","6","Other",-0.868832772672683,1.19707151886986,0.0260972438923867,-0.224859953085485
"CP018_2m_A_CTGGCCCGTATGTGCG-1","2m","A","6","Other",-0.794910596425902,0.919472165968498,-0.173894126521115,-0.188764157722017
"CP018_2m_A_CTGGCCCGTCATCAGG-1","2m","A","0","Other",0.210642683432168,-0.114351898665401,-0.16236258021958,0.199556951622687
"CP018_2m_A_CTGGCCCGTCTCGAAG-1","2m","A","6","Other",0.0305635899278631,0.51849216583353,-0.171999998459175,0.0691821816815506
"CP018_2m_A_CTGGCTTGTCCGGCCT-1","2m","A","4","Other",-0.719763540661726,-0.0466534873109118,-0.0215037069551989,1.33797097038163
"CP018_2m_A_CTGGCTTGTGGCATAT-1","2m","A","0","Other",0.525044827335481,-0.130202784998267,-0.145314336170546,-0.256821873565098
"CP018_2m_A_CTGGTAGGTAGGGGAT-1","2m","A","0","Other",0.396438796232813,0.063979122594707,-0.133208917729814,-0.185140554930616
"CP018_2m_A_CTGGTAGGTGCTATAA-1","2m","A","4","Other",-0.80360450613877,0.093293766364245,0.308517174753888,1.1362398907574
"CP018_2m_A_CTGGTGAGTAATACTG-1","2m","A","0","Other",0.156364856453743,-0.0796423408506901,-0.137655553316825,-0.192662459674962
"CP018_2m_A_CTGGTGAGTACCAGAT-1","2m","A","3","Other",-1.02366172662717,0.310392365454711,0.565183446314523,-0.215827486417923
"CP018_2m_A_CTGTATTGTATCATGA-1","2m","A","8","Other",0.383112056680993,-0.37236431445265,0.0289818218932295,-0.253596595371836
"CP018_2m_A_CTGTATTGTCTCGCCA-1","2m","A","4","Other",-0.921703802930459,0.666715025019778,0.162556981973332,0.864181259539773
"CP018_2m_A_CTGTATTGTCTGGCCC-1","2m","A","8","Other",0.118607273286119,-0.286565683698622,-0.111726732167893,-0.181174585102838
"CP018_2m_A_CTGTTATGTAAACTGC-1","2m","A","0","Other",-0.268442672128838,-0.283641525737866,-0.133028443014825,0.0292317261557918
"CP018_2m_A_CTGTTATGTCTAAATG-1","2m","A","5","Other",0.164088860654921,-0.306096517995678,0.116194352764391,-0.20610321892139
"CP018_2m_A_CTGTTGCGTCCTTCCC-1","2m","A","8","Other",-0.540915122505387,-0.182939380386825,-0.100007976630583,-0.126588007687771
"CP018_2m_A_CTTATGTGTAAAGCTC-1","2m","A","0","Other",-0.0324542097178109,-0.125376349445252,-0.14837445390316,0.137227797436795
"CP018_2m_A_CTTATGTGTATGGGCC-1","2m","A","8","Other",0.193108793424271,-0.211412267467626,-0.139561076795906,-0.179680802015023
"CP018_2m_A_CTTCAATGTAAGGTAG-1","2m","A","3","Other",-1.24638262023216,1.77602417732077,0.605587374871093,-0.206003488577382
"CP018_2m_A_CTTCAATGTGGAACGG-1","2m","A","0","Other",0.161642291875654,-0.209835906992696,-0.135543807271147,-0.20993653024236
"CP018_2m_A_CTTCTCTGTACGAGTT-1","2m","A","4","HIV-Specific TCR",-1.03534594249134,1.15477579964375,0.821167051841542,0.697847914788098
"CP018_2m_A_CTTCTCTGTACTACTT-1","2m","A","0","Other",0.566076573884496,-0.221591684349765,-0.150811268959023,-0.215354305531073
"CP018_2m_A_CTTCTCTGTCCCAATC-1","2m","A","7","Other",0.459526827559195,-0.278240636833581,-0.0556222410653375,-0.212302677422211
"CP018_2m_A_CTTGGAGGTGCCAAAT-1","2m","A","0","Other",0.283508320784752,-0.251243181436524,-0.160968367626037,-0.228203319756481
"CP018_2m_A_CTTGGAGGTGTCTGAG-1","2m","A","1","Other",0.0906874999238017,0.863391155152917,0.127254283745051,0.647885131450004
"CP018_2m_A_CTTGGTCGTCCCAATC-1","2m","A","0","Other",0.556400067194344,-0.113393769483517,-0.141176112680493,0.0318625947081688
"CP018_2m_A_CTTGGTCGTCCTATTG-1","2m","A","1","Other",-1.00626185186125,0.191243292096703,0.0267022199522813,-0.197156889979912
"CP018_2m_A_CTTGGTCGTCTAGTAA-1","2m","A","0","Other",-0.0944226152606344,-0.092513009352348,-0.120471058330413,-0.208502836685863
"CP018_2m_A_CTTGTCAGTATCGCGA-1","2m","A","3","HIV-Specific TCR",-1.13546421373712,2.06276276914218,-0.146786218832358,0.241605423790715
"CP018_2m_A_GCAATCGGTAGGCTTG-1","2m","A","6","Other",-0.973064993137583,1.07739462340692,0.0737109094059856,-0.265671234078678
"CP018_2m_A_GCACAGCGTGCGGTTA-1","2m","A","0","Other",0.155776708699472,-0.265039201549831,-0.13686612530305,0.0280103034090934
"CP018_2m_A_GCACTCTGTATCTGGG-1","2m","A","0","Other",0.387470626125102,-0.182789355956785,-0.199981582677912,-0.274000990706521
"CP018_2m_A_GCACTCTGTCATGCAG-1","2m","A","0","Other",0.211047881801943,0.0845523440031455,-0.151573071254455,-0.169693240533095
"CP018_2m_A_GCATGGCGTAGTATTG-1","2m","A","0","Other",0.28835343293579,-0.32140415492943,-0.156995793787079,-0.0332482876124099
"CP018_2m_A_GCATGGCGTATACAGC-1","2m","A","8","Other",0.236698858578473,-0.188415948403394,-0.148479139900109,-0.209954696821079
"CP018_2m_A_GCATTGGGTACCATCC-1","2m","A","0","Other",0.422443112179352,-0.296340687709753,-0.144682880276483,-0.196338290703197
"CP018_2m_A_GCATTGGGTGCGATGC-1","2m","A","4","Other",-0.760086602109492,-0.167585591263881,0.211737606823021,1.65902777797998
"CP018_2m_A_GCCAAATGTCGATTCC-1","2m","A","7","Other",0.352063388966759,-0.115952033498235,-0.0325433624318488,-0.203346991694447
"CP018_2m_A_GCCACTTGTACCATGG-1","2m","A","7","Other",0.444762926390618,-0.363852182544349,-0.108549610627354,-0.0932639321657401
"CP018_2m_A_GCCACTTGTACGCATG-1","2m","A","0","Other",0.150273021593337,-0.207924706162562,-0.0832925155923429,-0.115810186869557
"CP018_2m_A_GCCACTTGTGTGCATG-1","2m","A","7","Other",0.0362785884795369,-0.12265155631311,-0.142335172303931,-0.220804364931212
"CP018_2m_A_GCCATAGGTGGTCTCT-1","2m","A","8","Other",0.00286541250178418,-0.281585208567922,0.0407873171269763,-0.255548738164587
"CP018_2m_A_GCCCCGTGTCATATTC-1","2m","A","0","Other",0.174325635565828,-0.263595330706527,-0.159584280829877,-0.211892890707891
"CP018_2m_A_GCCCCGTGTGTCTGAG-1","2m","A","6","Other",0.222105106114595,-0.160026819577382,-0.162105629881932,-0.229645368059207
"CP018_2m_A_GCCCCTAGTCTGTTAT-1","2m","A","0","Other",0.337179249016101,-0.341499470288318,0.0868553078905896,-0.236216745101712
"CP018_2m_A_GCCCTATGTATTGTAG-1","2m","A","0","Other",0.350577592602299,-0.224969378046136,-0.136992275166826,-0.216126527542176
"CP018_2m_A_GCCCTATGTCCTAATT-1","2m","A","0","Other",0.0576716687371859,-0.28254033150043,-0.010692251617224,-0.204509115708808
"CP018_2m_A_GCCCTATGTGCGGGTT-1","2m","A","6","Other",0.0559582424683986,-0.30590323859271,-0.160724993968745,-0.224509120921604
"CP018_2m_A_GCCTGCCGTACATAGC-1","2m","A","0","Other",0.442768833664518,-0.263791840441575,-0.114726314476071,-0.167268346029321
"CP018_2m_A_GCCTGCCGTGGTTTGG-1","2m","A","0","Other",0.0949854780439541,-0.292983033089358,-0.150117124228079,0.073555929363199
"CP018_2m_A_GCCTTGTGTGCATAGT-1","2m","A","6","Other",-0.652846894046923,0.997002056490438,-0.217332738739263,-0.028837201018872
"CP018_2m_A_GCGAAGGGTACAAGGA-1","2m","A","0","Other",0.219655325689425,-0.266548234643894,-0.122131775184494,0.19938126566764
"CP018_2m_A_GCGAAGGGTGGAATCT-1","2m","A","0","Other",0.436613669812533,-0.2148201959717,-0.0553431691720665,-0.0425585770281394
"CP018_2m_A_GCGAATTGTGCTCCGC-1","2m","A","1","Other",-0.249094550657745,-0.304468993918206,0.108934794844577,0.13616344026048
"CP018_2m_A_GCGAGAGGTCTACAGG-1","2m","A","5","Other",0.530734016483492,-0.297551331490293,-0.149452768972922,-0.222326136922707
"CP018_2m_A_GCGAGGAGTATAGGCT-1","2m","A","0","Other",0.503585774169582,-0.342512460682119,0.228662239935301,-0.259191254565861
"CP018_2m_A_GCGATGCGTCTCCGCA-1","2m","A","3","Other",-1.1396334197884,2.04266108466532,0.310138198308906,0.240211337250177
"CP018_2m_A_GCGCCTCGTATCCGAG-1","2m","A","0","Other",-0.169859794279372,-0.26766637406076,0.102720593721481,-0.203960104939866
"CP018_2m_A_GCGCCTCGTCCCTCTC-1","2m","A","0","Other",0.233051036337052,-0.274897543608978,-0.125172618704369,-0.195366650042481
"CP018_2m_A_GCGCGATGTATGTTAG-1","2m","A","0","Other",0.49290957860861,-0.372519316857335,-0.0895004995438245,-0.103418630799093
"CP018_2m_A_GCGCTCCGTCGTTCGT-1","2m","A","0","Other",0.459411797386114,-0.343549533369371,-0.00747017996574126,-0.26917221108176
"CP018_2m_A_GCGCTCCGTGTGGTCA-1","2m","A","0","Other",-0.0123445746211706,-0.27436684197626,-0.133442611076217,-0.204754406301405
"CP018_2m_A_GCGCTGGGTGGTAGGG-1","2m","A","5","Other",0.3952405848254,-0.233545674313678,-0.174897721002351,-0.253396599209828
"CP018_2m_A_GCGGAGAGTCCGTAAG-1","2m","A","0","Other",0.275068540927792,-0.262823077803704,-0.173618363522513,-0.251889515305649
"CP018_2m_A_GCGGGTTGTAATTGGC-1","2m","A","0","Other",0.124247798932942,-0.0504242501104639,-0.158472853693634,0.208247365696328
"CP018_2m_A_GCGGTTAGTCAACCCT-1","2m","A","1","Other",0.0894239605678491,-0.015567303991209,0.037601352828478,-0.215525902269177
"CP018_2m_A_GCGGTTAGTGGCTTTC-1","2m","A","0","Other",0.342232735928946,-0.334802320545018,0.0648378495642105,-0.232739500356177
"CP018_2m_A_GCGTATGGTCCGAAAT-1","2m","A","0","Other",-0.186073411943415,-0.149732525291945,0.0725736018364595,-0.200172709560149
"CP018_2m_A_GCGTTTCGTCCATTCA-1","2m","A","7","Other",0.347273236304038,-0.132841555347669,-0.147959071183502,-0.212693290546366
"CP018_2m_A_GCTAAGTGTGGGTGCT-1","2m","A","1","Other",-0.315668756152559,-0.392970181193201,0.0518525976375598,-0.277897631275542
"CP018_2m_A_GCTACAGGTACCTTAT-1","2m","A","4","HIV-Specific TCR",-1.12183303102745,1.72827868421961,0.267642601038512,1.16671971448499
"CP018_2m_A_GCTACCTGTAAACGGA-1","2m","A","0","Other",-0.115833812927558,-0.304005851995875,-0.146468991709395,-0.00135780641364638
"CP018_2m_A_GCTACCTGTCATCTAT-1","2m","A","0","Other",0.498393642555263,-0.389230573701359,-0.0906877676072657,0.0759162062696409
"CP018_2m_A_GCTAGGCGTAATCCGG-1","2m","A","0","Other",0.10888695700617,-0.00899129735556631,-0.102177486390575,-0.128320483868929
"CP018_2m_A_GCTAGGCGTATTGCGG-1","2m","A","0","Other",0.333889858609894,-0.278151627797964,-0.148933223973333,-0.186951650109326
"CP018_2m_A_GCTAGGCGTCTGTTGC-1","2m","A","5","Other",0.210347584011937,-0.355691714203443,-0.0693641464198438,-0.264067705363494
"CP018_2m_A_GCTAGTGGTGTCTTAT-1","2m","A","4","Other",-0.610124031521422,0.264796219136289,0.0660238535815753,1.21415555260297
"CP018_2m_A_GCTATAAGTGTGCGCG-1","2m","A","0","Other",0.0672882286171497,-0.31152213621215,-0.0507702163604213,-0.239592965303823
"CP018_2m_A_GCTATCCGTGCAATGT-1","2m","A","4","Other",-0.787558022488373,0.912288744350713,-0.148564994390233,1.89570204818454
"CP018_2m_A_GCTATGGGTATCAATG-1","2m","A","0","Other",0.128331227358243,-0.323383382479272,-0.0937677263788661,-0.254550168410841
"CP018_2m_A_GCTATGGGTCTCTAGC-1","2m","A","5","Other",0.260096665496891,-0.104254008959427,-0.151446538901331,-0.193962353250131
"CP018_2m_A_GCTCCTGGTATCTCGC-1","2m","A","0","Other",0.543583479105783,-0.319907393729423,-0.133330407475356,-0.00621717735788252
"CP018_2m_A_GCTCCTGGTCACACTC-1","2m","A","0","Other",0.824710730870276,-0.317707477222224,-0.168051316812463,-0.202192375402112
"CP018_2m_A_GCTCCTGGTGCACTAG-1","2m","A","4","HIV-Specific TCR",-0.413964817710612,1.13981521808972,0.304738494429741,0.46238554416832
"CP018_2m_A_GCTCCTGGTGTCTGAG-1","2m","A","0","Other",0.333074248451585,-0.370976940061159,-0.179585564261997,-0.229468694844983
"CP018_2m_A_GCTCGTTGTAAGGTAG-1","2m","A","4","HIV-Specific TCR",-0.70576453495914,1.33954651752824,1.28154442794379,-0.305699214324057
"CP018_2m_A_GCTCGTTGTGTGTCCT-1","2m","A","8","Other",0.601072785537895,-0.337340145169382,-0.151181096689184,0.0895137736721389
"CP018_2m_A_GCTCTGTGTATAAGGG-1","2m","A","0","Other",0.516513205944999,-0.351388961935536,-0.0267230892895952,-0.258447294419811
"CP018_2m_A_GCTCTTAGTGCGGTTA-1","2m","A","0","Other",-0.0721813789862848,-0.303290622191753,-0.0394017951847577,0.0219525059764923
"CP018_2m_A_GCTGGGTGTCATCTCA-1","2m","A","1","Other",0.595350818844544,-0.325776432885159,0.237017542504368,-0.189329887740157
"CP018_2m_A_GCTGTCTGTAATCCCC-1","2m","A","1","Other",-0.747343871451712,0.167562701061689,-0.0940945641852614,-0.264804337020189
"CP018_2m_A_GCTGTCTGTGGGACTC-1","2m","A","0","Other",0.0597275721144384,-0.217061269395243,-0.0690091816940684,-0.236763436114686
"CP018_2m_A_GCTTCCGGTACGCCGG-1","2m","A","2","Other",-0.281731692342495,-0.347919763989043,0.0651607785425919,0.140755178607138
"CP018_2m_A_GCTTCCGGTGCTCCTG-1","2m","A","0","Other",-0.134733747123449,-0.173247708235983,-0.0384523053130539,-0.204874652482681
"CP018_2m_A_GCTTCGTGTATGTTAG-1","2m","A","6","Other",-1.00745887187439,0.837924839387948,0.0453683283163795,-0.184921593204503
"CP018_2m_A_GCTTCTAGTAATTCCT-1","2m","A","4","Other",-1.3363513291694,0.846890278576304,0.532433515096409,1.14287264720969
"CP018_2m_A_GCTTCTAGTGGAACCC-1","2m","A","0","Other",0.107770827400415,-0.280989768016068,-0.137860300526562,0.0658863493393465
"CP018_2m_A_GCTTGCTGTAGTATTG-1","2m","A","0","Other",0.29781375368402,-0.213924501682157,-0.0486491668589109,-0.227637947891711
"CP018_2m_A_GCTTGCTGTATGGGCC-1","2m","A","7","Other",0.423075694261412,-0.264398122107332,0.11208302717969,-0.286950844861758
"CP018_2m_A_GCTTTCAGTGTGCATG-1","2m","A","0","Other",0.223943446195118,-0.341898316845234,-0.143311095170821,-0.0107390777221971
"CP018_2m_A_GGAAAGCGTGCAAGGG-1","2m","A","7","Other",0.417630828490203,-0.363116765277788,-0.0194606590843059,-0.24526304195983
"CP018_2m_A_GGAAAGCGTGTCTCCG-1","2m","A","0","Other",0.319561369021852,-0.292786688984271,-0.149575377243829,0.00258564821573642
"CP018_2m_A_GGAAATGGTAATTCCT-1","2m","A","0","Other",0.198630357397553,-0.300380543614613,0.106282875367663,0.0371168240638582
"CP018_2m_A_GGAAATGGTGGGTTCA-1","2m","A","4","Other",-0.333187315905137,0.0924461299915817,-0.0433114677630475,1.2565605007506
"CP018_2m_A_GGAACCCGTCGAGGGA-1","2m","A","1","Other",-0.79047151478546,-0.0169578963295305,0.0527613346598112,-0.21940884497024
"CP018_2m_A_GGAACGGGTGCCTTCG-1","2m","A","5","Other",0.235979831455787,-0.321514344714877,-0.0518622660254118,-0.229086523035328
"CP018_2m_A_GGAACTTGTAATGGAG-1","2m","A","4","HIV-Specific TCR",-0.899138516838968,1.1329239497707,0.744406282725585,0.381456840269691
"CP018_2m_A_GGAACTTGTAGTCGCA-1","2m","A","0","Other",0.532124087217069,-0.223071900406051,-0.174791112280497,-0.213175863520535
"CP018_2m_A_GGAACTTGTCTGCGCC-1","2m","A","0","Other",0.106660460290888,0.0203956464014327,-0.123267966587655,0.0610345445181585
"CP018_2m_A_GGAATGAGTGCTTGGA-1","2m","A","0","Other",0.433216478459413,-0.220463197024919,-0.0737857914021471,-0.0226161438935954
"CP018_2m_A_GGACCGTGTCGAGCGT-1","2m","A","8","Other",0.197365071103344,-0.264078269350826,-0.128668107757447,-0.169871669797038
"CP018_2m_A_GGACGCTGTACTTCGC-1","2m","A","0","Other",0.726956735264165,-0.0737003463649707,-0.1287188525394,-0.166452354101839
"CP018_2m_A_GGACGCTGTCTGTATT-1","2m","A","0","Other",0.645689898868529,-0.185339237070786,-0.0377893020644923,-0.209037046952451
"CP018_2m_A_GGACTATGTATTACAG-1","2m","A","8","Other",0.244382930366004,-0.332633936882894,-0.148862945022769,0.0265170371496748
"CP018_2m_A_GGACTATGTGCAGTCA-1","2m","A","6","Other",-0.39426291151644,0.637197124839786,0.177356206936284,-0.270861340575775
"CP018_2m_A_GGAGCAGGTATGCGAT-1","2m","A","0","Other",0.283288881242907,0.00262497203140927,-0.143409338340352,0.111717614193047
"CP018_2m_A_GGAGCAGGTCAGCTTC-1","2m","A","8","Other",0.295958718519966,-0.192003836372897,0.00671579976071723,-0.22565380227504
"CP018_2m_A_GGAGCCTGTGCAATGT-1","2m","A","0","Other",0.506852701837553,-0.300625297150485,-0.149230370951645,-0.209031827691428
"CP018_2m_A_GGAGCGAGTAGAGATG-1","2m","A","0","Other",0.521866233270943,-0.320057404178685,-0.159353125972573,-0.245384892758434
"CP018_2m_A_GGAGCGAGTGCGGGTT-1","2m","A","2","HIV-Specific TCR",0.587309613335459,0.121048919677158,0.176877499991385,-0.229530051574727
"CP018_2m_A_GGAGTAAGTACGTCTC-1","2m","A","0","Other",0.248872590974184,-0.114172875715969,-0.0148740519199875,-0.196172828074346
"CP018_2m_A_GGAGTAAGTAGGAATG-1","2m","A","0","Other",0.333576769559469,-0.322074554864458,-0.0366685230302229,0.121417420120879
"CP018_2m_A_GGAGTGGGTAGCAGGG-1","2m","A","0","Other",0.414169991533819,-0.298087002578484,-0.148582811701601,0.0502065456595158
"CP018_2m_A_GGAGTGGGTCAGTTGG-1","2m","A","6","Other",0.181404988405753,-0.302732255823628,-0.00386472585575592,-0.19575658455882
"CP018_2m_A_GGAGTGGGTGGAGCCT-1","2m","A","0","Other",0.393734858756969,0.15612926213573,-0.153318259283004,-0.202280297487594
"CP018_2m_A_GGATAAGGTACATATG-1","2m","A","5","Other",0.537938994727563,-0.285481804127255,0.0335483602152996,0.036900984392177
"CP018_2m_A_GGATAAGGTCAGGTGC-1","2m","A","0","Other",-0.244771795647608,-0.238039964519761,-0.128241537132446,0.138459343390264
"CP018_2m_A_GGATAAGGTCCATAGG-1","2m","A","0","Other",0.0440687568919049,-0.325462594451314,-0.018502197540949,0.00682465574789606
"CP018_2m_A_GGATAAGGTGGTGTCA-1","2m","A","0","Other",0.362026984895961,-0.0890408937565838,-0.0308019166226053,0.000756173856688747
"CP018_2m_A_GGATATCGTCGACTTC-1","2m","A","1","Other",0.332638388123164,-0.184796880708292,-0.0139885402324494,-0.20558515387283
"CP018_2m_A_GGATCGCGTATCCGTC-1","2m","A","1","Other",-0.211219814562287,-0.238373517073517,0.0800962872778403,-0.168788465563789
"CP018_2m_A_GGATGGGGTCTAACCC-1","2m","A","0","Other",0.131857310026141,-0.105616190356483,-0.123986079661496,-0.162753074214918
"CP018_2m_A_GGATGGGGTCTAAGCG-1","2m","A","0","Other",0.365104367385682,-0.278473687307995,-0.0100957745198227,-0.186280105149742
"CP018_2m_A_GGATGGGGTGTACCCT-1","2m","A","1","Other",0.177386793198366,-0.11761425171512,-0.152698290576983,-0.195664496696384
"CP018_2m_A_GGATTGTGTCTCGATC-1","2m","A","0","Other",0.282712006180607,-0.142088463447558,-0.138413777207991,0.126993892471255
"CP018_2m_A_GGCAAGGGTCCTCTGG-1","2m","A","0","Other",0.246466629295102,-0.30859965706095,-0.171287526658959,-0.243457941660383
"CP018_2m_A_GGCATTGGTAAGGTCT-1","2m","A","0","Other",0.0240986401219718,-0.28532532791326,0.0134452400993512,-0.233070162564752
"CP018_2m_A_GGCATTGGTAGAGATG-1","2m","A","6","Other",-0.522730324446408,1.24246327537558,0.0180421364779283,0.0198932450276289
"CP018_2m_A_GGCCCCTGTGTGGCCG-1","2m","A","0","Other",-0.0791573184922176,-0.136722439365797,-0.143088741763772,0.371059164515237
"CP018_2m_A_GGCCTGGGTGTGTGAT-1","2m","A","0","Other",0.519718979399103,-0.0480475158380036,-0.1729038070609,-0.200784996955071
"CP018_2m_A_GGCGAAGGTCCGTCCA-1","2m","A","5","Other",0.503513972598014,-0.243811294321403,-0.111518361562964,-0.12697271416359
"CP018_2m_A_GGCGAGAGTAACTAGC-1","2m","A","1","Other",-0.13604565584634,0.07248502965043,-0.0314017557224728,-0.113170309084846
"CP018_2m_A_GGCGATCGTCATTAAG-1","2m","A","3","Other",-1.37918810266634,1.25906308935923,0.0176823141322729,0.140835133366387
"CP018_2m_A_GGCGGTTGTAACTAGC-1","2m","A","3","Other",-1.23920410301805,0.929796557351591,-0.0218446087671984,0.0291968134716258
"CP018_2m_A_GGCGTTAGTAAGTCTA-1","2m","A","0","Other",0.978201684275408,-0.325695433220037,-0.166438676611485,-0.0293198285434243
"CP018_2m_A_GGCGTTAGTACCCTTA-1","2m","A","3","Other",-0.537175488475913,0.803943009113431,0.277647099663527,0.0767774253353521
"CP018_2m_A_GGCGTTAGTAGGCAGG-1","2m","A","4","Other",-0.867045226847368,1.18237167889713,0.368180387153664,1.54063368907826
"CP018_2m_A_GGCTAATGTGTTAAGC-1","2m","A","0","Other",0.536568338123259,-0.318432489308366,0.0700238082227045,-0.189666878779006
"CP018_2m_A_GGCTCCCGTGGATCGC-1","2m","A","4","HIV-Specific TCR",-0.646341536521022,1.1475493813606,1.23583508944811,1.20298071383251
"CP018_2m_A_GGCTGTAGTACTATTC-1","2m","A","7","Other",0.225349358476704,-0.198026911728921,-0.148813296545857,-0.233363657626806
"CP018_2m_A_GGCTTCTGTAGCCCTT-1","2m","A","0","Other",0.211217940904899,-0.294088595204223,-0.132646976535616,0.0482192255302366
"CP018_2m_A_GGCTTCTGTAGGGGAT-1","2m","A","8","Other",0.150430997531585,-0.374856999464233,-0.0982175924585349,0.0461606270042285
"CP018_2m_A_GGCTTCTGTCATGCAG-1","2m","A","0","Other",0.936826269849493,-0.336947064567188,-0.17726210018065,-0.221782333025903
"CP018_2m_A_GGCTTTCGTCTAGGGC-1","2m","A","0","Other",0.0409555162295345,-0.241243524951988,-0.158713172697165,-0.0070583761645282
"CP018_2m_A_GGGACTCGTCCATCCG-1","2m","A","0","Other",0.20543054667716,-0.125983672205814,-0.162093766385312,-0.265016702734756
"CP018_2m_A_GGGAGATGTATTCAGA-1","2m","A","7","Other",0.205393975481678,-0.25229475085433,-0.0657297647376341,-0.249258961324441
"CP018_2m_A_GGGAGATGTCGTATAA-1","2m","A","4","Other",-0.6943733497152,0.730290566893244,0.149161179123481,1.55122579761336
"CP018_2m_A_GGGAGCAGTAGCCCTT-1","2m","A","0","Other",0.0112701785510978,-0.287769539792518,-0.15221088473877,-0.206282842142179
"CP018_2m_A_GGGAGCAGTCGCCATT-1","2m","A","1","Other",-1.05527861901017,-0.297197756396058,0.0952494966952367,0.28708470566019
"CP018_2m_A_GGGATGGGTACCAGAT-1","2m","A","0","Other",0.226919386022238,-0.0982335245824153,-0.129191418496104,0.0805382322820365
"CP018_2m_A_GGGCAAGGTCTGGTCT-1","2m","A","0","Other",0.405293513940008,-0.178834809619053,0.0303174829547364,-0.0313721503848001
"CP018_2m_A_GGGCAAGGTGGGAGAT-1","2m","A","0","Other",0.287431707924997,-0.168090232853176,-0.140955388243173,-0.189156857019547
"CP018_2m_A_GGGCAAGGTGGTGATT-1","2m","A","0","Other",0.382402353045302,-0.254502822877966,0.00850961483288426,-0.181276752259056
"CP018_2m_A_GGGCGTTGTGTTACTT-1","2m","A","4","Other",-0.49855729772984,0.0752352711814989,0.294672389898526,1.43830837297693
"CP018_2m_A_GGGGAATGTCTCCGGC-1","2m","A","1","Other",-0.83478086466761,0.0733225345018765,0.315101514581472,0.120025705552043
"CP018_2m_A_GGGGATGGTCAGGCGT-1","2m","A","0","Other",0.44345105229642,-0.149416292747209,-0.172159615810769,0.353070318154986
"CP018_2m_A_GGGGCTTGTAACTTTC-1","2m","A","0","Other",0.492695445518333,-0.296278299652509,-0.124572775326873,0.013612093291901
"CP018_2m_A_GGGGTAGGTCATGTCC-1","2m","A","0","Other",0.156531693249333,-0.24089956824727,-0.137101633756958,-0.199336981319398
"CP018_2m_A_GGGGTCTGTAGCGGAG-1","2m","A","8","Other",0.625391260592409,-0.195784564931363,-0.163238468811654,-0.0185616845129875
"CP018_2m_A_GGGGTTCGTAATCCCC-1","2m","A","0","Other",0.128801168933462,-0.0755834934246153,-0.150174693711623,-0.227691599035588
"CP018_2m_A_GGGGTTCGTACGGTGC-1","2m","A","0","Other",0.49068144068151,-0.284827255263445,-0.166675876295453,-0.206681178320549
"CP018_2m_A_GGGGTTCGTCACTCCG-1","2m","A","7","Other",0.178578865532495,-0.231214593273379,-0.120197521265414,-0.18950083700243
"CP018_2m_A_GGGGTTCGTCCTAGCT-1","2m","A","0","Other",0.134043802895785,-0.276267073303956,-0.149557690119912,0.0304257648933704
"CP018_2m_A_GGGTAGGGTCTACTAT-1","2m","A","5","Other",0.0633563346365111,-0.322579587219584,-0.12948586108947,-0.22835342573242
"CP018_2m_A_GGGTATTGTACCCCTG-1","2m","A","4","Other",-0.915329009409724,-0.189315338477552,0.274789041929661,0.797427026342789
"CP018_2m_A_GGGTGAGGTGGAACTT-1","2m","A","0","Other",-0.0444829283194768,-0.0767321497317011,-0.141636511787855,0.122343332528417
"CP018_2m_A_GGGTTCAGTCGCGCTC-1","2m","A","0","Other",0.125161643339765,-0.129006833590983,-0.141509814459549,-0.191085105562778
"CP018_2m_A_GGGTTGCGTACTTTCG-1","2m","A","0","Other",0.208988216201097,-0.28294461906275,-0.128240791642885,0.0264122139015758
"CP018_2m_A_GGGTTGCGTGCTCTTA-1","2m","A","1","Other",-0.527495472477259,0.24753702933865,0.211087936345787,-0.311217009927165
"CP018_2m_A_GGGTTTGGTCTAGTAA-1","2m","A","5","Other",0.507439862546113,-0.286771835859847,-0.197862384780748,-0.223376434191915
"CP018_2m_A_GGTAAAGGTATCTCTG-1","2m","A","4","Other",-0.537805075804983,-0.0414876068435877,-0.00669110560007108,1.95426699853488
"CP018_2m_A_GGTAATCGTAGTGTTA-1","2m","A","3","Other",-0.429176932018608,1.66373821262471,0.211848396289192,-0.221733199777726
"CP018_2m_A_GGTACTGGTCTAGCAG-1","2m","A","4","Other",-1.07195869331495,0.0240117660389096,0.128602665784566,0.850172062992997
"CP018_2m_A_GGTAGCCGTAGGCCGT-1","2m","A","0","Other",0.470151174281366,-0.302117546517185,-0.125784727411742,-0.180463684136459
"CP018_2m_A_GGTAGCCGTCTATTGT-1","2m","A","0","Other",0.430547319662705,-0.344917212970231,-0.166446967932647,-0.217327714111724
"CP018_2m_A_GGTAGGGGTCCTATGC-1","2m","A","8","Other",0.331719544903453,-0.287469964188725,-0.130867485707776,0.0435443402968164
"CP018_2m_A_GGTAGTTGTAAGGTTC-1","2m","A","4","Other",-0.907046001571509,1.93917039205969,1.23133898744228,0.302429657449909
"CP018_2m_A_GGTATGTGTCCAAAGT-1","2m","A","6","Other",-0.76748205114122,0.801907140480433,-0.0723365372464586,-0.00505334852274411
"CP018_2m_A_GGTATTAGTCAGGATT-1","2m","A","0","Other",0.110542200171534,-0.192898030121319,0.0764895799315203,0.374209028894653
"CP018_2m_A_GGTCAGCGTCCAGTAG-1","2m","A","3","HIV-Specific TCR",-0.830624089451147,1.70375053247617,-0.155051239539235,-0.209203306613969
"CP018_2m_A_GGTCAGCGTCCCATGT-1","2m","A","4","Other",-0.673465530530765,0.407039377841262,0.16105666775565,0.293046665333345
"CP018_2m_A_GGTCTAGGTAGAATGG-1","2m","A","0","Other",0.509250298814872,-0.330060991657727,-0.161593439877656,-0.263662979979538
"CP018_2m_A_GGTCTAGGTCCCTGAT-1","2m","A","0","Other",0.385967652281296,-0.0868578921075111,-0.109635006815505,-0.182790893358823
"CP018_2m_A_GGTCTAGGTCTTGATT-1","2m","A","5","Other",0.231800740753423,-0.264674478412969,-0.171960851054737,-0.226307917574561
"CP018_2m_A_GGTGATTGTGGACGGA-1","2m","A","1","Other",-0.759467226552472,-0.242342483430615,0.0499609662882061,-0.285017647873436
"CP018_2m_A_GGTGATTGTGGATGTT-1","2m","A","0","Other",0.308832700684391,-0.134003082971588,-0.145007316588147,0.00159538642546339
"CP018_2m_A_GGTGCCGGTAGGATTC-1","2m","A","0","Other",0.57683996530484,-0.340618712071627,-0.0488136629269699,0.0337715912177293
"CP018_2m_A_GGTGCGTGTGCCTCTG-1","2m","A","4","HIV-Specific TCR",-0.580094229683931,1.11041730527766,0.25318427288733,1.58523946923554
"CP018_2m_A_GGTGTCAGTGGTGTCA-1","2m","A","0","Other",0.490995868074204,-0.188543167976919,-0.154613514792936,0.115054885643693
"CP018_2m_A_GGTTATAGTGGTAAAG-1","2m","A","7","Other",0.257638290270077,-0.285591055700065,-0.0347021253783356,-0.198836001549378
"CP018_2m_A_GGTTCAGGTAAGGTAG-1","2m","A","0","Other",0.489814023808132,-0.336477249886106,-0.149121625731107,-0.255651901011269
"CP018_2m_A_GGTTCAGGTAGTCCAG-1","2m","A","5","Other",0.0442136323348594,-0.0812201075332027,-0.174064290937322,-0.185612581017958
"CP018_2m_A_GGTTCAGGTATGAGGA-1","2m","A","0","Other",0.69737712954245,-0.328301987902005,-0.070074280087359,-0.2630394776176
"CP018_2m_A_GGTTCAGGTATGCTGG-1","2m","A","5","Other",0.473696924527602,-0.344944075631773,-0.105212463426347,-0.0554535429179793
"CP018_2m_A_GGTTCAGGTCATACCC-1","2m","A","0","Other",0.187980194084304,-0.282616347642052,-0.140273015478714,-0.212216500271786
"CP018_2m_A_GGTTCGAGTACCACGA-1","2m","A","3","Other",-0.865917441267626,0.623230553342031,0.215664960406148,-0.277738187505748
"CP018_2m_A_GGTTCGAGTAGTTAGC-1","2m","A","5","Other",0.218238248313,-0.0163762735947016,-0.153624116545983,0.017266318756226
"CP018_2m_A_GGTTGGCGTCTAAGCG-1","2m","A","1","Other",-0.938943453705199,-0.271712520078466,0.400742941856284,-0.230419359969603
"CP018_2m_A_GGTTGGCGTGGATGGG-1","2m","A","1","Other",0.317118034892315,0.202087666600848,0.143737492458924,-0.181338458199426
"CP018_2m_A_GGTTTAAGTGTTCGTC-1","2m","A","4","HIV-Specific TCR",-0.994499236115284,1.4670885380296,0.83873695951723,-0.283361547654894
"CP018_2m_A_GGTTTGGGTCTGTTGC-1","2m","A","6","Other",-0.307279737202027,0.815969124599893,0.0602233732148406,-0.047590450581783
"CP018_2m_A_GTAACGTGTCGTATAA-1","2m","A","0","Other",0.0863019902219109,-0.25408897479134,-0.0936523634661615,0.0394124129225946
"CP018_2m_A_GTAACGTGTGGGTTGC-1","2m","A","7","Other",0.353313445875137,-0.307308011508537,-0.0182892851204507,-0.0696883920760562
"CP018_2m_A_GTAAGCTGTAGAGATG-1","2m","A","0","Other",0.135065330098747,-0.305949262048873,-0.0510626503881933,-0.222336643773585
"CP018_2m_A_GTAAGGAGTGCTTGGA-1","2m","A","3","Other",0.0637473397255484,0.752522014015946,0.280115878261626,-0.296197170448165
"CP018_2m_A_GTAAGTCGTACCATGG-1","2m","A","1","Other",-0.0557741736514314,0.246848199796811,-0.156504952907423,-0.218381932759208
"CP018_2m_A_GTAAGTCGTAGCTGAT-1","2m","A","1","Other",-0.321502148308313,-0.323487424538211,0.107931930320359,0.0510119318799408
"CP018_2m_A_GTAATTGGTATCAGCG-1","2m","A","7","Other",0.316079991871618,0.023376151422291,-0.155234338334252,0.317658717291689
"CP018_2m_A_GTAATTGGTATGTTCT-1","2m","A","8","Other",0.363249024386019,-0.31253517621008,-0.149182947778861,0.231145551877213
"CP018_2m_A_GTACTCCGTAGGATAG-1","2m","A","0","Other",0.277427642691133,-0.352463100628205,-0.0452762386411072,-0.252224101529391
"CP018_2m_A_GTAGAAGGTCTTGGAG-1","2m","A","4","HIV-Specific TCR",-1.1904820606184,1.35508045456437,0.681840189291651,0.286340857228859
"CP018_2m_A_GTAGCATGTAAACGCT-1","2m","A","8","Other",0.256123080720098,-0.0995998623495522,-0.156867553049928,0.0446519611142074
"CP018_2m_A_GTAGGTTGTGGCTGTA-1","2m","A","5","Other",0.358582763747473,-0.345357005486123,-0.0247437475198368,-0.109279498176319
"CP018_2m_A_GTAGTGTGTATCACGG-1","2m","A","5","Other",0.248151866968276,-0.174663670502551,-0.153666455580944,0.0638703149247704
"CP018_2m_A_GTATAGCGTATGCGCA-1","2m","A","1","Other",-0.391251052994791,-0.0579910583772922,-0.17142751450055,-0.188828498218651
"CP018_2m_A_GTATCGGGTCGTACAG-1","2m","A","2","Other",0.170468371789381,-0.317934234967184,-0.129173324316372,-0.220950163217493
"CP018_2m_A_GTATCTTGTCGAGGCT-1","2m","A","0","Other",0.298561610958969,-0.345109129012532,0.0959489881702048,-0.212433791059115
"CP018_2m_A_GTATGCGGTCCGTCGC-1","2m","A","1","Other",-0.337581293665842,-0.313508124302649,0.0723613581347816,-0.168189343952186
"CP018_2m_A_GTATGCGGTGGTTCGA-1","2m","A","0","Other",0.318802597679326,-0.339079601335313,-0.163731099934273,-0.0357774016633494
"CP018_2m_A_GTATGTAGTACCATGG-1","2m","A","0","Other",-0.0546163131631263,-0.293256993673327,-0.137320567795869,-0.175547364230413
"CP018_2m_A_GTATGTAGTCGATAGT-1","2m","A","1","Other",-0.64781062706495,-0.304966937497107,0.244184212207911,-0.236928143507105
"CP018_2m_A_GTATGTAGTGTAGTGT-1","2m","A","2","Other",-0.0295974711918803,-0.377747152265935,0.0476217526450582,0.395312176352905
"CP018_2m_A_GTATTCTGTAATCAGC-1","2m","A","0","Other",0.0316902049135992,-0.155982686837535,-0.157310224921223,-0.196697548016114
"CP018_2m_A_GTATTCTGTCTACTGC-1","2m","A","0","Other",-0.0165456964749651,-0.320012947013579,-0.00906209344549852,-0.192083013416755
"CP018_2m_A_GTCCATCGTACCACCT-1","2m","A","0","Other",0.389695928618304,-0.282537952728073,-0.17936665039862,0.348028958948547
"CP018_2m_A_GTCCATCGTGCCCGTC-1","2m","A","0","Other",0.254724121240683,-0.177729433004856,0.00661780351111382,0.052622130803145
"CP018_2m_A_GTCCCCAGTCAGCTCT-1","2m","A","0","Other",0.471511493083867,-0.272344014768433,-0.138731446806453,0.0434163544217886
"CP018_2m_A_GTCCCCAGTGGAACGG-1","2m","A","6","Other",-1.0917518281239,1.42392048351551,0.0173954571666317,-0.264413959893019
"CP018_2m_A_GTCCCTGGTATGCCTC-1","2m","A","0","Other",0.64457782367203,-0.334873644530879,-0.14338267047548,-0.213427117282301
"CP018_2m_A_GTCCCTGGTATGGGTT-1","2m","A","0","Other",0.70028308089343,-0.304771132470813,-0.173020302666445,-0.26780078395742
"CP018_2m_A_GTCCGCCGTACTGGAT-1","2m","A","7","Other",0.191370929228198,-0.0336474444462434,-0.110696238500678,-0.179823109316311
"CP018_2m_A_GTCCGGGGTGGCGGTT-1","2m","A","2","HIV-Specific TCR",-0.476736674253717,-0.101758567870999,0.17564921684755,-0.273735639519651
"CP018_2m_A_GTCCTTAGTCAGCGTA-1","2m","A","8","Other",0.267083993611661,-0.269783012606115,-0.0726404645326952,-0.24349690202892
"CP018_2m_A_GTCCTTAGTGGGGTAG-1","2m","A","5","Other",0.202094902794345,-0.323919499908706,-0.0623852534773191,-0.129477054594623
"CP018_2m_A_GTCGAATGTCGCCCTA-1","2m","A","8","Other",0.450209048558138,-0.0325254914876456,-0.139943816770298,-0.184935228978722
"CP018_2m_A_GTCGAATGTGCTAGAT-1","2m","A","0","Other",0.565549658594303,-0.337636130590104,-0.167431999825438,-0.280441176393508
"CP018_2m_A_GTCGCCCGTCATCTTG-1","2m","A","0","Other",0.0199912690072748,-0.266836532402142,-0.00820237459466942,-0.180876865278079
"CP018_2m_A_GTCGCTTGTAGCTGGC-1","2m","A","0","Other",1.09316581977463,-0.048059823262106,-0.126603155891885,-0.190137792183628
"CP018_2m_A_GTCGGCGGTACGTGAT-1","2m","A","5","Other",-0.00999553902841122,-0.363669129573533,-0.032549619943796,0.020008241669166
"CP018_2m_A_GTCGGCGGTATGGAGA-1","2m","A","0","Other",0.60438014541211,-0.321768086155152,-0.170111750576763,-0.261747515752782
"CP018_2m_A_GTCGGGTGTCCTCTGG-1","2m","A","0","Other",0.0183491152940336,-0.348375482381666,-0.189223888982474,-0.225226446569645
"CP018_2m_A_GTCGGGTGTCGATCAG-1","2m","A","1","Other",0.0867966356456551,-0.0643273948470819,-0.0388680127920854,-0.0147033524811395
"CP018_2m_A_GTCGTAGGTACTGGGC-1","2m","A","4","Other",-1.29344888279673,1.35251919533314,0.430488346221808,0.945354280829097
"CP018_2m_A_GTCGTAGGTCTTCAAT-1","2m","A","0","Other",-0.0174495135888222,-0.0838687382699589,0.177796652581775,0.012719290493143
"CP018_2m_A_GTCGTAGGTGCTAAGT-1","2m","A","1","Other",-0.285085999393636,0.46601628321548,-0.146654659592496,-0.212895031131284
"CP018_2m_A_GTCGTAGGTGCTCCTG-1","2m","A","1","Other",-0.185372249774073,-0.254769602950423,-0.0449544878760942,-0.237299564973856
"CP018_2m_A_GTCGTCTGTAGACGTT-1","2m","A","6","Other",-1.23096217550121,1.92601991508334,-0.0707915685199787,-0.274750375910052
"CP018_2m_A_GTCGTGAGTACCACGA-1","2m","A","0","Other",-0.346935229924631,-0.243302383183007,-0.112359253210214,0.0701090013706412
"CP018_2m_A_GTCTAGGGTGTGCCCC-1","2m","A","0","Other",0.41296102525043,-0.238086889801577,-0.00683939612546342,0.0395609855644082
"CP018_2m_A_GTCTATTGTCATACTT-1","2m","A","8","Other",0.924673981411194,-0.139982537354247,0.0170264008579843,-0.239461378406541
"CP018_2m_A_GTCTCCGGTACAGTTA-1","2m","A","1","Other",-0.207068400542091,-0.331370330246532,-0.155962093273601,0.231343944502902
"CP018_2m_A_GTCTGAGGTCATAGTA-1","2m","A","3","HIV-Specific TCR",-1.33922137258838,2.42884061052034,0.163248778657263,-0.202169178411413
"CP018_2m_A_GTCTTATGTACACTCC-1","2m","A","0","Other",0.216149728847109,-0.275753990847201,-0.00646958343220415,-0.187543189710045
"CP018_2m_A_GTGAGTTGTGGTTAGT-1","2m","A","4","HIV-Specific TCR",-0.989192812092749,1.32097653297688,0.789149778523439,0.632144032947176
"CP018_2m_A_GTGCAATGTGTGCATG-1","2m","A","0","Other",0.096708400841252,-0.302106914196217,-0.12472544268924,-0.200364013475203
"CP018_2m_A_GTGCATGGTACTCAGG-1","2m","A","0","Other",0.563265327827557,-0.367293729580248,-0.198390664720121,0.0787465200898878
"CP018_2m_A_GTGCATGGTATCAGGT-1","2m","A","0","Other",0.509315472447694,-0.274002983150915,-0.131532894857274,-0.194457051809033
"CP018_2m_A_GTGCCGGGTACTCGCT-1","2m","A","0","Other",0.255968174078453,-0.332065501357803,-0.160710242374054,0.029888239187272
"CP018_2m_A_GTGCCTTGTATCGAGT-1","2m","A","8","Other",0.270660500990742,-0.106180610922576,-0.0280204533693655,-0.242817960702531
"CP018_2m_A_GTGCGCGGTAGGGGAT-1","2m","A","6","Other",-0.00956265997284467,-0.0804078456790443,-0.128631352092055,-0.155617714303047
"CP018_2m_A_GTGCGCGGTGGATCGC-1","2m","A","0","Other",0.0568765221970324,-0.28475650845465,-0.138503020474994,0.0109398383526557
"CP018_2m_A_GTGCGCGGTGGGAGCA-1","2m","A","0","Other",0.3605584034291,0.0628144232562374,-0.15606676240055,0.0298988895445413
"CP018_2m_A_GTGGATTGTCAGCCCC-1","2m","A","0","Other",-0.160731253913537,-0.284001616001207,-0.134092306026588,-0.180908287243035
"CP018_2m_A_GTGGCCGGTATAAGGG-1","2m","A","0","Other",0.730360269321206,-0.32021091890136,-0.0140806038946754,-0.199723732297778
"CP018_2m_A_GTGGCCGGTCGGTTTC-1","2m","A","1","Other",-0.952833834267245,0.0653638154852937,0.010496044138978,-0.257502295463404
"CP018_2m_A_GTGGTCAGTAAGCCGC-1","2m","A","0","Other",0.27734065213514,0.048672505414157,-0.123820771187266,-0.218908978379579
"CP018_2m_A_GTGGTCAGTAAGGTTC-1","2m","A","8","Other",0.469232418405074,-0.373219010809551,0.0509062300334386,-0.114699343903239
"CP018_2m_A_GTGTAGTGTAGGGAGT-1","2m","A","1","Other",-0.556667093526907,0.540487914757989,0.887659741819317,-0.289336157951343
"CP018_2m_A_GTGTAGTGTGCTATCC-1","2m","A","4","Other",-0.713427904294843,-0.357328881520467,-0.0648308362697992,0.997330638344045
"CP018_2m_A_GTGTAGTGTGGTTATA-1","2m","A","0","Other",0.136391781557785,-0.309256833342361,-0.165721647288682,-0.0691404644464309
"CP018_2m_A_GTTAAGCGTAGGCGGA-1","2m","A","3","Other",-0.64299850529033,0.425036638227572,-0.172761927614742,0.197007590507827
"CP018_2m_A_GTTACCCGTGTGCGCG-1","2m","A","6","Other",0.0227883265170905,-0.272454894092089,-0.0901395340616153,-0.164961417538241
"CP018_2m_A_GTTAGCGGTGGTAATC-1","2m","A","2","HIV-Specific TCR",-0.291227011321962,-0.346294992020536,0.126327239943677,-0.116076567664793
"CP018_2m_A_GTTAGGTGTCTGACTC-1","2m","A","0","Other",0.0988060489552747,-0.233381134191076,-0.112121572725488,-0.161928826282477
"CP018_2m_A_GTTAGTAGTACTTTCG-1","2m","A","0","Other",0.489619093865894,-0.287725752034684,-0.132673435226234,-0.198768136317349
"CP018_2m_A_GTTATGAGTATGGGCC-1","2m","A","0","Other",-0.110061602748972,-0.254126254492884,0.0583732889125362,-0.192012561899918
"CP018_2m_A_GTTCAGGGTCCTTGCG-1","2m","A","0","Other",-0.138433621169174,-0.288563562555328,0.152515226008661,-0.222022813527817
"CP018_2m_A_GTTCATTGTACCTCCG-1","2m","A","0","Other",0.227135187385747,-0.334961735956091,-0.0851470751225769,-0.218218677168672
"CP018_2m_A_GTTCATTGTGGGGTCT-1","2m","A","1","Other",-1.00536373222748,0.340662403349434,0.246343402287583,-0.310612801004106
"CP018_2m_A_GTTCGAGGTATACGTA-1","2m","A","0","Other",0.490390939185973,-0.363829398193919,-0.0342280752576264,-0.0374129595304728
"CP018_2m_A_GTTCGCTGTGTGTATA-1","2m","A","0","Other",-0.233044721994582,-0.296251024812731,-0.155826581369018,0.00662482381644006
"CP018_2m_A_GTTCTATGTCTAATGA-1","2m","A","3","Other",-1.37274091037502,1.46532734817938,0.0189754005573953,0.292509384565624
"CP018_2m_A_GTTGCGAGTAACGAGA-1","2m","A","0","Other",0.341214547628174,-0.333988368717701,-0.168802228012058,0.0183143964385727
"CP018_2m_A_GTTGGGCGTAGCTGAT-1","2m","A","0","Other",0.331891597047867,-0.315289042242267,-0.146629949645325,-0.217776106020804
"CP018_2m_A_GTTGTAAGTCGATTCC-1","2m","A","8","Other",0.254766486311328,-0.274477116596729,-0.128693373019,-0.0150891009666184
"CP018_2m_A_GTTGTAAGTGGCGAGA-1","2m","A","2","Other",-1.01380879863875,-0.397141469292343,0.477959337263959,-0.308367658619321
"CP018_2m_B_AAACCAGCAAAGGACC-1","2m","B","0","Other",0.0727424535983658,-0.25589535520076,0.127559928971168,0.275608032866224
"CP018_2m_B_AAACCGACAATTCGGT-1","2m","B","1","Other",0.316562898336978,-0.249679905967709,0.0138716480986512,0.0989279623593979
"CP018_2m_B_AAACCGACACGCTCAA-1","2m","B","7","Other",0.0804488963632231,-0.178967429387434,-0.0492380852283862,-0.100125029975511
"CP018_2m_B_AAACCGACAGCTGTAT-1","2m","B","0","Other",0.680311624106316,-0.220406201292529,0.0281471476792815,-0.12483610184433
"CP018_2m_B_AAACCTCCACATATGC-1","2m","B","8","Other",0.462348106561481,-0.24302137628203,-0.103158113776939,-0.196016669343935
"CP018_2m_B_AAACCTCCACCACTCT-1","2m","B","5","Other",0.322164306388105,-0.196894600845426,-0.0688668063614387,0.123267223829772
"CP018_2m_B_AAACGCACAACACAGA-1","2m","B","1","Other",0.0968383386841305,0.0567485844954146,0.2467025838055,-0.110805574003523
"CP018_2m_B_AAACGCACACGTACAT-1","2m","B","0","Other",0.108631138132054,-0.227125410508,-0.0117053551404838,-0.152892557675643
"CP018_2m_B_AAACGGCCACCTGACA-1","2m","B","0","Other",0.667371291150682,-0.222595755335999,-0.110472990901296,-0.133719490858297
"CP018_2m_B_AAACTAACAATATCAT-1","2m","B","4","HIV-Specific TCR",-0.790704321067662,1.95069319454573,1.11816949785309,-0.0842545392726807
"CP018_2m_B_AAACTAACACTATGAC-1","2m","B","0","Other",0.525901106531417,-0.205700616877945,-0.0969947429911653,-0.114923926701106
"CP018_2m_B_AAACTAACACTTAAGC-1","2m","B","0","Other",0.35265630189323,0.023188245749443,0.0547947480944242,-0.118196028833328
"CP018_2m_B_AAACTAACAGGAACGT-1","2m","B","0","Other",0.360971904723111,-0.0363019362352501,-0.0626979439268867,-0.141098611245236
"CP018_2m_B_AAACTCCCAATACCCG-1","2m","B","0","Other",0.717947111293942,-0.245789417490175,-0.0987997105968984,0.164550467213638
"CP018_2m_B_AAACTCCCAGTACTTA-1","2m","B","0","Other",0.329795239730139,-0.160975627725626,-0.0610386328058629,-0.0708311832094495
"CP018_2m_B_AAACTCCCAGTTGAAG-1","2m","B","0","Other",0.152130038710742,-0.255972369700806,-0.0896006636483245,0.214625967068281
"CP018_2m_B_AAAGCATCAATGCATC-1","2m","B","0","Other",0.540149786053196,-0.196969535452779,-0.0884124135394985,-0.118272682767687
"CP018_2m_B_AAAGCATCACGCACTA-1","2m","B","0","Other",0.187745569152545,-0.209013317876854,0.0762567352915347,-0.150094397680884
"CP018_2m_B_AAAGCATCAGGTCATT-1","2m","B","0","Other",0.465299773815197,-0.237630791503038,-0.121133073280413,-0.15089705084719
"CP018_2m_B_AAAGCCACACCTGCAA-1","2m","B","0","Other",0.182559677021232,-0.063972872956732,-0.0919267560561814,-0.0942322512877079
"CP018_2m_B_AAAGCGCCAGCCTTTC-1","2m","B","4","HIV-Specific TCR",-1.12659463854152,1.89221388003234,0.8085432981908,0.523061882186272
"CP018_2m_B_AAAGGAACAAACCAGA-1","2m","B","8","Other",0.0742325195203115,-0.122225282381313,-0.107099479859146,-0.119595649700139
"CP018_2m_B_AAAGGAACAACCATCG-1","2m","B","0","Other",0.465717606864472,-0.137119794982222,-0.0977322292258748,-0.150018458854275
"CP018_2m_B_AAAGGAACAATAATTC-1","2m","B","0","Other",0.530901596126511,0.100422569719531,-0.0447137909457419,-0.107800226702127
"CP018_2m_B_AAAGGAACACCTCATC-1","2m","B","5","Other",0.248362534716719,-0.166091422929469,-0.0729320522173666,-0.0967414050451457
"CP018_2m_B_AAAGGCCCACTATAGC-1","2m","B","0","Other",0.343961591086488,-0.234823258357942,-0.0816632674183545,-0.117512956092626
"CP018_2m_B_AAAGGGGCACTCGCAA-1","2m","B","0","Other",0.484715060155113,0.0106579760834751,-0.0900906156512619,-0.169515020711894
"CP018_2m_B_AAAGTTACAAGGGTTA-1","2m","B","0","Other",0.79846054273575,-0.111278359785879,0.0574954127682061,-0.13832702526476
"CP018_2m_B_AAATCAACAATTCATG-1","2m","B","8","Other",0.150913931350355,-0.0699037915624139,-0.0684745352193893,-0.142157069480885
"CP018_2m_B_AAATCCCCAATACACC-1","2m","B","8","Other",0.13827368890625,-0.153358287895992,-0.0504930039277058,-0.0848961529046387
"CP018_2m_B_AAATCCCCACACGGTC-1","2m","B","5","Other",0.265932280318392,-0.213025381407842,-0.0662312272208002,-0.11186549893908
"CP018_2m_B_AAATCCCCAGGGATTA-1","2m","B","0","Other",0.190946923271326,0.0652714065827437,-0.0964886069032606,-0.115627049974319
"CP018_2m_B_AAATCTTCACCTTCCG-1","2m","B","5","Other",0.345219019173208,-0.212156320695998,-0.101574976814371,-0.151869162457481
"CP018_2m_B_AAATGACCACGAAGTA-1","2m","B","0","Other",0.0771681080297142,-0.0865908737522857,-0.0909335833170468,-0.128792219073803
"CP018_2m_B_AAATGGTCAACCCTCT-1","2m","B","1","Other",-0.234949241406131,-0.198813215341068,0.0762430510966813,-0.13107467431795
"CP018_2m_B_AAATGGTCAATGACAG-1","2m","B","0","Other",0.430913231143513,-0.167084364356852,-0.0653868999805924,0.167692285979857
"CP018_2m_B_AAATGGTCAGTATCAC-1","2m","B","0","Other",0.230918315733776,-0.194253721727224,-0.0948830867717714,-0.117653153008684
"CP018_2m_B_AAATTCTCACCAAGCC-1","2m","B","0","Other",0.480661250639108,0.0207781013107591,-0.0838509323967298,0.0626609940671787
"CP018_2m_B_AACACCTCAATTACGC-1","2m","B","0","Other",0.105456817545704,-0.0585706286454439,-0.0716978913296894,-0.0973655250014441
"CP018_2m_B_AACACCTCACCATACG-1","2m","B","5","Other",0.578979607587442,-0.24210964448082,-0.0927375263757087,-0.110818371364829
"CP018_2m_B_AACACCTCAGGTTAGA-1","2m","B","5","Other",0.178503403312685,-0.0445055084794389,0.145270357367504,-0.135684204734979
"CP018_2m_B_AACACCTCAGTCCGTA-1","2m","B","0","Other",0.449323521385562,-0.0731140698164635,-0.0979445609954492,0.32509800938343
"CP018_2m_B_AACACTCCAATACGGA-1","2m","B","0","Other",0.715673884296505,0.0235020021595246,-0.0889469683150948,-0.134793984247158
"CP018_2m_B_AACACTCCACATTGGT-1","2m","B","0","Other",0.496937538137465,-0.210048548251749,-0.0994567723096422,-0.167423427462064
"CP018_2m_B_AACACTCCAGCCTGAC-1","2m","B","0","Other",0.764455204435917,0.152003181784763,0.190653387484457,-0.120205263648832
"CP018_2m_B_AACACTCCAGTGGCGA-1","2m","B","7","Other",0.272795243824031,-0.0235095040880468,-0.0692308467239201,0.185497283895297
"CP018_2m_B_AACATAACAATAGGCA-1","2m","B","0","Other",0.654915095709715,-0.21599703511871,-0.0829148201189324,-0.1174883598716
"CP018_2m_B_AACATAACAGCTAAGA-1","2m","B","0","Other",0.478645297408588,-0.229419577380096,0.19971772564782,-0.105399951191302
"CP018_2m_B_AACATAACAGGACAAC-1","2m","B","0","Other",1.24533759353473,-0.223374727144915,0.0155923635724325,-0.146480639177312
"CP018_2m_B_AACATGGCACGAAGTA-1","2m","B","4","Other",-0.655907757143344,0.475406257189983,0.0136482131319955,1.99667016446099
"CP018_2m_B_AACATGGCACGCGAAG-1","2m","B","0","Other",0.519228189230968,-0.19873314807386,-0.0844956704222471,-0.14667112624167
"CP018_2m_B_AACATGGCACTAGTCG-1","2m","B","0","Other",0.618776055391783,-0.240521314369655,-0.0740768881417714,-0.119641784264492
"CP018_2m_B_AACATGGCAGCGGTCT-1","2m","B","1","Other",0.290441029808923,-0.063058122214589,0.0100420781911447,0.498053680182545
"CP018_2m_B_AACATGGCAGGATAGC-1","2m","B","0","Other",0.492540929070658,-0.114119474288115,-0.0899223658495786,-0.11774703310412
"CP018_2m_B_AACATTTCAAGCTGAA-1","2m","B","0","Other",0.401935366645108,-0.229049233130031,-0.105403429628924,0.145448851454866
"CP018_2m_B_AACATTTCACAATGCT-1","2m","B","0","Other",0.05909864340786,-0.213591519272165,-0.0870014859790064,-0.150621162879448
"CP018_2m_B_AACATTTCAGCAACCC-1","2m","B","0","Other",0.643185095894701,0.219174841495863,-0.0976040359796953,-0.134091267471281
"CP018_2m_B_AACCACTCAAGCTATC-1","2m","B","0","Other",0.482403057185954,-0.204159089569673,-0.0845654896666505,-0.119879593543922
"CP018_2m_B_AACCATCCAGTACTCG-1","2m","B","8","Other",0.309937784915375,0.0372632914461412,-0.0795598157607635,0.145907601624131
"CP018_2m_B_AACCCATCAAAGGCAC-1","2m","B","0","Other",-0.104313082390811,-0.202833232149,-0.0993556686968865,-0.134424714802705
"CP018_2m_B_AACCCATCACAACATC-1","2m","B","0","Other",0.476788590941909,-0.200318971740653,-0.0950049401090063,-0.141022642555286
"CP018_2m_B_AACCCATCACAACTTA-1","2m","B","1","Other",0.170127947602537,0.23316016465731,0.0937635683001445,-0.11407905316122
"CP018_2m_B_AACCGGGCACAACCCA-1","2m","B","1","Other",-0.254835104201183,-0.23765477072446,-0.0899812707310755,-0.159583552697835
"CP018_2m_B_AACCGGGCACATACCG-1","2m","B","0","Other",0.873084154896173,-0.222293505831572,-0.098382886742657,-0.104354729996915
"CP018_2m_B_AACCGGGCACGCTTTC-1","2m","B","0","Other",0.126464734654767,0.14230661189531,-0.0817887104312144,0.1197436056353
"CP018_2m_B_AACGAGCCAAATATTC-1","2m","B","0","Other",0.871745144602826,-0.233011358280464,0.0167533427314138,-0.1661312298542
"CP018_2m_B_AACGAGCCAGCCCATA-1","2m","B","1","Other",-0.183853381057788,0.627630694485851,0.24388794586927,0.108627190782739
"CP018_2m_B_AACGCAACAGGTAACA-1","2m","B","4","Other",-0.518751875575587,0.400652533533387,0.534475911137046,1.28153632903434
"CP018_2m_B_AACGCGGCAAATTTCG-1","2m","B","8","Other",0.845433813226493,-0.0169112879788121,-0.105251442000225,-0.144940455545197
"CP018_2m_B_AACGCGGCAGGAACGT-1","2m","B","8","Other",0.701698710843511,-0.060550959104897,-0.0728313073934138,-0.124873502219507
"CP018_2m_B_AACGGGTCAACGACCC-1","2m","B","0","Other",0.239802357905163,-0.190736084461538,-0.0740327916814364,-0.104046621304369
"CP018_2m_B_AACGGGTCAATCATCA-1","2m","B","0","Other",0.0938922767847898,0.121607178845069,-0.073044241270226,0.133432303307027
"CP018_2m_B_AACGGGTCACTATCCC-1","2m","B","0","Other",0.316335350524543,0.0582962644618537,-0.100344314430022,-0.139625391447587
"CP018_2m_B_AACGGGTCAGCGCATC-1","2m","B","0","Other",0.0546968117930584,-0.212204202561595,-0.0872870690247395,-0.126386718525592
"CP018_2m_B_AACGGGTCAGTATGCT-1","2m","B","0","Other",0.494279435917728,-0.00679649084081702,-0.0659186783125054,-0.083478121599109
"CP018_2m_B_AACGGGTCAGTCCACA-1","2m","B","0","Other",0.240900859554293,0.0981972811382799,0.0173779227578693,0.253823912960683
"CP018_2m_B_AACGGTACAAAATGAC-1","2m","B","6","Other",-0.55082170531199,0.169247056683377,-0.0872083248518221,-0.16415614420417
"CP018_2m_B_AACGGTACAAGCAAGC-1","2m","B","0","Other",0.412269116120019,-0.224645017967642,-0.0707231661393497,0.0854815084623398
"CP018_2m_B_AACGGTACACTTATAG-1","2m","B","0","Other",0.204662486515499,-0.225435767871793,0.0319001680506806,0.146543784403673
"CP018_2m_B_AACGGTACAGCATCCA-1","2m","B","0","Other",0.186606254382749,-0.195278175345262,-0.0874002182137536,0.125358153636905
"CP018_2m_B_AACGTTCCAAAAGGCC-1","2m","B","0","Other",0.696176162224592,-0.245809633498275,-0.120663172788407,0.0827435507065164
"CP018_2m_B_AACGTTCCAAAGGCCG-1","2m","B","0","Other",0.530749765564717,-0.273111753461884,-0.118880675253778,-0.128834505529257
"CP018_2m_B_AACGTTCCAATATTAC-1","2m","B","0","Other",0.0477664764772729,-0.222735611621574,-0.0947393024495899,-0.137773818312373
"CP018_2m_B_AACTACCCACAAACCT-1","2m","B","0","Other",0.405480396111675,0.107186258095366,-0.0769772309598974,-0.114201065510013
"CP018_2m_B_AACTACCCACCCTATC-1","2m","B","0","Other",0.788647994760232,-0.197974888627741,-0.0592617564623928,0.131618074097677
"CP018_2m_B_AACTACCCAGCCAACC-1","2m","B","0","Other",0.918609527620524,-0.176304496366305,-0.067609503562194,0.156082088517177
"CP018_2m_B_AACTCACCACTCACGA-1","2m","B","0","Other",0.562803334978887,-0.157057358698121,-0.0644462092887601,0.169328078839175
"CP018_2m_B_AACTCTACAAGTCGGG-1","2m","B","0","Other",0.0569023963415272,-0.0840334749707752,-0.0794676217473705,0.327554627577349
"CP018_2m_B_AACTCTACAATAATTC-1","2m","B","0","Other",0.165262481211567,-0.191898059473596,0.0944354569289834,0.0999137919560263
"CP018_2m_B_AACTCTACACCATAAC-1","2m","B","4","Other",-0.913594362227331,1.88665870644131,0.468686649602582,1.33263754415187
"CP018_2m_B_AAGCAATCAAACACTC-1","2m","B","0","Other",0.300544559780843,-0.225764915200271,-0.0916187531506866,0.192387691613275
"CP018_2m_B_AAGCAATCAAACTAGG-1","2m","B","3","Other",-1.08134615864559,1.73126063570893,-0.0506833030473338,-0.0799002899036692
"CP018_2m_B_AAGCAATCAATGTCCG-1","2m","B","0","Other",0.689872369020584,-0.0757881674113748,0.164443394949491,-0.134606943420026
"CP018_2m_B_AAGCAATCACATGCCA-1","2m","B","0","Other",-0.0254931003313481,0.0477031642572562,-0.0787097067716959,-0.0957736718884575
"CP018_2m_B_AAGCATGCAGTTCACG-1","2m","B","0","Other",0.474074964959755,-0.128070522771041,-0.115058405741019,0.0594034325757376
"CP018_2m_B_AAGCCAACACCATAAC-1","2m","B","8","Other",0.442673213688201,-0.211566801260341,-0.0733664516589133,-0.102095303304081
"CP018_2m_B_AAGCCAACAGGGATTA-1","2m","B","5","Other",0.268387155931505,-0.0879142997682521,-0.0657338125676668,-0.0959757510571318
"CP018_2m_B_AAGCCAACAGTCTCGA-1","2m","B","0","Other",0.283690058109808,-0.215676282317851,-0.0938494581858562,-0.105851090277525
"CP018_2m_B_AAGCGTACACCGGTTA-1","2m","B","1","Other",-0.146337574073622,0.501327258989012,-0.0538645104606793,-0.104795644426839
"CP018_2m_B_AAGCTAGCAAATATTC-1","2m","B","0","Other",0.601761140312253,-0.077335051215372,0.036586693904443,-0.109210480286827
"CP018_2m_B_AAGCTAGCAAGCAGTA-1","2m","B","0","Other",0.291315787812986,-0.259593835111806,0.0193214491371591,0.0981205342215353
"CP018_2m_B_AAGCTAGCACAAGTAG-1","2m","B","5","Other",0.139699797764361,-0.227841491681543,0.0407542746950697,-0.169029792156955
"CP018_2m_B_AAGCTCTCACCTCTTA-1","2m","B","6","Other",-0.879370510846001,1.67990010500418,0.327906822748558,-0.146325741174682
"CP018_2m_B_AAGCTCTCACGGGGTA-1","2m","B","0","Other",-0.116599420898503,-0.16958445300836,-0.0890389618670375,0.483901716846527
"CP018_2m_B_AAGCTCTCACTCATTT-1","2m","B","0","Other",0.416242410671394,-0.204796161039228,-0.0928252510292437,-0.122474144352681
"CP018_2m_B_AAGCTCTCAGGTTTCG-1","2m","B","0","Other",0.259353835102517,-0.0966272954471204,-0.0787972708725665,-0.14827807905887
"CP018_2m_B_AAGCTTCCAAATATAG-1","2m","B","7","Other",0.745372045371741,-0.221700270780443,0.0283335137563209,-0.151586517179459
"CP018_2m_B_AAGCTTCCAACACTTA-1","2m","B","0","Other",0.051398179520368,-0.198864717296253,-0.0904151651276095,0.163014159923962
"CP018_2m_B_AAGGACCCAGCCAATT-1","2m","B","0","Other",0.657716410467595,0.0203531119736148,-0.0768823355469645,-0.101727504253484
"CP018_2m_B_AAGGACCCAGTGATAG-1","2m","B","1","Other",-0.693435298767714,0.0836039191184269,0.304102231104683,-0.145838946205689
"CP018_2m_B_AAGGAGGCAAAACTCC-1","2m","B","0","Other",0.126876343234667,-0.194331191683033,-0.0729173322531657,-0.106633130644474
"CP018_2m_B_AAGGAGGCAGGCTCTA-1","2m","B","0","Other",0.709616993693484,-0.20724540752506,-0.0885404636463322,-0.130741999355426
"CP018_2m_B_AAGGCACCAACGAAGC-1","2m","B","0","Other",0.0312053161327219,-0.0282422841621618,-0.0744785504017362,-0.125349627421376
"CP018_2m_B_AAGGCACCAATCTCTT-1","2m","B","1","Other",-0.514150568291326,0.176276804668934,0.117171824401698,-0.16865158285555
"CP018_2m_B_AAGGCACCAGCAGCCT-1","2m","B","0","Other",-0.172811905346416,-0.179877587268392,-0.100058829533194,-0.115862855194676
"CP018_2m_B_AAGGCACCAGTGGCAG-1","2m","B","0","Other",0.758481244732558,-0.275866867857606,0.015194826080987,-0.187280359622543
"CP018_2m_B_AAGGCCGCACCCTCAT-1","2m","B","0","Other",-0.142321011445352,0.0271473588075128,-0.0581186782461604,-0.0734352784238453
"CP018_2m_B_AAGTACGCACTGCTTC-1","2m","B","8","Other",0.0255210403908119,-0.224965808413197,-0.0895821108043316,0.19767751649717
"CP018_2m_B_AAGTATACAAACGTTC-1","2m","B","0","Other",-0.0797312149652751,-0.183511019572216,-0.0731510268223473,0.152658727478004
"CP018_2m_B_AAGTATACACGGCACT-1","2m","B","0","Other",0.249500478823821,-0.181190617614047,-0.0785444729319482,0.336099165060503
"CP018_2m_B_AAGTCTCCAATGGACA-1","2m","B","0","Other",0.787852660196074,-0.146480614257581,-0.0296673828512178,0.0560378241925337
"CP018_2m_B_AAGTCTCCAGGAACGT-1","2m","B","0","Other",0.414924951924106,-0.089259547955445,0.0335429027589497,0.271227668591795
"CP018_2m_B_AAGTCTCCAGGCTTCA-1","2m","B","8","Other",0.484352675188781,-0.0946733094930134,0.148088720712372,-0.169158680794849
"CP018_2m_B_AAGTTCCCACCAATTA-1","2m","B","5","Other",-0.348066384603218,-0.22232919322074,-0.0818119879722436,-0.121230737954296
"CP018_2m_B_AATACAACAACCCACA-1","2m","B","0","Other",0.116669323401769,-0.218891629556669,-0.0907355264450448,-0.103941141624893
"CP018_2m_B_AATACAACAGTTAACC-1","2m","B","0","Other",0.028864740885312,-0.201484277120136,-0.0868849893037355,-0.104287159089768
"CP018_2m_B_AATACAACAGTTCGCA-1","2m","B","0","Other",0.365755659364134,-0.0948805902031459,-0.0968478256191016,-0.124654826459238
"CP018_2m_B_AATACCCCAACTATAT-1","2m","B","0","Other",0.666879179789503,-0.17561502095882,-0.0755433512701786,0.48240179752813
"CP018_2m_B_AATACCCCAAGACGAC-1","2m","B","0","Other",0.420229483675744,-0.265810716232892,-0.0801814605384404,0.166818667453553
"CP018_2m_B_AATATAGCACAGGACG-1","2m","B","0","Other",0.446724437623488,-0.112618231749138,-0.0950999423033425,0.120514009109755
"CP018_2m_B_AATATAGCACTAGTTA-1","2m","B","0","Other",0.234173157901346,-0.212540666012799,-0.101495447405521,0.098873133097371
"CP018_2m_B_AATATAGCACTGTAAC-1","2m","B","8","Other",0.137738762614204,-0.164184079774773,-0.0676852283428632,-0.123088285412327
"CP018_2m_B_AATATAGCAGGGACAT-1","2m","B","0","Other",0.442737319859499,-0.229380335839535,-0.0981475118433381,0.145975781453292
"CP018_2m_B_AATATCTCAAATTACT-1","2m","B","0","Other",0.704090057633877,-0.193551077112339,-0.0538965979450345,-0.11355621357923
"CP018_2m_B_AATATCTCAAGTAAAC-1","2m","B","1","Other",-0.978065777582401,0.526924412254357,-0.086916481102785,-0.105943234653937
"CP018_2m_B_AATATCTCACAAGGGT-1","2m","B","7","Other",0.0345472394186503,-0.212878653042977,0.098972863104072,-0.115416128962242
"CP018_2m_B_AATATCTCAGTAATCC-1","2m","B","2","Other",0.126309415757764,-0.253054711515855,0.175928685811546,-0.0136228151749257
"CP018_2m_B_AATATTCCAAACGCAA-1","2m","B","0","Other",0.415680229378547,-0.238746005342758,0.00252464053605742,-0.166366072723552
"CP018_2m_B_AATATTCCACAGTTAC-1","2m","B","0","Other",0.69876377635866,-0.00224472209338347,-0.058787309807832,0.378743046081554
"CP018_2m_B_AATCACCCAACTGGGG-1","2m","B","0","Other",0.323464976461704,-0.201825040599543,-0.0736386766700943,-0.109982629374269
"CP018_2m_B_AATCACCCAGCCCAAC-1","2m","B","5","Other",0.0010550276531911,-0.190149863423242,-0.0860123308270545,-0.118160973768911
"CP018_2m_B_AATCCCGCAAGACGAC-1","2m","B","6","Other",-1.0731016009885,1.6648888475273,0.176771218729808,-0.161338682939173
"CP018_2m_B_AATCCCGCACTCACTC-1","2m","B","0","Other",0.00681438109526455,-0.177037535658428,-0.082705966304863,0.162607920152639
"CP018_2m_B_AATCCCGCAGCGCACT-1","2m","B","0","Other",0.616223134245333,-0.123103294829507,-0.100692583297665,-0.130151381693572
"CP018_2m_B_AATCCGTCAATAGTAA-1","2m","B","5","Other",0.446332424414644,-0.229366652278832,-0.119500383301361,0.0832097894518717
"CP018_2m_B_AATCGAGCACAAGGCG-1","2m","B","1","Other",0.177083173423773,0.0731658028105944,-0.0901683841786743,0.357589636505111
"CP018_2m_B_AATCGAGCACCCAAAT-1","2m","B","0","Other",0.212791343479311,0.0394950138542358,0.0198798535259962,-0.140196206393431
"CP018_2m_B_AATCGAGCAGCGTATT-1","2m","B","0","Other",0.136693785385432,0.0237901024046381,-0.0883989114234073,-0.122275902057072
"CP018_2m_B_AATCGGACAATTATCG-1","2m","B","0","Other",0.620904148186499,0.386066358609909,-0.0972618241929887,0.249435724462021
"CP018_2m_B_AATCTATCAAAGCTAG-1","2m","B","0","Other",-0.505372479387255,-0.24423189737881,0.276746667719972,-0.126657027162164
"CP018_2m_B_AATCTCACAAACCGAA-1","2m","B","8","Other",0.0251250827076941,0.00263838515598955,-0.117532635707838,-0.14512015405254
"CP018_2m_B_AATCTCACAACTCCCT-1","2m","B","0","Other",0.0393939938021695,-0.180819482803319,-0.0695494307502218,-0.0982195276621056
"CP018_2m_B_AATCTCACAAGTGCCC-1","2m","B","1","Other",-0.329385323968757,-0.0410345396109374,0.154356828075997,-0.164805440333709
"CP018_2m_B_AATCTCACACTTCGTC-1","2m","B","0","Other",0.378290234203423,-0.144658172664687,-0.0747022334724192,0.236551844911517
"CP018_2m_B_AATGAACCAAAGGACC-1","2m","B","0","Other",0.522951933841707,-0.20956269930567,-0.0764695075903303,-0.11845488152249
"CP018_2m_B_AATGAACCAAATGACG-1","2m","B","0","Other",0.635756285796629,-0.103428911321348,-0.101370500199635,0.307763781507114
"CP018_2m_B_AATGAACCACCGTTTC-1","2m","B","5","Other",0.15762965452543,-0.199055460049328,-0.0954447333485191,-0.114849058534389
"CP018_2m_B_AATGAACCAGCATAAG-1","2m","B","1","Other",0.450270136841343,-0.222823340987457,0.184841168985923,0.163800063090242
"CP018_2m_B_AATGACGCAAGTGTCT-1","2m","B","0","Other",0.21767097679412,-0.204359066566538,0.0351484522616378,-0.127292225264085
"CP018_2m_B_AATGGCACAACTGTCG-1","2m","B","0","Other",0.340750740021791,-0.00561063121067207,-0.0844994793493914,-0.148305998905695
"CP018_2m_B_AATGGCACAGCGATAA-1","2m","B","5","Other",0.616365758835625,-0.261384346491021,-0.0966535196497305,-0.17363792057607
"CP018_2m_B_AATTAAGCAACCCTAG-1","2m","B","0","Other",0.019604727268584,-0.191515515484901,-0.0525478730794068,0.216744033835352
"CP018_2m_B_AATTAAGCACCGGTTA-1","2m","B","0","Other",0.592983964545946,-0.221213179702287,-0.114663533253207,-0.0909529547026515
"CP018_2m_B_AATTACTCAACGAGAC-1","2m","B","0","Other",0.0518821671709704,-0.222818456667402,0.07882012294251,0.204339639257801
"CP018_2m_B_AATTACTCAACGTGGG-1","2m","B","0","Other",0.590680205030601,-0.252817433929512,-0.0980741231834201,-0.176518760236755
"CP018_2m_B_AATTACTCAACTAATT-1","2m","B","0","Other",0.233355768087013,-0.227165158250876,-0.0887953380497913,-0.1111054667617
"CP018_2m_B_AATTACTCAGCATGAA-1","2m","B","0","Other",0.620802634522258,-0.248400482398203,-0.106100362986014,0.25605542828004
"CP018_2m_B_AATTACTCAGCCAATT-1","2m","B","3","Other",-1.09293748878572,1.57232453425605,0.211934050096438,-0.108423817815372
"CP018_2m_B_AATTCCACAACATCAC-1","2m","B","0","Other",0.547810602462583,-0.249588982409279,-0.0982281613636672,-0.155164068221857
"CP018_2m_B_AATTCCACACTAGGGG-1","2m","B","4","HIV-Specific TCR",-0.938567152878095,1.49342450963931,0.84218760706858,1.10506168111405
"CP018_2m_B_AATTCCACACTTAAAT-1","2m","B","8","Other",0.0757261849546014,-0.204948834930551,-0.0641251968849614,-0.140868579664663
"CP018_2m_B_AATTCCACAGGCCTTA-1","2m","B","0","Other",0.45031592357104,-0.276854555528426,0.00192828929223808,0.210225885882529
"CP018_2m_B_AATTCGCCACCTCACT-1","2m","B","6","Other",0.327405306462829,-0.237362913225534,-0.00831952290408743,0.072278975810721
"CP018_2m_B_AATTCGCCACTCTAGG-1","2m","B","8","Other",0.321784792315107,0.0716075212543555,-0.076790402959271,-0.114183061734437
"CP018_2m_B_AATTGAACAACTGGGG-1","2m","B","0","Other",0.41123815037603,-0.122149947780688,-0.0882800546450706,-0.1443838661859
"CP018_2m_B_AATTGAACACTATACA-1","2m","B","0","Other",0.617142897491004,-0.0368017760287788,-0.073823354653013,-0.130376682600342
"CP018_2m_B_AATTGCCCACGGTATT-1","2m","B","0","Other",0.532809363786492,-0.18077165312927,0.0869111541839196,-0.127019092624877
"CP018_2m_B_AATTGGGCAACTAAGG-1","2m","B","0","Other",0.127546049439465,-0.230628924450895,0.0421470481212547,-0.145403184586454
"CP018_2m_B_AATTGGGCAAGGGTTA-1","2m","B","0","Other",0.521908662458434,0.052324011799301,-0.101168724903769,-0.157322518676674
"CP018_2m_B_AATTGGGCAATAATTC-1","2m","B","0","Other",0.535617394814981,0.157277269395248,-0.0848657030647674,-0.1087251991603
"CP018_2m_B_AATTGGGCAGTACAAG-1","2m","B","0","Other",0.446127766817463,-0.219394780966926,-0.0704830172006988,-0.122876193329489
"CP018_2m_B_AATTTCGCAAGAGACC-1","2m","B","0","Other",0.133732840059167,-0.15503277049714,-0.0770846520972451,0.382836470587758
"CP018_2m_B_ACAACAGCAACACAGA-1","2m","B","0","Other",0.630412787269591,-0.208398053892465,-0.11310047519889,-0.162218267969983
"CP018_2m_B_ACAACAGCAATACCTA-1","2m","B","0","Other",0.312773817199679,-0.159320829409414,-0.0738578326486188,-0.0889186492841009
"CP018_2m_B_ACAACCTCAACTATAT-1","2m","B","0","Other",0.153102845847832,-0.156882174273555,0.083221552755962,0.235931671415474
"CP018_2m_B_ACAAGATCAAGTGCAA-1","2m","B","0","Other",0.366576655435362,-0.211167240746627,-0.0876219767805582,-0.127864468977021
"CP018_2m_B_ACAAGATCACAAGTAG-1","2m","B","5","Other",0.794440719043798,-0.221290841090443,-0.0715870966559541,-0.141609760355527
"CP018_2m_B_ACAATCCCAACCATCG-1","2m","B","7","Other",0.031958654180342,-0.190803217909865,-0.086253447582112,-0.148117029732281
"CP018_2m_B_ACAATCCCAATCGCGC-1","2m","B","5","Other",0.620654016899588,-0.0556945054043753,-0.107205690585981,0.193184898293194
"CP018_2m_B_ACAATCCCACAACCCA-1","2m","B","0","Other",0.349085592360168,-0.142813565545827,-0.0512073674381831,0.40010332172095
"CP018_2m_B_ACAATCCCACATAATT-1","2m","B","0","Other",-0.297429633565337,-0.178141145882901,-0.0646375117948183,-0.0857317239658783
"CP018_2m_B_ACAATCCCACCTCTCG-1","2m","B","0","Other",0.53348829723576,-0.154916305615115,0.0109785324003118,0.0423567445182707
"CP018_2m_B_ACAATCCCAGTAACCT-1","2m","B","6","Other",0.0954057717337176,-0.223840897998143,-0.0898515667334259,0.204066609930093
"CP018_2m_B_ACAATCCCAGTTGATC-1","2m","B","0","Other",0.405731743683512,-0.190507616829056,0.0358340090488202,0.106556654780412
"CP018_2m_B_ACAATGGCAACTCGGC-1","2m","B","0","Other",0.543582907089618,-0.0876387554257698,-0.0802561504086191,-0.150529818131498
"CP018_2m_B_ACAATTTCAGCTAAGA-1","2m","B","0","Other",0.438219706289252,-0.23008451271489,-0.0845495438253849,-0.121162234332284
"CP018_2m_B_ACAATTTCAGCTTCGA-1","2m","B","7","Other",0.521738282020927,-0.0111000577874059,0.0962701660650338,-0.135701282022179
"CP018_2m_B_ACACAAGCAAACCTTA-1","2m","B","0","Other",0.0284394032575235,-0.185319596001354,-0.0686493429702975,0.173837796487004
"CP018_2m_B_ACACAAGCAGGAACCG-1","2m","B","7","Other",0.348071081173014,-0.0391869658770848,-0.0670470583520033,-0.0736581786749307
"CP018_2m_B_ACACAGACACCTCATC-1","2m","B","0","Other",0.359559068930073,-0.165086272997589,-0.0793760228151059,-0.0988217006779825
"CP018_2m_B_ACACAGACACTCCTTA-1","2m","B","4","Other",-0.462759730203624,-0.231981277633326,0.0713077838882126,1.63234149263098
"CP018_2m_B_ACACGAACAACTCGCA-1","2m","B","0","Other",0.195172588391573,-0.216107699797883,-0.0885880360922881,0.229978111410954
"CP018_2m_B_ACACGAACAATAAGGT-1","2m","B","0","Other",0.451787756721188,-0.207078845499482,-0.0873112777430946,-0.127864133642319
"CP018_2m_B_ACACGAACACCAGGGA-1","2m","B","0","Other",0.515230142682293,-0.114441809256098,-0.0934540650665351,-0.159141728673063
"CP018_2m_B_ACACGCCCAGGATCAA-1","2m","B","6","Other",-0.109924755084802,-0.0383738797251188,0.0940590990205534,0.222745169798159
"CP018_2m_B_ACACGCCCAGGGACAT-1","2m","B","0","Other",-0.215028250503217,-0.0509883706046031,-0.0751344374133908,-0.127290656732183
"CP018_2m_B_ACACGGGCAACATAGG-1","2m","B","0","Other",-0.230052831855945,-0.197585478928237,0.239865843153699,-0.131592566304717
"CP018_2m_B_ACACTCGCAGTTACTA-1","2m","B","8","Other",0.575113328105477,-0.223906237055356,-0.0813811664456731,-0.13716231435484
"CP018_2m_B_ACAGAATCAACTTAAT-1","2m","B","0","Other",0.76720468461885,-0.207211506014882,-0.0733545424154563,-0.146923297130554
"CP018_2m_B_ACAGAATCAATGGTCT-1","2m","B","0","Other",0.270493325306645,-0.0360695604535568,-0.0999880800970446,-0.125241760704507
"CP018_2m_B_ACAGACACAATTAACT-1","2m","B","0","Other",0.144535385044405,-0.199921075812611,0.145433194643892,0.153752004625908
"CP018_2m_B_ACAGACACACGACACC-1","2m","B","0","Other",0.548454969228786,-0.214982649299627,-0.118395958083162,-0.161746162171055
"CP018_2m_B_ACAGAGCCAAGCTGAA-1","2m","B","6","Other",-0.352690080976122,0.970708196829528,0.256429223485219,-0.155894703996975
"CP018_2m_B_ACAGAGCCACCCAGTA-1","2m","B","0","Other",0.431238176778031,-0.182591593614181,-0.0925072709887466,-0.0766068220633967
"CP018_2m_B_ACAGCCCCAACACCCA-1","2m","B","0","Other",0.449878115096051,-0.178624324995039,-0.0597867670941105,-0.0970584382206245
"CP018_2m_B_ACAGCCCCAGTTGATC-1","2m","B","0","Other",0.526796805097007,-0.0675159068965163,-0.0695740032255512,0.154792095791439
"CP018_2m_B_ACAGCGGCAAATATCT-1","2m","B","0","Other",0.428318007985179,-0.0598823984342335,-0.0879579064434508,0.0830636744008095
"CP018_2m_B_ACAGCGGCACGATTTA-1","2m","B","6","Other",-0.798210011508973,1.49277347565379,-0.0792764771020586,-0.13280257958168
"CP018_2m_B_ACAGCGGCAGTTGCCA-1","2m","B","0","Other",1.1185264864255,-0.0203297739992112,-0.129885099569962,-0.128150925610547
"CP018_2m_B_ACAGGACCACAGTTAC-1","2m","B","0","Other",0.1468135240323,-0.0271423884781072,-0.069659573463974,0.211698120827776
"CP018_2m_B_ACAGGACCAGGTATCT-1","2m","B","0","Other",0.503765341886551,-0.204543871034535,-0.0837803744854434,-0.145927039814107
"CP018_2m_B_ACAGGGTCAACATGTC-1","2m","B","0","Other",0.493714102440812,-0.190919429743948,-0.0783491586326456,-0.0976765030643067
"CP018_2m_B_ACAGGGTCAAGACGTA-1","2m","B","0","Other",0.544053385002363,0.286970576051419,-0.114990575539697,-0.144101127653172
"CP018_2m_B_ACAGGGTCAGTTAATT-1","2m","B","0","Other",0.608112188840678,-0.236607780269398,-0.088299529659343,0.117338698436574
"CP018_2m_B_ACAGTCTCAACATATT-1","2m","B","0","Other",0.546053614888814,-0.0640029065968409,-0.0833884480873754,0.189975643668534
"CP018_2m_B_ACAGTCTCACTACGCA-1","2m","B","0","Other",0.184012721833423,-0.0543499501728441,-0.0794958079099955,-0.140751161010466
"CP018_2m_B_ACATACCCAAACCCAT-1","2m","B","0","Other",0.58011461836931,-0.181317980281033,-0.0722528929573947,-0.100457246635926
"CP018_2m_B_ACATACCCACTAGGCC-1","2m","B","7","Other",0.408142489432447,-0.1938964863257,0.132915270107634,-0.113999550494
"CP018_2m_B_ACATACCCAGCTATCG-1","2m","B","0","Other",0.640973160174772,-0.214881768313896,-0.0937477073007891,-0.141887110289698
"CP018_2m_B_ACATAGGCAAACCGGG-1","2m","B","0","Other",0.822977281190792,-0.227107755958187,-0.107686481642746,-0.113024383858749
"CP018_2m_B_ACATAGGCAGGCCTTA-1","2m","B","0","Other",0.332364492313581,-0.258468647965078,-0.102861844533133,-0.160942745788015
"CP018_2m_B_ACATAGGCAGTGTTCG-1","2m","B","0","Other",0.147911210856632,0.200801598090285,-0.079846464005463,0.13075306347047
"CP018_2m_B_ACATCACCAATACACC-1","2m","B","0","Other",0.343023784060652,-0.233072225447785,-0.0877218294337761,-0.159388116491609
"CP018_2m_B_ACATCCGCAACGAAAT-1","2m","B","0","Other",0.315062087144322,-0.199061089170807,-0.0679194066805385,-0.149214065389124
"CP018_2m_B_ACATCCGCAAGCAGTA-1","2m","B","0","Other",0.178260052245679,-0.20988191814239,-0.088282784901936,-0.114951569942478
"CP018_2m_B_ACATCCGCAAGGGTTA-1","2m","B","0","Other",0.20370496769665,-0.173876770255671,0.0949274334471536,0.202252335372378
"CP018_2m_B_ACATCCGCAATGGGCG-1","2m","B","8","Other",0.437499422745165,-0.21724727167002,-0.090487310956006,0.307149175787876
"CP018_2m_B_ACATGCTCACCCAGAC-1","2m","B","0","Other",-0.0469289708598781,-0.190316996589328,0.0506347134748405,-0.103420777463904
"CP018_2m_B_ACATGCTCACTACTAA-1","2m","B","0","Other",0.294388784502252,-0.212412728547787,-0.0825427165336368,0.664886881235816
"CP018_2m_B_ACATGCTCAGTGCATT-1","2m","B","0","Other",0.772629732568256,-0.236740680752833,-0.0813274022909184,-0.167725788018041
"CP018_2m_B_ACATGGACAGTCAAGA-1","2m","B","0","Other",0.603927401178922,-0.019077219987447,0.0515666763775904,0.281734284670533
"CP018_2m_B_ACATGTCCAAAACCTC-1","2m","B","7","Other",0.0850826868279575,-0.216161854976084,0.0234149709048581,0.215658414326754
"CP018_2m_B_ACATGTCCAGTGAAAT-1","2m","B","0","Other",0.261620644269996,-0.191737680210144,-0.0982804935599361,-0.168892796188002
"CP018_2m_B_ACCAACTCAACATACC-1","2m","B","3","Other",-0.270132741385478,2.50128471485721,0.414503218183745,0.0716570355831562
"CP018_2m_B_ACCAACTCAACTAATT-1","2m","B","0","Other",0.52250689326016,-0.119370365183993,0.0286391521547825,-0.149888535565468
"CP018_2m_B_ACCAACTCAAGTGGCG-1","2m","B","7","Other",0.523993972142224,0.0559762683571161,-0.0787542200507505,0.122165945107033
"CP018_2m_B_ACCAACTCACCACACA-1","2m","B","0","Other",0.240853074579191,0.0219151947216304,-0.0675916947485192,-0.108605935299075
"CP018_2m_B_ACCAAGACAAGGCGCA-1","2m","B","0","Other",0.365881374781623,-0.0154330408977121,-0.0969861470471986,0.104242967094165
"CP018_2m_B_ACCAAGACAATCGCAT-1","2m","B","1","Other",0.281033955702883,0.215518699618973,0.1429883830842,-0.132836194012142
"CP018_2m_B_ACCAAGACACCGACAC-1","2m","B","5","Other",0.562973016231093,-0.2157179435099,-0.0762189133191708,-0.118851960279367
"CP018_2m_B_ACCACATCACAGTCAT-1","2m","B","2","Other",0.302330603835698,-0.257177936401398,0.126689016928761,0.0879322679218607
"CP018_2m_B_ACCAGAACAACCAGAA-1","2m","B","0","Other",0.827448552933714,-0.113219895399201,0.0401136138844531,-0.15160022339785
"CP018_2m_B_ACCAGAACAATGCACT-1","2m","B","0","Other",0.21766320685035,-0.253258348550321,0.00894551178725236,-0.130019737026132
"CP018_2m_B_ACCATACCAAACCGAA-1","2m","B","6","Other",-0.698050382420263,0.949986809982298,0.333554931890992,-0.0737715332840335
"CP018_2m_B_ACCATACCAATGACGA-1","2m","B","0","Other",0.550769127755822,-0.229149126700695,0.00329360879178597,-0.149745663342107
"CP018_2m_B_ACCATACCACGTATCG-1","2m","B","0","Other",0.115507486568771,-0.223780867610705,-0.0940144535556988,-0.135938772821016
"CP018_2m_B_ACCATCGCAACAATGG-1","2m","B","0","Other",-0.0611198698200546,-0.0318374183646357,-0.09738262964419,-0.120385110738006
"CP018_2m_B_ACCCATGCACAAGTAG-1","2m","B","3","Other",-1.26503760144034,3.27160789086473,0.788233970302129,0.596845131819816
"CP018_2m_B_ACCCATGCACACGTCA-1","2m","B","0","Other",0.0450649353184116,-0.173578036071687,-0.0617798136749779,-0.137850141620325
"CP018_2m_B_ACCCATGCACGTAGCC-1","2m","B","0","Other",0.207009708475148,0.0388080465531999,0.0831224425691901,-0.119778921305358
"CP018_2m_B_ACCCCAACAAATTACT-1","2m","B","0","Other",0.346110195034072,-0.194429296535154,-0.0772434737454667,-0.129942793371942
"CP018_2m_B_ACCCCAACAGTTGATC-1","2m","B","0","Other",0.489805690612717,-0.173174916887738,0.0606331372356285,0.0533139174815348
"CP018_2m_B_ACCCGACCAAGCGGCA-1","2m","B","0","Other",0.52822136764868,-0.272655232032453,0.0294474109344164,0.119523527277562
"CP018_2m_B_ACCCGACCAATCGGCC-1","2m","B","1","Other",-0.286794915175442,0.264734147105335,0.180199916240997,-0.014510172351323
"CP018_2m_B_ACCCGTACAAAAGGCC-1","2m","B","0","Other",0.381894791469378,-0.194584795215854,-0.0669736565840943,-0.0858871504606949
"CP018_2m_B_ACCCGTACAACCTGCA-1","2m","B","0","Other",0.270100063274768,-0.128870076270566,0.0123621307896906,-0.138703770900287
"CP018_2m_B_ACCCGTACAAGTACGA-1","2m","B","0","Other",0.624033209357864,-0.240248861503439,0.34247084399667,-0.139427081078948
"CP018_2m_B_ACCCGTACAGCTAGCC-1","2m","B","0","Other",0.357588139945299,0.069313261856051,-0.0932146820479519,0.164784565398931
"CP018_2m_B_ACCCTAGCAACGAAGC-1","2m","B","3","Other",-0.646596710526778,1.47468743861367,0.127505026200569,0.29184108138969
"CP018_2m_B_ACCCTAGCAGGCGTAG-1","2m","B","8","Other",0.134178836962426,0.0743064341377731,-0.0860613098799205,0.139581120347183
"CP018_2m_B_ACCTAACCAAACCATC-1","2m","B","0","Other",0.244557817230904,-0.187139467376797,-0.0730299219661739,-0.0930749405632619
"CP018_2m_B_ACCTACGCAATCGTAC-1","2m","B","0","Other",0.539908954175682,-0.255786620052966,-0.0901840007374174,-0.141438659059261
"CP018_2m_B_ACCTACGCACAGCACC-1","2m","B","0","Other",0.0814530426447404,-0.182606300298886,0.353721003190335,0.336289163232496
"CP018_2m_B_ACCTACGCACATATGC-1","2m","B","6","Other",-1.22330590499863,1.4964774113633,0.183721338885283,-0.0929509302680212
"CP018_2m_B_ACCTAGTCACTAGGGG-1","2m","B","1","Other",-0.710413114292534,0.130071633051966,0.0283121859597133,-0.017276006916759
"CP018_2m_B_ACCTATACAATTGACC-1","2m","B","4","HIV-Specific TCR",-0.343894591835852,0.169196435066295,0.0972982848820119,0.990132656064344
"CP018_2m_B_ACCTCAGCAAGGGACT-1","2m","B","4","Other",-0.635340818861666,0.159578915680245,-0.0453880568939914,-0.0717357189932354
"CP018_2m_B_ACCTCAGCACCACAAT-1","2m","B","0","Other",-0.0417948380818294,-0.238834707546088,0.140726630195797,-0.126344915502712
"CP018_2m_B_ACCTCAGCACCTTCTA-1","2m","B","1","Other",0.363666764063617,0.0240540542446778,0.150331852447325,-0.131211715075003
"CP018_2m_B_ACCTCAGCACGCCATA-1","2m","B","8","Other",0.368702420028166,-0.105899073769533,-0.0790767240917468,-0.154136787928973
"CP018_2m_B_ACCTCAGCACGGCTAC-1","2m","B","0","Other",0.476319754007386,-0.0451886489775297,0.0356506866108039,-0.131934545539013
"CP018_2m_B_ACCTCAGCACTCAATA-1","2m","B","7","Other",0.585541562319605,-0.188628037421755,0.0749963402198671,-0.103859046542332
"CP018_2m_B_ACCTCTCCAATTAATC-1","2m","B","2","HIV-Specific TCR",0.0335408609158301,0.641686420979471,0.3547497426439,0.0199493242412827
"CP018_2m_B_ACCTCTCCACATGATC-1","2m","B","0","Other",0.334576842832214,-0.0668672698244417,0.0651815278081942,0.320212437911418
"CP018_2m_B_ACCTCTCCAGCGCATC-1","2m","B","5","Other",0.420909341149473,-0.0302875795571985,-0.0947840599111836,-0.128624851028684
"CP018_2m_B_ACCTGCACAAAAGCCA-1","2m","B","0","Other",0.392884322514626,-0.166933336395575,-0.0845521744427127,-0.0771331745917881
"CP018_2m_B_ACCTGCACACCCTAGA-1","2m","B","0","Other",0.834014082863432,-0.254394946889515,-0.0975538922536512,-0.164118802414132
"CP018_2m_B_ACCTGCACAGCAGCCT-1","2m","B","0","Other",0.397215578256119,-0.216579485652543,-0.00725929411270679,-0.15383811841532
"CP018_2m_B_ACCTGCACAGCTCCAA-1","2m","B","6","Other",-0.579046428100299,1.39611211853161,0.236493704273366,0.248107390906057
"CP018_2m_B_ACCTTAACAAACGGGT-1","2m","B","3","Other",-1.18225077536444,1.85057810015507,0.0779435383448458,-0.117479169959722
"CP018_2m_B_ACGAAATCACCCAGAC-1","2m","B","0","Other",0.458094092267237,-0.208312768487939,0.0337505321654366,0.116468752257522
"CP018_2m_B_ACGAACACAATCCCGA-1","2m","B","1","Other",-0.814687145576687,0.838292359391014,0.0582313418687238,-0.141103523424196
"CP018_2m_B_ACGAACACACAACGCC-1","2m","B","8","Other",0.183272881462555,-0.114118682275307,0.0543906112261332,-0.14890965048133
"CP018_2m_B_ACGAAGCCAACAGCCC-1","2m","B","0","Other",0.697934050175335,-0.197208012725726,-0.0777536903302242,-0.12162209386129
"CP018_2m_B_ACGAAGCCAATTACCA-1","2m","B","7","Other",0.342097633243111,-0.205534785575323,-0.0825232234649599,-0.140935186602576
"CP018_2m_B_ACGAAGCCAGCCAAGG-1","2m","B","0","Other",0.341016567620069,-0.197876801618606,-0.0707071078999738,-0.102223746630012
"CP018_2m_B_ACGAAGCCAGTCAATC-1","2m","B","4","Other",-0.842669144427387,1.40703487461715,0.63213600997097,0.343265552026524
"CP018_2m_B_ACGACCCCAACGAAAT-1","2m","B","4","HIV-Specific TCR",-0.376778060131887,1.99331189715268e-05,0.0870906916338003,1.08437810812644
"CP018_2m_B_ACGACCCCACTGGCAC-1","2m","B","6","Other",-0.523562760437844,1.18791934817277,0.523070905528502,0.228635141519495
"CP018_2m_B_ACGACCCCAGCATCGC-1","2m","B","7","Other",0.0163494961295325,0.00644414798519338,0.0268754889917743,-0.118456374174829
"CP018_2m_B_ACGAGACCAACCTCAG-1","2m","B","1","Other",-0.294877633931128,-0.110254225858569,0.0879048579750524,-0.141832094506363
"CP018_2m_B_ACGAGACCACCTCACT-1","2m","B","0","Other",0.223732950625541,-0.176272783403317,-0.0723503499811672,-0.104837749054323
"CP018_2m_B_ACGAGGTCACTTGACG-1","2m","B","0","Other",0.0566876872930639,-0.0786858614814314,-0.0707181055946324,0.117541927911215
"CP018_2m_B_ACGAGGTCAGTGGTAA-1","2m","B","0","Other",0.735683622052014,-0.243061167282035,-0.111805872492648,-0.113433680630591
"CP018_2m_B_ACGATAGCAACACTCG-1","2m","B","0","Other",0.637226062494399,-0.195252466548725,-0.0811827903161563,0.118034888843392
"CP018_2m_B_ACGCAGGCAATCGCCA-1","2m","B","5","Other",0.443198464208596,0.0179098832590416,0.0744887069629453,-0.100078503955121
"CP018_2m_B_ACGCAGGCAGGTTCGC-1","2m","B","0","Other",0.0434402964082699,0.0133713465605595,-0.0897108031657418,-0.142390989012604
"CP018_2m_B_ACGCCACCAATCATCA-1","2m","B","1","Other",-0.108798464474217,0.157959145317732,0.0577275579528683,-0.145838775570628
"CP018_2m_B_ACGCGAGCAACCCCAA-1","2m","B","0","Other",0.562542829478617,-0.198664837726378,-0.0719062076092511,-0.136963096427054
"CP018_2m_B_ACGCGAGCAACGTTTA-1","2m","B","0","Other",0.325267256396865,-0.197709744380626,0.0502192962737974,-0.111935744423531
"CP018_2m_B_ACGCGAGCACGATGTT-1","2m","B","0","Other",0.48477567936854,-0.201741244894661,-0.0614049001062157,0.175637485513139
"CP018_2m_B_ACGCGAGCAGTTCACG-1","2m","B","5","Other",0.409402052615828,-0.171737529597772,-0.0782129084734959,0.167584038464387
"CP018_2m_B_ACGCGTCCAAGTACAG-1","2m","B","0","Other",0.735073060092414,-0.262565293582069,0.018771861018783,0.0666767079315279
"CP018_2m_B_ACGCGTCCAAGTTTCA-1","2m","B","0","Other",0.226148532409337,0.145028434104402,-0.057500386211032,-0.0935836495869325
"CP018_2m_B_ACGGACGCAACCCTCT-1","2m","B","5","Other",0.168543703731116,-0.186775945441941,-0.0756771820862842,-0.117909157654819
"CP018_2m_B_ACGGACGCACGAGCGA-1","2m","B","0","Other",0.466582579798222,-0.098443958849156,0.0475434711933538,-0.139996712881515
"CP018_2m_B_ACGGCAGCAAAACGAT-1","2m","B","0","Other",0.0175457779286079,-0.17137493365273,-0.0750749962086059,-0.0911931195487333
"CP018_2m_B_ACGGCAGCACCATGCA-1","2m","B","0","Other",0.298707904929916,-0.287182031292193,0.0278312125346805,-0.166812507539347
"CP018_2m_B_ACGGCAGCACCCAACA-1","2m","B","0","Other",-0.186069508056532,-0.190909368315154,-0.0991157476974055,-0.137890238990233
"CP018_2m_B_ACGGCAGCACGCTTTC-1","2m","B","8","Other",0.122881787405428,-0.235592776073611,0.0469990059902577,-0.202437143299719
"CP018_2m_B_ACGGGATCAAATTAAG-1","2m","B","3","Other",-1.00475306724014,0.882440071684141,0.194117322514944,0.140322134411064
"CP018_2m_B_ACGGGATCAACTAATT-1","2m","B","1","Other",-0.172770238144163,-0.20935064345316,-0.0943882980481622,-0.141313835458371
"CP018_2m_B_ACGGTCCCAAAACGAT-1","2m","B","3","HIV-Specific TCR",-1.08285648076014,2.14100065617368,0.248631986446554,-0.0987269580055243
"CP018_2m_B_ACGGTCCCAAGTCGGG-1","2m","B","6","Other",-0.520446677835365,0.899390881720254,0.152097477048193,-0.155126937885703
"CP018_2m_B_ACGGTCCCACCGCTAA-1","2m","B","4","Other",-0.164399124958975,0.794400278502242,0.476411950219513,0.351746741205799
"CP018_2m_B_ACGGTCCCACGAAGTA-1","2m","B","0","Other",0.30852181419447,-0.0537170911697001,0.159551477053201,-0.114356762835747
"CP018_2m_B_ACGTAAGCACTAACTA-1","2m","B","0","Other",0.516526330002161,-0.205016445919622,-0.0749820414424295,-0.133041282547214
"CP018_2m_B_ACGTACTCAGCATTAC-1","2m","B","0","Other",0.502858568315973,-0.198222207673231,0.222321639573378,-0.129593785834137
"CP018_2m_B_ACGTCCACAAGGTTAG-1","2m","B","5","Other",0.0672142269120954,-0.17340469748768,-0.0568297451888682,-0.123892997863169
"CP018_2m_B_ACGTCCACAGCATGAA-1","2m","B","0","Other",-0.0279935942290568,-0.23754183217383,-0.0878298550407403,-0.146769479921404
"CP018_2m_B_ACGTCGCCAGGACAAC-1","2m","B","6","Other",-0.508185287045392,0.831419515038937,0.0424071887225032,-0.230452438224198
"CP018_2m_B_ACGTGCCCACCACCAA-1","2m","B","6","Other",-0.448440814784732,1.38998149866535,-0.098548815399632,-0.123656674079694
"CP018_2m_B_ACGTGCCCACTCAATA-1","2m","B","3","Other",-1.12190412454666,2.12840543215738,0.130835300676518,-0.159057028732503
"CP018_2m_B_ACGTGGGCAACGCAGG-1","2m","B","0","Other",0.36368510289874,-0.226083713175833,-0.109979144015378,-0.145210088106526
"CP018_2m_B_ACGTGGGCAATACGTC-1","2m","B","0","Other",0.328505764221681,-0.194896757981447,-0.0696883372039289,-0.128309282207767
"CP018_2m_B_ACGTGGGCACAACGGG-1","2m","B","8","Other",0.492037476723803,0.209135565532363,-0.0862498476792346,-0.169043566723209
"CP018_2m_B_ACGTGGGCAGGCGGTA-1","2m","B","0","Other",0.33790348497966,-0.0732855758734165,-0.0696846037136467,0.271774407006032
"CP018_2m_B_ACGTGGGCAGTACGCC-1","2m","B","1","Other",0.677320063394746,-0.209359583416513,-0.0880730955703578,0.349165330869879
"CP018_2m_B_ACGTTACCAATTGACC-1","2m","B","0","Other",0.355475751220137,-0.196850265373988,-0.0884151579024181,-0.12224623965015
"CP018_2m_B_ACGTTACCAGTCTTCC-1","2m","B","0","Other",0.191434024105175,-0.208467933813725,0.0372831464171524,-0.0933165232953456
"CP018_2m_B_ACGTTCGCAGGTAACA-1","2m","B","1","Other",-0.814698743356983,0.175060250201134,0.288437561672707,-0.176005206795952
"CP018_2m_B_ACGTTTACAATCATCA-1","2m","B","4","Other",-0.844240477753044,0.637725559721144,-0.0410279490277235,0.445044202381295
"CP018_2m_B_ACGTTTACAGTACTTA-1","2m","B","0","Other",0.507727186109362,0.016687142886719,0.0280540577713046,-0.132529703154607
"CP018_2m_B_ACTAACCCAATATTAC-1","2m","B","0","Other",0.408424068388906,-0.0687142964214864,-0.000516315675597928,0.0622764939989984
"CP018_2m_B_ACTAAGGCAAGCCGTC-1","2m","B","0","Other",0.260141189069964,0.0435162708667736,-0.0532333912433348,-0.0988481042654673
"CP018_2m_B_ACTAAGGCAAGCGTCC-1","2m","B","0","Other",0.459152887809113,-0.0756528692306402,-0.0773513647975919,-0.108396343420953
"CP018_2m_B_ACTAAGGCACATGAAG-1","2m","B","0","Other",0.531968046111553,-0.214358064677045,0.032587767432167,0.113017551860754
"CP018_2m_B_ACTAATTCAGGTTAGA-1","2m","B","1","Other",-0.955825237987915,1.22443290256678,-0.105170801060871,0.0707438927651244
"CP018_2m_B_ACTAATTCAGTGACCC-1","2m","B","6","Other",-0.00347257377622423,-0.246069129268169,-0.109955800600692,-0.123157040391731
"CP018_2m_B_ACTATATCAATAACTT-1","2m","B","0","Other",0.269156669768176,-0.231470515838905,0.0292715688922062,-0.139130064737687
"CP018_2m_B_ACTATATCAGGGTGCA-1","2m","B","0","Other",0.727482370381103,-0.232181304039575,0.0920966543965169,-0.143459039806046
"CP018_2m_B_ACTATCACACCATTAA-1","2m","B","0","Other",0.313356819055407,-0.0702119084495721,-0.0976822194353171,-0.101973213414621
"CP018_2m_B_ACTATCACACTGACAT-1","2m","B","0","Other",0.119307812351257,-0.202992793982734,-0.0965449755921999,-0.146174612062774
"CP018_2m_B_ACTCACGCAATTGACC-1","2m","B","0","Other",0.30625821188752,-0.200824542549406,-0.0838398130272911,0.319226116496991
"CP018_2m_B_ACTCACGCAGCTTCGA-1","2m","B","1","Other",-0.405618264318085,-0.239455099833425,0.126738406619665,0.0486339597526746
"CP018_2m_B_ACTCATACACACGCAC-1","2m","B","0","Other",0.235844367310823,-0.17198036865422,-0.0784021421915772,-0.0794955989290543
"CP018_2m_B_ACTCATACAGTGAAGC-1","2m","B","5","Other",0.430700198805342,-0.216883961503226,0.0485238256482263,-0.120574370436527
"CP018_2m_B_ACTCCCTCAATATTAC-1","2m","B","7","Other",-0.040316289946936,-0.222439566810018,0.0538157831009171,-0.127511340247187
"CP018_2m_B_ACTCCCTCACGCATAT-1","2m","B","0","Other",0.656362703871488,-0.11714401250925,-0.0903617681683515,-0.138339485279445
"CP018_2m_B_ACTCCCTCAGGTTCGC-1","2m","B","7","Other",0.565228580575174,0.219154578832827,-0.102266598351492,0.108302354360213
"CP018_2m_B_ACTCCGACAATTGACC-1","2m","B","0","Other",0.284314804695967,-0.086298017059378,-0.0962097864380421,-0.107694061151036
"CP018_2m_B_ACTCCGACAGCTACGC-1","2m","B","0","Other",-0.145361678783775,-0.200870797260561,-0.0831204723262658,-0.0966816513291719
"CP018_2m_B_ACTCGATCAACAATCC-1","2m","B","8","Other",0.0753675199085513,-0.0699284033931067,0.0786537583925028,-0.125620601023058
"CP018_2m_B_ACTCGATCAACTCGGC-1","2m","B","0","Other",0.439450137392684,-0.0864329645125278,-0.102269585693219,-0.124929441182219
"CP018_2m_B_ACTCGATCACAGTCCA-1","2m","B","7","Other",0.328638041345451,-0.0219273730188488,0.14987479469739,0.206332811577584
"CP018_2m_B_ACTCGCACAACTGGGG-1","2m","B","0","Other",0.728015773634681,-0.215404741350158,-0.112413239376461,-0.112839318603885
"CP018_2m_B_ACTCGGCCAAAGGGAG-1","2m","B","8","Other",0.397878439969356,-0.233835184333776,0.0563602434207925,-0.123788225783982
"CP018_2m_B_ACTCGGCCAAATACAA-1","2m","B","6","Other",-0.875183572566385,1.19766046175562,0.10111699960383,0.108202416203452
"CP018_2m_B_ACTCGGCCAAATTGGG-1","2m","B","7","Other",0.311628686225045,0.0917078095152238,0.0414878546237285,-0.111862435938123
"CP018_2m_B_ACTCGGCCACAACCCA-1","2m","B","0","Other",0.147215682569737,-0.178305762413395,-0.0687508664088484,-0.113855701419806
"CP018_2m_B_ACTCGGCCACCACTGA-1","2m","B","0","Other",0.50291732743331,-0.149115618373143,0.0271444631520209,-0.16465084381204
"CP018_2m_B_ACTCGGCCAGCTAGGG-1","2m","B","5","Other",0.222498515854315,-0.122689836907418,-0.114246651300465,-0.161685873999977
"CP018_2m_B_ACTCTCCCAACACAGA-1","2m","B","0","Other",0.197323497702373,-0.21484859369459,-0.102064214369451,-0.119690380803926
"CP018_2m_B_ACTCTCCCAACTCATA-1","2m","B","1","Other",-0.971853337805319,0.343151217784039,0.0277682555736656,-0.189826752588932
"CP018_2m_B_ACTCTCCCAATCGTAC-1","2m","B","0","Other",0.396939088997,-0.172624111359513,-0.0867694944337467,-0.112588593715708
"CP018_2m_B_ACTCTCCCACCTTACC-1","2m","B","6","Other",-0.300321599146856,-0.210485996681927,-0.0871339539842892,-0.134761541524975
"CP018_2m_B_ACTGAAGCAATCATTG-1","2m","B","0","Other",0.81692651998523,-0.23206242262823,-0.126348760881574,-0.173933397489398
"CP018_2m_B_ACTGAGACAATGGACA-1","2m","B","0","Other",0.821524381438428,-0.217154645639447,-0.0981019099469735,-0.110235883451406
"CP018_2m_B_ACTGAGACACCGAATT-1","2m","B","8","Other",0.308828099638173,-0.254067504883276,-0.107309749446682,0.0899881084220793
"CP018_2m_B_ACTGAGACAGGAAGGA-1","2m","B","0","Other",0.686461225526184,-0.0873592680882045,-0.0950725291222594,-0.134522062753691
"CP018_2m_B_ACTGCCACAGCTACCA-1","2m","B","0","Other",0.969005598053908,-0.0559673854338165,0.0646181374036578,-0.150445883956618
"CP018_2m_B_ACTGCGCCAAACCACT-1","2m","B","0","Other",0.645668336790578,-0.205025241482693,-0.0817547987465506,-0.123072041675415
"CP018_2m_B_ACTGCGCCACTGACGC-1","2m","B","0","Other",0.697050854560252,-0.215934322011121,-0.0945513854691446,0.141830639349751
"CP018_2m_B_ACTGGAACAAATTCGC-1","2m","B","0","Other",0.548194137670348,-0.210270146995207,-0.0952924287645697,0.133216363465072
"CP018_2m_B_ACTGGAACAGTTGGGG-1","2m","B","0","Other",0.319638393492446,-0.249944011818608,-0.0836236422807553,-0.145386612442249
"CP018_2m_B_ACTGGGGCAATTAACT-1","2m","B","5","Other",0.277363567344999,0.0257297257515142,0.0501388318238392,-0.157587804631915
"CP018_2m_B_ACTGGGGCACGTTATA-1","2m","B","7","Other",0.532857570675379,-0.22167936384137,-0.0771695876573458,-0.112571652355291
"CP018_2m_B_ACTGGGGCAGCATAAG-1","2m","B","0","Other",0.704146198806712,-0.129625858114465,0.131584098759362,-0.152080728794325
"CP018_2m_B_ACTGGGGCAGGGATTA-1","2m","B","0","Other",0.512487820017867,-0.240483157749491,-0.00098980717874278,-0.158362661556413
"CP018_2m_B_ACTGTCGCAATCAGCT-1","2m","B","0","Other",0.212247905739448,-0.219542575830061,-0.0896360179663845,-0.14331705618496
"CP018_2m_B_ACTGTCGCACCAAATC-1","2m","B","0","Other",-0.303802102579454,-0.157370943485901,-0.0793976361920275,-0.109585072519297
"CP018_2m_B_ACTTAATCAACATCAC-1","2m","B","0","Other",0.331616149430684,0.0763776986150942,0.067871866328321,-0.0961470757136574
"CP018_2m_B_ACTTAATCAAGTATCC-1","2m","B","0","Other",0.83093983410287,-0.133053239301725,0.0645926985362354,-0.157964643143934
"CP018_2m_B_ACTTAATCAATGCACT-1","2m","B","0","Other",0.629433155290566,-0.192379170118617,-0.0783788180901549,-0.129176565339134
"CP018_2m_B_ACTTAATCACACGCAC-1","2m","B","2","Other",0.29185723599051,-0.221284068158944,0.106225599892927,-0.148051594977202
"CP018_2m_B_ACTTAATCAGGTTGCC-1","2m","B","0","Other",0.261398338865703,-0.0818652906941238,0.314379610717451,0.178930205058724
"CP018_2m_B_ACTTACACACTATAAT-1","2m","B","0","Other",0.467027129608903,-0.228617889564125,-0.0881292545968299,-0.175820716896221
"CP018_2m_B_ACTTAGCCAAAGGCCG-1","2m","B","4","Other",-0.374588854016309,0.653080275650073,0.414178364389935,0.472106380384099
"CP018_2m_B_ACTTAGCCAGCGAAAC-1","2m","B","6","Other",-0.955697722280271,0.657634271974583,-0.100232030494353,0.212314190746777
"CP018_2m_B_ACTTAGCCAGCGTGAG-1","2m","B","0","Other",0.563838831324431,-0.00322508994699142,-0.0981602473505008,0.279887272902638
"CP018_2m_B_ACTTCAACACGCCTAA-1","2m","B","8","Other",-0.187960045552995,-0.20046551696404,-0.0656359561050756,-0.126668739069014
"CP018_2m_B_ACTTCGGCACATAATT-1","2m","B","1","Other",-0.646925232441137,-0.019531543131099,-0.0697497292405015,0.261055698216593
"CP018_2m_B_ACTTCGGCACGTAATC-1","2m","B","4","Other",-1.29236200186937,2.26240166834656,1.03495936481016,0.188199916638703
"CP018_2m_B_ACTTCGGCACTAGGCC-1","2m","B","0","Other",0.0194751212454647,-0.249745092761451,-0.0868871151958044,-0.174001246248671
"CP018_2m_B_ACTTCGGCAGCGTGTC-1","2m","B","4","Other",-0.870782005338022,-0.0972722113173443,-0.0382209670756462,1.05955512145109
"CP018_2m_B_ACTTTAGCAACCCTAG-1","2m","B","0","Other",0.319113768030794,0.103939182564961,-0.0953011594615671,-0.107373107365372
"CP018_2m_B_ACTTTAGCAATACGCT-1","2m","B","0","Other",-0.19036506950288,-0.223483787207555,-0.0955437738390505,-0.158936136389977
"CP018_2m_B_ACTTTAGCAGGACACG-1","2m","B","0","Other",0.10424697037905,-0.19625239698912,-0.0916475170735495,0.175675627932138
"CP018_2m_B_AGAAGCCCACCCTTTA-1","2m","B","1","Other",0.907849486766235,-0.229945091401215,-0.100058200372486,0.3164642168436
"CP018_2m_B_AGAAGCCCACTATTCT-1","2m","B","0","Other",0.394050971429735,-0.195952524990966,-0.0735563225623284,0.0941203965531246
"CP018_2m_B_AGAATACCAACATACC-1","2m","B","0","Other",0.0978854402836868,-0.197535370350749,-0.0770475080501399,-0.156713965203918
"CP018_2m_B_AGAATACCAGCAAGAC-1","2m","B","0","Other",0.0713960822706297,-0.191209011440258,-0.0734937388938262,0.213879095472565
"CP018_2m_B_AGAATTACAAACGCAA-1","2m","B","0","Other",0.85695231763394,-0.106123674154561,0.0397045226476969,-0.107599736178018
"CP018_2m_B_AGACAATCAGCGGTAG-1","2m","B","0","Other",-0.0781026851132394,-0.202393046333313,-0.0850464332689215,0.301808542371366
"CP018_2m_B_AGACAATCAGGTGCGA-1","2m","B","0","Other",0.795176456502033,-0.220743710515756,-0.0987205885050779,-0.098152655280686
"CP018_2m_B_AGACAGCCACTTAAAT-1","2m","B","1","Other",0.203772682856777,-0.25623726535138,0.15947581614239,-0.163116294939241
"CP018_2m_B_AGACAGCCAGTATGCT-1","2m","B","0","Other",0.0464839794861778,-0.0586840134388248,-0.0638437602943061,-0.124405591443351
"CP018_2m_B_AGACGTACAAAGTACG-1","2m","B","0","Other",0.788807323859225,-0.192293696898848,-0.0876462853000754,0.133985081490012
"CP018_2m_B_AGACGTACAATGCAGA-1","2m","B","0","Other",0.551716085014113,-0.214011980164465,-0.090256088453388,-0.101192671428041
"CP018_2m_B_AGACGTACACGCCAAC-1","2m","B","0","Other",0.180018237414614,-0.18447590084118,-0.0829525090428814,-0.126417386295131
"CP018_2m_B_AGAGACCCAACAGGAC-1","2m","B","0","Other",0.270712975237243,-0.23876153835276,-0.0957584067429932,-0.148824507433394
"CP018_2m_B_AGAGACCCAAGCAAGC-1","2m","B","0","Other",-0.278412051995833,-0.153620998343848,0.0949306305190299,-0.0825368129629646
"CP018_2m_B_AGAGAGGCAACCAAGA-1","2m","B","0","Other",0.062821865108992,0.0449140189264749,-0.0676969286810945,-0.0926211480958694
"CP018_2m_B_AGAGATTCACACAAGA-1","2m","B","0","Other",0.122161794789415,0.0785724162386242,-0.0733268502006516,-0.102288241874732
"CP018_2m_B_AGAGATTCACTCACTC-1","2m","B","0","Other",0.368204534627327,-0.174086891419101,-0.0864124044099165,-0.0924101956870011
"CP018_2m_B_AGAGGGACAATCGCAT-1","2m","B","0","Other",0.655785439884595,-0.238972309398847,0.135284498300164,-0.135396104401052
"CP018_2m_B_AGAGGGACAGTAGTAG-1","2m","B","0","Other",0.7794269417631,-0.280745370603163,-0.121975116276588,-0.185598673510171
"CP018_2m_B_AGCAAATCAAAATGGT-1","2m","B","6","Other",-0.309631059536813,-0.20403453408174,-0.105665268876563,-0.127433516073293
"CP018_2m_B_AGCAAATCACGCAACC-1","2m","B","7","Other",0.70089488373947,-0.0776106403179665,-0.0839492862063981,-0.148428232077074
"CP018_2m_B_AGCAAATCACTATTCT-1","2m","B","0","Other",0.415315298201015,-0.194752895490824,0.0667532947928278,0.152531128837499
"CP018_2m_B_AGCAAATCACTGCGTA-1","2m","B","4","Other",-0.769590633620546,0.0343927040668974,0.043178896725305,1.50906519342378
"CP018_2m_B_AGCAAATCAGGTTACT-1","2m","B","0","Other",0.566051792882686,0.263538894844214,-0.0760621452572916,-0.100499299942915
"CP018_2m_B_AGCAAGCCAATCCTAA-1","2m","B","0","Other",0.119205928764863,-0.181004771273783,-0.0703824991873462,-0.101053695624183
"CP018_2m_B_AGCAAGCCACGTATCG-1","2m","B","1","Other",-0.563751838276524,-0.236577670854502,0.246594416801096,-0.137795297523639
"CP018_2m_B_AGCAAGCCACGTGCTA-1","2m","B","3","Other",-1.02821589533698,0.495121816617762,0.417725696591546,-0.139822261734978
"CP018_2m_B_AGCAAGCCAGTAAACG-1","2m","B","0","Other",0.591007237940022,-0.224964967513782,-0.0884400455196694,-0.140873240140302
"CP018_2m_B_AGCACAACACAATTCA-1","2m","B","0","Other",0.622117732854872,-0.204180549474566,0.122210504913646,-0.108415996099921
"CP018_2m_B_AGCACAACACCTATAA-1","2m","B","0","Other",0.378818098299226,-0.17668885608322,-0.0887588481662184,-0.0999383962910728
"CP018_2m_B_AGCACAACAGCCACTA-1","2m","B","0","Other",0.566267692836817,-0.192577463313002,-0.0698547075296757,-0.131457719271694
"CP018_2m_B_AGCAGTACACCCTTTA-1","2m","B","0","Other",0.245250906105775,-0.221393820855957,-0.0917734301986657,-0.139739766239016
"CP018_2m_B_AGCAGTACACCGTTTC-1","2m","B","0","Other",1.12662546019746,-0.220165454798051,-0.0693499740664744,0.288540274962123
"CP018_2m_B_AGCAGTACACGCGAAG-1","2m","B","6","Other",0.148676566128136,-0.210515335879786,-0.0664616484677045,0.279212370573045
"CP018_2m_B_AGCATAGCAACTTACA-1","2m","B","0","Other",0.376990709535268,-0.0770459265778559,-0.102791639828329,-0.121559818334553
"CP018_2m_B_AGCATAGCAAGAGAGG-1","2m","B","0","Other",0.349651716168282,-0.229933033333357,-0.0819100149827326,-0.139002729491014
"CP018_2m_B_AGCATAGCACCTTGAG-1","2m","B","0","Other",0.657561923927933,-0.233140200903803,-0.0983518051631818,-0.177081985276959
"CP018_2m_B_AGCATTCCAACCTAAC-1","2m","B","0","Other",-0.801335266338725,-0.205671974388133,-0.085438075026898,-0.11389340735987
"CP018_2m_B_AGCATTCCACAAATGG-1","2m","B","4","Other",-0.841887869622442,-0.177457645215043,-0.00173621455398754,0.218635054254815
"CP018_2m_B_AGCATTCCAGCTTACG-1","2m","B","3","Other",-1.02634378422283,2.75185646742144,0.38821404177459,0.209346333057063
"CP018_2m_B_AGCATTCCAGTACGAA-1","2m","B","0","Other",0.371580962159032,-0.0659437128766339,-0.0743799076784289,-0.124834899217752
"CP018_2m_B_AGCCATTCAACGAGGT-1","2m","B","0","Other",0.471886701081108,-0.2540910123293,-0.118971540202277,0.356969817362771
"CP018_2m_B_AGCCATTCAACGATAG-1","2m","B","0","Other",0.455534843979066,-0.0532341814808911,-0.133429445660131,-0.190125130765103
"CP018_2m_B_AGCCATTCAGCGGTAG-1","2m","B","0","Other",0.212882811818227,0.0248718963012003,-0.0955103672887507,-0.0878176338182788
"CP018_2m_B_AGCCGAGCAATCGGGG-1","2m","B","5","Other",0.521571122740857,-0.135782338513671,-0.00486627931045046,-0.155576188381689
"CP018_2m_B_AGCCGAGCAATGCCCA-1","2m","B","1","Other",-0.168501997649082,-0.198203669156017,-0.0756684983492231,-0.121437153527334
"CP018_2m_B_AGCCGAGCACCCTAAG-1","2m","B","0","Other",0.13446673450073,-0.194977730455792,-0.114891186739829,-0.113845950755509
"CP018_2m_B_AGCCGAGCACGCAGTC-1","2m","B","4","HIV-Specific TCR",-0.860811000536988,1.7032830266301,1.91742742301878,-0.175997468431626
"CP018_2m_B_AGCCGTCCAACGGTCC-1","2m","B","0","Other",0.133000013696072,-0.21109231486493,-0.0825561661210218,-0.106394199913391
"CP018_2m_B_AGCCGTCCACCAGATT-1","2m","B","0","Other",0.431125529208522,0.0325095467301091,-0.0723394116521886,0.110531683739165
"CP018_2m_B_AGCCGTCCACCGCATA-1","2m","B","0","Other",0.41727912133646,-0.232058066652287,-0.0758533535661117,-0.130733885720235
"CP018_2m_B_AGCCGTCCACGAGCGA-1","2m","B","0","Other",0.750695542449542,-0.14754943420003,-0.0831235975110198,-0.135657171822448
"CP018_2m_B_AGCCGTCCAGGTACAA-1","2m","B","7","Other",0.376043274978719,0.0493334079412276,-0.0810170100629107,-0.124875942591784
"CP018_2m_B_AGCGAACCAAGGACCG-1","2m","B","1","Other",0.518402212233971,0.242896267172424,-0.0921473541283328,-0.110600196843273
"CP018_2m_B_AGCGAACCAATGACCT-1","2m","B","7","Other",0.207494608368403,-0.226016315572808,-0.100468868043309,-0.119458937729455
"CP018_2m_B_AGCGAGTCAGGTACAA-1","2m","B","0","Other",-0.0870614955614735,-0.161891572996642,-0.0555374751654896,-0.0733145886310311
"CP018_2m_B_AGCGAGTCAGTACGGG-1","2m","B","0","Other",0.23897369133999,-0.0905152976432821,-0.101221062142798,0.183711858141827
"CP018_2m_B_AGCGATACAAGCGCGA-1","2m","B","4","Other",-0.898723397290566,1.37665476525795,1.22455135660356,0.617391345976131
"CP018_2m_B_AGCGATACAAGCTTCG-1","2m","B","0","Other",0.273421042802144,-0.134192291612055,-0.10137172946712,-0.149737674816957
"CP018_2m_B_AGCGCAGCAAATTACT-1","2m","B","1","Other",0.545334649047661,-0.200145966460736,0.172061749429568,-0.123530170257358
"CP018_2m_B_AGCGCCTCAATCAGCT-1","2m","B","0","Other",0.279275280957283,0.0211056829354838,-0.093955892311072,0.204511492651164
"CP018_2m_B_AGCGCCTCAATCATCA-1","2m","B","0","Other",0.45419325831286,-0.210530897815017,-0.091089424454524,-0.152751003018236
"CP018_2m_B_AGCGCCTCACCGAATT-1","2m","B","4","Other",-0.182337907778943,1.82307498543207,0.405087263097323,1.08849471803241
"CP018_2m_B_AGCGCGACACAACGGG-1","2m","B","0","Other",0.491747264987547,-0.202799000823274,0.327172040780763,0.220174316670138
"CP018_2m_B_AGCGCTCCAATAACCC-1","2m","B","0","Other",-0.114378876309103,-0.198516224174285,0.159894224764995,-0.109429495957156
"CP018_2m_B_AGCGCTCCACGTACAT-1","2m","B","7","Other",0.51142053317076,-0.0760418846487263,0.0617343091147668,-0.0899232763455011
"CP018_2m_B_AGCGCTCCAGTGGCGA-1","2m","B","0","Other",0.341519452354283,-0.212307943788338,-0.0931208853199139,-0.128225966784845
"CP018_2m_B_AGCGGCACAAATCCCG-1","2m","B","8","Other",0.311271136491488,-0.177193631360164,0.0481117711777936,0.161632177399674
"CP018_2m_B_AGCGGCACACGGAAAC-1","2m","B","0","Other",0.798798978596928,-0.226086319013332,0.0748493477381076,0.149720032742159
"CP018_2m_B_AGCGTAACAACGCAGG-1","2m","B","0","Other",-0.192503342961174,-0.178989797209586,-0.0655150050917981,-0.0774688929398124
"CP018_2m_B_AGCGTTTCAAGTATCC-1","2m","B","0","Other",0.443367205630842,-0.181489934943622,-0.0900194679225887,0.086063334324029
"CP018_2m_B_AGCGTTTCAGGGCTCT-1","2m","B","0","Other",0.166209314701781,-0.243067164270363,-0.0716994019947519,-0.0948679263961412
"CP018_2m_B_AGCGTTTCAGTCATAC-1","2m","B","0","Other",0.182562206000178,-0.166674884595923,-0.0474557239369109,-0.109678069766097
"CP018_2m_B_AGCTGAACAACATATT-1","2m","B","3","Other",-1.14882432239703,1.73912006153539,0.314867077396451,-0.088645283540221
"CP018_2m_B_AGCTGAACAATCGTAC-1","2m","B","1","Other",-0.514379394023255,-0.184921020915478,-0.108883207250662,-0.109245361260323
"CP018_2m_B_AGCTGAACAGCCAACC-1","2m","B","0","Other",-0.175144087049329,-0.0700079265273871,-0.0814568622795009,0.125435331941835
"CP018_2m_B_AGCTGAACAGGACACG-1","2m","B","4","Other",-0.530054789209645,0.984975405931814,1.01352524958128,0.399839722118007
"CP018_2m_B_AGCTGCCCAATCACTA-1","2m","B","1","Other",0.11584220170551,-0.308167794551313,-0.0509291534616189,-0.202376754617837
"CP018_2m_B_AGCTGCCCACTCAATA-1","2m","B","0","Other",0.42375870668404,-0.212708136700257,-0.108791649555309,0.294941794700539
"CP018_2m_B_AGCTGGGCAGCCTTTC-1","2m","B","0","Other",0.727426454745586,-0.219144287008323,-0.0931017733734284,-0.120991352820473
"CP018_2m_B_AGCTGGGCAGCGCGAA-1","2m","B","5","Other",0.669399537502314,-0.242304478869467,-0.0778770473067427,-0.120403653557329
"CP018_2m_B_AGCTTACCAACACCCA-1","2m","B","1","Other",-0.357046902798877,0.666966237321952,0.172200461390107,-0.11821741846475
"CP018_2m_B_AGCTTACCACAATCCG-1","2m","B","0","Other",0.10795617509146,-0.191606827466218,-0.0702838930056419,-0.0939209363059615
"CP018_2m_B_AGCTTACCACACTAAC-1","2m","B","7","Other",0.452259825098743,-0.229744992013653,0.0402385892851201,-0.135352490624993
"CP018_2m_B_AGCTTCGCAAATCTAT-1","2m","B","0","Other",0.205489901805059,-0.204568856141691,-0.0875277998382581,-0.0838482811276631
"CP018_2m_B_AGCTTCGCAATAGCGA-1","2m","B","0","Other",-0.0810917682128702,-0.24165144677415,-0.110025379062046,0.263278181495191
"CP018_2m_B_AGCTTCGCACGACACC-1","2m","B","4","Other",-0.863204708233627,0.0648757895265071,0.0186647835523139,1.82862777069449
"CP018_2m_B_AGGACACCAATTAACT-1","2m","B","0","Other",0.465899316451882,-0.224774131024715,0.0534988061149469,-0.137866345955735
"CP018_2m_B_AGGACACCAGGCATAA-1","2m","B","0","Other",0.835888455908612,-0.272471405086462,0.0848511093143178,-0.186023597477767
"CP018_2m_B_AGGACACCAGGTTTCG-1","2m","B","0","Other",-0.0664360967808433,-0.171807054402084,0.0839273942540544,-0.102174020040861
"CP018_2m_B_AGGACCGCAAAGTACG-1","2m","B","7","Other",0.445918129644078,-0.0568171682571167,0.0939990893398117,-0.157819691339146
"CP018_2m_B_AGGACCGCAGCTGTAT-1","2m","B","5","Other",0.390185638945339,-0.228211380695914,0.0329829136816014,-0.178428650371622
"CP018_2m_B_AGGACTACAAATTACT-1","2m","B","0","Other",0.712459419491001,-0.108925925374449,0.0355005573429399,0.100581435637425
"CP018_2m_B_AGGACTACAAGCACAA-1","2m","B","0","Other",0.453169287837937,-0.212977956451161,-0.0832919782799802,-0.103076396775292
"CP018_2m_B_AGGAGGACACTAGGGG-1","2m","B","0","Other",0.384627655524531,-0.2166348152284,-0.0927482187532985,-0.149702796561673
"CP018_2m_B_AGGATCACAAACTCAC-1","2m","B","0","Other",0.354193186083657,0.0918855356628059,-0.0656697404450344,-0.107456770826599
"CP018_2m_B_AGGATCACAATCGAAG-1","2m","B","0","Other",0.515666788337732,-0.0796019299605874,-0.083716703004083,-0.109809160334968
"CP018_2m_B_AGGATCACACTTAAAT-1","2m","B","0","Other",0.25307439608161,-0.21461524432544,-0.106717978369843,-0.101461183079182
"CP018_2m_B_AGGATCACAGGACGCA-1","2m","B","0","Other",0.457723401179148,-0.160607612735497,0.0884991009979758,-0.108270169093779
"CP018_2m_B_AGGCACGCACACAGCC-1","2m","B","0","Other",-0.120826596499568,-0.161719351180515,-0.0762790081319692,-0.078014828566647
"CP018_2m_B_AGGCACGCACAGCGTC-1","2m","B","1","Other",0.1359564428652,-0.225938449643096,-0.0941928714805738,-0.140523945274694
"CP018_2m_B_AGGCACGCAGTTCTCC-1","2m","B","0","Other",0.525450249379579,-0.131139633441842,-0.0848946981011939,0.0398306488145891
"CP018_2m_B_AGGCCGACACGTTCGA-1","2m","B","0","Other",-0.486219931022573,-0.164490334246595,-0.0764206329948246,0.378960295103631
"CP018_2m_B_AGGCCGACACTTAAAT-1","2m","B","0","Other",0.313536621620386,-0.207899304936265,0.011674894200829,-0.146336991437979
"CP018_2m_B_AGGCGCACAACACGAA-1","2m","B","0","Other",0.456766499592096,-0.200900956421024,-0.0970645042406706,-0.104849307990748
"CP018_2m_B_AGGCGCACAACTCGCA-1","2m","B","0","Other",0.345371163722208,-0.0127886507557454,0.0722724778668144,-0.137336692714732
"CP018_2m_B_AGGCGCACACGACCTA-1","2m","B","0","Other",0.348233410771765,-0.0778722511874084,-0.0801105654638336,-0.120402905524536
"CP018_2m_B_AGGCGCACAGGTAGCG-1","2m","B","0","Other",0.329940788720844,0.095124061949087,0.181932683960348,-0.0733767843401691
"CP018_2m_B_AGGCGCACAGTATCAC-1","2m","B","0","Other",0.41784139502418,0.0563956835854336,-0.0864917129821948,-0.138756073827158
"CP018_2m_B_AGGCGCACAGTATTCA-1","2m","B","0","Other",-0.0899392264502108,-0.079756933979066,-0.0726320885824573,-0.110797610329683
"CP018_2m_B_AGGCTCCCAGGCATAA-1","2m","B","1","Other",0.158567719918008,-0.22340460583937,-0.0993865304138351,-0.176399593553983
"CP018_2m_B_AGGCTCCCAGGGTGCA-1","2m","B","0","Other",0.867576410483691,-0.0902130497697447,-0.120317059061115,-0.183718816646106
"CP018_2m_B_AGGGACTCAAACACCT-1","2m","B","0","Other",0.441828395376888,0.0523903367371742,-0.078526153868969,-0.107511085953471
"CP018_2m_B_AGGGACTCAATCCGCA-1","2m","B","0","Other",0.352580730104212,-0.131118160665097,0.0140688967204114,-0.107571717944607
"CP018_2m_B_AGGGACTCACATTAGC-1","2m","B","7","Other",0.291279527874847,-0.0309561541665428,-0.0604817565203348,-0.073957373887912
"CP018_2m_B_AGGGACTCAGTATACC-1","2m","B","0","Other",-0.0763446165485122,-0.0184695627592733,0.170682555665638,-0.0876733051772365
"CP018_2m_B_AGGGCATCAGCTAAGA-1","2m","B","0","Other",0.501648065641682,-0.198071488691653,-0.0716896920600489,-0.124038907204988
"CP018_2m_B_AGGGGAACAATCATTG-1","2m","B","0","Other",0.23406435148739,0.000734333478919352,-0.0720009758815552,-0.136565152900429
"CP018_2m_B_AGGGGAACAGCATGAA-1","2m","B","0","Other",0.0186481224698518,-0.192693342548101,-0.0816468049751469,0.135298042358709
"CP018_2m_B_AGGGTCGCAAATGGCA-1","2m","B","0","Other",0.246773626048631,-0.208263080999236,-0.0809777682957767,0.144290535535848
"CP018_2m_B_AGGGTTACACCCTTCG-1","2m","B","5","Other",0.238171014562606,-0.241354810877199,-0.0828888638991384,-0.150495667670276
"CP018_2m_B_AGGTAATCAAGAGATT-1","2m","B","0","Other",0.748520725747266,-0.227860072221583,-0.0758451840282265,0.110689545009463
"CP018_2m_B_AGGTTCTCAATAAGAC-1","2m","B","0","Other",0.368639136594785,-0.234005182539944,-0.0829449703189813,-0.134466795618348
"CP018_2m_B_AGGTTCTCAATCAGAG-1","2m","B","0","Other",0.225060467919169,0.0485878559785972,-0.0778448832746957,0.131496232410662
"CP018_2m_B_AGGTTCTCAGCCAACC-1","2m","B","0","Other",0.464957061478438,-0.249465992869612,-0.101382641143237,-0.143198287354423
"CP018_2m_B_AGGTTCTCAGCGACAG-1","2m","B","0","Other",-0.0745387317793318,-0.19101658103667,-0.0611957296276604,-0.117776923395984
"CP018_2m_B_AGGTTCTCAGTTGGAA-1","2m","B","5","Other",0.653649909051171,-0.158490081308955,0.134125964632859,-0.143623991088431
"CP018_2m_B_AGGTTTCCAAGCTGAA-1","2m","B","1","Other",0.205339507624971,0.25245621880932,0.0905689282016723,0.406971799422071
"CP018_2m_B_AGGTTTCCAAGTCGAA-1","2m","B","0","Other",0.438111009806774,-0.186617818823908,0.143804800278451,-0.125772396332457
"CP018_2m_B_AGGTTTCCAGGACTAA-1","2m","B","0","Other",0.564662777041981,0.0497732234732568,-0.00181215455812135,0.0479046250258178
"CP018_2m_B_AGTAAACCAGCGGGTA-1","2m","B","0","Other",0.7870924572818,-0.220418738179435,-0.093010302221022,-0.133211279648239
"CP018_2m_B_AGTAACGCAATGGCGG-1","2m","B","0","Other",0.132389603418144,-0.0779584290190147,0.286078544412999,0.163420615212911
"CP018_2m_B_AGTAACGCAGCTAATC-1","2m","B","0","Other",0.333092122071654,-0.181844359656488,-0.0688109556423076,-0.108811516792673
"CP018_2m_B_AGTACAGCAAATCACC-1","2m","B","8","Other",0.553196666553801,-0.216106153805794,0.0397093631527879,-0.151684470943003
"CP018_2m_B_AGTACAGCACCGGAAG-1","2m","B","0","Other",0.747067780507636,-0.243917118803603,-0.0848283083628578,-0.103933755760205
"CP018_2m_B_AGTACGACACATAGTC-1","2m","B","7","Other",0.328680133187763,0.14136008897646,-0.100991943386904,-0.111650789823953
"CP018_2m_B_AGTACGACACCTATAA-1","2m","B","8","Other",0.206875280421254,-0.12823249435822,0.0138300294575294,-0.158240790290762
"CP018_2m_B_AGTACGACAGGATGAC-1","2m","B","0","Other",0.739231551139828,-0.179609182867026,-0.0743600031580099,-0.11184434261892
"CP018_2m_B_AGTATCCCAGTTCAGT-1","2m","B","0","Other",0.623315394847684,-0.217192157689131,-0.0793185684310754,-0.127543710908784
"CP018_2m_B_AGTCATCCAACACAAG-1","2m","B","0","Other",0.154208027022369,-0.204785619571779,-0.0777426817500843,-0.143325117754101
"CP018_2m_B_AGTCATCCAGCTCGGT-1","2m","B","7","Other",0.28632809093128,-0.19184613449126,0.0598047874377613,-0.122275877155187
"CP018_2m_B_AGTCATCCAGTATACC-1","2m","B","0","Other",0.845502964808955,-0.213802292780194,-0.090449133144361,0.149604827153322
"CP018_2m_B_AGTCCATCAAATTGGG-1","2m","B","0","Other",0.414085520553917,-0.232425978419439,-0.104569579053148,0.257872152921821
"CP018_2m_B_AGTCCATCACACGGTC-1","2m","B","0","Other",-0.167725845945564,-0.00162735395461605,-0.0882524492516567,-0.127516238349205
"CP018_2m_B_AGTCCATCACCTCGAA-1","2m","B","2","HIV-Specific TCR",0.115616897742885,0.118730759451742,0.34544212592413,-0.083553444453603
"CP018_2m_B_AGTCCGCCAATCGACT-1","2m","B","0","Other",0.460002606891902,0.153140436623901,-0.0729002625378411,0.186598065568309
"CP018_2m_B_AGTCGAACACAGGTCC-1","2m","B","0","Other",0.585833161358934,0.0596047399421462,0.0408921365864602,-0.147943052166299
"CP018_2m_B_AGTCGAACACCACAAT-1","2m","B","0","Other",0.813627043172488,-0.262652174874401,0.0496195706815132,-0.15581686909524
"CP018_2m_B_AGTCGAACAGGCTTCA-1","2m","B","0","Other",0.277195741422475,-0.0514093302776283,-0.0783292718725157,0.194594514621283
"CP018_2m_B_AGTCGCCCAACAATGG-1","2m","B","4","Other",-0.615390302580794,-0.239593918240124,-0.0190533370315992,1.29352953041431
"CP018_2m_B_AGTCGCCCAGTTGCGC-1","2m","B","0","Other",1.08425977549613,-0.102133637666681,0.0855598591379333,-0.151581825596085
"CP018_2m_B_AGTCTCGCAACACTCG-1","2m","B","0","Other",0.717624507754254,-0.235285074832484,-0.0774699408740169,0.0567321422165453
"CP018_2m_B_AGTCTCGCAGCCACTA-1","2m","B","0","Other",0.309060279069817,-0.233546970712078,-0.0984332283656214,0.310370287003002
"CP018_2m_B_AGTCTTACACCGACTA-1","2m","B","0","Other",0.301243464135662,-0.177789413904551,0.0607030658721832,-0.0883381240215782
"CP018_2m_B_AGTCTTACACCTACGA-1","2m","B","0","Other",0.336339248154412,-0.098628811802037,-0.0809747826624978,0.119179914625136
"CP018_2m_B_AGTGCAACAACTCACG-1","2m","B","0","Other",0.287831221748961,-0.218105525005969,-0.0788277396759672,0.447323790278789
"CP018_2m_B_AGTGCAACACCACACA-1","2m","B","0","Other",0.723731379131113,-0.276193366636091,0.03086908795564,-0.186432511481021
"CP018_2m_B_AGTGCAACACGTAACT-1","2m","B","0","Other",0.285118247920916,0.00577248714288839,-0.0798887214792134,-0.117856317237768
"CP018_2m_B_AGTGCCCCAAGCGATA-1","2m","B","0","Other",0.174140521204547,-0.0652252833770669,-0.0671768097421324,-0.103609271856215
"CP018_2m_B_AGTGGCGCACCACAAT-1","2m","B","0","Other",0.148716996119663,-0.201765606205984,0.0711246721325454,0.143050040873288
"CP018_2m_B_AGTGGCGCACCGCAGT-1","2m","B","0","Other",0.191643813972984,-0.194702719970852,-0.0760947591746032,0.266836629495952
"CP018_2m_B_AGTGGCGCACGATGGG-1","2m","B","8","Other",0.658218525560959,-0.224172894688281,-0.111121974123545,-0.152803624636433
"CP018_2m_B_AGTGGCGCAGCATGAA-1","2m","B","0","Other",0.0662443550128025,-0.102244450466649,-0.0925737396467638,0.125613963152909
"CP018_2m_B_AGTGTCTCAAATCCGT-1","2m","B","0","Other",-0.162729538944075,-0.217074314891333,-0.0859965975293266,-0.131460468905001
"CP018_2m_B_AGTTACCCAACAATCC-1","2m","B","0","Other",0.027840947394679,-0.196945286489062,-0.0553405134699008,-0.127333915758559
"CP018_2m_B_AGTTACCCAGTCAATC-1","2m","B","8","Other",0.481524239863276,0.025970667133533,-0.0881354046964155,-0.145585893569386
"CP018_2m_B_AGTTAGGCACTAGCAT-1","2m","B","0","Other",0.563267997583318,0.110976407157957,-0.00423741262252146,-0.152228307133881
"CP018_2m_B_AGTTGAGCACCCAGTA-1","2m","B","8","Other",0.599437752679614,-0.257505597112806,-0.0993604434733179,-0.145308029100095
"CP018_2m_B_AGTTGAGCAGCGAATA-1","2m","B","1","Other",-0.517791311682839,-0.222853610773025,0.0997362854600505,-0.130512225911398
"CP018_2m_B_AGTTTCACAAAATCCC-1","2m","B","6","Other",-0.564956476892902,2.32247993217252,0.179698669474533,-0.103083097711476
"CP018_2m_B_AGTTTCACAATGGACA-1","2m","B","6","Other",0.341787554828729,-0.0741409416119448,0.0116664761466285,-0.145579029323422
"CP018_2m_B_AGTTTCACACAATAGG-1","2m","B","4","Other",-1.14937778047125,2.21146962708666,0.387444801398912,0.742695828915321
"CP018_2m_B_ATAACCCCAACAGAAT-1","2m","B","1","Other",-0.270797032744996,0.149257096932791,0.0718108973713563,-0.0955883489732525
"CP018_2m_B_ATAACCCCAATGGTAG-1","2m","B","4","HIV-Specific TCR",-1.1605500977661,1.48585245547115,0.711814961914404,0.883989760309664
"CP018_2m_B_ATAACCCCAGGACTTT-1","2m","B","0","Other",0.36139665256626,-0.20209260337989,-0.0665994711797294,0.0889306128170476
"CP018_2m_B_ATAACCCCAGGAGTTA-1","2m","B","6","Other",0.0562334655937207,-0.185298034443477,-0.0865653300314266,0.0778518519424541
"CP018_2m_B_ATAACTTCAACCATAC-1","2m","B","5","Other",0.320657472338411,-0.100262981835534,-0.0847749485353316,-0.116891036637256
"CP018_2m_B_ATAACTTCAGTGAGCG-1","2m","B","5","Other",0.207124315550695,-0.230483756615612,-0.0732633714792589,-0.141147992232422
"CP018_2m_B_ATAAGACCAATACACC-1","2m","B","0","Other",-0.0118802283075603,-0.226786041128526,-0.106371239642563,-0.172320079026085
"CP018_2m_B_ATAAGACCAGCGTAGG-1","2m","B","0","Other",0.470817373528247,0.0332135841034816,0.0585182384337695,-0.147048959258866
"CP018_2m_B_ATAAGGTCAAGGCGCA-1","2m","B","0","Other",0.664875706501846,-0.24598544633715,-0.107812208292891,-0.149126753464487
"CP018_2m_B_ATAAGGTCAATGCACT-1","2m","B","0","Other",0.638459849408952,-0.242563887097876,0.0148865742284594,-0.14473481544565
"CP018_2m_B_ATAAGGTCACAACTCG-1","2m","B","7","Other",0.655131827175466,-0.177389041214338,-0.066696713452079,0.157501252343198
"CP018_2m_B_ATAAGGTCACTTGACG-1","2m","B","0","Other",-0.287841457424968,-0.0291871430674817,-0.0851445277812225,-0.10994994935183
"CP018_2m_B_ATAAGGTCAGTGGCGA-1","2m","B","0","Other",0.452427371361555,0.0106120586042515,-0.104059874537309,-0.171057122468187
"CP018_2m_B_ATAAGTACAAACTCCG-1","2m","B","3","Other",-1.07194639974089,2.42325467877184,0.523141366617794,0.2121607160768
"CP018_2m_B_ATAAGTACAAGTCTTA-1","2m","B","0","Other",0.473642930450229,-0.239630531488978,0.0279987596757296,0.0923803314294177
"CP018_2m_B_ATAAGTACAGGACAAC-1","2m","B","5","Other",0.316523696987784,-0.232588488828315,-0.0931737181143934,0.118847383637487
"CP018_2m_B_ATAATTCCAGCAACCC-1","2m","B","0","Other",-0.0470025704253256,-0.203045801783838,-0.0685287393599778,-0.073309963669094
"CP018_2m_B_ATAATTCCAGGCTTCA-1","2m","B","2","Other",0.0884149950477628,-0.308912237129938,0.418081546795536,-0.0199252928553109
"CP018_2m_B_ATACACCCAATAGGGC-1","2m","B","0","Other",0.437497450932893,-0.0680736658971973,-0.101177004886988,0.452916862536761
"CP018_2m_B_ATACACCCAGCGGTAG-1","2m","B","0","Other",0.0772264224743207,-0.224300616309165,-0.0708433315831135,-0.154746641229258
"CP018_2m_B_ATACCCGCAAGAGACC-1","2m","B","0","Other",0.730394424854549,-0.224314351856311,-0.103529703386548,-0.124567848804955
"CP018_2m_B_ATACCTACACCCTTAC-1","2m","B","0","Other",0.592285638832489,-0.00654274409648151,-0.0887515517850714,-0.129297627619204
"CP018_2m_B_ATACCTACAGTCACGC-1","2m","B","0","Other",0.0520955623653088,-0.0873339129413965,-0.0850620907363667,-0.105914646493018
"CP018_2m_B_ATACGCTCAGTCGGTC-1","2m","B","0","Other",0.343512622906021,0.247596221085443,0.0784598571667703,-0.0946822961961455
"CP018_2m_B_ATACGCTCAGTGCACC-1","2m","B","0","Other",0.405140926118715,0.0576755218452252,-0.0824368444777194,0.150363768214983
"CP018_2m_B_ATACGGACAAAGCTAG-1","2m","B","6","Other",0.337321286918728,-0.254799656413881,-0.105272174124344,-0.134133356208264
"CP018_2m_B_ATACGGACAACGCTCA-1","2m","B","0","Other",0.532038186156814,-0.243687212606236,-0.109371246401741,0.0289034501280463
"CP018_2m_B_ATACGGACAAGCTGCC-1","2m","B","0","Other",0.627545958490476,-0.212207235621939,-0.103123734936558,-0.136826782335269
"CP018_2m_B_ATACGGACACTGGAGG-1","2m","B","8","Other",0.164285367039095,0.193850107705033,0.0607938355269195,-0.15338461758706
"CP018_2m_B_ATACGTCCAAATACAA-1","2m","B","0","Other",0.397516749614065,-0.176118799827744,-0.0746961690336774,-0.0956455348390657
"CP018_2m_B_ATACGTCCAACATACC-1","2m","B","5","Other",-0.0567795255550823,-0.181776081966456,-0.0678928453351527,-0.118211690809509
"CP018_2m_B_ATAGCAGCAGGAACCG-1","2m","B","0","Other",0.234641303864663,-0.245510402362925,-0.0938527844431921,0.149182783217522
"CP018_2m_B_ATAGCCTCAACGTACT-1","2m","B","0","Other",0.00244399438767418,-0.152757809719944,-0.0825863674033633,-0.0957937725185718
"CP018_2m_B_ATAGCCTCAATGCATC-1","2m","B","0","Other",0.0710279616103711,-0.21993087411942,0.0209394489034777,-0.131672935668965
"CP018_2m_B_ATAGCGACAAGGGACT-1","2m","B","0","Other",0.706829412635621,-0.215501672331991,-0.0760031651202232,-0.134939415364256
"CP018_2m_B_ATAGCGACACCACAGC-1","2m","B","0","Other",0.00835100684622403,0.0634143586768852,0.0852166808837752,-0.138837634588853
"CP018_2m_B_ATAGCGACAGCGGTCT-1","2m","B","0","Other",0.244736017543654,-0.215405530049573,-0.0841238760017303,-0.102206653394452
"CP018_2m_B_ATAGGCACAAAGCTAG-1","2m","B","0","Other",0.438594348029408,-0.120172707460439,0.00205620930892278,-0.181894167974608
"CP018_2m_B_ATAGGCACAAGTCTTA-1","2m","B","0","Other",0.414893313826409,-0.133513747264073,-0.0903630754530129,0.0529544029474294
"CP018_2m_B_ATAGGCACAATGCTCG-1","2m","B","0","Other",0.455422232604519,-0.248284678533057,-0.125595900827141,-0.140725918295354
"CP018_2m_B_ATAGGCACACTCATAA-1","2m","B","0","Other",0.578060170334476,-0.198141073123327,0.0575046881391137,-0.0947318404986115
"CP018_2m_B_ATAGGCACAGTGATAG-1","2m","B","0","Other",0.292226473009186,0.0991149970099559,-0.0864987981275346,0.175973226291198
"CP018_2m_B_ATAGGGCCACAGGCGA-1","2m","B","7","Other",0.778003278822389,-0.0996739628993077,-0.0776966738496966,-0.0964038000821483
"CP018_2m_B_ATAGGGCCACCATAAC-1","2m","B","0","Other",0.428430004151524,0.0506466060119456,-0.0896315456589481,-0.130252229531165
"CP018_2m_B_ATAGTAACAGTAGCGG-1","2m","B","0","Other",0.499412407815975,-0.249350274998539,0.0786072291105338,-0.117381070462078
"CP018_2m_B_ATATCATCACCCTTTA-1","2m","B","0","Other",-0.0249184493509473,-0.0394099383055484,-0.0713530428871142,-0.112562423628625
"CP018_2m_B_ATATCATCAGGTTGGG-1","2m","B","5","Other",0.351119395612448,-0.236655664609247,-0.0973603059091063,0.133984862439583
"CP018_2m_B_ATATCTGCAAATCCGT-1","2m","B","1","Other",-0.708527472363645,0.625856414322237,0.148923814697448,0.430458471763838
"CP018_2m_B_ATATCTGCAACTGCGC-1","2m","B","0","Other",0.0525793929530702,-0.174563361992848,-0.0891290861837003,-0.11285958567495
"CP018_2m_B_ATATCTGCAAGCAAGC-1","2m","B","1","Other",-0.226122690170022,-0.273282611309437,0.177313210937032,0.279800902100095
"CP018_2m_B_ATATGCCCACAATAGG-1","2m","B","7","Other",0.369538054239071,0.240561709676982,-0.0544517029412133,-0.0795719240725211
"CP018_2m_B_ATATGTTCAAAGGGAG-1","2m","B","0","Other",0.158422488285781,-0.237548220515364,-0.0921642040245365,-0.138552022787515
"CP018_2m_B_ATATGTTCAACTGTCG-1","2m","B","0","Other",0.750962894768161,-0.102993067806171,-0.0882786657961345,-0.121858945310568
"CP018_2m_B_ATATGTTCAAGGACTA-1","2m","B","0","Other",0.121850526050777,-0.24001318134296,-0.0796811038229386,0.233174399282467
"CP018_2m_B_ATATTACCAGTGACCC-1","2m","B","8","Other",0.0314868603267364,-0.0884218176393961,-0.0820907543868079,-0.11419771146151
"CP018_2m_B_ATATTCGCAAGTTAGG-1","2m","B","0","Other",0.381523347589364,-0.0734707573846597,-0.0910962596742564,-0.103915651436351
"CP018_2m_B_ATCAACCCAGCGAATA-1","2m","B","1","Other",-0.575535597311993,-0.143019284828516,-0.0126278702335851,0.20603669765579
"CP018_2m_B_ATCAAGGCAACAGAAT-1","2m","B","8","Other",0.193137127343143,-0.0995328770928043,-0.0728169211055309,-0.130585102259585
"CP018_2m_B_ATCAAGGCACAGTTAC-1","2m","B","4","HIV-Specific TCR",-0.670931656133803,0.985495194288538,0.467075389482607,1.67341467834127
"CP018_2m_B_ATCAAGGCACCCACAA-1","2m","B","0","Other",0.127083175530783,-0.202692039339141,-0.0836341825061557,-0.111353237291422
"CP018_2m_B_ATCACGTCAAGCGTCC-1","2m","B","0","Other",0.16210784547005,-0.0468845015810452,-0.0706605716469765,-0.136063068661298
"CP018_2m_B_ATCACGTCAATGCACT-1","2m","B","7","Other",0.302886353913435,-0.174707669700286,-0.0843559278751668,0.17858918756621
"CP018_2m_B_ATCACGTCACAACGAA-1","2m","B","1","HIV-Specific TCR",-0.00443142638814686,1.19870245559747,0.543032411384586,0.095639310117175
"CP018_2m_B_ATCACTACAGCAACCC-1","2m","B","1","Other",-0.519354180251547,0.515328121488463,0.266265510013199,0.235536058398577
"CP018_2m_B_ATCACTACAGGGTCAG-1","2m","B","1","Other",-0.834128110713296,-0.17684857615934,0.102309070350194,-0.19272292230217
"CP018_2m_B_ATCAGAGCAACCCGAC-1","2m","B","0","Other",0.547033458607924,-0.210249694002921,0.107263857157017,-0.1255440943433
"CP018_2m_B_ATCAGAGCAGTAAACG-1","2m","B","0","Other",0.656978122161799,-0.171409859347937,-0.0607590285602546,-0.0875758500011176
"CP018_2m_B_ATCAGAGCAGTCTTAA-1","2m","B","0","Other",0.526152797825874,-0.212771285433703,0.0885138414589313,-0.133486334425126
"CP018_2m_B_ATCAGCTCACGAGTAA-1","2m","B","7","Other",0.330761894479404,-0.170969268091113,-0.0444883460472653,-0.0751224278886239
"CP018_2m_B_ATCAGGACAATCCTAA-1","2m","B","0","Other",0.86883349093679,-0.20469504672002,-0.0864353618548026,0.10095573417892
"CP018_2m_B_ATCAGTCCAGGAATAT-1","2m","B","0","Other",0.650619011660301,-0.27636185560318,-0.0285449087831468,0.0922582631611981
"CP018_2m_B_ATCATCACACTGCTTC-1","2m","B","0","Other",0.0811356422396898,-0.081392062697365,-0.0760576701969739,0.309812327177587
"CP018_2m_B_ATCATGCCAAGAGATT-1","2m","B","8","Other",0.456365826303296,-0.194882477087981,-0.0923189500420484,-0.164358948784937
"CP018_2m_B_ATCATGCCAATTCGTA-1","2m","B","0","Other",0.410139056400976,-0.143704410214255,0.217785988137108,0.223808061900912
"CP018_2m_B_ATCATGCCACAATCAC-1","2m","B","6","Other",-0.741671713521375,1.42389152083424,0.0313374705766451,0.124859427844569
"CP018_2m_B_ATCATGCCACCTCAGA-1","2m","B","1","Other",-0.632149974888875,-0.0517502081716975,0.0807828293639236,0.171534307957967
"CP018_2m_B_ATCATGCCAGCCAAGG-1","2m","B","0","Other",-0.0547910205415743,-0.0573392074474127,-0.0744494969977988,-0.1391180312105
"CP018_2m_B_ATCATGCCAGTCAAGA-1","2m","B","0","Other",0.562357784609502,-0.281959423949207,0.0185218047606519,-0.156631490470393
"CP018_2m_B_ATCATTGCAACACTAC-1","2m","B","6","Other",0.172562151830606,-0.0393529722662067,-0.0605443742823466,-0.121505527320102
"CP018_2m_B_ATCATTGCAACGTCCA-1","2m","B","0","Other",0.297394798731307,-0.0980749017668311,0.0412493668518935,0.646125210650186
"CP018_2m_B_ATCATTGCACACAGCC-1","2m","B","0","Other",0.234186060377148,-0.109995599266038,-0.0822701037334145,0.105077336221979
"CP018_2m_B_ATCATTGCAGGTAAGC-1","2m","B","0","Other",0.161061774630539,-0.0947865819622157,-0.0621868288609109,-0.104120955214127
"CP018_2m_B_ATCATTGCAGTTAGCT-1","2m","B","6","Other",0.121768306297622,-0.206082844960924,-0.090993996924163,0.184448613552115
"CP018_2m_B_ATCCAACCAGTCATAC-1","2m","B","0","Other",0.409625226914051,-0.221874255921531,-0.110544175553922,-0.140228791815232
"CP018_2m_B_ATCCAACCAGTTAATT-1","2m","B","0","Other",0.297901085584194,-0.0981491411014273,-0.0550237315992615,-0.117127268403899
"CP018_2m_B_ATCCCGACAGTATACC-1","2m","B","0","Other",-0.0912582117683924,-0.219511308819893,-0.0718852477695022,0.146823964752229
"CP018_2m_B_ATCCGCACAACGTTAC-1","2m","B","0","Other",0.0755708919826534,-0.116999579469676,-0.0857938398638334,-0.129428198109359
"CP018_2m_B_ATCCGCACAAGCGATA-1","2m","B","0","Other",0.548981793429754,-0.230926472219537,-0.0933158037628871,-0.124801267996853
"CP018_2m_B_ATCCGGCCAATGGGCG-1","2m","B","5","Other",0.455360080154028,-0.0916333492152396,-0.0997230051410846,-0.151026393331411
"CP018_2m_B_ATCCGGCCACGTAGCC-1","2m","B","0","Other",0.460675045056203,-0.218764446482934,-0.102511510538382,-0.141004436738017
"CP018_2m_B_ATCCTAACACAATGTC-1","2m","B","5","Other",0.498067991842356,-0.219084751508291,-0.0862358936714374,-0.136226335467792
"CP018_2m_B_ATCGAAGCAACAACAG-1","2m","B","0","Other",0.322247041624084,-0.208625883917032,-0.0681833035842759,-0.115508565600543
"CP018_2m_B_ATCGAAGCAACACGCC-1","2m","B","0","Other",0.316789940430616,-0.198715714537087,-0.0625766982036181,-0.151017598926629
"CP018_2m_B_ATCGAAGCAATCCAAC-1","2m","B","4","Other",-0.444174525067337,-0.298777647861223,-0.0312935630089153,0.0272422196931267
"CP018_2m_B_ATCGAAGCACCAACGC-1","2m","B","1","Other",-0.177621698319421,-0.242525689637937,0.107212724165288,-0.160660530081687
"CP018_2m_B_ATCGAAGCACCAATTA-1","2m","B","0","Other",0.344493123046381,-0.202277889240072,-0.0826874028615021,-0.132156764454455
"CP018_2m_B_ATCGACTCAAATGACG-1","2m","B","0","Other",0.492395107292109,-0.0615232034554992,-0.087051431460127,-0.120025066268154
"CP018_2m_B_ATCGACTCAACAGGAC-1","2m","B","0","Other",0.330621650035113,-0.117062827023836,-0.0842235088434823,-0.113639739186946
"CP018_2m_B_ATCGAGACAACACTTA-1","2m","B","0","Other",0.581990665256195,-0.108981844345501,0.124819860221447,0.152490087914865
"CP018_2m_B_ATCGCATCAACACTCG-1","2m","B","0","Other",0.259763169552834,-0.228980394491083,-0.0936136867013087,-0.125465333549737
"CP018_2m_B_ATCGCATCAATCGCGC-1","2m","B","0","Other",0.757395152305544,-0.242473810309257,-0.0969550709802351,-0.131052625184648
"CP018_2m_B_ATCGCATCACCTAGAT-1","2m","B","0","Other",0.111340865156829,-0.161192241848285,-0.0825652989613653,0.182044061935587
"CP018_2m_B_ATCGCCACAACAACCT-1","2m","B","0","Other",0.640825407093353,-0.19980005947507,-0.0886383564376169,-0.147074590093319
"CP018_2m_B_ATCGCCACAACGACCC-1","2m","B","4","HIV-Specific TCR",-0.945058492350788,2.31131542622769,0.909877040637449,-0.0290945722847617
"CP018_2m_B_ATCGCCACAACGGGAT-1","2m","B","7","Other",0.591531791134946,-0.0705482695802314,-0.0979659733452363,-0.139569988875215
"CP018_2m_B_ATCGCCACAATGTGTC-1","2m","B","0","Other",0.520003929585995,-0.23814342272708,-0.0886005927046983,-0.12042830765964
"CP018_2m_B_ATCGCCACACTAATAT-1","2m","B","8","Other",0.25167780259871,-0.0744143845775856,-0.0645918524267182,-0.158287372823427
"CP018_2m_B_ATCGCGCCACGCTTTC-1","2m","B","1","Other",-0.0776062455852105,-0.179958046364772,0.0962848197115172,-0.0951375330036463
"CP018_2m_B_ATCGCGCCACGTAGGG-1","2m","B","0","Other",0.164173486342219,-0.195072974073637,-0.0864500273815491,0.121621860463225
"CP018_2m_B_ATCGCGCCACTAGCAT-1","2m","B","5","Other",0.47195266804229,-0.0421791199020554,0.0376069851538194,-0.110292062245072
"CP018_2m_B_ATCGGCCCAAACCTTA-1","2m","B","4","HIV-Specific TCR",-1.11007120618674,1.74715717423762,1.29087485217352,0.376329788226816
"CP018_2m_B_ATCGGCCCACTTATAG-1","2m","B","4","HIV-Specific TCR",-1.05355815350435,1.82206544584057,1.04957753448289,0.119040825480849
"CP018_2m_B_ATCGGCCCAGTGTTAC-1","2m","B","6","Other",-1.12087084920869,1.5922426678164,0.444338370708849,0.316453547299904
"CP018_2m_B_ATCGGGGCAAGTGTTC-1","2m","B","8","Other",0.734686140949886,0.0623999376880461,0.0887173764161929,-0.134186017268343
"CP018_2m_B_ATCGGGGCAATAACTT-1","2m","B","0","Other",0.39951442894155,-0.202759831567272,0.109537184432195,-0.123547015489723
"CP018_2m_B_ATCGTACCAAGTTGAG-1","2m","B","5","Other",0.637119280891421,-0.240809293569325,0.0745122581920533,-0.122769448547256
"CP018_2m_B_ATCGTACCAATACCTA-1","2m","B","8","Other",0.17523877003109,-0.188856005662036,0.0694298950759703,-0.159534765024456
"CP018_2m_B_ATCGTACCACTAGGAA-1","2m","B","0","Other",0.392928613024899,-0.210845118459588,-0.101706171054011,-0.134056007019537
"CP018_2m_B_ATCGTACCAGCTAATC-1","2m","B","0","Other",0.222944169025267,-0.165011812580874,-0.0543422514031913,-0.150570351056351
"CP018_2m_B_ATCGTACCAGTGTCGC-1","2m","B","0","Other",0.196101584217631,0.0479533133569365,-0.088752726285734,-0.139966155770478
"CP018_2m_B_ATCGTCGCAAACCAGA-1","2m","B","0","Other",0.914546898467581,0.0259856836075069,-0.109635907707194,0.3770329994439
"CP018_2m_B_ATCGTCGCACACAAGA-1","2m","B","4","Other",-0.55976161111403,1.89042419957282,0.373513629012897,1.43505462283311
"CP018_2m_B_ATCTGACCAAGTGGCG-1","2m","B","0","Other",0.306178167808504,0.063877730364691,0.051359001994836,0.163272496615609
"CP018_2m_B_ATCTGACCAATTATCG-1","2m","B","0","Other",0.358579775097329,-0.183731687882406,-0.093033451280252,-0.0806716788881995
"CP018_2m_B_ATCTTAGCAATGACAG-1","2m","B","0","Other",0.639518273007854,-0.218945781377303,0.0437327540881216,-0.127869273808845
"CP018_2m_B_ATCTTAGCAATGCCCA-1","2m","B","7","Other",0.174125399841732,-0.171280288250741,-0.0668903919284097,-0.0948805445323479
"CP018_2m_B_ATCTTAGCAGTTGGGG-1","2m","B","0","Other",0.472604131477955,-0.233348607519801,0.0401810071086686,-0.143760494379849
"CP018_2m_B_ATGAAACCAACTCACG-1","2m","B","7","Other",-0.0671944169523362,0.00457545865581074,-0.0741276282087317,-0.0974815940102292
"CP018_2m_B_ATGAAACCAAGGTTCT-1","2m","B","0","Other",0.607757547214581,0.165909136186056,-0.092090799100617,-0.127187817165785
"CP018_2m_B_ATGAAACCAATGCTTA-1","2m","B","0","Other",0.0604261607147358,-0.192555348504019,-0.0718725061415321,0.145655610852158
"CP018_2m_B_ATGAAACCACGCGAAG-1","2m","B","5","Other",0.109732257274778,-0.189255014200552,-0.0552665837127184,-0.101806800906259
"CP018_2m_B_ATGAAACCACTGAAAG-1","2m","B","3","Other",-0.87593682911851,0.150962689896238,0.181543693637697,-0.120008749545566
"CP018_2m_B_ATGAAACCACTTAACA-1","2m","B","0","Other",0.321406719987685,-0.174158583616582,-0.0704267210426677,-0.0723462390330459
"CP018_2m_B_ATGAATACACATGCCA-1","2m","B","0","Other",0.509306531660705,-0.24526657317771,-0.0892759896484071,-0.10651819110991
"CP018_2m_B_ATGAATACAGGTCATT-1","2m","B","0","Other",0.0201439040343523,-0.0425760233251888,-0.079873320023885,-0.153963796372806
"CP018_2m_B_ATGAATACAGTGCGTC-1","2m","B","1","Other",0.303538255970146,-0.0318285028999593,0.150236792334737,-0.152802768278915
"CP018_2m_B_ATGACAGCAAGTATCC-1","2m","B","0","Other",0.556730364873614,-0.228189266656156,0.036479536307757,-0.135847084951051
"CP018_2m_B_ATGACAGCACACACGC-1","2m","B","0","Other",0.212272203879329,-0.153489848483422,-0.0685707905928426,-0.114897295674538
"CP018_2m_B_ATGACCTCAAACCTTA-1","2m","B","1","Other",-0.560857542388202,-0.0962057448675867,0.0373746790692475,-0.165712223020673
"CP018_2m_B_ATGACGACACAATTCA-1","2m","B","1","Other",-0.212224254055961,-0.233447638784778,0.0734947549638715,-0.141145815647787
"CP018_2m_B_ATGATCCCAACTCATA-1","2m","B","0","Other",0.429229730491528,-0.219565063065317,0.0445300730034841,-0.120882488310385
"CP018_2m_B_ATGATCCCAAGCGCAG-1","2m","B","0","Other",0.0340047317094319,-0.199315411452193,-0.0762122451383651,-0.110990952408487
"CP018_2m_B_ATGATCCCAGGACATA-1","2m","B","0","Other",0.589112799393475,-0.26957449411869,-0.133529794998138,-0.0238384951739327
"CP018_2m_B_ATGATCCCAGTTCTCC-1","2m","B","0","Other",0.249141817391007,-0.195742560308453,-0.0797174774726989,-0.109896368170464
"CP018_2m_B_ATGCACTCACATATGC-1","2m","B","0","Other",0.4413184465491,0.138605763325697,-0.0699715065574673,-0.131118533284124
"CP018_2m_B_ATGCACTCAGGCGTAG-1","2m","B","8","Other",0.466405827113211,-0.214848829493228,-0.0814200401327995,-0.106994750285037
"CP018_2m_B_ATGCAGACAAATACAA-1","2m","B","4","HIV-Specific TCR",-0.255187204262557,0.80758222090914,0.397324700710593,0.18697531058306
"CP018_2m_B_ATGCAGACACGGTATT-1","2m","B","0","Other",0.115380622117695,0.0717173042199045,0.0648157810905928,-0.153974785652367
"CP018_2m_B_ATGCATCCAAACTCAC-1","2m","B","0","Other",0.353446236775018,-0.244780700854589,-0.07877860639901,0.0224879356509209
"CP018_2m_B_ATGCATCCAAACTCCG-1","2m","B","1","Other",-0.110433310221504,0.145397872952952,0.192438538269023,0.214216324628244
"CP018_2m_B_ATGCATCCAATTCAGC-1","2m","B","4","Other",-1.20375403068808,2.24180247086558,0.971839002502737,0.581817855950761
"CP018_2m_B_ATGCCCACAAAACTAA-1","2m","B","2","Other",-0.410849572877465,-0.269487763775744,-0.125186774576646,-0.178719907852244
"CP018_2m_B_ATGCCCACAGCCAACC-1","2m","B","0","Other",0.0353892666018385,-0.153185683682775,-0.0663724557257138,-0.10154607931238
"CP018_2m_B_ATGCCCACAGTTCTCC-1","2m","B","0","Other",0.451715030740406,-0.221163346264897,0.0146084251224074,-0.139145949437853
"CP018_2m_B_ATGCCGCCACCGTACA-1","2m","B","5","Other",0.216446472630057,-0.00705856417445336,-0.103057858891496,0.189186271817397
"CP018_2m_B_ATGCGAACAAGCATAG-1","2m","B","0","Other",0.526799980426994,-0.27279039329551,0.0378341929464324,-0.179102792473092
"CP018_2m_B_ATGCGAACAAGCTTCG-1","2m","B","0","Other",0.374948003811132,-0.201859235719374,-0.0995559869161878,-0.132757621284162
"CP018_2m_B_ATGCGAACAAGGTAAT-1","2m","B","0","Other",0.444038756372187,-0.210587685346537,-0.0896900973968379,-0.125132339509071
"CP018_2m_B_ATGCGAACACAATGGA-1","2m","B","7","Other",0.104218457867694,-0.166708331158873,-0.0745967155039647,0.149413776916893
"CP018_2m_B_ATGCGCCCAACCATCG-1","2m","B","0","Other",-0.278792072718706,-0.192459388810457,-0.0785926356884907,-0.10552203157183
"CP018_2m_B_ATGCGCCCAACGGCAG-1","2m","B","0","Other",0.325951768745643,-0.215564711857218,0.0519797929771052,0.178079952951003
"CP018_2m_B_ATGCGCCCAAGACGTA-1","2m","B","8","Other",0.564841650231551,-0.261411444364817,-0.102602024142577,-0.166742413383389
"CP018_2m_B_ATGCGCCCAGCGCGAA-1","2m","B","0","Other",0.341643848025893,0.0289463556260855,-0.0886725341074018,0.11263519267152
"CP018_2m_B_ATGCGCCCAGCTTCAG-1","2m","B","0","Other",0.084943433315203,-0.186415396618299,-0.0770289983371063,-0.098179659630032
"CP018_2m_B_ATGCGCCCAGGAGCCA-1","2m","B","0","Other",-0.0338957921997305,-0.218430588604218,-0.0854206241381681,-0.156500580781113
"CP018_2m_B_ATGCGGGCAATCATGC-1","2m","B","7","Other",0.252509703085987,-0.21655929475372,0.0623953206515038,-0.138475030896515
"CP018_2m_B_ATGCGGGCACCCAAAT-1","2m","B","8","Other",0.0439430297698551,-0.175607028162463,0.0703955099702506,-0.117565085877747
"CP018_2m_B_ATGCGGGCAGCAACGG-1","2m","B","7","Other",0.226532585670733,-0.249501595084952,-0.112139215922902,-0.191326950577793
"CP018_2m_B_ATGCTACCACGTACAT-1","2m","B","0","Other",0.570637682702243,-0.0657566223969158,-0.0697740385371763,0.199326831193895
"CP018_2m_B_ATGCTACCAGTCTTCC-1","2m","B","0","Other",0.25835532595585,-0.0684449577708731,-0.0795894919063175,0.149162174618258
"CP018_2m_B_ATGCTCGCACCAGACC-1","2m","B","0","Other",0.532157249968101,-0.245654463787329,0.093003728143656,-0.136951651240978
"CP018_2m_B_ATGCTCGCAGGAATCA-1","2m","B","0","Other",0.144378502726558,0.0370304617163686,-0.0755020987141423,-0.106743023483923
"CP018_2m_B_ATGCTCGCAGTTGATC-1","2m","B","0","Other",0.514051762767411,-0.221137756489623,-0.115812673626142,-0.185062852714707
"CP018_2m_B_ATGCTTACAATGATCC-1","2m","B","0","Other",0.655493647693205,-0.273575810856595,-0.101641101010065,-0.120737252688076
"CP018_2m_B_ATGCTTACAGTCTGCA-1","2m","B","0","Other",-0.0143384135264035,-0.0665681366055846,0.0392873706607725,-0.101521465812563
"CP018_2m_B_ATGGACACAAATCCGT-1","2m","B","4","Other",-0.495930000662944,0.808078947334432,0.228498422370544,1.61186123770308
"CP018_2m_B_ATGGACACAACACGCC-1","2m","B","0","Other",0.43585522169284,-0.234537151574953,-0.0878197811535154,0.101035216356825
"CP018_2m_B_ATGGACACAATTGTAT-1","2m","B","0","Other",0.163247174999174,-0.17811471533977,0.0498734904627147,-0.124504262798503
"CP018_2m_B_ATGGACACACCTCACT-1","2m","B","0","Other",0.26278327135462,-0.168209669963416,-0.0739825134791699,-0.105052349192389
"CP018_2m_B_ATGGCCCCACCAAGGG-1","2m","B","0","Other",0.2980647605482,-0.175517118964822,-0.0822505481205877,0.217928937356198
"CP018_2m_B_ATGGCCCCACTTAAAT-1","2m","B","7","Other",0.464187188668725,-0.192838737889542,-0.0706810399935097,-0.121456420145965
"CP018_2m_B_ATGGCGGCAATAAGTA-1","2m","B","4","Other",-0.499778819260181,1.72385297492963,0.570536697841147,0.484784951508032
"CP018_2m_B_ATGGGACCAAAACCTC-1","2m","B","1","Other",-0.666776364176954,0.78689169290419,0.112914147576803,0.0815489799762141
"CP018_2m_B_ATGGGACCAACCAAGA-1","2m","B","0","Other",0.485899841725945,-0.245414627473747,-0.0993164041044259,-0.11936446633801
"CP018_2m_B_ATGGGACCACAAACCT-1","2m","B","0","Other",0.199059547682509,0.0252981122581821,-0.0818704427160539,-0.118830818488228
"CP018_2m_B_ATGGGACCACAACAGA-1","2m","B","0","Other",0.979801532910088,0.0815562511530877,-0.0855633914532088,-0.131615261443109
"CP018_2m_B_ATGGGACCACTTCGAG-1","2m","B","0","Other",0.473002840944461,-0.102279102796446,-0.0836019334551588,0.315007890174247
"CP018_2m_B_ATGGGCGCAAGGACAC-1","2m","B","0","Other",0.153685319663065,-0.219006732845299,0.0322070104787232,0.145387116737772
"CP018_2m_B_ATGGGCGCAAGTCCGC-1","2m","B","8","Other",0.264288684965647,-0.0701924265801904,-0.0751578145073635,-0.144235669604405
"CP018_2m_B_ATGGGCGCAAGTTTCA-1","2m","B","0","Other",-0.0670445803145909,-0.0612455763453381,-0.0910302629222299,-0.111672156723668
"CP018_2m_B_ATGGGCGCAGCTACCA-1","2m","B","8","Other",0.13709285111094,-0.198935292446894,0.00658246312185705,-0.145287921140921
"CP018_2m_B_ATGGGGTCAACATGGA-1","2m","B","0","Other",0.464450271752798,-0.227606457863641,-0.0784677426324647,-0.13948455592727
"CP018_2m_B_ATGGGGTCACCTAATA-1","2m","B","3","HIV-Specific TCR",-1.15548009343254,2.50044409095759,0.317012365429708,-0.121451215787559
"CP018_2m_B_ATGGGGTCAGCTTATA-1","2m","B","0","Other",0.439228706039526,-0.241954756063505,-0.0809938231956347,0.153822077299173
"CP018_2m_B_ATGGGGTCAGTCGGAG-1","2m","B","0","Other",0.264376875401668,-0.150640758732156,-0.0929913472844806,-0.167825547432661
"CP018_2m_B_ATGGTCTCAAGGACTA-1","2m","B","0","Other",0.0024108947135828,-0.102739155797461,0.0265742070839558,-0.121552897497674
"CP018_2m_B_ATGGTCTCACCCTTTA-1","2m","B","0","Other",0.196287814730235,-0.00717355469047576,-0.0624548221858886,-0.100742825282182
"CP018_2m_B_ATGGTCTCACTATACA-1","2m","B","0","Other",0.34328139424692,-0.000241650825125228,0.0190459340941386,0.112617110258467
"CP018_2m_B_ATGTCCGCAACCATCG-1","2m","B","0","Other",0.610956873223158,-0.0789693274630148,0.191901104566888,-0.13285439807682
"CP018_2m_B_ATGTCCGCAGGAACGT-1","2m","B","5","Other",0.335424543133873,-0.22061873610508,-0.111597965669898,0.113442261599713
"CP018_2m_B_ATGTGAGCACTAACGT-1","2m","B","0","Other",0.082443677564727,-0.220999353294175,-0.0875700494671399,-0.121592165829948
"CP018_2m_B_ATGTGTCCACGAACCC-1","2m","B","2","Other",0.0954217062379168,-0.2202031866372,0.0233732385498506,-0.14840129692686
"CP018_2m_B_ATGTGTCCACGATTTA-1","2m","B","0","Other",0.345149348693351,-0.0968387455485739,-0.0757783069760435,-0.12533658096378
"CP018_2m_B_ATGTGTCCAGGTCTAT-1","2m","B","0","Other",0.586841725772242,-0.0546848202952837,-0.123020882370605,-0.203376855656133
"CP018_2m_B_ATGTGTCCAGTGAGCG-1","2m","B","8","Other",0.278113472296267,-0.282070612044946,0.0315145241532662,-0.223237560019318
"CP018_2m_B_ATTAACTCAACTTCAA-1","2m","B","5","Other",0.268964724460011,-0.191468924318713,-0.0852224658702025,-0.125024084678326
"CP018_2m_B_ATTAACTCAAGCGCCT-1","2m","B","0","Other",0.388265468026063,-0.204234770158255,-0.0727385306294089,-0.110887472917705
"CP018_2m_B_ATTAACTCAATACCTA-1","2m","B","0","Other",0.218947350848886,-0.215646468442742,-0.0764515397506103,0.114806408082329
"CP018_2m_B_ATTAACTCACGGTATT-1","2m","B","0","Other",0.488439459342469,-0.205048556930715,-0.0797731987370006,-0.124909886517547
"CP018_2m_B_ATTAACTCACTACTCC-1","2m","B","6","Other",-0.0489879195823311,-0.230040088717715,-0.128070929637352,-0.162678528431765
"CP018_2m_B_ATTAATCCAAGAGATT-1","2m","B","5","Other",0.512643703761549,-0.270536746363705,0.0406279583429591,-0.141759233274351
"CP018_2m_B_ATTAATCCACAGGACG-1","2m","B","0","Other",0.728149366406687,-0.0789033619206007,-0.0993750966303908,-0.109123527406439
"CP018_2m_B_ATTAATCCAGGGCTTC-1","2m","B","0","Other",0.353742641785708,0.0925868161824148,0.0427144976112642,-0.185841000100547
"CP018_2m_B_ATTACCACAATCGACT-1","2m","B","0","Other",0.567161414780895,0.102226443973269,-0.0807776484506577,-0.103766220173313
"CP018_2m_B_ATTACCACAGGAAACC-1","2m","B","0","Other",0.380719288836393,0.00780869679661364,-0.0844125980425132,-0.157448573011023
"CP018_2m_B_ATTACGCCAATATGTT-1","2m","B","0","Other",0.363483053760596,-0.217984360609462,-0.0917755729489914,-0.126818209293148
"CP018_2m_B_ATTATCGCAAGAGAGG-1","2m","B","0","Other",0.194848834391179,-0.0280725982802527,-0.10283683405611,-0.169022330171954
"CP018_2m_B_ATTATCGCACATTTAG-1","2m","B","0","Other",0.308559259474889,-0.243879286186369,0.0480735380381993,-0.159182348566935
"CP018_2m_B_ATTCAGCCACTGAAAG-1","2m","B","8","Other",0.841784461501394,-0.121088459974637,-0.0985457091837903,0.0827337901206188
"CP018_2m_B_ATTCATGCACGATAAG-1","2m","B","5","Other",0.768835179304662,-0.190627428636405,-0.0690865386311025,-0.100142430799487
"CP018_2m_B_ATTCATGCAGGCGTAG-1","2m","B","0","Other",0.245578559153226,-0.241059262883631,-0.0824222930595005,-0.128550769296182
"CP018_2m_B_ATTCATGCAGTTCACG-1","2m","B","8","Other",0.242812196536301,-0.18789239699967,-0.0779197897069393,0.20474300861178
"CP018_2m_B_ATTCGACCAACGAAGC-1","2m","B","0","Other",0.211654545336985,-0.25850294626123,-0.0826250195420573,-0.162212112311563
"CP018_2m_B_ATTCGACCAAGAATTA-1","2m","B","0","Other",0.348115873527653,0.0867223392535255,-0.0593906154099834,-0.10142128820718
"CP018_2m_B_ATTCGGTCAATTACCA-1","2m","B","0","Other",0.239460931231092,-0.175383617285519,-0.067307656464251,-0.0835331698064495
"CP018_2m_B_ATTCGGTCACCAGATT-1","2m","B","0","Other",0.497160835042996,0.118458590708642,-0.057837614858276,0.595375796448068
"CP018_2m_B_ATTCTAGCAGTTGCCA-1","2m","B","0","Other",0.559110745824597,-0.228916206284044,-0.090153313140879,-0.124476823945779
"CP018_2m_B_ATTGACCCAACATTAT-1","2m","B","0","Other",0.38812917009565,-0.214894188563395,-0.0737615373754449,-0.112944141510007
"CP018_2m_B_ATTGACCCAATCCCGA-1","2m","B","0","Other",0.0560050079218648,-0.203285706976622,0.0401278728969569,0.118510320590256
"CP018_2m_B_ATTGACCCAGCATTAC-1","2m","B","0","Other",0.341768494127342,-0.0612643473206615,-0.0842729853921635,-0.119621916675912
"CP018_2m_B_ATTGCTACACAAGCGG-1","2m","B","5","Other",0.205823458506149,-0.231313203752336,-0.0922546216420893,-0.137436220946348
"CP018_2m_B_ATTGCTACACCGAATT-1","2m","B","0","Other",0.504507706328489,-0.131165767849778,-0.0993094677538571,-0.113275428524674
"CP018_2m_B_ATTGCTACAGTGGCAG-1","2m","B","1","Other",-0.147779655859408,0.520549712258341,-0.116618769697338,-0.127068139686227
"CP018_2m_B_ATTGCTACAGTTACTA-1","2m","B","2","Other",-0.455873252539977,-0.206919329173186,-0.070077692343094,-0.103997327066767
"CP018_2m_B_ATTGTATCAACGTACT-1","2m","B","4","HIV-Specific TCR",-0.789701323744932,1.63902984941695,1.00380234505832,-0.120110023610308
"CP018_2m_B_ATTGTATCAATGCGCC-1","2m","B","0","Other",0.244540003378109,-0.233614179667182,-0.0830904505467365,0.394093848617195
"CP018_2m_B_ATTGTATCACCCAAGC-1","2m","B","6","Other",-0.875519475389819,1.046148272656,0.16305655429189,0.124609590816735
"CP018_2m_B_ATTGTATCACGAACGG-1","2m","B","0","Other",0.640721072931846,-0.25451935204572,-0.099458130994951,-0.193249405652617
"CP018_2m_B_ATTGTATCAGCTACAT-1","2m","B","1","Other",-0.609522155690319,0.0628173230578581,0.0128652165147697,-0.153908116613736
"CP018_2m_B_ATTGTATCAGGACCGA-1","2m","B","0","Other",0.558933809646182,-0.246541590563624,-0.118038646946948,0.169530400494111
"CP018_2m_B_CAAATCCCAGCAGCGA-1","2m","B","0","Other",0.676821882242487,-0.190228416970494,-0.065373160433505,-0.123880743793109
"CP018_2m_B_CAAATCCCAGCTAGCC-1","2m","B","4","Other",-0.744570686804995,0.971288955141653,0.520315562412817,0.396694831886815
"CP018_2m_B_CAAATGGCAAATCTCA-1","2m","B","0","Other",0.484547684003197,-0.0732241062291061,-0.0900240148488451,0.460479509278432
"CP018_2m_B_CAAATGGCAAGACAGC-1","2m","B","6","Other",0.474342344917946,-0.000151318443324666,-0.0924285511685261,0.0647101170530066
"CP018_2m_B_CAAATGGCACAGCTCA-1","2m","B","0","Other",0.233007255210808,0.0605915572178523,0.0994630720081224,-0.16138217215075
"CP018_2m_B_CAACAGACAGTGAAAT-1","2m","B","0","Other",0.448386547965884,-0.223988124566887,-0.0985894641743144,-0.175007272365437
"CP018_2m_B_CAACAGACAGTGGACG-1","2m","B","0","Other",0.414666370500247,-0.124097496058615,-0.0966143430181272,-0.147230718603069
"CP018_2m_B_CAACATCCACCTAATA-1","2m","B","5","Other",0.0701928023237481,-0.192165394611071,-0.0771949458965663,0.18794588341712
"CP018_2m_B_CAACATCCAGCGTGAG-1","2m","B","0","Other",0.0647593647813061,-0.217073505155949,-0.0857851480655816,0.0972065731160325
"CP018_2m_B_CAACATCCAGGGTCTC-1","2m","B","0","Other",-0.0300068716190167,-0.219852858466472,-0.0717717127566026,-0.130031660641694
"CP018_2m_B_CAACCCACACGGTCGT-1","2m","B","5","Other",0.468353775406637,-0.195925278621748,-0.0827699944711861,-0.136044806829373
"CP018_2m_B_CAACCCACACTAGCGC-1","2m","B","1","Other",0.0203622637872214,-0.191730028935243,0.0781366205120968,-0.0929747982976912
"CP018_2m_B_CAACGAACAAATTGAA-1","2m","B","0","Other",0.233803771395258,-0.0292852264974131,0.0224264263146031,-0.142508587138329
"CP018_2m_B_CAACGCCCAACAGCGG-1","2m","B","3","Other",-1.10888328827181,1.71296455087926,0.0967653890307766,0.31133561836198
"CP018_2m_B_CAACGCCCAGCAGCCT-1","2m","B","0","Other",0.160444307043965,-0.104870607749691,-0.0662887991084166,0.112849741162741
"CP018_2m_B_CAACTACCACAACGGG-1","2m","B","3","HIV-Specific TCR",-0.973931442258306,2.06488608203769,-0.0743154421068618,-0.114214155986264
"CP018_2m_B_CAACTACCACAATCAC-1","2m","B","0","Other",0.337055196283051,-0.185539833070703,0.0780496524751951,-0.124267042824318
"CP018_2m_B_CAACTCGCAAGGCCGA-1","2m","B","1","Other",-0.316386849107624,-0.244393408182088,0.159547055849325,0.15712976926114
"CP018_2m_B_CAACTCGCAAGTTAGG-1","2m","B","0","Other",0.161280113338528,-0.108075424076554,-0.0892564975281124,-0.15528018660095
"CP018_2m_B_CAACTCGCACCTATAA-1","2m","B","0","Other",0.56329697103003,-0.0861294483716388,0.0494039612907958,-0.157558767017868
"CP018_2m_B_CAACTCGCAGGGATTA-1","2m","B","8","Other",0.590361054641027,-0.257895211273534,-0.00297893358845465,-0.180003835678189
"CP018_2m_B_CAACTTACAAAGCTTC-1","2m","B","0","Other",0.494555383679843,-0.229717688731025,-0.0935815841279113,-0.13854572350664
"CP018_2m_B_CAACTTACAATCAGCT-1","2m","B","8","Other",0.589695950900242,-0.213808532065818,-0.0705152692107505,-0.139478514815454
"CP018_2m_B_CAACTTACACCGCTAA-1","2m","B","5","Other",0.606639458475138,-0.244251036851285,0.207219413013332,0.144810138032113
"CP018_2m_B_CAAGACACAATTCGGT-1","2m","B","0","Other",0.658251062735111,-0.0646951632848944,0.0798078459494967,-0.143943430996348
"CP018_2m_B_CAAGACACACGGAAAC-1","2m","B","0","Other",0.846304865734866,-0.224122336075319,-0.0606513660640454,0.257909106472028
"CP018_2m_B_CAAGACACAGCTTCGA-1","2m","B","6","Other",-0.561185615537904,0.853898985948777,-0.0740300443540895,-0.0944411168083204
"CP018_2m_B_CAAGACACAGTGGCGA-1","2m","B","0","Other",0.334045723037366,-0.182379317278777,-0.0938038913345699,-0.142426308337698
"CP018_2m_B_CAAGCCCCACATCATA-1","2m","B","0","Other",0.232377721236052,-0.233621796872541,-0.0806064348262742,0.183322201011284
"CP018_2m_B_CAAGCCCCAGCTAGAA-1","2m","B","8","Other",0.361909456450412,-0.198576101049863,0.109418220773579,-0.146502517645443
"CP018_2m_B_CAAGCCCCAGTACGCC-1","2m","B","0","Other",0.515484243814262,-0.230475942730187,-0.0666912917725615,0.207890892725638
"CP018_2m_B_CAAGCGGCAGTGCATT-1","2m","B","0","Other",0.607069157799411,-0.236167595707317,-0.111571622855402,0.584489806327655
"CP018_2m_B_CAAGGCGCAAATGGCA-1","2m","B","0","Other",0.237621714461996,-0.222518876193982,-0.0739238852737095,-0.127506394579166
"CP018_2m_B_CAAGGCGCACATAACC-1","2m","B","0","Other",0.429513536304609,-0.0425000511198611,-0.0845473870607709,-0.115300557500266
"CP018_2m_B_CAAGGCGCAGGAGTTA-1","2m","B","0","Other",0.0501804606394798,0.0235487700157641,-0.078668933701237,0.149800373214157
"CP018_2m_B_CAAGTAGCAAGTCCGC-1","2m","B","0","Other",0.0883122790904569,-0.20622376082861,-0.0692029079684086,0.140263140397701
"CP018_2m_B_CAAGTCTCAACGAGGT-1","2m","B","0","Other",0.11044906424703,-0.211538103125738,-0.104535025743067,-0.132047132085618
"CP018_2m_B_CAAGTCTCACCTCTCG-1","2m","B","0","Other",0.649931367550849,-0.230424882543023,-0.0998102327499854,-0.15135859477689
"CP018_2m_B_CAAGTCTCAGTACTCG-1","2m","B","0","Other",0.324059033387734,-0.201939039242931,0.0527421970025945,-0.151123944632689
"CP018_2m_B_CAATACCCACCTCTAC-1","2m","B","1","Other",0.208345870777644,-0.0729654588647859,-0.0976748952871631,-0.134524452075938
"CP018_2m_B_CAATACCCACTCACGA-1","2m","B","0","Other",-0.0448032293525258,0.00883168489150968,-0.06762920760651,-0.0940753832849458
"CP018_2m_B_CAATACCCAGCTTAGT-1","2m","B","0","Other",0.192834024039036,-0.078686649867332,-0.0808328026177136,-0.111559683870833
"CP018_2m_B_CAATAGGCAAGAGACC-1","2m","B","0","Other",0.484928785968002,-0.171248101064709,-0.0770533156892532,-0.118436291418521
"CP018_2m_B_CAATAGGCAGTATTCA-1","2m","B","0","Other",0.228018931680826,-0.198929622029742,-0.0885415273629137,-0.121304959825343
"CP018_2m_B_CAATCACCAACGTGGG-1","2m","B","7","Other",0.437360157642344,-0.0879630621149138,-0.0777854874781735,-0.0928014630358887
"CP018_2m_B_CAATCACCACCTTCCG-1","2m","B","0","Other",0.112620013032373,-0.213426918766325,-0.0995989272467068,-0.118634616350009
"CP018_2m_B_CAATCCGCAAACCACT-1","2m","B","8","Other",0.352626723400721,-0.0725084798159675,-0.100469601869003,-0.154504671014883
"CP018_2m_B_CAATCCGCACGGTATT-1","2m","B","4","HIV-Specific TCR",-0.909462465070826,1.29469465223595,0.961288592933315,0.44311194294571
"CP018_2m_B_CAATCCGCACGTAAAG-1","2m","B","8","Other",0.430480135314915,-0.213810596534357,-0.110134929841429,-0.154903554355213
"CP018_2m_B_CAATGCTCACGCAGGA-1","2m","B","1","Other",-0.577182358763119,-0.210428261279097,-0.0728580366864763,-0.135792090482242
"CP018_2m_B_CAATGCTCAGCCTTTC-1","2m","B","0","Other",0.627553541796881,-0.090005456007808,0.078182382853279,-0.114783705162119
"CP018_2m_B_CAATGCTCAGTGACCC-1","2m","B","0","Other",-0.112405960578164,0.0998221905791395,-0.0577481364809944,-0.111936649432822
"CP018_2m_B_CAATGCTCAGTGCGGA-1","2m","B","1","Other",0.327980393790721,-0.207753870871112,0.12182470893626,-0.124661173965563
"CP018_2m_B_CAATGGACAACCTAGT-1","2m","B","0","Other",0.501014511215389,-0.00146618553525005,-0.0922846497133314,-0.130044005745032
"CP018_2m_B_CAATGGACAACCTCTC-1","2m","B","3","Other",-0.900051176456533,1.13052025692732,0.0708147310277877,-0.143537994837443
"CP018_2m_B_CAATGGACAGTGCATT-1","2m","B","0","Other",0.963197842076507,-0.164918512016344,-0.00509149149335895,-0.166845148656993
"CP018_2m_B_CAATGTCCAATCGCGC-1","2m","B","0","Other",0.580875902954936,-0.202220481372501,-0.0775192265580733,-0.10066816357886
"CP018_2m_B_CAATGTCCACCGAATT-1","2m","B","0","Other",0.360867235161859,-0.168971098045641,-0.0612869704578916,-0.0892316275275696
"CP018_2m_B_CAATGTCCACTATGAC-1","2m","B","3","Other",-1.13876377199811,1.47598316701237,0.0425245158134986,-0.149438483065273
"CP018_2m_B_CAATGTCCAGCGCACT-1","2m","B","7","Other",0.284279561021266,-0.0130352897541793,-0.0705999580039873,0.331219973275893
"CP018_2m_B_CAATGTCCAGTATGCT-1","2m","B","0","Other",0.254097031675836,-0.211890565943894,-0.0912306485346962,-0.139558337717406
"CP018_2m_B_CAATTATCAGCCCATA-1","2m","B","0","Other",-0.0626533329767101,-0.212569098993369,-0.081706281649512,-0.0899758176702221
"CP018_2m_B_CAATTCACAGGTCGTC-1","2m","B","0","Other",-0.356391445121687,-0.222724356186839,-0.0695669274877532,-0.114073300488132
"CP018_2m_B_CACAAGACAAATCACC-1","2m","B","0","Other",0.00879642859524066,-0.19486975322285,-0.0807410266661765,-0.121696719638228
"CP018_2m_B_CACAAGACAAGTCATC-1","2m","B","1","Other",-0.128039130537274,0.779452733399328,-0.122889093910701,-0.174032770343606
"CP018_2m_B_CACAAGACAATGACAG-1","2m","B","0","Other",0.270160869989307,-0.236867657844182,0.157237536163763,-0.127054791564982
"CP018_2m_B_CACAAGACAGGTAAAT-1","2m","B","0","Other",0.224148909443334,0.00311887518871778,-0.0908186008877917,-0.155463861104358
"CP018_2m_B_CACAATCCAATGGCCC-1","2m","B","0","Other",0.714975249353624,-0.234884941018243,-0.0788793433008396,-0.113652029124435
"CP018_2m_B_CACAATCCAGGAGCCA-1","2m","B","0","Other",0.378067351740607,-0.00461992032399611,-0.110812285619597,-0.154722620855641
"CP018_2m_B_CACACGCCAATACCCG-1","2m","B","0","Other",0.415319775386824,-0.228270300940838,0.160811932949352,-0.136996748735791
"CP018_2m_B_CACACGCCACAAGGCG-1","2m","B","0","Other",0.680892360704969,0.115233660453315,-0.129134686620183,-0.172017508076508
"CP018_2m_B_CACACGCCACGATGGG-1","2m","B","0","Other",0.353954821708238,0.249793959542838,-0.0852098418139575,-0.16792293412391
"CP018_2m_B_CACACGCCAGGGGCTA-1","2m","B","0","Other",0.553929108769543,0.0549764798355522,-0.0916672547074989,0.148681856687189
"CP018_2m_B_CACAGAACAAGGCGCA-1","2m","B","0","Other",0.21244094983587,0.309926986126499,-0.0694426205281406,-0.151505204375376
"CP018_2m_B_CACATACCAACACAGA-1","2m","B","3","Other",-0.534968480100879,0.660655490212753,0.267305461730573,-0.102394823347106
"CP018_2m_B_CACATACCAACTAACC-1","2m","B","0","Other",-0.342073824834331,-0.103226898358478,0.242058523609095,-0.0349181727027348
"CP018_2m_B_CACATACCAAGTTTCA-1","2m","B","5","Other",0.410409438106728,-0.218039990327659,-0.0765646647469558,-0.0926772352801287
"CP018_2m_B_CACATACCACTATGGT-1","2m","B","0","Other",-0.0521854921564184,-0.192968013612208,0.0419664346225112,-0.107051927314289
"CP018_2m_B_CACCCAACAAATGCGA-1","2m","B","3","Other",-0.0727635517559293,1.1398278430053,-0.094617229117135,-0.144411421970141
"CP018_2m_B_CACCCAACAAGTTAGG-1","2m","B","0","Other",0.443227705507374,0.108898756691055,-0.103801463214669,0.0509615877073531
"CP018_2m_B_CACCCAACACCCTTTA-1","2m","B","7","Other",0.142891919454082,-0.185086397542071,-0.0848133833707776,-0.0990535944308757
"CP018_2m_B_CACCCAACAGGGTCAG-1","2m","B","7","Other",0.70171703842002,0.0209152247746127,-0.105475496185882,-0.16415475131867
"CP018_2m_B_CACCGTACAATCTGAC-1","2m","B","0","Other",0.653678149200441,-0.22586638736624,-0.0937207083116317,0.373758519735885
"CP018_2m_B_CACCTCTCAATCGACT-1","2m","B","6","Other",0.0552165227305159,0.715228481998647,0.0171952651647119,-0.135384728745491
"CP018_2m_B_CACCTCTCAGCGACCT-1","2m","B","6","Other",-0.507859711019225,2.24095344542471,0.102638051790707,-0.138748212113927
"CP018_2m_B_CACCTCTCAGCTTCAG-1","2m","B","0","Other",0.512576948361044,-0.271497044746424,-0.116980205252464,0.165878613021393
"CP018_2m_B_CACGCACCAATATCTG-1","2m","B","0","Other",0.203745234533455,-0.215249131301834,0.0855168875350784,-0.154840668577907
"CP018_2m_B_CACGCACCAATCCAAC-1","2m","B","7","Other",0.529648759585241,-0.0725773058205552,0.118014008741826,-0.137987065149145
"CP018_2m_B_CACGCACCACACAAGA-1","2m","B","8","Other",-0.00486333628920477,-0.0501924091604369,0.0679737891520112,-0.109907533409972
"CP018_2m_B_CACGCACCAGCGGGTA-1","2m","B","0","Other",0.601511329797619,-0.243417059900401,0.155762161341932,-0.122569491572905
"CP018_2m_B_CACGGTCCAATTAAGA-1","2m","B","8","Other",0.74283169106652,-0.080777144102832,-0.113273855209681,0.163079264925567
"CP018_2m_B_CACGGTCCACCGCATA-1","2m","B","0","Other",-0.390128517328156,-0.179477119653614,0.0897004904701424,-0.124078359820211
"CP018_2m_B_CACGTCACAATCGTAC-1","2m","B","5","Other",0.403244248963001,-0.216213186944956,-0.0718278035073733,0.142598315264054
"CP018_2m_B_CACGTCACAGGAAACC-1","2m","B","0","Other",0.61745632233508,-0.235276268073177,0.0281419831845627,-0.14827087776987
"CP018_2m_B_CACTAACCAAAATGGT-1","2m","B","3","Other",-1.20911155667394,1.35654000403,0.45777083036909,0.712165276386175
"CP018_2m_B_CACTACGCAAATTGGG-1","2m","B","0","Other",0.195745232767251,-0.21049222300043,-0.0909915455780193,-0.12737875550054
"CP018_2m_B_CACTACGCAACTGTCG-1","2m","B","8","Other",0.260571399695838,0.161902369619438,-0.0840437010023588,-0.163251246854824
"CP018_2m_B_CACTACGCAGCATCGC-1","2m","B","4","HIV-Specific TCR",-1.16252870172399,1.50160938710931,0.379791349216012,1.6789050131324
"CP018_2m_B_CACTATACACCGACAC-1","2m","B","0","Other",0.418703084722738,-0.213007196159276,-0.084143782936724,-0.153305755167163
"CP018_2m_B_CACTATACACTATCCC-1","2m","B","6","Other",0.0768761913120932,-0.208532646132672,-0.075288462810847,0.240161117041948
"CP018_2m_B_CACTCAGCAATCGAGA-1","2m","B","0","Other",0.113523710791544,-0.248262213799962,-0.114287308464262,-0.135837408658053
"CP018_2m_B_CACTCGACAAATCCCG-1","2m","B","0","Other",0.554587257298026,-0.200755862515662,-0.0737108789400914,-0.105916251399346
"CP018_2m_B_CACTCTCCAAAACGCA-1","2m","B","8","Other",0.518676182842015,-0.277551971424403,-0.101106873933155,-0.171230973691127
"CP018_2m_B_CACTCTCCAAGACAGC-1","2m","B","0","Other",0.179502962322073,-0.0536802144525927,0.0678386794091749,-0.103398491458021
"CP018_2m_B_CACTCTCCACACTTAA-1","2m","B","0","Other",0.197653557299054,0.00474672615694804,0.00158389616197056,-0.0983259622420047
"CP018_2m_B_CACTGCACACACGCAC-1","2m","B","0","Other",0.966459768180562,-0.249543078026033,0.0284620678664743,0.36667125784662
"CP018_2m_B_CACTGCACAGCGAATA-1","2m","B","5","Other",0.544156396402281,-0.0432046553228118,-0.0931649583181185,-0.0796746910845674
"CP018_2m_B_CACTTAACAAGCGGCA-1","2m","B","4","Other",-0.539386620516664,0.680263917320739,0.166055476388231,1.36172689490743
"CP018_2m_B_CAGCACCCAATTACGC-1","2m","B","0","Other",-0.0980961821155975,0.204781680261041,0.0386059264203598,0.558134706873599
"CP018_2m_B_CAGCACCCACCCTAAG-1","2m","B","0","Other",0.280846481751826,-0.222175662118261,-0.0672687245608218,-0.0914481391226208
"CP018_2m_B_CAGCAGGCACACGTCA-1","2m","B","0","Other",0.742840348666735,-0.262072130241668,-0.0893143955756281,0.121419049169238
"CP018_2m_B_CAGCAGGCACCTAGCA-1","2m","B","0","Other",0.448777834801072,-0.258563383674161,-0.0815480268462978,-0.105366679216323
"CP018_2m_B_CAGCAGGCACCTAGGC-1","2m","B","0","Other",0.0783615654689989,-0.213780641840082,-0.0872004113858934,-0.139944563648957
"CP018_2m_B_CAGCAGGCAGTCATAC-1","2m","B","4","HIV-Specific TCR",0.129795678541331,0.761671068503078,0.368907822710019,0.489784268251344
"CP018_2m_B_CAGCATTCAATCAGAG-1","2m","B","7","Other",0.362677347673855,-0.190274097990259,-0.0704919652649427,-0.0888177505702638
"CP018_2m_B_CAGCATTCACATGAAG-1","2m","B","0","Other",-0.0447776731002827,0.209605603922132,-0.0692486595625354,-0.115715789892642
"CP018_2m_B_CAGCATTCACGGACCT-1","2m","B","7","Other",0.56286513582045,-0.0130078802399912,-0.114425118793834,-0.196552019163819
"CP018_2m_B_CAGCATTCACTGCGTA-1","2m","B","0","Other",0.305572348827734,-0.208278566591301,-0.0767931713197447,-0.0966258831861763
"CP018_2m_B_CAGCATTCAGGGTATA-1","2m","B","8","Other",0.966704772626636,-0.297228134238616,-0.130747414296882,-0.153433765469596
"CP018_2m_B_CAGCATTCAGTATGTC-1","2m","B","6","Other",-1.19727864252281,1.75600614603913,0.184326304512628,-0.182322481710962
"CP018_2m_B_CAGCGAGCACAGTCAT-1","2m","B","3","HIV-Specific TCR",-0.938568153480821,1.91426005646292,0.576713383216821,-0.0958976991481477
"CP018_2m_B_CAGCGAGCAGGGTTCC-1","2m","B","0","Other",0.150518488189773,-0.238991780849237,-0.0970135197371055,0.334673415572146
"CP018_2m_B_CAGCGGACACATATGC-1","2m","B","2","Other",-0.229579949092403,0.548567943717897,0.219245502027743,-0.0345610484166411
"CP018_2m_B_CAGCGTCCAACGTTAC-1","2m","B","6","Other",-0.906546320853363,0.40902040258615,0.012004822484853,0.217427055036057
"CP018_2m_B_CAGCTCACAACATGGA-1","2m","B","0","Other",0.883081246817033,-0.25939900682445,-0.131785273923144,0.29354097197975
"CP018_2m_B_CAGCTCACACCGGTTA-1","2m","B","0","Other",0.0689057315815131,-0.136306125398184,0.201370911014707,0.205783301318312
"CP018_2m_B_CAGCTCACACCTCTAC-1","2m","B","0","Other",0.385529509538758,0.069892263291237,-0.0957923748042469,-0.157334257881244
"CP018_2m_B_CAGCTCACACTAAATT-1","2m","B","1","Other",-0.0936015292750654,-0.213720924894728,0.454216192491941,-0.133908705567195
"CP018_2m_B_CAGCTCACAGTGTTAC-1","2m","B","5","Other",0.22906732966484,-0.0594435620238975,0.0766743847772931,-0.0988942583497022
"CP018_2m_B_CAGGACGCACACATAC-1","2m","B","5","Other",0.00383478539105853,0.165449223366725,0.103971661876857,0.255786908937845
"CP018_2m_B_CAGGACGCACTTCATT-1","2m","B","5","Other",0.344047037561478,-0.172009949231684,-0.0786927258684745,0.171143133054031
"CP018_2m_B_CAGGACGCAGCTTTAA-1","2m","B","0","Other",0.383971801843494,-0.278881899584489,0.0185207695061083,-0.143230627371185
"CP018_2m_B_CAGGCGACAATCGTCG-1","2m","B","7","Other",0.707457428200489,0.0352837800459444,0.0602935077923508,-0.117435835041514
"CP018_2m_B_CAGGTAACAATCGAGA-1","2m","B","6","Other",-0.670559755500091,0.610183937113105,-0.103850554579644,-0.157041922224685
"CP018_2m_B_CAGGTAACACGCTTTC-1","2m","B","0","Other",0.53964890529134,-0.181779672705818,-0.0608001056443949,0.152312903778992
"CP018_2m_B_CAGGTAACACTACTCC-1","2m","B","0","Other",0.391645665608297,-0.0934482479056167,-0.0762937581436335,-0.14321896471144
"CP018_2m_B_CAGGTCCCAACCCATG-1","2m","B","0","Other",0.11741085203233,-0.183039060660944,-0.0916617948970195,-0.0904816562597556
"CP018_2m_B_CAGTAAGCACCAGAGG-1","2m","B","7","Other",0.299331982749223,-0.228155660724738,-0.0842367424564692,-0.137379950911431
"CP018_2m_B_CAGTCATCAGGGTCAG-1","2m","B","0","Other",0.471442285782639,0.285167688365153,-0.101047528545029,-0.13738425594018
"CP018_2m_B_CAGTCGCCAACCAACT-1","2m","B","0","Other",0.0579096719090944,-0.0268140036533955,0.107084062420386,-0.120951671576412
"CP018_2m_B_CAGTCGCCAAGCATAG-1","2m","B","0","Other",0.372797957987912,-0.192332790652075,-0.0902913741277727,-0.123428338914647
"CP018_2m_B_CAGTCGCCAATGACCT-1","2m","B","8","Other",0.402390234015117,-0.22653467498499,-0.0902483036663128,-0.17045384052278
"CP018_2m_B_CAGTGGGCAATTGACC-1","2m","B","6","Other",-0.464974677970111,0.69578593304327,0.104712413033586,-0.179083221122249
"CP018_2m_B_CAGTGGGCACATGTCG-1","2m","B","0","Other",0.682355716156213,-0.145149388791192,0.0448916628738367,-0.131574949430099
"CP018_2m_B_CAGTGGGCACTCAATA-1","2m","B","0","Other",0.333879428010776,-0.0648728550208481,-0.0846604379708779,-0.126103896441129
"CP018_2m_B_CAGTTACCAAACACTC-1","2m","B","0","Other",0.53998850305535,0.122635418899092,-0.0566224415370977,0.136957517374005
"CP018_2m_B_CAGTTACCAGCCTTAG-1","2m","B","5","Other",0.307708890092034,-0.216015957455452,-0.0988211639882245,-0.138760669707772
"CP018_2m_B_CAGTTACCAGGGCAAT-1","2m","B","6","Other",-1.2344508509722,1.82035689567688,0.117693535487346,-0.13755564206888
"CP018_2m_B_CAGTTCGCAGCATGGG-1","2m","B","0","Other",0.527026499595336,-0.27672673412483,-0.116634922838434,-0.147166150842286
"CP018_2m_B_CAGTTTACACGAACCC-1","2m","B","0","Other",0.562911766009717,-0.184907933132734,-0.0988902228913655,0.167557763727809
"CP018_2m_B_CAGTTTACAGTATACC-1","2m","B","0","Other",0.579205753420938,-0.257840545307977,-0.109251581905307,-0.1671259217227
"CP018_2m_B_CATAATTCACCTCTAC-1","2m","B","1","Other",0.517313942055868,-0.258886799499304,-0.0997029491805655,0.139878564283466
"CP018_2m_B_CATAATTCAGCATCCA-1","2m","B","0","Other",0.675998763029729,-0.222680862203572,-0.099735161176855,-0.145611329710763
"CP018_2m_B_CATACCGCAAGACGAC-1","2m","B","7","Other",-0.208838039564444,0.247644932064324,0.0628025556622786,-0.0860120188144669
"CP018_2m_B_CATACCGCAATATGTT-1","2m","B","0","Other",0.300207883984813,-0.111806967488155,-0.0801381780403302,-0.160898663780098
"CP018_2m_B_CATACCGCAGCTAAAG-1","2m","B","1","Other",-0.473191564899932,-0.169223943818872,0.431031290478215,-0.0780769657179061
"CP018_2m_B_CATACCGCAGTTAGTC-1","2m","B","0","Other",0.162288058408383,-0.181901926446027,-0.0857049562304066,-0.105522233928993
"CP018_2m_B_CATAGAGCAAGAGGTC-1","2m","B","6","Other",-0.886241822451829,1.52754542706164,-0.102927007216877,0.151916425103875
"CP018_2m_B_CATAGAGCACCAAGCC-1","2m","B","0","Other",0.437530355797936,-0.0852487639518058,0.033614899390925,-0.141353800988691
"CP018_2m_B_CATAGAGCACTGGCAC-1","2m","B","8","Other",0.191985339931278,-0.192299721973897,-0.0789801981494437,-0.154127715192918
"CP018_2m_B_CATAGCTCACAATGCT-1","2m","B","0","Other",-0.0778415667256214,-0.199540901818423,0.350434449583575,-0.122279347070419
"CP018_2m_B_CATAGCTCACCCAAAT-1","2m","B","0","Other",0.488398809781974,-0.0719478006689623,-0.0816122337028549,0.216622554806867
"CP018_2m_B_CATAGCTCAGGTTCGC-1","2m","B","8","Other",0.0713923198739286,-0.247989729972027,-0.10715487332163,0.0760924733683655
"CP018_2m_B_CATAGTCCAAAATGGT-1","2m","B","8","Other",0.445454334813222,-0.238876965964192,-0.0826869115429048,-0.114831085298623
"CP018_2m_B_CATAGTCCACACTACG-1","2m","B","0","Other",0.510735553955258,-0.206503735309825,-0.0782895419242044,0.144584901572791
"CP018_2m_B_CATAGTCCACCTACCT-1","2m","B","4","Other",-0.272603168661138,0.627788020465423,0.162823560025263,1.34654089064168
"CP018_2m_B_CATATCACAACGTGCC-1","2m","B","0","Other",0.664508258628795,-0.243281984663434,-0.104002934519363,-0.136764896063623
"CP018_2m_B_CATATCACAGTAGCCC-1","2m","B","0","Other",0.426450331763557,0.0903520640410199,-0.0797781031652989,-0.0981534232539724
"CP018_2m_B_CATATGCCACCCTAGA-1","2m","B","4","Other",-0.756678241937827,0.0332113854239535,0.189781849649193,2.03115973164542
"CP018_2m_B_CATATGCCACGGGTCT-1","2m","B","0","Other",0.399132353341567,0.0598842395124543,-0.0932081917140191,-0.108305709533109
"CP018_2m_B_CATCACGCAATTAAAG-1","2m","B","0","Other",0.525385230374183,-0.212873300555464,-0.104503461221782,-0.148741169882262
"CP018_2m_B_CATCAGTCACAAGCGG-1","2m","B","6","Other",-0.0540070760305127,-0.25927181844749,-0.103156872959862,-0.156132022722115
"CP018_2m_B_CATCAGTCACAGGTCC-1","2m","B","0","Other",0.348969774736272,-0.198973953236384,0.120896036311641,0.111793928043098
"CP018_2m_B_CATCAGTCAGGGTCTC-1","2m","B","7","Other",0.285014568644716,-0.115962648607766,-0.101630756424375,0.124507671610962
"CP018_2m_B_CATCATACAGCATGAA-1","2m","B","0","Other",0.405067630485705,-0.0371395128135904,-0.12373524745993,-0.155929340199752
"CP018_2m_B_CATCATACAGTAATCC-1","2m","B","0","Other",0.499568563994601,-0.164048174925816,-0.0701216562481445,0.259075286470643
"CP018_2m_B_CATCGCACAATATCAT-1","2m","B","5","Other",0.410735753370686,-0.222149565846233,-0.0849098637538611,-0.12661834654833
"CP018_2m_B_CATCGCACACAAGGGT-1","2m","B","0","Other",0.395478974328467,-0.0106397383521151,-0.0797226218156415,-0.119781734336207
"CP018_2m_B_CATCGCACACTAAGTC-1","2m","B","1","Other",0.137316419673383,0.0195153789330207,0.194815213852008,0.1658811869067
"CP018_2m_B_CATCGGCCAAGCTGAA-1","2m","B","0","Other",0.641667251706653,-0.0447184663206497,-0.0760898187883729,-0.121024495231084
"CP018_2m_B_CATCGGCCAATAGGCA-1","2m","B","5","Other",-0.255798891019357,-0.223997890321375,-0.0970151352874106,-0.140826729110814
"CP018_2m_B_CATCGGCCACTGGGGA-1","2m","B","0","Other",0.426453324641088,-0.239325840206489,-0.102108017623723,-0.148209159868423
"CP018_2m_B_CATCGGCCAGTTGCGC-1","2m","B","4","Other",-0.803662475786888,-0.230267316852044,0.152336254349255,0.886749567253595
"CP018_2m_B_CATCTCCCAACCCTCT-1","2m","B","0","Other",-0.129694570985164,-0.0488078630109147,-0.0731488877543091,-0.0797462839779653
"CP018_2m_B_CATCTCCCACATCGGC-1","2m","B","0","Other",0.022636766657149,-0.0110297608505966,-0.0832360243470385,0.227387496285303
"CP018_2m_B_CATGAAGCAATGCGGG-1","2m","B","6","Other",-0.195796766452054,0.638198060525209,0.0425445010014597,0.125223992712617
"CP018_2m_B_CATGATCCAATGACAG-1","2m","B","6","Other",-0.708636751603471,0.530929470080529,-0.118702993148726,-0.181032738859863
"CP018_2m_B_CATGATCCACACGCAC-1","2m","B","0","Other",-0.18545221614068,-0.251986400472305,-0.0879504872190602,0.130890949285774
"CP018_2m_B_CATGCGCCAGCTAGCC-1","2m","B","0","Other",0.432665143830961,0.0947970012117657,-0.0746191840991052,0.38483248516809
"CP018_2m_B_CATGGGGCAGCTAATC-1","2m","B","7","Other",0.180636103194082,-0.219538071193947,-0.00585367483961791,-0.158752087604922
"CP018_2m_B_CATGGTTCAAACTCAC-1","2m","B","0","Other",0.435832924120745,-0.193157995587271,0.0777993408313505,-0.108818583638232
"CP018_2m_B_CATGGTTCACAGCAGG-1","2m","B","0","Other",0.718531252996869,-0.220013100293435,-0.0921288747959481,-0.128774167644256
"CP018_2m_B_CATGTCGCAATATTAC-1","2m","B","0","Other",0.177163489009884,-0.0476961140539184,-0.0847118814781371,0.0598705929043256
"CP018_2m_B_CATGTCGCACAAGGGT-1","2m","B","1","Other",-0.395999694958449,-0.0559098866974672,0.0908371578116473,-0.192462559178463
"CP018_2m_B_CATGTCGCACTCCATC-1","2m","B","5","Other",0.118384213536391,-0.198857929214514,-0.0543658080569007,-0.0962425103423752
"CP018_2m_B_CATGTCGCACTGGCAC-1","2m","B","5","Other",0.479089644797168,-0.217380989464185,-0.0703607623537746,-0.124873406032492
"CP018_2m_B_CATTAGCCAATATTAC-1","2m","B","1","Other",0.301568643610101,0.00273822573844226,0.178075390441114,-0.176694666572541
"CP018_2m_B_CATTAGCCACAAGACA-1","2m","B","0","Other",0.577782693062212,-0.251125904385249,-0.0966348552804586,0.135094000420151
"CP018_2m_B_CATTCAACACGACGGA-1","2m","B","0","Other",0.0591927418250513,-0.0561831370797961,-0.0856512478524448,-0.140590218933042
"CP018_2m_B_CATTCAACAGTACGGG-1","2m","B","0","Other",0.218934018883471,-0.0579188245802044,-0.0843094462030379,-0.129654976874221
"CP018_2m_B_CATTCAACAGTTGGAA-1","2m","B","0","Other",0.634201304741425,-0.271472850607225,-0.112849806640848,0.0479689658750496
"CP018_2m_B_CATTCCCCAAAATCAA-1","2m","B","0","Other",-0.103154231073337,-0.153008490690368,-0.0409854678451282,-0.109788875411614
"CP018_2m_B_CATTCCCCACCAGATT-1","2m","B","0","Other",-0.00924018545117322,-0.160393715346653,-0.0794400287650684,-0.0958095934311296
"CP018_2m_B_CATTGGTCACATGCGC-1","2m","B","3","HIV-Specific TCR",-0.581352848013908,1.30842161984292,-0.111462630594098,-0.115413044985133
"CP018_2m_B_CATTGGTCACCGCATA-1","2m","B","0","Other",-0.287013709528978,-0.159896521105871,-0.0554931273361427,-0.0888117779630609
"CP018_2m_B_CATTGGTCACGAACGG-1","2m","B","0","Other",0.953572331994491,-0.128437181981231,-0.00742809299080811,-0.150056813292785
"CP018_2m_B_CATTTAGCAAGTGCAA-1","2m","B","0","Other",0.0471878595489665,-0.165829391291139,0.199640676934887,0.227286477259886
"CP018_2m_B_CATTTAGCACCCTATC-1","2m","B","8","Other",0.634187695971889,-0.0379534275657377,-0.120216179855457,0.787055181392534
"CP018_2m_B_CATTTAGCAGGCTCTA-1","2m","B","0","Other",0.235673802408185,-0.108964635794023,-0.0913467078554895,0.0928266569694544
"CP018_2m_B_CATTTAGCAGTCCTCT-1","2m","B","0","Other",0.799051827031651,-0.206504031647568,-0.0971964202388078,-0.102334728687631
"CP018_2m_B_CCAAATCCAAATTGGG-1","2m","B","0","Other",0.496050443418221,-0.195433497326182,-0.0784537200408569,-0.136776923812791
"CP018_2m_B_CCAAATCCACACTACG-1","2m","B","0","Other",0.649432360921639,0.177894956735734,0.11522258691474,0.232212326841019
"CP018_2m_B_CCAAATCCACGAAGTA-1","2m","B","0","Other",0.221736937816426,-0.206858876194346,-0.0669269683609663,-0.106548986952642
"CP018_2m_B_CCAAATCCAGGGCTTC-1","2m","B","6","Other",-0.796656750519152,1.55152246128567,0.126553667457699,-0.160609712371309
"CP018_2m_B_CCAACATCAACAGAGC-1","2m","B","4","HIV-Specific TCR",-0.815830609495612,0.818049138805707,0.780321451186767,1.77805202509942
"CP018_2m_B_CCAACATCAACTATAT-1","2m","B","0","Other",0.389815221011453,-0.183951912430701,0.0751819176484794,-0.116695774101838
"CP018_2m_B_CCAACATCACCACGGT-1","2m","B","0","Other",0.00165385320598777,0.0963018483118448,-0.0598094130504575,-0.0863409894506399
"CP018_2m_B_CCAACATCACCGCTAA-1","2m","B","0","Other",1.14826856560276,-0.25840997105335,0.0426341241814513,-0.120353959322684
"CP018_2m_B_CCAACATCACTGCTCT-1","2m","B","0","Other",0.0612475061615136,-0.20253777148572,-0.069695435014131,-0.0891677174524867
"CP018_2m_B_CCAACATCAGGACTAA-1","2m","B","0","Other",0.536538963933933,-0.236256689788734,-0.124685799879711,-0.122418204699793
"CP018_2m_B_CCAACGCCACAAGGGT-1","2m","B","0","Other",0.405503293210703,-0.207690610711432,0.151107759776397,-0.130082846876493
"CP018_2m_B_CCAACGCCACACAACT-1","2m","B","0","Other",-0.118160588801382,0.0151854996961922,-0.0891426596622912,-0.107341336581021
"CP018_2m_B_CCAAGCCCAAAGCCGG-1","2m","B","0","Other",0.685289075294517,-0.0507710859870835,0.0599659725236793,-0.119968945995699
"CP018_2m_B_CCAAGGGCAAAGGGGA-1","2m","B","0","Other",0.62839410007387,0.0253550595454034,-0.113832803017985,-0.142093697839
"CP018_2m_B_CCAAGGGCACCCTCAT-1","2m","B","0","Other",0.107566004981031,-0.1874707932138,-0.0678011146776031,0.154230402965749
"CP018_2m_B_CCAATACCAAACTCAC-1","2m","B","0","Other",0.316501930573516,-0.230315192296791,-0.0839428860245029,0.191241436873833
"CP018_2m_B_CCAATACCAACAATTT-1","2m","B","0","Other",0.331990759946466,-0.141672429331393,0.0991986639812649,0.062300841230628
"CP018_2m_B_CCAATACCAGTATACC-1","2m","B","7","Other",0.265771798790937,0.0493658178074625,0.155488823604055,-0.119020232370119
"CP018_2m_B_CCAATTACAATGCTTA-1","2m","B","8","Other",0.0291667027257698,-0.1736685202051,0.0813080674264381,-0.115387015099099
"CP018_2m_B_CCACAATCACAATGCT-1","2m","B","0","Other",-0.067707107289835,-0.216343306184883,0.121998253735104,-0.149780746386777
"CP018_2m_B_CCACAATCACTAGTCG-1","2m","B","0","Other",0.935116209159516,-0.262139099040095,-0.124986245580547,-0.201446695270627
"CP018_2m_B_CCACAATCACTGACGC-1","2m","B","3","Other",-0.476500990017187,1.12043137383402,0.207341401698977,-0.110140026634196
"CP018_2m_B_CCACAATCAGTAATCC-1","2m","B","7","Other",0.801146883660921,-0.164678962608272,-0.0432989219779353,-0.0749661950581347
"CP018_2m_B_CCACACACAACAATTT-1","2m","B","8","Other",0.423914684307758,-0.0772198588462919,-0.0961881936096855,-0.150643136443367
"CP018_2m_B_CCACACACAACATCCG-1","2m","B","0","Other",0.377366824019359,-0.167759279847725,-0.0834935090729401,0.127371154544631
"CP018_2m_B_CCACACACACTGACAT-1","2m","B","0","Other",0.310435186843101,0.0217112200678871,-0.0820930286107448,-0.103708989670434
"CP018_2m_B_CCACACACAGGGTCAG-1","2m","B","6","Other",-0.15722141506096,-0.213224093245942,-0.0836954238321669,0.172461788443054
"CP018_2m_B_CCACAGCCAATATTAC-1","2m","B","7","Other",-0.0886011321264171,-0.191160628817271,-0.0652925580384705,-0.102464427559028
"CP018_2m_B_CCACCAACAAACCATC-1","2m","B","0","Other",0.389561764165116,-0.143025596412571,0.0995983412230037,-0.127452391887774
"CP018_2m_B_CCACCAACACTTATCT-1","2m","B","1","Other",0.56539416253034,-0.218174442390586,-0.0803638477067789,-0.146696203508755
"CP018_2m_B_CCACCAACAGGACTTT-1","2m","B","7","Other",0.253107199672702,-0.182084696950015,-0.0591724661354457,-0.151959674658816
"CP018_2m_B_CCACCAACAGGTTACT-1","2m","B","0","Other",0.795687021368278,-0.205173371854659,-0.0919400413887574,0.270081242252536
"CP018_2m_B_CCACCAACAGTGCGTC-1","2m","B","1","Other",-0.497792450603124,0.1246963723056,-0.12107030885161,-0.149057304704722
"CP018_2m_B_CCACTAGCAAGAATAC-1","2m","B","2","Other",-0.9035503400319,0.672637701827275,0.302448372378782,0.0159699179824467
"CP018_2m_B_CCACTCTCAAGGATCA-1","2m","B","8","Other",0.269803574081081,-0.0299477396437708,-0.100729201485231,0.0754981164666832
"CP018_2m_B_CCACTCTCAATAAGAC-1","2m","B","0","Other",0.484321807515883,-0.116514282786161,-0.105669791332472,-0.157365086867528
"CP018_2m_B_CCACTCTCACTGGCAC-1","2m","B","1","Other",-0.454914366362008,-0.0210006782517448,0.410414161770384,-0.168188607970946
"CP018_2m_B_CCACTCTCAGTCGGAG-1","2m","B","1","Other",-0.75313197614653,-0.13652634224749,0.181433079548771,-0.2063552959279
"CP018_2m_B_CCACTGACACGATGTT-1","2m","B","0","Other",0.677432861828076,-0.206203300352091,-0.0795327087629427,0.421530619306005
"CP018_2m_B_CCACTGACAGGACCTC-1","2m","B","6","Other",-0.901541294852519,1.53218232574239,0.0635119801559773,0.141868118126675
"CP018_2m_B_CCAGACCCACAGTCCA-1","2m","B","0","Other",-0.0477332306424632,-0.251719658978972,-0.0713496326681049,-0.133778225557203
"CP018_2m_B_CCAGACCCAGCTAATC-1","2m","B","0","Other",0.388918732363442,-0.20982755457554,-0.0727944470549581,-0.0986321848038006
"CP018_2m_B_CCAGACCCAGGGCGTA-1","2m","B","0","Other",0.151671124767592,0.00466371982131814,-0.0809053924655312,-0.144431301109613
"CP018_2m_B_CCAGACCCAGGGCTTC-1","2m","B","1","Other",-0.581811698439183,0.121296659990607,0.11084241467653,-0.129531354845686
"CP018_2m_B_CCAGAGGCAACCAAGA-1","2m","B","8","Other",0.882291778988608,-0.11490920491575,0.0219267164339646,0.062434386560784
"CP018_2m_B_CCAGAGGCAAGTTGAG-1","2m","B","0","Other",0.230168681397093,-0.218496623766606,0.076376814559689,-0.113437958195814
"CP018_2m_B_CCAGAGGCACCACTAG-1","2m","B","0","Other",0.408051291361497,-0.209513786787081,-0.0985828577266826,-0.161505535216806
"CP018_2m_B_CCAGAGGCACGCTTTC-1","2m","B","5","Other",0.422249671379598,-0.224833801457434,-0.105043149944161,-0.157844863093802
"CP018_2m_B_CCAGATTCAAACTCAC-1","2m","B","0","Other",0.361796677274717,-0.0866620982465224,-0.0843339727824923,-0.129972773736832
"CP018_2m_B_CCAGATTCAATTCGGT-1","2m","B","0","Other",0.253333279477901,0.0927118932281021,0.125378209994853,-0.101137705806952
"CP018_2m_B_CCAGATTCACGCATAT-1","2m","B","0","Other",0.29213698006277,-0.17932290678999,-0.086486758677932,0.210894983490739
"CP018_2m_B_CCAGATTCAGCCAATT-1","2m","B","5","Other",0.6466739377426,-0.240829342371266,-0.105417514976793,-0.167342693872408
"CP018_2m_B_CCAGCTACAATAGCCT-1","2m","B","0","Other",0.319690328314146,0.00158936211864363,-0.0950956643170687,-0.135809669063112
"CP018_2m_B_CCAGCTACAGCAGGAT-1","2m","B","6","Other",-0.544639395357545,1.43314763448887,0.100539005107982,-0.158942338311455
"CP018_2m_B_CCAGCTACAGGGCTCT-1","2m","B","0","Other",0.407793623263645,-0.193246409205903,-0.125968713006347,-0.174849071191073
"CP018_2m_B_CCAGGCTCACTACGAT-1","2m","B","1","Other",0.0224834014402195,-0.144501610208327,-0.0856902250703108,-0.0795395811346055
"CP018_2m_B_CCAGGCTCAGGTCTAT-1","2m","B","2","HIV-Specific TCR",-0.240239498670146,-0.0713184820370142,0.138547003079761,0.528034248212823
"CP018_2m_B_CCAGGGACAAGGATCA-1","2m","B","0","Other",0.732082463122769,-0.206434087436398,-0.115278941959187,-0.171528263351485
"CP018_2m_B_CCAGGGACAGCTTCGA-1","2m","B","0","Other",0.250818477778529,-0.213765428323783,-0.0672478518234774,-0.133190714866755
"CP018_2m_B_CCAGTGCCACTTCATT-1","2m","B","0","Other",0.230066999016172,-0.22701536266367,-0.095102961419509,0.403535142155157
"CP018_2m_B_CCATAACCAAAGTAAC-1","2m","B","0","Other",0.174528053583867,-0.19988382221589,-0.0629072736194992,-0.0837132301251886
"CP018_2m_B_CCATACGCACCACTCT-1","2m","B","1","Other",-0.342110951531604,-0.201463304232742,-0.0737808343804062,-0.128674847624821
"CP018_2m_B_CCATGCACACGTAGCC-1","2m","B","0","Other",0.357998615402517,0.15069024881173,-0.05453918332467,-0.0741037214020469
"CP018_2m_B_CCATGCACAGTCCATG-1","2m","B","0","Other",0.356566581160977,-0.220890867889221,0.209123468478161,-0.140832120147082
"CP018_2m_B_CCATTAACAAGTACAG-1","2m","B","0","Other",0.443310363576091,-0.227031158339192,-0.105011751407759,-0.145217702128866
"CP018_2m_B_CCATTAACAAGTTAGG-1","2m","B","0","Other",0.302573453063794,0.140224407131712,-0.085938005891948,0.149701179150077
"CP018_2m_B_CCATTCCCAGTAGTAG-1","2m","B","7","Other",-0.0311437155553311,-0.0462658938555447,-0.0710824893949797,-0.113612510170671
"CP018_2m_B_CCCAAATCAAATATAG-1","2m","B","0","Other",0.681987918365874,-0.0283514953588956,-0.0979837763146258,-0.124438948956257
"CP018_2m_B_CCCAACACAACCTCAG-1","2m","B","4","Other",0.238019698405301,-0.200499435200441,0.115735410076097,0.698717784941557
"CP018_2m_B_CCCAACACACGCGTTA-1","2m","B","0","Other",0.421645922495415,0.0200764933266579,-0.0893067892709728,0.0870797390056922
"CP018_2m_B_CCCAAGCCAATGGCGG-1","2m","B","0","Other",0.529169941538863,-0.172465465392437,-0.108536454571377,-0.147247337510533
"CP018_2m_B_CCCAAGCCACTGACAT-1","2m","B","7","Other",0.0371748353059138,-0.220166247230623,-0.0824997944182029,0.135824623725639
"CP018_2m_B_CCCACAACAATGGCCC-1","2m","B","0","Other",0.168362886458147,-0.214433217380863,-0.0836082321631341,-0.113166758029246
"CP018_2m_B_CCCACAACAGTTCGCA-1","2m","B","0","Other",0.167937821706188,-0.221590639012269,-0.0846202083327148,0.28890458818681
"CP018_2m_B_CCCAGACCACCGCAGT-1","2m","B","0","Other",0.285856852137251,-0.0835611240437542,-0.0826736314305672,-0.141842648959971
"CP018_2m_B_CCCAGTACAACCATAC-1","2m","B","0","Other",0.521459475931637,-0.210750344007911,-0.0514519224108893,-0.118936029510984
"CP018_2m_B_CCCAGTACACATTGGT-1","2m","B","0","Other",0.211197060507597,-0.138102357851917,0.00701557410775676,0.26849708171888
"CP018_2m_B_CCCATTCCAACCTACG-1","2m","B","0","Other",0.361938102566079,-0.0238253641473935,-0.0937087075188448,-0.108698004809446
"CP018_2m_B_CCCTAGACAAGACGAC-1","2m","B","0","Other",0.130828645323133,-0.188547350241669,-0.0706499302099496,-0.11621496957528
"CP018_2m_B_CCCTATCCAACTTAAT-1","2m","B","0","Other",0.577240200947091,-0.218920434514769,-0.107803612986135,-0.127264753256286
"CP018_2m_B_CCCTATCCAAGTGTCT-1","2m","B","0","Other",0.423144693550088,-0.0636640749143209,-0.0914371323496579,0.106613472164723
"CP018_2m_B_CCCTATCCAGGATGGT-1","2m","B","0","Other",-0.00761397426085475,-0.171476801878804,-0.0637256038478597,0.231912249336425
"CP018_2m_B_CCCTATCCAGTATACC-1","2m","B","5","Other",0.317197596553209,-0.225825615000286,-0.08055276824333,0.215306845167138
"CP018_2m_B_CCCTGAACACACGGTC-1","2m","B","0","Other",0.626777698210192,-0.209549509622171,-0.0801318925839096,0.130088822106441
"CP018_2m_B_CCCTGAACACATAGTC-1","2m","B","0","Other",0.422683064323486,-0.145040994742163,-0.103082526538537,-0.16185646818899
"CP018_2m_B_CCCTGAACAGGGCAAT-1","2m","B","0","Other",0.32194076363158,-0.206516811968768,-0.0774834886882647,-0.159155093949829
"CP018_2m_B_CCCTTACCAAAACCTC-1","2m","B","0","Other",0.142660024862156,-0.158352445349392,-0.0666350806830817,0.171048419843919
"CP018_2m_B_CCCTTACCAACACTCG-1","2m","B","0","Other",0.251691550693268,-0.238545152391932,0.0783128378973672,-0.13364748045437
"CP018_2m_B_CCCTTACCAACTTTAG-1","2m","B","7","Other",0.276703813636469,-0.138357612322806,-0.0654251415846886,0.249956006774086
"CP018_2m_B_CCCTTCGCAACCCGTA-1","2m","B","7","Other",0.766903429719499,0.239133862770961,-0.0850331917953053,-0.15557311245985
"CP018_2m_B_CCCTTTACAAACGGGT-1","2m","B","4","Other",-0.664221163472928,0.58890745435558,0.606988324374597,0.588788451129906
"CP018_2m_B_CCCTTTACAGGTATTC-1","2m","B","0","Other",-0.315203249408858,-0.198177763675515,-0.0627621515731089,0.285364587625001
"CP018_2m_B_CCGAATTCACTCCTAC-1","2m","B","0","Other",0.624353532022345,-0.0931327985474717,-0.0787441621203865,-0.127922620632959
"CP018_2m_B_CCGAATTCAGTACTCG-1","2m","B","0","Other",0.340448591864546,-0.0595614427533378,-0.111342057860424,-0.158315214269507
"CP018_2m_B_CCGAATTCAGTTGATC-1","2m","B","0","Other",0.4362903429606,-0.232546710228971,0.0459974384945492,0.114018083446117
"CP018_2m_B_CCGACACCACCTACGA-1","2m","B","8","Other",0.594472974092836,-0.212014752582515,-0.0852555952814127,-0.152934199368726
"CP018_2m_B_CCGACTACAACGCTCA-1","2m","B","0","Other",0.483368402063806,-0.198565373807226,-0.0887330180617396,-0.110177293632183
"CP018_2m_B_CCGACTACACATCACG-1","2m","B","0","Other",0.405571095961212,-0.19697077612527,-0.0603906769776141,-0.109595630307701
"CP018_2m_B_CCGCAGTCAAGGTTCT-1","2m","B","4","Other",-0.475154162075894,-0.148847899100392,-0.072381536025688,-0.0759088485704338
"CP018_2m_B_CCGCAGTCAATGCACT-1","2m","B","0","Other",-0.102976833669404,-0.245530678434684,-0.0888095471901554,-0.122450364395866
"CP018_2m_B_CCGCAGTCACTCCGAA-1","2m","B","0","Other",0.670079934651577,-0.147399256552561,0.0424533834047905,0.124527637152319
"CP018_2m_B_CCGCAGTCAGTCAACT-1","2m","B","0","Other",0.416260318256237,-0.244075110336414,-0.0912619263339044,0.0723796545146476
"CP018_2m_B_CCGCATACAGCTCCAA-1","2m","B","0","Other",-0.054236986500505,-0.22275342246048,0.056475039155533,-0.11779855213203
"CP018_2m_B_CCGCTAACAACTAATT-1","2m","B","8","Other",0.290518462768106,-0.232271148955916,-0.089452965976685,-0.129964009607329
"CP018_2m_B_CCGGTTACAAACCTAC-1","2m","B","8","Other",-0.150223378254029,-0.198606924377033,-0.0928776061475619,-0.11078554112066
"CP018_2m_B_CCGGTTACACGACGGA-1","2m","B","0","Other",0.327063719956721,-0.227099021419759,0.0523340216081436,-0.156942417246436
"CP018_2m_B_CCGTAATCAACGTCCA-1","2m","B","0","Other",0.319070283193841,-0.216337503599196,0.233666025800468,-0.134603512457436
"CP018_2m_B_CCGTACACAACCATCG-1","2m","B","5","Other",0.135794152081808,0.0831409922059066,0.0710198311538103,-0.104693276907586
"CP018_2m_B_CCGTACACACTAAGGA-1","2m","B","0","Other",0.312176034924206,-0.0869389416086114,-0.0685662105928069,-0.0996823723517933
"CP018_2m_B_CCGTCAACAAGCTGGG-1","2m","B","0","Other",0.334644716580733,-0.107422494299959,0.164315862744265,-0.12825302286872
"CP018_2m_B_CCGTTAGCAACCTATA-1","2m","B","0","Other",0.745507964414183,0.0861296831178316,-0.106784658059651,-0.113060185387921
"CP018_2m_B_CCGTTAGCACGATAGA-1","2m","B","3","Other",-0.244377044101531,1.05273439822596,0.229279024511058,-0.0307044618247726
"CP018_2m_B_CCGTTAGCAGCCTGAC-1","2m","B","0","Other",0.633023579552426,-0.233354727333831,-0.0953012897414985,0.0376285806534101
"CP018_2m_B_CCGTTTCCAGGGCAAT-1","2m","B","0","Other",-0.261063587832013,-0.167386373494979,-0.0705650899598535,-0.102132503044312
"CP018_2m_B_CCTAAACCAACCAGAA-1","2m","B","1","Other",0.237518585751087,-0.241540708457572,-0.0904341073903749,0.145030770916073
"CP018_2m_B_CCTAAACCAATCTCTT-1","2m","B","0","Other",0.754991654040591,0.0547656535529969,0.0524288247701375,0.127162251244221
"CP018_2m_B_CCTAACGCAAGAATAC-1","2m","B","8","Other",0.520844798049789,0.0338987396366738,-0.0892697329574696,-0.154734753844675
"CP018_2m_B_CCTAACGCAGCATTAC-1","2m","B","0","Other",0.357082411155024,-0.203636715245092,0.0426280138431843,0.128655621381586
"CP018_2m_B_CCTACCTCACGGACCT-1","2m","B","0","Other",0.416252736319854,-0.0629178887263095,-0.0874779476485259,-0.112180932229669
"CP018_2m_B_CCTACCTCAGCATCGC-1","2m","B","8","Other",0.314086254370305,-0.20006351295342,-0.0943211336857161,-0.142186741937768
"CP018_2m_B_CCTACCTCAGCGTGAG-1","2m","B","0","Other",0.297276573215991,-0.0419405613933906,-0.094975039437403,-0.112768987551458
"CP018_2m_B_CCTACCTCAGTTGGTT-1","2m","B","0","Other",0.200562413338391,-0.221759454981812,-0.0763990385747984,-0.133756124539682
"CP018_2m_B_CCTACGACAAATCTCA-1","2m","B","0","Other",0.356284283344348,-0.0267276243674252,-0.0931042470320322,0.352141823688136
"CP018_2m_B_CCTACGACAACACCCA-1","2m","B","0","Other",0.620760730674586,-0.0666884799061853,-0.0699899024045489,0.457763765898791
"CP018_2m_B_CCTACGACAACACGGG-1","2m","B","0","Other",0.867524393849322,-0.197546003388822,-0.106952989895713,0.357285662971138
"CP018_2m_B_CCTACGACACTCAATA-1","2m","B","0","Other",0.326909212460301,-0.0533507601438402,-0.115477212010143,-0.105469667630387
"CP018_2m_B_CCTACGACAGTGAAGC-1","2m","B","0","Other",0.235275912737173,-0.191643358443556,-0.0656585819214169,-0.118824777266059
"CP018_2m_B_CCTACTCCAAAACGGC-1","2m","B","5","Other",0.664720544767274,-0.249394861231106,-0.0833991194368128,-0.126403003454515
"CP018_2m_B_CCTACTCCAAAAGTTA-1","2m","B","0","Other",0.0260957409845151,-0.0631676450510218,-0.0826785357346029,-0.138533085868798
"CP018_2m_B_CCTACTCCAAATCCCG-1","2m","B","0","Other",0.438831923279552,-0.234112793760998,-0.113849852601076,0.129048632083092
"CP018_2m_B_CCTACTCCACGAACCC-1","2m","B","0","Other",0.569601763171117,-0.11622057101642,-0.0940968089377323,0.104450190040234
"CP018_2m_B_CCTACTCCACTGACGC-1","2m","B","4","HIV-Specific TCR",-0.432634511882129,1.67795592610395,0.497042029367046,2.01989339483838
"CP018_2m_B_CCTAGATCAGTATGGA-1","2m","B","5","Other",0.582428704851937,-0.114548772121353,-0.0950786955375433,-0.137735820484722
"CP018_2m_B_CCTAGCACAAAAGGAA-1","2m","B","5","Other",0.709311863382371,-0.237679018635976,0.0248601451697279,-0.188591432076565
"CP018_2m_B_CCTAGCACAAGGACCG-1","2m","B","0","Other",0.245099804950437,-0.113629329660669,-0.0933532357263172,-0.161175579640543
"CP018_2m_B_CCTAGCACACGCTTTC-1","2m","B","0","Other",0.149283281101516,-0.157509668820676,0.308308809346978,-0.128703295666542
"CP018_2m_B_CCTAGGCCAAGTACTC-1","2m","B","0","Other",-0.203746053595769,-0.0407679210077592,-0.105796324055021,0.0737517161117664
"CP018_2m_B_CCTAGGCCACCGTTAG-1","2m","B","0","Other",0.376357212402072,0.112257860805097,-0.0932133927972785,-0.134120909501343
"CP018_2m_B_CCTAGGCCACTGCAAT-1","2m","B","0","Other",0.740840666229468,-0.0684472103988541,0.0648174438896984,-0.119491882689925
"CP018_2m_B_CCTATAACACGTAGCC-1","2m","B","0","Other",0.273982498204506,-0.214388001506264,-0.077234245121699,-0.104221476082651
"CP018_2m_B_CCTATAACAGCTAACT-1","2m","B","8","Other",0.50656258661664,-0.208108563618272,-0.0652956544186621,-0.138732257737053
"CP018_2m_B_CCTCACTCAAACTCTA-1","2m","B","0","Other",-0.0233853620481901,-0.223932790573044,-0.0841637682920322,-0.126177810863543
"CP018_2m_B_CCTCACTCACAACTAC-1","2m","B","0","Other",0.10752254502255,-0.214575011256562,-0.0787083520848912,-0.160493498675695
"CP018_2m_B_CCTCAGACACTACGAT-1","2m","B","0","Other",0.466930602837063,-0.246060892978286,-0.0656068149443036,0.325915798883665
"CP018_2m_B_CCTCAGACAGCCAATT-1","2m","B","3","HIV-Specific TCR",-0.944305379007653,1.42034998410107,0.658251390156754,0.0119830666867687
"CP018_2m_B_CCTCAGACAGTGGTAA-1","2m","B","7","Other",0.46780340697541,-0.23110403047229,0.0592972870759946,-0.100084798821293
"CP018_2m_B_CCTCATCCAACAGGGT-1","2m","B","1","Other",-0.440876045247582,1.17056739161253,0.236636474437434,-0.202337638568346
"CP018_2m_B_CCTCATCCAAGTGTCT-1","2m","B","0","Other",-0.128292606303537,0.00773262125779262,-0.0638245930188335,0.241668976492043
"CP018_2m_B_CCTCATCCAGCGAAAC-1","2m","B","0","Other",0.414695320450245,-0.0311769892575525,-0.078700294948224,-0.137021784975426
"CP018_2m_B_CCTCGAACAAAGGGAG-1","2m","B","0","Other",0.626098902306902,-0.080149508129441,-0.0840981103548082,0.156536119587294
"CP018_2m_B_CCTCGAACAAGGGGAA-1","2m","B","0","Other",0.341234419222243,-0.234596828531895,-0.0974425715044512,-0.150022801230218
"CP018_2m_B_CCTCGAACAATGAATA-1","2m","B","0","Other",0.194401258177974,-0.188848835939633,-0.0838410702031994,-0.149143164088592
"CP018_2m_B_CCTCTCGCAAAGGGAG-1","2m","B","0","Other",0.669162973004792,0.0225870359583505,0.0073835472118406,0.224124522228205
"CP018_2m_B_CCTCTCGCAAATCTAT-1","2m","B","0","Other",0.468357332268097,-0.121759244472632,-0.106313488040099,-0.146712391815066
"CP018_2m_B_CCTCTCGCACCGGACT-1","2m","B","1","Other",-0.164752741407587,-0.210169537391178,-0.0779530552414411,-0.104702882450559
"CP018_2m_B_CCTCTCGCACGCCAAC-1","2m","B","2","HIV-Specific TCR",0.0362847659459682,-0.145094782775202,0.180372995546137,0.357315059403447
"CP018_2m_B_CCTCTCGCACGGTATT-1","2m","B","0","Other",0.336471964635428,0.162833257889075,-0.106289776441174,0.0418124318773888
"CP018_2m_B_CCTCTTACAACTCCGA-1","2m","B","6","Other",0.076966392789068,-0.238490498536595,-0.00332395202385839,-0.130564105862902
"CP018_2m_B_CCTCTTACAGTAATCC-1","2m","B","0","Other",0.854454712902692,-0.257813623245774,-0.119476871542927,-0.19269897590653
"CP018_2m_B_CCTCTTACAGTGCAGG-1","2m","B","0","Other",0.41096703503824,-0.228770598816795,-0.0865916922278303,-0.148499164501739
"CP018_2m_B_CCTGACACAACAGAAT-1","2m","B","0","Other",0.02329965071363,-0.174098544388014,-0.0821003406730893,0.172853514116691
"CP018_2m_B_CCTGACACAACTTAAT-1","2m","B","0","Other",0.538273734716153,-0.242598222177195,-0.1025086574413,-0.141758510449165
"CP018_2m_B_CCTGACACAATGCACT-1","2m","B","0","Other",0.381295526517667,-0.195525218998539,-0.0832174766448405,0.185329522145876
"CP018_2m_B_CCTGCAACACAATGGA-1","2m","B","0","Other",0.2879241075868,-0.225369781982291,-0.10706194564181,-0.143368481248378
"CP018_2m_B_CCTGCAACACGCGACT-1","2m","B","6","Other",-0.366792495289408,1.30994157702561,-0.106222401854338,0.343120261872705
"CP018_2m_B_CCTGCTTCAACTTCGG-1","2m","B","0","Other",0.661299888291285,-0.102653766272669,-0.107195803035182,-0.16825065145082
"CP018_2m_B_CCTGCTTCACCCAAAT-1","2m","B","6","Other",-0.709632732499226,1.27845701675265,0.218053179093529,-0.132452386227855
"CP018_2m_B_CCTTCCGCAAATCCCG-1","2m","B","0","Other",0.505878847529343,-0.228508606138536,-0.103834191197456,-0.116785958519088
"CP018_2m_B_CCTTCCGCAACGAAAT-1","2m","B","1","Other",-0.66742425432476,-0.272677560224901,0.103166375930772,-0.189238814686635
"CP018_2m_B_CCTTCCGCACGGCTTA-1","2m","B","1","Other",-0.0755548795361463,0.214159536742305,-0.0969312815193236,-0.126666618367236
"CP018_2m_B_CCTTCCGCACTTCTCA-1","2m","B","5","Other",0.407834330916989,-0.0820115293465451,-0.0959052304056831,-0.165341326516929
"CP018_2m_B_CCTTCCGCAGCAATAG-1","2m","B","0","Other",0.463765605815246,-0.17511017010466,-0.124643635447385,-0.163790566305589
"CP018_2m_B_CCTTCTACACGTGCTA-1","2m","B","7","Other",-0.0123447274816864,-0.00558934429413405,0.0368204375116873,-0.132224549570376
"CP018_2m_B_CCTTGAGCAACCTCAG-1","2m","B","8","Other",0.565439608513704,-0.212919232442086,-0.098209916449285,-0.149768134280199
"CP018_2m_B_CCTTGAGCAATAGCGA-1","2m","B","0","Other",0.683001129506671,-0.194478794615272,-0.0679809593967574,-0.0922317068880852
"CP018_2m_B_CCTTGAGCACATACCG-1","2m","B","0","Other",0.00123609398478552,-0.237484554682816,-0.0944583337580717,-0.0901774427393111
"CP018_2m_B_CCTTGAGCACCAACAT-1","2m","B","0","Other",1.07654321992149,-0.232638833936659,0.0754440153768931,0.345445597457742
"CP018_2m_B_CCTTTCACAAACATAA-1","2m","B","0","Other",0.079398151001179,0.084783138552538,-0.0941811594287705,0.311496761160821
"CP018_2m_B_CCTTTCACAATTCGAC-1","2m","B","1","Other",-0.503154413444223,-0.042377938588306,0.0759230238493619,0.212524915292729
"CP018_2m_B_CGAACCCCAAGCCGTC-1","2m","B","0","Other",-0.245057970035508,-0.160563188921507,-0.0675180855113802,0.175827531556182
"CP018_2m_B_CGAACCCCAGCATAGA-1","2m","B","5","Other",0.250203351317121,-0.174459693131185,-0.0650186573440439,0.278656746179491
"CP018_2m_B_CGAACCCCAGTCATCG-1","2m","B","0","Other",0.393670048454264,-0.0875568243514855,-0.0975417979637561,-0.131078538284663
"CP018_2m_B_CGAACGGCACATCATA-1","2m","B","6","Other",-0.605895260880397,1.46440448298917,0.158962189072601,0.2780671995912
"CP018_2m_B_CGAACGGCACCATACG-1","2m","B","3","Other",-1.0271783569654,1.61692069137864,0.577769773387716,0.230476987976437
"CP018_2m_B_CGAACGGCAGTAGGCG-1","2m","B","6","Other",0.0234745543668204,0.789395017898512,-0.10344618287682,-0.138676208698379
"CP018_2m_B_CGAAGGTCAATCAGAG-1","2m","B","0","Other",0.00851707903484944,-0.210115535813563,-0.0635141772438688,-0.143017335175311
"CP018_2m_B_CGAAGTACAAACCTTA-1","2m","B","0","Other",0.0596617897918577,-0.223867099018421,-0.0957356231432368,-0.133131409542008
"CP018_2m_B_CGAAGTACAGGGCTTC-1","2m","B","0","Other",0.387859517942961,-0.0971399236985179,-0.0873936693223037,-0.145771804330807
"CP018_2m_B_CGAATCTCAACAGAAT-1","2m","B","0","Other",0.482543954673224,-0.192364328441553,-0.0652949195656087,0.165349378102172
"CP018_2m_B_CGAATCTCAACCTACG-1","2m","B","0","Other",0.397970052517909,-0.225545206298233,0.0541974612705718,-0.134660911647619
"CP018_2m_B_CGAATCTCAATTGCTA-1","2m","B","6","Other",-0.0247847628652724,-0.208188964232336,-0.0914153456683334,-0.122531725730188
"CP018_2m_B_CGACACCCAAAGGCAC-1","2m","B","0","Other",0.0563838229379723,-0.0291700434417734,-0.0986643584784846,0.0829004286481543
"CP018_2m_B_CGACACCCAACGCGCT-1","2m","B","0","Other",0.685527837810171,-0.200565290317771,-0.101266503395056,-0.135743348418119
"CP018_2m_B_CGACACCCAATAGGCA-1","2m","B","0","Other",0.458882988351521,-0.187356000760847,-0.0871330442991596,-0.15616115223879
"CP018_2m_B_CGACACCCAATGCGGG-1","2m","B","0","Other",0.525696574928962,-0.209387631727046,-0.0880595123568928,-0.118962482295108
"CP018_2m_B_CGACACCCAGGGAGAA-1","2m","B","0","Other",-0.145562564311992,-0.101472472137695,-0.0845297479460209,0.166325475198862
"CP018_2m_B_CGACCTACACAACCCA-1","2m","B","7","Other",0.119512979624543,0.341525597527923,-0.0928841252693585,-0.0906868305603815
"CP018_2m_B_CGACCTACACCAGTGC-1","2m","B","8","Other",0.665046917218243,-0.177043990748165,-0.0925835313905516,0.317112724520079
"CP018_2m_B_CGACCTACACCATAAC-1","2m","B","0","Other",0.555835250865712,-0.257949049921568,0.165208614388959,-0.131600245180552
"CP018_2m_B_CGACGGACAAAGCCGG-1","2m","B","0","Other",0.130924791941522,-0.118268967388173,0.0893345569451901,-0.151641782216921
"CP018_2m_B_CGACGGACAAGTCGGG-1","2m","B","5","Other",0.226003511105651,-0.205535888676332,-0.0887577587692125,0.18033339770365
"CP018_2m_B_CGACGGACAATAGTAA-1","2m","B","0","Other",0.582126120634053,-0.238892170935863,0.0640287152693021,-0.166351637338232
"CP018_2m_B_CGACGGACACATCATA-1","2m","B","1","Other",-0.752996517488112,-0.331986264094694,0.0869900607645315,-0.201067537386734
"CP018_2m_B_CGACGGACAGCAATCT-1","2m","B","0","Other",0.345700881197591,-0.248030864872025,0.0351458300204966,-0.130249381281192
"CP018_2m_B_CGACGGACAGCTCCAA-1","2m","B","0","Other",-0.00418568580027467,-0.130823322088975,-0.116338863689674,0.305783087850523
"CP018_2m_B_CGAGCGACAATCACGT-1","2m","B","7","Other",0.0601965211631148,-0.0796168689399823,-0.0787873250769072,0.167270015244839
"CP018_2m_B_CGAGCGACAATTACGC-1","2m","B","8","Other",0.371629361328547,-0.26686736057839,-0.0871171220895162,0.299052252731266
"CP018_2m_B_CGAGTAACAAAGGGAG-1","2m","B","0","Other",0.469014599878633,-0.128093587540411,-0.113752132057569,-0.155563453558697
"CP018_2m_B_CGAGTAACAACCAGAA-1","2m","B","0","Other",0.236214096617351,-0.0626257190145209,-0.0858291181840636,0.189356191378271
"CP018_2m_B_CGAGTAACAGCCAATT-1","2m","B","7","Other",0.623170237792044,0.00639949720861757,-0.100067283111711,-0.156228356542638
"CP018_2m_B_CGATAGACACTAAAGG-1","2m","B","5","Other",0.278345043358008,-0.182854651505278,0.0881407370829477,-0.0997034234419592
"CP018_2m_B_CGATAGACACTATGGT-1","2m","B","0","Other",0.706056906867815,-0.238936942711013,0.204506202045936,-0.103455230242423
"CP018_2m_B_CGATAGACAGGGCAAT-1","2m","B","0","Other",0.687548900032843,-0.0630196614616781,0.115760070168073,0.294898195860675
"CP018_2m_B_CGATGGGCACCCTCAT-1","2m","B","0","Other",0.14603798671137,0.19895646947923,-0.0788617498738234,-0.108768561437331
"CP018_2m_B_CGATGGGCAGTCTCGA-1","2m","B","0","Other",0.0214998204356163,-0.0703654548518052,0.0452949910922166,0.168114287721687
"CP018_2m_B_CGATGTTCAGGTTTCG-1","2m","B","4","Other",-0.0811676620873002,0.366660897614491,1.14499506373509,0.634032740643707
"CP018_2m_B_CGATGTTCAGTGCATT-1","2m","B","7","Other",0.328356224320344,-0.00866479598476139,-0.0937384407350885,-0.128720796954341
"CP018_2m_B_CGATTACCACGGAAAC-1","2m","B","0","Other",0.306524273272991,0.016781260764083,-0.0991542629237599,0.119712279295654
"CP018_2m_B_CGATTACCAGTCGGAG-1","2m","B","5","Other",0.60043817856485,-0.210956992546525,-0.088832322580462,-0.134323285431917
"CP018_2m_B_CGATTTACAAAGCAAT-1","2m","B","5","Other",0.338658648927458,-0.210456276416846,-0.0981946587809186,-0.126001600200823
"CP018_2m_B_CGATTTACAATCACTA-1","2m","B","7","Other",-0.197352599001281,-0.18848031608996,-0.0800454943081647,0.221283987681681
"CP018_2m_B_CGATTTACACCGCTAA-1","2m","B","0","Other",0.114191499351779,-0.0118098241590557,-0.0789018435507326,-0.130395541457434
"CP018_2m_B_CGCAACCCAAATTCGC-1","2m","B","0","Other",0.0713079173316191,-0.0562564066284584,0.0762662316575501,0.127334644395452
"CP018_2m_B_CGCAACCCACGAATCT-1","2m","B","0","Other",0.4325690654974,0.0520601951538618,-0.0597501388552774,0.261063651393237
"CP018_2m_B_CGCAACCCAGCTAAGA-1","2m","B","4","HIV-Specific TCR",-1.14038886519137,1.72425992981076,0.6121667435521,0.0101528897768592
"CP018_2m_B_CGCAATTCAATCCGGC-1","2m","B","0","Other",0.820223871199752,-0.288522628293345,-0.0958902397529137,-0.168631379660151
"CP018_2m_B_CGCAATTCAGGACATA-1","2m","B","4","HIV-Specific TCR",-0.387028824632147,0.585869152437569,0.606823646269325,0.521865019063464
"CP018_2m_B_CGCACGTCACTGACAT-1","2m","B","8","Other",0.914024569379664,-0.161373248407804,-0.127026950808833,-0.20144871086796
"CP018_2m_B_CGCAGCTCAACATATT-1","2m","B","0","Other",-0.000548451227464275,-0.241449811473801,-0.0857434192873714,-0.134260096294226
"CP018_2m_B_CGCAGCTCAAGCCGAG-1","2m","B","3","HIV-Specific TCR",-0.632801740664411,1.08409984802129,0.210568565597411,-0.150609032425553
"CP018_2m_B_CGCAGGACAAATCTAT-1","2m","B","0","Other",0.662139563308255,-0.236292561487419,-0.103657639149735,0.0832278828714025
"CP018_2m_B_CGCAGGACACAATGGA-1","2m","B","1","Other",-0.0508633026595076,-0.110551697627602,-0.101452966382114,0.148890376409175
"CP018_2m_B_CGCAGTCCAAATATAG-1","2m","B","5","Other",0.462267884151657,-0.0308537996907726,-0.0796280200970712,-0.0883168400067586
"CP018_2m_B_CGCAGTCCAGCTTCAG-1","2m","B","6","Other",0.326928186699788,0.595033780916924,-0.106190184709034,-0.145722208012957
"CP018_2m_B_CGCAGTCCAGGGGCTA-1","2m","B","0","Other",0.735828003762675,0.0364666092418651,-0.0898448981226695,-0.157357947440075
"CP018_2m_B_CGCATATCACATAACC-1","2m","B","0","Other",0.479028608755997,-0.176080850965783,0.0389301909751859,-0.121502875794099
"CP018_2m_B_CGCATATCAGGTTACT-1","2m","B","0","Other",0.0646022860409285,-0.237485987767832,-0.0854255791709734,0.270439556291995
"CP018_2m_B_CGCATCACAACGAAAT-1","2m","B","0","Other",-0.490019441815059,-0.222979859622958,0.0450465087497972,-0.148822707576129
"CP018_2m_B_CGCATCACAAGACGAC-1","2m","B","0","Other",0.109273969543034,-0.110546190757578,-0.0783272377767113,-0.147117915044324
"CP018_2m_B_CGCCAACCAAACGAGC-1","2m","B","0","Other",-0.212180553231155,-0.251755593291433,-0.07842975246696,-0.144935244016789
"CP018_2m_B_CGCCATACAATCATGC-1","2m","B","4","Other",-1.02662265742945,2.04460408856491,1.2453370071796,0.6320973793909
"CP018_2m_B_CGCCTAACAATTCGTA-1","2m","B","0","Other",0.709601964737833,-0.103453736033668,-0.101764375020775,0.0471247006990534
"CP018_2m_B_CGCCTAACACGCACTA-1","2m","B","0","Other",-0.151414006970976,-0.230027218791737,0.0755142759348392,-0.125527216100529
"CP018_2m_B_CGCCTAACAGCATTCG-1","2m","B","0","Other",0.212302545171263,-0.196998426380929,-0.0779392220776967,-0.134521169155353
"CP018_2m_B_CGCGAAGCACTAACGT-1","2m","B","0","Other",0.301023986473512,-0.22748383601012,0.268980753920475,-0.130417598121335
"CP018_2m_B_CGCGAAGCACTCGAGC-1","2m","B","0","Other",0.254120182845277,0.0427456402991734,-0.0917587225494277,-0.121882165905445
"CP018_2m_B_CGCGAAGCAGCGGACA-1","2m","B","0","Other",0.0304183859128084,-0.220857193813502,-0.0806769526322774,0.0897320866882955
"CP018_2m_B_CGCGACTCAAAACTCC-1","2m","B","0","Other",0.656763673615304,-0.232688392591347,0.0418953376403816,-0.140712126748989
"CP018_2m_B_CGCGACTCACACTCGA-1","2m","B","7","Other",0.215748413648026,-0.174835083633365,0.0994619456242873,-0.0955643085728829
"CP018_2m_B_CGCGACTCACTACGCA-1","2m","B","1","Other",-0.539033667096932,-0.12305314617954,0.374095916285528,-0.130846093168017
"CP018_2m_B_CGCGCATCACGCAGCT-1","2m","B","1","Other",0.35338569642274,0.016236390153436,-0.0774045023963449,-0.100028705757137
"CP018_2m_B_CGCGCATCACTACTCC-1","2m","B","0","Other",0.233257553077251,-0.182485035879242,-0.0786454431100367,0.178305314063384
"CP018_2m_B_CGCGTACCACATGGTT-1","2m","B","0","Other",1.35037572599146,-0.22093771880697,-0.144277669800503,-0.151184684350669
"CP018_2m_B_CGCGTACCACGACGGA-1","2m","B","0","Other",0.872928210785325,-0.0885719859777518,-0.102171619974951,-0.157693531595562
"CP018_2m_B_CGCGTTACAAAAGCGC-1","2m","B","0","Other",0.0127163674620439,-0.180152480890936,-0.0881776835314241,0.136097888586225
"CP018_2m_B_CGCGTTACAAACCGGG-1","2m","B","0","Other",0.277265498869323,-0.195827595942324,-0.0825590127729351,-0.0916193821442932
"CP018_2m_B_CGCTCAACACTCACCT-1","2m","B","0","Other",0.310917237681213,-0.23068595428761,0.0640495263237675,0.2100091429119
"CP018_2m_B_CGCTCAACAGCATTAC-1","2m","B","0","Other",-0.00592550944792003,-0.191388785402374,-0.053366007691787,-0.083500425728359
"CP018_2m_B_CGCTCAACAGGTGCGA-1","2m","B","8","Other",0.597314520857063,-0.206418307484928,-0.0877954185876289,-0.145896312247107
"CP018_2m_B_CGCTGACCAGCTTTAA-1","2m","B","0","Other",-0.0780461507096284,-0.197388087225808,-0.0738826419153063,-0.140192532547632
"CP018_2m_B_CGCTGACCAGGGTTCC-1","2m","B","0","Other",0.688433890776615,0.244584227237427,-0.117904558352352,0.37253646565252
"CP018_2m_B_CGCTTTCCAACCTACG-1","2m","B","0","Other",0.689550832630859,-0.187987453005955,-0.0884278904895252,0.202060115103129
"CP018_2m_B_CGCTTTCCAACGTGCC-1","2m","B","0","Other",0.377508930157416,-0.182631634255717,-0.0677354754191219,0.135457919385481
"CP018_2m_B_CGGAAACCAAACTCTA-1","2m","B","3","HIV-Specific TCR",-0.710554435225659,2.26897386335337,0.104124402391506,-0.123215675426878
"CP018_2m_B_CGGAAACCAAGTCTTA-1","2m","B","0","Other",0.262812365430644,-0.244140718015834,-0.0137111896461133,0.14131991730983
"CP018_2m_B_CGGAAACCAGGTCTAT-1","2m","B","0","Other",0.429285806055887,-0.236622963573897,0.0254754531016514,-0.120629484324795
"CP018_2m_B_CGGACCTCAAATCACC-1","2m","B","1","Other",-0.452178914229158,0.153033383018109,0.324836205297381,-0.170154367142965
"CP018_2m_B_CGGACCTCAATCGCAT-1","2m","B","0","Other",-0.234645591735186,-0.222649210090932,-0.0737286813878035,-0.153335716398638
"CP018_2m_B_CGGACCTCAATTGCTA-1","2m","B","0","Other",0.24551634892474,-0.026163776133743,0.140096381745308,-0.117381470836804
"CP018_2m_B_CGGACCTCACAGTTTA-1","2m","B","0","Other",0.221571778687331,-0.209535820468101,0.068712503038439,-0.167197162023689
"CP018_2m_B_CGGACCTCAGTATCAC-1","2m","B","0","Other",0.28820489034127,-0.220658910622947,-0.0922965319426207,0.14421042757045
"CP018_2m_B_CGGCAAGCAAAAGCCA-1","2m","B","3","Other",-1.20467263412468,0.898608915837642,0.394679495487226,-0.119990932761998
"CP018_2m_B_CGGCAAGCACCACAAT-1","2m","B","0","Other",0.421945473764459,-0.0683584646009225,-0.0838418110014786,0.196017302709839
"CP018_2m_B_CGGCAAGCACTACTCC-1","2m","B","8","Other",-0.0208680745486267,-0.234849122155856,0.0316941990271271,-0.148942863575289
"CP018_2m_B_CGGCAAGCAGCCAACC-1","2m","B","0","Other",0.554735675263888,-0.221784229902027,-0.106416699335149,-0.134886444696561
"CP018_2m_B_CGGCACTCAAAAGGCC-1","2m","B","0","Other",0.145772656862045,-0.0612700784639148,-0.0943220475980016,-0.11007588600151
"CP018_2m_B_CGGCACTCAGTAAGAT-1","2m","B","0","Other",0.602806900069772,-0.242049952011086,-0.095061853157172,0.23332463329939
"CP018_2m_B_CGGCTTACAATAGGCA-1","2m","B","8","Other",0.474167666567066,-0.235060941163081,-0.0845041125500026,-0.12181888896498
"CP018_2m_B_CGGCTTACAATGCTCG-1","2m","B","0","Other",0.326805614820913,0.0854014247141012,-0.0994058157671614,-0.145084250832177
"CP018_2m_B_CGGCTTACACCTCTAC-1","2m","B","0","Other",0.257926655871864,0.182480925416796,-0.114082692467899,-0.117033979114469
"CP018_2m_B_CGGCTTACACTTATAG-1","2m","B","0","Other",0.242691114735438,-0.199013007062307,-0.0916210401869685,-0.0921480415699996
"CP018_2m_B_CGGGGTACAAAGTGCA-1","2m","B","7","Other",0.842179709964405,0.146416018540893,-0.0906127758101794,-0.111766481551768
"CP018_2m_B_CGGGGTACACGGAAAC-1","2m","B","0","Other",0.138282636173843,-0.20452043135166,-0.08797555604637,-0.134000440553073
"CP018_2m_B_CGGGGTACAGCGGTCT-1","2m","B","0","Other",0.655759842318735,-0.201198044680933,-0.106692460517399,0.267685432360568
"CP018_2m_B_CGGGTAGCAACGTTTA-1","2m","B","7","Other",0.584724336464936,-0.22875658233169,-0.114132121904886,-0.0974130706757002
"CP018_2m_B_CGGGTAGCACCTCACT-1","2m","B","3","Other",-0.850400560716561,1.11737443915385,-0.0652520139924687,-0.124918500690647
"CP018_2m_B_CGGGTCTCAAGCGCGA-1","2m","B","0","Other",0.264926694251268,-0.183447725568042,-0.118689838941294,-0.167568173041508
"CP018_2m_B_CGGTATTCAATAAGAC-1","2m","B","8","Other",0.308700427998447,-0.201625773144332,-0.0955469690651034,-0.126594849624651
"CP018_2m_B_CGGTATTCAATCAGAG-1","2m","B","0","Other",0.464171593747585,-0.219031672809441,0.123819454829579,0.18161674632557
"CP018_2m_B_CGGTATTCACACCTCT-1","2m","B","0","Other",0.561644874813616,-0.226644228838585,-0.093286382917453,-0.169487659242707
"CP018_2m_B_CGGTATTCAGTCATCG-1","2m","B","0","Other",0.614970058079397,-0.120863850074132,-0.107800647517758,-0.147422024867456
"CP018_2m_B_CGGTATTCAGTTGAGA-1","2m","B","0","Other",0.317857124559264,-0.117443669011644,-0.123552483307197,0.0853494029112533
"CP018_2m_B_CGGTCGTCAAGTGCAA-1","2m","B","0","Other",0.309162717508604,-0.278985303137501,-0.127113687378288,-0.164807016282561
"CP018_2m_B_CGGTCGTCACAGGTCC-1","2m","B","0","Other",0.104167804683496,-0.252583987208795,-0.101649462499179,-0.118710091223219
"CP018_2m_B_CGGTCGTCAGGGGCTA-1","2m","B","0","Other",0.630068709960524,-0.112636298002093,0.0178776836409282,-0.138741096571572
"CP018_2m_B_CGGTGCTCAAGAGATT-1","2m","B","8","Other",0.111326151916645,-0.218484508778134,-0.0845723467646829,-0.128216619714569
"CP018_2m_B_CGGTGCTCACCTAGAT-1","2m","B","0","Other",0.5515511422861,-0.23688291979812,-0.09841563866398,-0.153083235867002
"CP018_2m_B_CGGTGCTCAGCGCGAA-1","2m","B","1","Other",-0.00712543003501565,0.0990757834075344,-0.101157043044903,-0.141272519427217
"CP018_2m_B_CGGTGTCCAAAGGAGG-1","2m","B","0","Other",-0.0419597851669109,-0.197686376999858,-0.0929476079306732,-0.131409313662746
"CP018_2m_B_CGTAACTCACATGGTT-1","2m","B","0","Other",0.0785659437046664,-0.0668713953138053,0.0163688061789914,0.100582471438572
"CP018_2m_B_CGTAATCCAACCTTAA-1","2m","B","0","Other",0.308517277433086,-0.177698164438935,-0.0751987568914731,0.193129748457428
"CP018_2m_B_CGTACATCACTGACAT-1","2m","B","0","Other",0.645276354938661,-0.19670938200855,0.134509828834504,-0.095760539660592
"CP018_2m_B_CGTACATCAGCGTGCT-1","2m","B","0","Other",0.53727520940742,-0.236008718309625,-0.000145327445861321,0.0780900954536029
"CP018_2m_B_CGTACGCCAATGCTCG-1","2m","B","0","Other",0.386084327992499,-0.081465830381857,-0.07632901238649,0.126693388197351
"CP018_2m_B_CGTACGCCACAAGACA-1","2m","B","1","Other",-0.636940321780061,-0.219138717363194,-0.111497545827991,-0.152239114944916
"CP018_2m_B_CGTACGCCAGGTATTC-1","2m","B","0","Other",0.44454586728095,0.16865920960079,-0.0857265678128323,-0.136198941834844
"CP018_2m_B_CGTAGAACACTGTAAC-1","2m","B","4","Other",-0.953006668271297,0.37708016018068,0.484896964000161,0.8894059139507
"CP018_2m_B_CGTAGCCCAACCTCTC-1","2m","B","7","Other",0.40955834856902,-0.178831513906709,0.0233525770673941,-0.123505212992532
"CP018_2m_B_CGTAGCCCACAAGTAG-1","2m","B","0","Other",0.540464110497525,-0.0365087304459558,-0.0666254611621054,-0.107877356700309
"CP018_2m_B_CGTAGGGCAAGCGGCA-1","2m","B","0","Other",0.200019283672625,-0.206479518916395,-0.0831038685394076,-0.113611310935574
"CP018_2m_B_CGTAGGGCACCACTGA-1","2m","B","2","Other",0.97338430300197,-0.137131790706039,-0.0367475179043069,0.267357052660837
"CP018_2m_B_CGTAGGGCAGCTTTAA-1","2m","B","6","Other",-0.120191605514155,-0.21985495022101,-0.0881960362003888,-0.153002608509867
"CP018_2m_B_CGTAGGGCAGTGGGAT-1","2m","B","5","Other",0.293105532531909,-0.227992171723667,-0.109973774996144,-0.131364687889131
"CP018_2m_B_CGTATCGCAAAGCTTC-1","2m","B","0","Other",0.383925676112136,0.0762014646290277,-0.0964459367625056,0.491823874941278
"CP018_2m_B_CGTATCGCACCGGACT-1","2m","B","6","Other",-1.09559629043829,2.58702137307415,0.0492198332197621,0.15537546511654
"CP018_2m_B_CGTCAATCACTGACCA-1","2m","B","0","Other",0.634941114422825,-0.0899030494044586,0.0462718781375005,0.190454657291142
"CP018_2m_B_CGTCAGCCAAAGCATG-1","2m","B","0","Other",0.78105715169554,-0.278590725437977,0.0957253269237628,-0.186679657351052
"CP018_2m_B_CGTCAGCCAAGTTGAG-1","2m","B","0","Other",0.299015018446284,0.00787683001752396,-0.128374466122753,-0.142764446996791
"CP018_2m_B_CGTCAGCCACTAGAAG-1","2m","B","8","Other",0.305177125860891,-0.22117044925257,0.0176717995418688,-0.136153088459039
"CP018_2m_B_CGTCAGCCAGGGCTTC-1","2m","B","0","Other",0.263323683628556,0.00863904237418506,-0.0801615040551681,-0.114538528122802
"CP018_2m_B_CGTCAGCCAGTGAAGC-1","2m","B","0","Other",0.637102484740141,0.0732737971846952,-0.0894073268711298,-0.124638979108315
"CP018_2m_B_CGTCGTACAGGTCGTC-1","2m","B","8","Other",0.306149371821433,-0.237025136317757,-0.0811227183292028,0.129388714883876
"CP018_2m_B_CGTCGTACAGGTGATA-1","2m","B","1","Other",-0.516579086379121,-0.219749621781977,-0.107247468067276,-0.131117993451334
"CP018_2m_B_CGTTAGTCAATTAAAG-1","2m","B","0","Other",0.0819781246568143,-0.0498822163225836,-0.0648363668173632,-0.120936790140069
"CP018_2m_B_CGTTAGTCACGCATCA-1","2m","B","0","Other",0.492556122963467,-0.259122439818719,-0.111891695150616,0.143188091317184
"CP018_2m_B_CGTTAGTCAGCTTATA-1","2m","B","0","Other",0.289684208474499,-0.211319154099134,-0.0748252978405625,-0.132514840300758
"CP018_2m_B_CGTTATACAGTACGCC-1","2m","B","2","HIV-Specific TCR",0.526251656431366,-0.00225020023335254,0.169709558993687,0.885202434573377
"CP018_2m_B_CGTTCAGCACCGTAAT-1","2m","B","0","Other",0.734623323188205,-0.124178930279514,-0.113075097892361,-0.176851241379747
"CP018_2m_B_CGTTCAGCACGATGTT-1","2m","B","8","Other",0.304016667131847,-0.227821603747926,-0.0874552941690563,-0.123336010274774
"CP018_2m_B_CGTTCGACAATGCCCA-1","2m","B","5","Other",0.191771991942539,-0.0608525062670147,-0.0606960503722587,0.262530007628758
"CP018_2m_B_CGTTCGACACGTCGTA-1","2m","B","0","Other",0.369025940826892,-0.217162147819079,-0.111402475443963,-0.114038755819413
"CP018_2m_B_CGTTTCCCAACGTTAC-1","2m","B","5","Other",0.160550574719047,-0.247987637836379,-0.0841382678437372,-0.155392173310976
"CP018_2m_B_CGTTTCCCAATGCTAC-1","2m","B","0","Other",0.362997150270449,0.0103971963187337,-0.0788736373436285,0.321208704368943
"CP018_2m_B_CTAAACCCAAATTACT-1","2m","B","0","Other",-0.0481073663092024,0.0783199098059685,-0.0727912806332348,0.252245800021981
"CP018_2m_B_CTAAAGGCACCCAGAC-1","2m","B","6","Other",-1.0255781516108,1.09245385555743,0.106669449869871,0.0471743667946535
"CP018_2m_B_CTAAAGGCAGTGCTCA-1","2m","B","0","Other",0.359228480111553,-0.247943987748604,-0.118969802955801,-0.176582840952765
"CP018_2m_B_CTAAATTCAACCCTCT-1","2m","B","0","Other",0.338533238752514,0.104855241196169,-0.0927064314807177,-0.150623788936195
"CP018_2m_B_CTAAATTCACTATGAC-1","2m","B","5","Other",0.51598263139803,-0.104363595604289,-0.0966886432798868,0.13797383610207
"CP018_2m_B_CTAACCGCAGCCTGAC-1","2m","B","8","Other",0.0469290647840879,-0.227017492347621,-0.116118870008784,-0.13147888861184
"CP018_2m_B_CTAACGTCAACTGAAG-1","2m","B","4","Other",-0.657585239934023,0.864716758536699,0.175218762032336,0.913091428360091
"CP018_2m_B_CTAACGTCACATGCGC-1","2m","B","0","Other",0.475450230469857,-0.0650457435313691,-0.0873111146528231,-0.118667131420592
"CP018_2m_B_CTAACGTCACGAAGGT-1","2m","B","0","Other",0.0220711563981493,-0.0427516939850017,-0.0861219717687383,-0.112456567921733
"CP018_2m_B_CTAACTACAAAACGAT-1","2m","B","7","Other",0.489731433518034,-0.199269782370065,0.079175028461536,-0.10169217335659
"CP018_2m_B_CTAACTACAACTTCGG-1","2m","B","1","Other",-0.302618547787019,-0.230460530816392,-0.0956690737470456,0.219649760396424
"CP018_2m_B_CTAACTACAATACCCG-1","2m","B","0","Other",0.294498741261495,-0.210199691346283,0.0611995559042684,0.131640180651726
"CP018_2m_B_CTAACTACAATGATCC-1","2m","B","8","Other",0.243486264040633,-0.181330171117049,-0.0789289427725634,-0.126660751121349
"CP018_2m_B_CTAACTACACTGACAT-1","2m","B","0","Other",0.519951290402578,0.026511378803067,-0.0657023702752913,0.579437543019897
"CP018_2m_B_CTAAGCTCAAAAGGCC-1","2m","B","3","HIV-Specific TCR",-1.26666187445044,1.75596943135904,0.72568030439375,0.322240084824706
"CP018_2m_B_CTAAGCTCAACAATTT-1","2m","B","7","Other",-0.102050710933747,-0.217978364707661,0.0639260769870045,-0.131061273337119
"CP018_2m_B_CTAAGCTCAACATAGG-1","2m","B","0","Other",0.110618097469537,-0.189586433908584,0.0315635713168773,0.155981888472542
"CP018_2m_B_CTAAGCTCAATACCCG-1","2m","B","0","Other",0.0234582001697983,-0.215924730105933,-0.0818907194476893,0.120362277280089
"CP018_2m_B_CTAAGCTCAGCCAACC-1","2m","B","2","Other",-0.674260016554276,0.156052047240696,0.202821764413771,0.441703666825109
"CP018_2m_B_CTAAGGACAGCATCAT-1","2m","B","0","Other",0.922202934842624,0.128125999033279,0.039983804941336,0.121253110200086
"CP018_2m_B_CTAAGTCCAAAGTACG-1","2m","B","7","Other",0.302606851721709,-0.000274099232869918,-0.0579949939721594,-0.0954975148778776
"CP018_2m_B_CTAAGTCCACATGAAG-1","2m","B","0","Other",0.342450001502973,-0.17086134649895,-0.0733899637976451,0.218496715469108
"CP018_2m_B_CTAAGTCCACCTTACC-1","2m","B","0","Other",0.249679690093302,-0.186605336996907,-0.0647116258667145,-0.098759810394726
"CP018_2m_B_CTAAGTCCACGAGTAA-1","2m","B","0","Other",0.433396134816791,-0.18080074007682,-0.0963542831306765,0.184917239335394
"CP018_2m_B_CTAAGTCCACGCTCAA-1","2m","B","0","Other",0.746205143401669,-0.285245868416437,-0.125039644189367,0.276472993155851
"CP018_2m_B_CTAATATCAATTCGTA-1","2m","B","0","Other",-0.23096242677013,-0.146355170496931,-0.0629401724954796,-0.117585750525499
"CP018_2m_B_CTAATATCACAAGTCT-1","2m","B","0","Other",0.27608137744385,-0.167373558916253,-0.0716802911405466,-0.11796236115285
"CP018_2m_B_CTAATCACACTAATAT-1","2m","B","8","Other",0.445417136021941,-0.212521078643481,-0.0816314231500584,0.115706477337032
"CP018_2m_B_CTAATCACAGTAGCGG-1","2m","B","0","Other",0.391588004657676,-0.0697641584294331,-0.0880332940267437,-0.126389312861591
"CP018_2m_B_CTACATACAATAGGGC-1","2m","B","0","Other",0.781011371761203,0.0520992765229361,-0.0857207105843165,-0.137525857566921
"CP018_2m_B_CTACATACACAAATCC-1","2m","B","0","Other",0.689899556438522,-0.248991770277874,-0.0754889420519231,-0.104863172125116
"CP018_2m_B_CTACATACACAGCAGG-1","2m","B","6","Other",-0.972340180306068,1.20284540662321,0.218409888264341,0.0209596791416022
"CP018_2m_B_CTACATACACGTCGTA-1","2m","B","0","Other",0.387042491810071,-0.185438350861841,-0.0727328814694625,-0.0710923983874383
"CP018_2m_B_CTACATACAGCAGGAT-1","2m","B","0","Other",0.270342086542174,-0.251213681524083,-0.110526679460838,0.165307415507023
"CP018_2m_B_CTACATACAGGATTAG-1","2m","B","0","Other",0.813426184918328,-0.213004592665634,-0.0846888945020711,-0.15118444384347
"CP018_2m_B_CTACGCACAACCACAT-1","2m","B","0","Other",0.0865727620903309,-0.206294966533452,-0.0726299576560044,-0.123997972542927
"CP018_2m_B_CTACTAACAACCTATA-1","2m","B","4","Other",0.216927519796257,-0.242591048096318,0.0902251927930782,1.39741114732101
"CP018_2m_B_CTACTAACACCTCTAC-1","2m","B","0","Other",0.355652666968651,-0.235632050075569,0.0837833653625469,0.178054812950221
"CP018_2m_B_CTACTAACACTTAACA-1","2m","B","0","Other",0.348576282280288,-0.184171783113234,0.0178573837468208,0.112931395638702
"CP018_2m_B_CTACTCCCAAATCTAT-1","2m","B","0","Other",0.402405424751684,-0.23727628414343,-0.111427782110243,-0.127848601647706
"CP018_2m_B_CTACTCCCACAATGGA-1","2m","B","0","Other",0.494633229976821,-0.233418518010795,-0.0904139086383797,0.0933455478934287
"CP018_2m_B_CTACTCCCACGTTCAG-1","2m","B","7","Other",0.492587985735952,0.0496220909948806,0.0467804218573775,0.16389495980818
"CP018_2m_B_CTACTTTCAACCCATG-1","2m","B","0","Other",0.109323697653086,0.122062377223446,-0.0822884972536321,-0.115037114806826
"CP018_2m_B_CTACTTTCAATTCGGT-1","2m","B","7","Other",0.239063065625015,-0.177112025789176,0.164158677415041,-0.0998214297094273
"CP018_2m_B_CTACTTTCACGCGACT-1","2m","B","0","Other",0.358043967177355,-0.264830802844013,-0.111098664195878,-0.121117585801139
"CP018_2m_B_CTAGAAGCAAACATGG-1","2m","B","8","Other",0.14417834404186,-0.204876856272666,0.0607550512680459,-0.147005263700016
"CP018_2m_B_CTAGAAGCAACGTTTA-1","2m","B","0","Other",0.320433589632457,0.0123405347059289,-0.0790430424073822,-0.147502980907355
"CP018_2m_B_CTAGAAGCACGGCTTA-1","2m","B","0","Other",0.738470645885274,-0.270615498638225,-0.131341567657909,-0.16978381699663
"CP018_2m_B_CTAGAAGCAGGACAAC-1","2m","B","0","Other",0.228279424021077,-0.196034093073833,0.0577952714157423,-0.148703740749457
"CP018_2m_B_CTAGAAGCAGGAGCCA-1","2m","B","0","Other",0.179121225570897,-0.208785209127448,-0.1043404305421,0.542904441100659
"CP018_2m_B_CTAGCATCACACAAGA-1","2m","B","2","HIV-Specific TCR",0.163061352992797,-0.0833576558365251,0.146770686290941,-0.1937131764172
"CP018_2m_B_CTAGCATCACAGCTCA-1","2m","B","0","Other",0.499466731438915,0.085730689947793,-0.0730331397614773,-0.0762019920543948
"CP018_2m_B_CTAGGAACAACCATCG-1","2m","B","0","Other",0.820572994311509,0.118565389679156,0.14693492560711,-0.14785388115671
"CP018_2m_B_CTAGGAACACCGCATA-1","2m","B","0","Other",0.103692394193088,-0.171205465654683,-0.0609597443080526,-0.108991623495082
"CP018_2m_B_CTAGGGGCAACATGTC-1","2m","B","2","HIV-Specific TCR",0.716199904983831,0.00668269525283988,0.363806064014335,-0.12280613357101
"CP018_2m_B_CTAGTTACAAGGACAC-1","2m","B","6","Other",-0.00227352370884271,0.735319349482231,0.173184211060858,-0.110157036508256
"CP018_2m_B_CTAGTTACAGGTCGTC-1","2m","B","0","Other",0.143252460825148,-0.222174872818045,-0.0947002029909697,0.14372951351272
"CP018_2m_B_CTATAATCAACATTAT-1","2m","B","0","Other",0.4892055281811,-0.211384289855582,0.20098299680113,-0.0976250939283598
"CP018_2m_B_CTATAATCACATTCGG-1","2m","B","0","Other",0.436355711968124,-0.215913303264628,-0.0656033267648696,-0.0941836915647972
"CP018_2m_B_CTATAATCAGTCAACT-1","2m","B","1","Other",0.456515739328192,0.254309384053292,-0.0882320170871617,-0.0928830913860695
"CP018_2m_B_CTATAATCAGTCCTAG-1","2m","B","0","Other",0.556915373924945,-0.0818948293495853,-0.0671231484259604,0.150430488291724
"CP018_2m_B_CTATACACAACCACAT-1","2m","B","4","Other",-0.751832556465561,2.09765398037764,0.978467477713255,0.803581912431691
"CP018_2m_B_CTATAGCCAATCCCGA-1","2m","B","7","Other",0.053980512951292,0.219352998657862,0.261689265447839,-0.107114690030691
"CP018_2m_B_CTATAGCCAGGGTCAG-1","2m","B","5","Other",0.670631228156317,-0.13941818880481,-0.10408277021167,-0.132616778963542
"CP018_2m_B_CTATCCCCACGTAACT-1","2m","B","0","Other",0.047040294100829,0.180810196078509,-0.0588834664801248,-0.0874184880478075
"CP018_2m_B_CTATCTTCAAATATTC-1","2m","B","0","Other",0.480931812586234,-0.244459681406787,-0.076186187306678,0.11012531580294
"CP018_2m_B_CTATCTTCAACCTATA-1","2m","B","0","Other",0.136381162880447,-0.211728509118805,-0.073679098266162,0.105059909591071
"CP018_2m_B_CTATCTTCAAGCGCGA-1","2m","B","0","Other",0.356474372709711,-0.180435544847916,-0.0493630433147608,-0.079165695532967
"CP018_2m_B_CTATGACCAATCCTAA-1","2m","B","0","Other",0.671712876458127,-0.0895447308576547,-0.0922091037952882,-0.133286846014882
"CP018_2m_B_CTATGACCACACTATA-1","2m","B","0","Other",0.162184085428692,-0.228263890545369,-0.0917957248519246,0.149906037607311
"CP018_2m_B_CTATGGTCAAAGGGGA-1","2m","B","0","Other",0.120930271866228,-0.0686104873905676,-0.0818654279119857,0.177343996489701
"CP018_2m_B_CTATGGTCAACGTACT-1","2m","B","0","Other",0.093897781651624,-0.181345535972109,0.0673182040364976,0.418208199920403
"CP018_2m_B_CTATGGTCAACTGAAG-1","2m","B","0","Other",0.64455425520846,-0.105097187194743,0.177524004481326,-0.161115341841418
"CP018_2m_B_CTATGGTCACCTATAA-1","2m","B","8","Other",-0.282613600137177,-0.206544721347962,-0.0673999379830908,-0.144967430483387
"CP018_2m_B_CTATGGTCACTTATAG-1","2m","B","0","Other",0.273702996590255,-0.238026723887015,-0.0836765168094648,-0.146775887488032
"CP018_2m_B_CTATTCTCAAGGTAAT-1","2m","B","4","Other",-0.136865078339578,1.45831600494407,0.252683958855753,1.54585831925416
"CP018_2m_B_CTATTCTCAATGCATC-1","2m","B","0","Other",0.508798270091887,-0.140240707359366,0.0466467213604944,-0.132724894429544
"CP018_2m_B_CTATTCTCACATCACG-1","2m","B","7","Other",0.055152845813371,0.11661722799404,-0.0641547226501405,-0.135847836335978
"CP018_2m_B_CTATTCTCAGGATAGC-1","2m","B","5","Other",0.565846717093994,-0.24197168061433,-0.126104847910791,-0.164775096993468
"CP018_2m_B_CTATTCTCAGTCAATC-1","2m","B","0","Other",0.342025049860002,-0.0425850843956862,0.109649280187502,0.122426932337289
"CP018_2m_B_CTCAATACACTGTAAC-1","2m","B","6","Other",-0.129376262746046,-0.0498750565298024,0.0609367208015998,-0.105891040525292
"CP018_2m_B_CTCAATACAGGATCAA-1","2m","B","0","Other",0.577776245066763,0.0659457336217868,-0.0925537369514151,-0.150348662170847
"CP018_2m_B_CTCAATACAGTAGTAG-1","2m","B","6","Other",-0.239403207251824,0.553714566551865,0.0196963360837534,-0.00956213130397474
"CP018_2m_B_CTCACGACACGTAGGG-1","2m","B","0","Other",0.630065510073204,-0.126418505294319,-0.0984456814883158,-0.131281813000623
"CP018_2m_B_CTCACGACAGGAATCA-1","2m","B","0","Other",0.918134647530169,-0.224493637343585,0.0461115625497259,-0.128919911744459
"CP018_2m_B_CTCACTCCAGCGTCTA-1","2m","B","8","Other",-0.198873965909167,-0.224256137877988,-0.0986154519718166,-0.13461573136485
"CP018_2m_B_CTCACTCCAGTTGCGC-1","2m","B","0","Other",0.256114103612141,0.0624222672375241,0.0616463336277499,-0.139802883956759
"CP018_2m_B_CTCATTTCAAAGCCAA-1","2m","B","0","Other",0.422002631232188,-0.150992898865606,-0.0437659578177675,-0.108927316042989
"CP018_2m_B_CTCCACTCACTATCCC-1","2m","B","0","Other",0.38814312471646,0.169467764960979,0.0891252772352996,-0.0865340225507689
"CP018_2m_B_CTCCACTCACTCCATC-1","2m","B","0","Other",0.913305060021729,-0.280993557028999,-0.0850796361483329,-0.165651702793763
"CP018_2m_B_CTCCATCCAGTGGACG-1","2m","B","0","Other",0.401251988453613,-0.0761891360673734,-0.0922205380450033,-0.110471024972913
"CP018_2m_B_CTCCATCCAGTTCTCC-1","2m","B","8","Other",0.53019982739192,-0.212150707052527,-0.0917383089617711,0.163238331840735
"CP018_2m_B_CTCCTACCAACGGGAT-1","2m","B","7","Other",0.661015406433846,-0.253500370304386,-0.104386606075348,-0.142533571352961
"CP018_2m_B_CTCCTACCAGTATACC-1","2m","B","0","Other",0.19494902806544,-0.0803625509399064,-0.0817151317765684,0.231320073872567
"CP018_2m_B_CTCCTTACAAACCGAA-1","2m","B","0","Other",0.605064874603623,-0.222158455718576,-0.103661404280051,-0.152697442459258
"CP018_2m_B_CTCCTTACACGATTTA-1","2m","B","0","Other",0.576154257905187,0.0542149391456849,-0.091890958787602,-0.150465175619647
"CP018_2m_B_CTCCTTACAGGCGACA-1","2m","B","0","Other",0.5822635815131,-0.123037074272251,-0.117929865318928,-0.119234145710079
"CP018_2m_B_CTCGACACACGTCGTA-1","2m","B","0","Other",0.727508444778335,-0.265176377945584,-0.103109599596201,-0.129165053624316
"CP018_2m_B_CTCGACACAGGACTAA-1","2m","B","0","Other",0.755016821289427,-0.189774331180697,-0.102094769420486,-0.112183419486418
"CP018_2m_B_CTCGACACAGTTACTA-1","2m","B","0","Other",0.52162465625535,-0.0644841638232456,-0.0701759411402204,-0.128727841156373
"CP018_2m_B_CTCGAGCCAAAGCTTC-1","2m","B","0","Other",-0.139982338253402,-0.182178359532253,0.0552442203905634,-0.107768964153954
"CP018_2m_B_CTCGAGCCAATATGCC-1","2m","B","0","Other",0.630273594943454,-0.200153289386273,0.123849128574781,-0.125323828876827
"CP018_2m_B_CTCGCAACAAAGCTAG-1","2m","B","0","Other",0.685572018425482,-0.210468483151669,-0.0969908258235012,-0.168274225982942
"CP018_2m_B_CTCGCAACACAATGTC-1","2m","B","8","Other",0.357571086505176,-0.0869436712347274,0.0980733202100086,-0.161269169851808
"CP018_2m_B_CTCGGACCAGTTAGAG-1","2m","B","4","Other",-0.65371013366371,0.163723798009727,0.167667493145653,1.17143225652023
"CP018_2m_B_CTCGGGTCAAGCGAGT-1","2m","B","0","Other",0.742538687092491,-0.214431113684864,-0.10091976377647,-0.165788970576162
"CP018_2m_B_CTCGGGTCAGCGACAG-1","2m","B","1","Other",0.509866689043341,-0.0102283532500536,0.0214076619619452,-0.162795918538934
"CP018_2m_B_CTCGGTACACCGTTAG-1","2m","B","0","Other",0.49050753346454,-0.247971437410741,0.170878753519955,-0.175032984792529
"CP018_2m_B_CTCGGTACACGCAGCT-1","2m","B","8","Other",0.675092177718339,-0.138642247332171,-0.0907024282566935,-0.13565014145197
"CP018_2m_B_CTCGTTCCAGCTAATC-1","2m","B","5","Other",0.617475050171126,-0.232129976362368,-0.101382805948734,-0.11671635774344
"CP018_2m_B_CTCTAGGCAAACTCTA-1","2m","B","0","Other",-0.0565259762724353,-0.211701448868279,-0.0793979327993163,-0.0983709142808881
"CP018_2m_B_CTCTAGGCACAACGGG-1","2m","B","2","Other",-0.139053068955274,-0.139212544728958,-0.00587990586191114,0.0899047142416137
"CP018_2m_B_CTCTCCGCAGCGATAA-1","2m","B","0","Other",-0.0421738483340188,-0.109862252362391,-0.0998561965145447,-0.132986876916382
"CP018_2m_B_CTGAAAGCAATACCCG-1","2m","B","8","Other",-0.0360347737969113,-0.0437333511094481,0.0568679208701536,-0.114083087724143
"CP018_2m_B_CTGAAAGCACGCCATA-1","2m","B","5","Other",0.0356269324249043,-0.216878648290696,-0.0878019980528989,-0.144619481339042
"CP018_2m_B_CTGACATCAGGGCTCT-1","2m","B","8","Other",0.417920651319484,-0.267245566427729,-0.105473227497968,0.0519923475809686
"CP018_2m_B_CTGACCACACATCGCA-1","2m","B","0","Other",0.333690241071851,-0.218979577255583,-0.0795599343638581,-0.105651028503869
"CP018_2m_B_CTGACCACACCGTCAA-1","2m","B","5","Other",0.41903325462811,-0.158391322712701,-0.0715974923177713,-0.0733236144120862
"CP018_2m_B_CTGACCACACCTCACT-1","2m","B","0","Other",0.0138637119164879,0.147931026001627,-0.0565838769568301,-0.103094542181834
"CP018_2m_B_CTGACCACAGGATAGC-1","2m","B","0","Other",0.126943887444824,-0.227775520171331,-0.0698541967107829,-0.154468753276423
"CP018_2m_B_CTGACCACAGTCATCG-1","2m","B","0","Other",0.880206218366288,-0.204502691005723,-0.0636880098220849,-0.100447824813414
"CP018_2m_B_CTGACCACAGTCTAAC-1","2m","B","8","Other",0.632806721309906,-0.184769952101115,0.066299812970912,-0.101268325754506
"CP018_2m_B_CTGACGCCAATGTGAG-1","2m","B","0","Other",0.788414826592303,0.0640442793278143,-0.0921933588207322,0.126125738520228
"CP018_2m_B_CTGACGCCACTATGAC-1","2m","B","0","Other",0.459594096305347,-0.0553702455014008,-0.0820874569292715,0.16360429353318
"CP018_2m_B_CTGACGCCAGTATGGA-1","2m","B","1","Other",-0.404304637356986,-0.262824547139312,-0.148747908021217,-0.14577070059356
"CP018_2m_B_CTGCAATCAACATAGG-1","2m","B","1","Other",-0.901110535337614,-0.299245690385421,0.411139835990094,-0.19954709952233
"CP018_2m_B_CTGCAATCACAACGCC-1","2m","B","8","Other",0.292248786778263,-0.18184786512049,0.186910942260303,-0.116066924332089
"CP018_2m_B_CTGCACACACCCAGAC-1","2m","B","0","Other",0.0348898236739881,-0.23834551777796,-0.103262741849,-0.16557594899604
"CP018_2m_B_CTGCGTACAATCCGGC-1","2m","B","1","Other",-0.0143084997934011,-0.216761298979707,0.359594900722325,-0.142805517196506
"CP018_2m_B_CTGCGTACACGTAAAG-1","2m","B","6","Other",0.48606610415486,-0.118021196509089,-0.126447265794287,-0.113887575680635
"CP018_2m_B_CTGCTCTCAAGCGGCA-1","2m","B","4","Other",-0.711786289154986,1.20682727124136,0.874909465203235,0.63060778651645
"CP018_2m_B_CTGCTCTCACTATTCT-1","2m","B","0","Other",0.640580473137583,-0.179287794038475,-0.134083164876283,0.0100130256636794
"CP018_2m_B_CTGCTTCCAAGCGAAC-1","2m","B","0","Other",0.223553339784506,-0.263476944385689,-0.121238393360904,0.0761196008137581
"CP018_2m_B_CTGGAGGCAACAATGG-1","2m","B","6","Other",-0.66008963878818,1.05181167262845,0.0212119108311951,0.0697262690469727
"CP018_2m_B_CTGGCACCAACGTGGG-1","2m","B","8","Other",0.336320577293942,-0.260387375691912,-0.0958487505695528,-0.160446066225859
"CP018_2m_B_CTGGCACCACCTTACC-1","2m","B","5","Other",-0.179629199751336,-0.224052457697594,-0.0877724647247577,0.229641480972729
"CP018_2m_B_CTGGCACCACTAATCA-1","2m","B","0","Other",0.130526251672423,-0.256395426545527,0.0666029347138027,-0.138639515070254
"CP018_2m_B_CTGGGAGCACCGACTA-1","2m","B","0","Other",0.905501032187257,-0.239669061229022,0.0364158435642582,-0.138172603476205
"CP018_2m_B_CTGGGAGCACCTGCTT-1","2m","B","0","Other",0.357966148903878,-0.171817327276478,-0.0899791204393834,-0.0990561899867723
"CP018_2m_B_CTGGGAGCAGTAGCCC-1","2m","B","6","Other",0.158110945167545,-0.114716727006738,-0.106741291671841,-0.130448069235655
"CP018_2m_B_CTGGGCTCACCAGATT-1","2m","B","0","Other",0.582872280769635,-0.242161682018191,-0.100969256745395,-0.138191179381016
"CP018_2m_B_CTGGGGACAAACGTTC-1","2m","B","0","Other",0.494023347288795,-0.213541824174447,-0.10343236129093,-0.14120950803542
"CP018_2m_B_CTGGGGACAACACAGA-1","2m","B","0","Other",0.693061734160508,-0.0148538281058978,-0.0949470097810635,0.122236644156223
"CP018_2m_B_CTGGGGACAAGACGAC-1","2m","B","0","Other",-0.0399778554867305,0.407159288422046,-0.0734085565600262,-0.084057518220289
"CP018_2m_B_CTGGGGACAATACACC-1","2m","B","0","Other",0.495870476396078,-0.13920314368542,-0.12758446270296,-0.137751473502392
"CP018_2m_B_CTGGGGACAATGTATT-1","2m","B","0","Other",0.48910333932408,0.1787515356073,-0.101985908852889,-0.14436051798344
"CP018_2m_B_CTGGGGACACAACCCA-1","2m","B","7","Other",0.466622154055527,-0.232147090394354,0.0491745396506511,-0.164833732823191
"CP018_2m_B_CTGGGGACAGTAGTAG-1","2m","B","0","Other",0.629409689805527,-0.0126372345491984,-0.0995404763040663,-0.157794132581376
"CP018_2m_B_CTGTAACCAACGTTTA-1","2m","B","0","Other",0.00209105245409758,-0.220772990635429,-0.0712414295267473,-0.116267866795724
"CP018_2m_B_CTGTACGCACCGGAAG-1","2m","B","4","Other",-0.722360347662117,0.509330831137756,0.259158009691065,1.77883185537799
"CP018_2m_B_CTGTACGCAGCCTCTT-1","2m","B","0","Other",0.893089212779245,-0.197238253525948,0.070885184617951,-0.127957838609204
"CP018_2m_B_CTGTACGCAGGAGCCA-1","2m","B","0","Other",0.17801914109941,-0.215995262076869,-0.0865563417560146,-0.162853962993663
"CP018_2m_B_CTTAAATCACGATGTT-1","2m","B","0","Other",0.557167548671384,-0.233393102904545,-0.094969266590169,-0.173955776796383
"CP018_2m_B_CTTAAATCAGTATGGA-1","2m","B","0","Other",-0.167143372071894,-0.108350782482448,-0.0996566383810042,-0.132413182717003
"CP018_2m_B_CTTAACACAAGGGTTA-1","2m","B","0","Other",0.0319620605768021,-0.254730005123938,-0.104115189756813,-0.191569905784456
"CP018_2m_B_CTTAACACAATCCAAC-1","2m","B","7","Other",-0.059343402817102,-0.18972856536547,-0.0870856497088525,-0.119406820609535
"CP018_2m_B_CTTAAGCCAACTCCCT-1","2m","B","0","Other",0.619970509775531,-0.203961549310417,-0.104097369160327,-0.155434936351633
"CP018_2m_B_CTTAAGCCAGGTCGTC-1","2m","B","0","Other",0.105298390072156,0.0109985345445992,-0.0806751069087441,-0.114077548217328
"CP018_2m_B_CTTAGCGCACATGTCG-1","2m","B","0","Other",0.00857731372805781,-0.18215853519485,-0.0719740519637497,-0.111970468020868
"CP018_2m_B_CTTAGCGCAGTAGGGT-1","2m","B","0","Other",0.376001422206516,-0.230145529938085,0.0270677715358637,-0.108658183133002
"CP018_2m_B_CTTAGTACAAGTGCAA-1","2m","B","0","Other",-0.238818447299364,-0.255068072595745,-0.105408299930501,-0.157271713433522
"CP018_2m_B_CTTAGTACACCAGACC-1","2m","B","5","Other",0.00852911379316423,-0.190473491833438,-0.0618528722379061,-0.125307050545163
"CP018_2m_B_CTTATAGCAAATGAAC-1","2m","B","0","Other",0.31457317267804,-0.174442333466469,-0.0813768096989823,0.353624076963925
"CP018_2m_B_CTTATAGCAAGTCGCC-1","2m","B","0","Other",0.222745048418548,-0.178156046874092,0.0458608590636891,0.123769794368641
"CP018_2m_B_CTTATAGCACAGTTTA-1","2m","B","0","Other",0.550628380994997,-0.211922577016949,-0.0981637631505356,0.184955434431003
"CP018_2m_B_CTTATCTCAACCACAT-1","2m","B","7","Other",0.480559874297797,-0.217298412732913,-0.0802089453104469,-0.197779358517254
"CP018_2m_B_CTTATCTCAACGTGGG-1","2m","B","0","Other",0.174593581227272,-0.0636400153390254,-0.0683954172854174,-0.134639451699736
"CP018_2m_B_CTTCGAGCAATTATCG-1","2m","B","0","Other",0.545757087577739,-0.19416082179062,0.0460457197702164,-0.152388695171943
"CP018_2m_B_CTTCGAGCACCACACA-1","2m","B","8","Other",0.433488485849261,-0.230724550991962,-0.0825099913620122,0.082805519028203
"CP018_2m_B_CTTCTATCAATCAGAG-1","2m","B","5","Other",0.654070861303703,-0.129119240094864,-0.0984625468687432,-0.112648591864801
"CP018_2m_B_CTTCTATCAATTAAAG-1","2m","B","0","Other",0.564949130708278,-0.0753422228450498,-0.0776018649732141,-0.156512757045709
"CP018_2m_B_CTTCTATCACCAAGGG-1","2m","B","7","Other",0.71996304068551,-0.266765109209519,-0.118476622837729,-0.175359115926078
"CP018_2m_B_CTTCTCACAAGGATCA-1","2m","B","1","Other",0.227494550795227,0.351108185698354,0.0447521815735603,0.144266976216203
"CP018_2m_B_CTTCTCACAGTCCATG-1","2m","B","1","Other",0.150029889489004,-0.0606623743834682,0.0592828652557029,-0.0959746579607542
"CP018_2m_B_CTTCTCACAGTTAGTC-1","2m","B","0","Other",0.393623534890487,-0.110301284578086,-0.0845590619389895,-0.123507510960646
"CP018_2m_B_CTTGACGCAAAGTTCC-1","2m","B","0","Other",0.359948200642865,-0.0570832528014439,-0.0728824016411751,0.177656844326382
"CP018_2m_B_CTTGACGCAAGGAGGA-1","2m","B","1","Other",-0.0280807911586594,0.285757703661386,0.102154675362365,0.0824651062746007
"CP018_2m_B_CTTGACGCACTGCGTA-1","2m","B","0","Other",0.517309155704373,-0.280057036112213,-0.111515850956072,-0.164911872666659
"CP018_2m_B_GCAACCCCAATAGCAG-1","2m","B","0","Other",0.0779559954616078,0.211750350918141,-0.0839790117831773,-0.0926026132781001
"CP018_2m_B_GCAACCCCACCGTACA-1","2m","B","7","Other",0.532597133696594,0.12778558043425,-0.0767127334566016,-0.115482179811632
"CP018_2m_B_GCAAGACCAACAGTCT-1","2m","B","0","Other",-0.153689421813352,-0.225031288012217,0.115460503173814,0.121608668400996
"CP018_2m_B_GCAAGACCAGTGCACC-1","2m","B","7","Other",0.422580500838147,-0.198855303929568,-0.0730730288690639,-0.0931738191056722
"CP018_2m_B_GCAAGACCAGTTCAGT-1","2m","B","5","Other",0.0981985270002435,-0.023670472204614,-0.0634285166301677,-0.110714472236617
"CP018_2m_B_GCAATAGCACTGCACA-1","2m","B","0","Other",0.171605208138889,-0.102510160701957,-0.0995796446321462,-0.144157298758514
"CP018_2m_B_GCAATAGCACTTAGCG-1","2m","B","0","Other",0.400810067462233,-0.196257876517036,-0.0741069282434817,0.240408500034688
"CP018_2m_B_GCAATAGCAGTAAACG-1","2m","B","0","Other",0.366850102373506,-0.112894428196874,-0.0906034475614301,-0.133811901306143
"CP018_2m_B_GCAATCTCAGGACATA-1","2m","B","0","Other",0.172464381238535,-0.207256253315592,-0.0720461219401241,0.632222107326952
"CP018_2m_B_GCACCTACACTAAACC-1","2m","B","0","Other",0.30933641291017,-0.175311250333496,-0.0681820880260052,-0.117162115865889
"CP018_2m_B_GCACGGACACCGCTAA-1","2m","B","0","Other",0.801175778903535,-0.216859599450383,-0.121536810620484,-0.113418489640967
"CP018_2m_B_GCAGCCTCAAGTCGAA-1","2m","B","0","Other",0.219430447121721,0.142448860800587,-0.102088138876217,-0.0981028104995671
"CP018_2m_B_GCAGCCTCAATATTAC-1","2m","B","0","Other",0.156800503427167,-0.167481043502165,-0.0809570535268886,-0.124720212676365
"CP018_2m_B_GCAGCCTCAATGAATA-1","2m","B","0","Other",0.526830590404624,-0.26149165746701,-0.132479474398199,0.0619918206289109
"CP018_2m_B_GCAGCCTCACATCACG-1","2m","B","0","Other",0.187927991091556,-0.186924537707757,-0.0899348898488214,-0.103498669463787
"CP018_2m_B_GCAGCCTCACCCTCAT-1","2m","B","6","Other",-0.527714943600427,1.69526595312026,0.107825640605449,-0.138901387377416
"CP018_2m_B_GCAGCGACAACCACAT-1","2m","B","0","Other",-0.119158017485208,-0.193759397382902,-0.0695435024312016,0.102899610622412
"CP018_2m_B_GCAGCGACAACCTCTC-1","2m","B","0","Other",0.375867831004774,-0.211594101121706,0.216331117483441,-0.0863309721444662
"CP018_2m_B_GCAGCGACAGTGCGAG-1","2m","B","4","HIV-Specific TCR",-0.0248976456351719,0.632351414229185,0.0729964982795164,1.89130202225059
"CP018_2m_B_GCAGGATCAACAGAAT-1","2m","B","5","Other",0.242284795219007,0.0632912877813441,-0.0855416055211562,-0.11837865973477
"CP018_2m_B_GCAGTAACAACCTGCA-1","2m","B","0","Other",1.00202036294002,-0.264699411692137,0.026050570655664,-0.17375719341929
"CP018_2m_B_GCAGTAACAAGTCTTA-1","2m","B","4","Other",-0.794900533467636,0.496253979921823,0.768262299509663,0.819250362056326
"CP018_2m_B_GCAGTAACACCTCTTA-1","2m","B","5","Other",0.109714947584326,-0.19980816910109,0.059194019227228,-0.12076908649911
"CP018_2m_B_GCAGTAACACTCACTC-1","2m","B","0","Other",0.356740120886444,0.0177704417935592,-0.08485070355685,-0.114871808996013
"CP018_2m_B_GCATAAGCACTAAGTC-1","2m","B","5","Other",0.331119024999423,-0.231678698656649,-0.0978323360342472,-0.162999596244499
"CP018_2m_B_GCATAGACAAGAATAC-1","2m","B","0","Other",0.357722354171672,-0.0283761309609061,0.0625561793655267,0.169481750360773
"CP018_2m_B_GCATCATCAAGCGATA-1","2m","B","6","Other",0.0869993803641582,0.0138180906666653,-0.112042071971253,-0.171373986006905
"CP018_2m_B_GCATCCACAAACATTT-1","2m","B","0","Other",0.377511758856985,-0.230580574149502,-0.0835259222313847,0.229746807199091
"CP018_2m_B_GCATCGCCAGGGCGTA-1","2m","B","0","Other",0.575578943158759,-0.209546945509284,-0.0917626139803636,-0.130882575622231
"CP018_2m_B_GCATCGCCAGGTCATT-1","2m","B","0","Other",0.73668016535236,-0.196434498765956,-0.121537414284417,-0.116565558248889
"CP018_2m_B_GCATGAACAACCATCG-1","2m","B","0","Other",0.342422306954695,-0.221008653973901,-0.0845383416078747,0.0927389893192938
"CP018_2m_B_GCATGAACAAGAGAGG-1","2m","B","5","Other",0.505798584298421,0.088855196365477,-0.0727005475633329,-0.123058226745831
"CP018_2m_B_GCATGAACAATGGGGT-1","2m","B","0","Other",0.743445351843916,-0.118712074157889,-0.114643296848025,-0.178412704931703
"CP018_2m_B_GCATGAACAATTCATG-1","2m","B","0","Other",0.440495464197606,0.0542357845847077,-0.0851262327538243,0.151015704148355
"CP018_2m_B_GCATGAACAGTACAAG-1","2m","B","4","Other",-0.899986267654917,1.5849289093903,1.21890521014649,-0.0983160150022372
"CP018_2m_B_GCATGCCCACAGCATT-1","2m","B","0","Other",0.508924584725259,-0.180456016366599,-0.0795676146228477,-0.133912364976308
"CP018_2m_B_GCATGCCCACCTCTCG-1","2m","B","5","Other",0.134145383834429,-0.210534351539299,-0.0973258905950403,-0.127045275908871
"CP018_2m_B_GCATGCCCAGCATGAA-1","2m","B","0","Other",0.110226424997837,-0.177513401255785,-0.102318002781431,-0.100863978696014
"CP018_2m_B_GCATGCCCAGGGCAAT-1","2m","B","0","Other",0.538983565633638,-0.258126848741154,0.115778096668135,-0.172016137973612
"CP018_2m_B_GCATGGGCAGCAAGAC-1","2m","B","0","Other",0.256527727779314,-0.220942061105769,-0.126971355743938,-0.154529622082505
"CP018_2m_B_GCATGGGCAGCATCGC-1","2m","B","7","Other",0.542140477675839,0.0630515524684586,-0.0945999159244656,0.0534436534869144
"CP018_2m_B_GCATTACCAAACGTTC-1","2m","B","4","HIV-Specific TCR",-1.09517449576559,1.56570553066418,0.703775657186419,0.780433406678406
"CP018_2m_B_GCATTACCAATACGTC-1","2m","B","0","Other",0.664457622839272,-0.234172063129266,-0.0846106148786247,0.194646229528228
"CP018_2m_B_GCATTACCACATGCCA-1","2m","B","1","Other",0.272537390050093,-0.0420127517078915,0.240766287974002,-0.0981745097765458
"CP018_2m_B_GCATTACCAGCTAGCC-1","2m","B","0","Other",0.315407022093239,-0.187655717044186,-0.0804040862469342,0.163773553022102
"CP018_2m_B_GCATTACCAGTAAGAT-1","2m","B","0","Other",0.0523841045773992,-0.0980085854544892,-0.0900641243154926,-0.118388803891628
"CP018_2m_B_GCATTCGCACAGCGGA-1","2m","B","0","Other",0.919774917786692,-0.119833371699799,-0.11118411682286,0.127376857039394
"CP018_2m_B_GCATTCGCACATTAGC-1","2m","B","4","Other",-1.03995493216655,0.151559430138498,0.307976708230326,1.65579684083844
"CP018_2m_B_GCATTCGCACCACTAG-1","2m","B","0","Other",0.109512851763304,-0.171105113856693,-0.0595496296097469,-0.101551170258404
"CP018_2m_B_GCATTCGCACCTACCT-1","2m","B","0","Other",0.0679284422367967,-0.0529948834520697,0.0422239934904694,0.281249171983541
"CP018_2m_B_GCATTTACACAGCTCA-1","2m","B","7","Other",0.522122031564791,-0.109854211052214,-0.082591003374527,-0.119760998841825
"CP018_2m_B_GCCAACCCAATGCTCG-1","2m","B","0","Other",0.405746565668627,-0.221413513240079,-0.0845843617204822,-0.144318069870888
"CP018_2m_B_GCCAACCCACCTAGGC-1","2m","B","1","Other",-0.743909157744065,-0.205134485557679,0.0752938473796117,-0.0999749559430918
"CP018_2m_B_GCCAACCCACGAGTAA-1","2m","B","0","Other",-0.036813810308101,-0.0367567441797629,-0.0844717311288272,-0.0968216175881236
"CP018_2m_B_GCCAAGGCAAAACGCA-1","2m","B","3","Other",-0.639760354421564,2.50320848830155,0.85475438343454,-0.167836479103466
"CP018_2m_B_GCCAATTCAAATCGAG-1","2m","B","0","Other",0.590777400465933,-0.224613426647926,-0.0953294239945762,-0.125267277737213
"CP018_2m_B_GCCACTACAATTCGGT-1","2m","B","0","Other",0.537790909126449,-0.242309155625207,-0.0816662257609275,-0.159808647659112
"CP018_2m_B_GCCACTACACGTATCG-1","2m","B","0","Other",0.403863092147094,0.199135958201296,-0.0774464669270021,-0.0993600087742445
"CP018_2m_B_GCCACTACAGCTATCG-1","2m","B","8","Other",0.68725451638985,-0.239338323486722,-0.0970057792872468,0.0595830866326566
"CP018_2m_B_GCCATATCAACATGTC-1","2m","B","0","Other",0.00937670913439104,-0.0772442635014338,-0.0721897727960618,-0.160230438402541
"CP018_2m_B_GCCATATCAATGACAG-1","2m","B","8","Other",0.111771207528813,-0.24322879007946,-0.112724854662029,-0.16072350792047
"CP018_2m_B_GCCCAACCAAGGACAC-1","2m","B","0","Other",-0.126724320795187,-0.171290528531034,-0.0543621131078501,-0.0800394943103833
"CP018_2m_B_GCCCATACAAGCGTCC-1","2m","B","0","Other",0.104307033046671,-0.158054588307555,-0.0415991185027006,-0.0899449110795211
"CP018_2m_B_GCCCATACAGTGCTCA-1","2m","B","8","Other",0.201503861401277,0.0258858154129797,-0.0714906128228495,-0.105528262955262
"CP018_2m_B_GCCTCTTCAAATTGGG-1","2m","B","0","Other",0.410947137995378,-0.242005746088695,0.042643345742943,-0.133264503788491
"CP018_2m_B_GCCTCTTCAACCAGAA-1","2m","B","0","Other",0.363584649235691,-0.225025548021013,-0.108156187166106,-0.151412467276612
"CP018_2m_B_GCCTCTTCACCATTCC-1","2m","B","0","Other",0.0541099953294226,-0.147835147722678,-0.00755143765349181,-0.165436123358941
"CP018_2m_B_GCCTCTTCAGCTAGCC-1","2m","B","1","Other",-0.130310898946453,-0.266336281238343,0.0948943624601326,-0.200934075628468
"CP018_2m_B_GCCTCTTCAGGGTATA-1","2m","B","4","Other",-0.256324274217416,-0.125974290229385,0.380785523893262,1.05240813546586
"CP018_2m_B_GCCTGACCAACCAGAA-1","2m","B","0","Other",0.4033823544535,-0.192095097776576,-0.0671047167805757,0.131142374820606
"CP018_2m_B_GCCTGACCAATGGGGT-1","2m","B","0","Other",0.027603395934656,0.0264389614741427,-0.0894239117549281,-0.12567911629156
"CP018_2m_B_GCCTGACCACGAAGGT-1","2m","B","0","Other",0.533957917248162,-0.0518743981104558,-0.0938045479698732,-0.135541204998947
"CP018_2m_B_GCCTGACCACTCGACA-1","2m","B","1","Other",-0.638543502762826,-0.235757777799639,0.0791958622123538,0.226067770530833
"CP018_2m_B_GCCTTTCCACTACTTT-1","2m","B","0","Other",0.11817211632899,0.0960152979709269,-0.0812307040126084,-0.133589760069496
"CP018_2m_B_GCGAAACCAATCAGTC-1","2m","B","0","Other",0.705198973756213,-0.251135809363642,0.0542246538202101,-0.131884093698711
"CP018_2m_B_GCGAAACCACTGCTCT-1","2m","B","0","Other",0.00792270862499844,-0.0413781362445011,-0.078159713709886,-0.12804700569502
"CP018_2m_B_GCGAAACCACTTCGTC-1","2m","B","0","Other",0.098121776226509,0.0591593221489974,-0.0501125357776288,-0.083611400468846
"CP018_2m_B_GCGAATACAAAGTACG-1","2m","B","0","Other",0.104384194689052,-0.235050673072136,0.0265107772364262,-0.117790507419185
"CP018_2m_B_GCGAATACAACAGTCT-1","2m","B","8","Other",-0.04982892978373,-0.037860872281819,-0.0794283980242272,-0.127107579581741
"CP018_2m_B_GCGACAGCAAGGATAT-1","2m","B","0","Other",0.436985435371583,-0.24133723250252,-0.105564282812236,-0.142734714894957
"CP018_2m_B_GCGACAGCACGTAAAG-1","2m","B","8","Other",0.283122908454117,-0.00226597441818649,-0.105732264676593,0.0646894476746167
"CP018_2m_B_GCGACCTCACGATAGA-1","2m","B","0","Other",0.364584528117977,-0.113467018298988,-0.0923743116307878,-0.112085337679385
"CP018_2m_B_GCGACCTCACGCAACC-1","2m","B","0","Other",0.169301589833777,-0.0771397992804633,-0.0867515975175471,-0.0911424765835797
"CP018_2m_B_GCGACCTCAGCATTCG-1","2m","B","7","Other",0.36731985693186,-0.191568063369587,0.105631071664716,-0.0863849574608408
"CP018_2m_B_GCGACCTCAGGTCTAT-1","2m","B","0","Other",0.488437224502865,-0.0872225212490476,-0.0808271306230785,-0.135070410287033
"CP018_2m_B_GCGATAACAACATTAT-1","2m","B","0","Other",0.630433327590097,-0.276513012024646,-0.113817845587429,0.0519444804494031
"CP018_2m_B_GCGATAACAATGGGGT-1","2m","B","0","Other",0.764800846624767,-0.119112906191293,-0.116298578613155,-0.148435293956185
"CP018_2m_B_GCGATAACAGCTAGAA-1","2m","B","0","Other",0.7384255895353,-0.0507886883349091,-0.0800331289485451,-0.108930834922514
"CP018_2m_B_GCGCACTCAGCCTCTT-1","2m","B","0","Other",0.00175564721519761,-0.212829446512776,0.216329827757521,-0.144958384761207
"CP018_2m_B_GCGCGAACAAAGTAAC-1","2m","B","0","Other",0.671253777559015,-0.0859969701734028,0.0398034431123824,0.171416107540302
"CP018_2m_B_GCGCGAACACAGGTAA-1","2m","B","0","Other",0.342307560250632,-0.0503545229326801,-0.0664136212060537,-0.0789207952233497
"CP018_2m_B_GCGCTACCACGTTCGA-1","2m","B","0","Other",0.454282240349282,-0.216750087271528,-0.0990255473404565,-0.118051219969107
"CP018_2m_B_GCGCTTACAAACATGG-1","2m","B","0","Other",0.345442251156028,0.0578668695792595,-0.109034492819557,-0.158786191749184
"CP018_2m_B_GCGCTTACAATGGGCG-1","2m","B","0","Other",0.496746971911973,-0.256747998278542,-0.0904632957385308,0.0832270024980581
"CP018_2m_B_GCGCTTACACATGTCG-1","2m","B","6","Other",0.17379591474063,-0.265181500988407,-0.121941839733429,0.0944805581799948
"CP018_2m_B_GCGGACACAACCTAAC-1","2m","B","0","Other",0.389131939723035,-0.215765039571042,0.0730956017559991,-0.0768942235429128
"CP018_2m_B_GCGGACACACCGACTA-1","2m","B","0","Other",0.463440060765088,-0.21228743870564,-0.0998356789059129,-0.135837934832706
"CP018_2m_B_GCGGACACACGCAATT-1","2m","B","0","Other",0.763610768865774,-0.280919571659504,0.148706227259079,-0.148356206743476
"CP018_2m_B_GCGGGTACAGGTTCAT-1","2m","B","0","Other",-0.272726649301378,-0.178947973768396,-0.0894674227374802,-0.136267215433404
"CP018_2m_B_GCGGTAGCAACGTGCC-1","2m","B","0","Other",0.481034598256443,-0.183930443977662,-0.0633271475446664,0.205514404412363
"CP018_2m_B_GCGGTAGCACATATGC-1","2m","B","0","Other",0.276597209717327,-0.211090860185888,-0.0816426804136812,0.213646578118308
"CP018_2m_B_GCGGTAGCACTACTTT-1","2m","B","0","Other",0.215492140808993,-0.14819508180979,-0.0522262972113368,-0.0872389763925193
"CP018_2m_B_GCGGTAGCACTGGGAG-1","2m","B","6","Other",-0.423623997534425,1.52393043004277,0.107053078404986,-0.165742172295757
"CP018_2m_B_GCGGTAGCAGGCGGTA-1","2m","B","1","HIV-Specific TCR",-0.138146504133427,0.930908363657605,0.551002759052333,0.00555927581758228
"CP018_2m_B_GCGGTAGCAGTCAAGA-1","2m","B","1","Other",-0.215850209084156,0.189842697981004,0.0847032644751291,-0.112359417928484
"CP018_2m_B_GCGGTCTCAAACTAGG-1","2m","B","5","Other",0.496392797343583,-0.252486031664481,0.072415570703352,0.0623706402596033
"CP018_2m_B_GCGGTCTCAACATCCG-1","2m","B","0","Other",0.36574931948733,-0.210142657773271,-0.0919579758497632,-0.166856902125639
"CP018_2m_B_GCGGTCTCAACGTTCG-1","2m","B","0","Other",0.453737298190824,-0.23314124976722,-0.10783789299844,-0.134891069553599
"CP018_2m_B_GCGGTCTCAAGGTAAT-1","2m","B","0","Other",0.658096815538421,-0.222232101877168,0.134218066670308,0.169875117756773
"CP018_2m_B_GCGGTCTCACCCTAAG-1","2m","B","0","Other",0.0743404119263698,-0.213125103084237,-0.0710678504466331,0.186375149333709
"CP018_2m_B_GCGTAGGCAAACGGTA-1","2m","B","0","Other",0.603035265483123,-0.105821175879795,-0.0915669039419247,-0.149662580289048
"CP018_2m_B_GCGTAGGCAACGTACT-1","2m","B","0","Other",0.512203460471272,0.153787038377577,-0.0933372844185996,-0.150507758238411
"CP018_2m_B_GCGTAGGCAGGCACTC-1","2m","B","0","Other",0.765244966791831,0.26585410022169,0.38612510773195,-0.116123352301631
"CP018_2m_B_GCGTATTCAAAAGGGG-1","2m","B","0","Other",0.417657413101266,-0.238736962723539,-0.104203596757044,-0.171771046887963
"CP018_2m_B_GCGTCTACACCTCTTA-1","2m","B","0","Other",0.339003475298574,-0.206729906505305,-0.0763155156290631,0.0984577883709772
"CP018_2m_B_GCGTGAGCAACGTTTA-1","2m","B","0","Other",-0.191151769200287,-0.202916984916528,-0.0766440270670958,-0.125204877894807
"CP018_2m_B_GCGTGAGCACGCAGGA-1","2m","B","0","Other",0.379326770051372,-0.0892414877334207,-0.0682906856059836,0.112286044250811
"CP018_2m_B_GCGTGAGCAGCGAATA-1","2m","B","7","Other",-0.452542486299893,-0.192869667067594,-0.0539810418046376,-0.114787987367487
"CP018_2m_B_GCGTGAGCAGTGGCAG-1","2m","B","0","Other",0.82488224967178,-0.0767692376545587,-0.0811018972289026,0.338718012474209
"CP018_2m_B_GCGTGTCCAACCTTAA-1","2m","B","0","Other",0.26420722004063,-0.213377029322429,0.0021148440799718,-0.13199426364261
"CP018_2m_B_GCGTGTCCAAGCGGCA-1","2m","B","0","Other",0.178926845205937,-0.228075005158811,-0.0980795498713814,-0.10962191250851
"CP018_2m_B_GCGTGTCCACTAGGAA-1","2m","B","3","Other",-1.06155291720867,0.937452975229607,0.344527658788529,-0.119246896871577
"CP018_2m_B_GCGTGTCCAGTGATAG-1","2m","B","0","Other",0.478110672929638,-0.248714966897313,-0.0960851843728094,-0.120763091458898
"CP018_2m_B_GCTAAAGCACCTAGCA-1","2m","B","3","Other",-0.91387739751932,1.32346897332402,0.278968616087256,0.222034148619261
"CP018_2m_B_GCTAAAGCACGGGTCT-1","2m","B","8","Other",0.0330394662681912,-0.189952336251479,0.0366494859256141,-0.107578192580438
"CP018_2m_B_GCTAACTCAACTAACC-1","2m","B","0","Other",0.263258488830228,0.279567706859096,0.0740958815637879,-0.109200257070687
"CP018_2m_B_GCTAAGACAAAGCATG-1","2m","B","0","Other",0.0754178709052713,-0.0552162740191699,0.214374288661528,-0.128605982373543
"CP018_2m_B_GCTAAGACAAGGTAAT-1","2m","B","0","Other",0.33141657431795,-0.214712812638892,-0.103554836110506,-0.175349181589859
"CP018_2m_B_GCTAATCCAGCATGCC-1","2m","B","1","Other",0.400731143685191,-0.250198726030477,-0.114587702228336,-0.154568815686457
"CP018_2m_B_GCTACATCAAGTCGAA-1","2m","B","0","Other",0.60310055878962,-0.251480245424286,0.195850100294645,-0.123390393698689
"CP018_2m_B_GCTACATCACGGCTTA-1","2m","B","0","Other",0.284528605394816,-0.222300237869688,-0.0877380643748966,-0.143361532529688
"CP018_2m_B_GCTACCACAACTTAAT-1","2m","B","4","Other",-0.218732619902482,0.497219738709617,0.381246853436862,1.18949655520075
"CP018_2m_B_GCTACCACAAGAGACC-1","2m","B","1","Other",-0.313408941569207,-0.246974218214156,0.304802814637327,-0.152940298633082
"CP018_2m_B_GCTACCACAAGCACAA-1","2m","B","0","Other",0.510888215782844,-0.244551930548799,-0.0969861500840728,-0.141613111704926
"CP018_2m_B_GCTACCACACGCGAAG-1","2m","B","4","HIV-Specific TCR",-0.30529707199202,0.986553014157947,0.487154656559585,2.07256186766031
"CP018_2m_B_GCTACGCCAATTAATC-1","2m","B","0","Other",0.120421757157933,-0.200024407463082,0.0777533567274486,-0.12955406387367
"CP018_2m_B_GCTACGCCACCACAGC-1","2m","B","3","Other",-1.27793656929984,2.15780369388575,0.242399853236309,-0.144382067669015
"CP018_2m_B_GCTAGCCCAGGATAGC-1","2m","B","0","Other",0.386555835301348,-0.192389577845512,0.196396555859832,-0.127950398097679
"CP018_2m_B_GCTAGGGCAACAATTT-1","2m","B","5","Other",0.150285855191413,-0.215213800661996,-0.0957799417181168,-0.137295950484507
"CP018_2m_B_GCTAGGGCAGTACGAA-1","2m","B","8","Other",0.743371298367281,-0.231717338805658,0.0652271712768418,-0.141857047264566
"CP018_2m_B_GCTATCGCACTAGAAG-1","2m","B","8","Other",0.465665501498392,-0.0289079609377214,-0.0678116636412733,-0.0917829761259673
"CP018_2m_B_GCTATTACAATACCTA-1","2m","B","0","Other",-0.223718624731887,-0.00219377317321076,-0.0639358604214127,-0.112209305614257
"CP018_2m_B_GCTATTACAATCAAGG-1","2m","B","0","Other",0.498557698808725,-0.262567528798007,-0.102341353123258,-0.143959563328144
"CP018_2m_B_GCTATTACAGTCTCGA-1","2m","B","0","Other",0.344215502311754,0.00676007463699796,-0.0998211367520023,-0.137918677448869
"CP018_2m_B_GCTCAATCACGTTATA-1","2m","B","2","Other",0.416661026220105,-0.303992818886007,0.120556293718739,0.00173723267023426
"CP018_2m_B_GCTCAATCAGCGGTAG-1","2m","B","1","Other",-0.699821279451542,-0.112176940762632,0.138236655322031,0.0711578000357393
"CP018_2m_B_GCTCAATCAGGATAGC-1","2m","B","0","Other",0.13517386005928,-0.195136947497859,-0.0760974624482873,-0.116785095679106
"CP018_2m_B_GCTCAATCAGTATGGA-1","2m","B","0","Other",0.896306675838531,-0.257988028943655,-0.107921439208637,-0.126645890911234
"CP018_2m_B_GCTCCAACAACATACC-1","2m","B","8","Other",0.32677676461309,0.092996737774268,-0.103020701834555,-0.13091793843347
"CP018_2m_B_GCTCGGTCAAAATGGT-1","2m","B","0","Other",0.494049963080623,-0.270459260472282,0.0545170241209947,0.0779884056046641
"CP018_2m_B_GCTCGGTCAAACCTAC-1","2m","B","5","Other",0.00412081843290801,-0.195332185051296,-0.0634038133781199,-0.138039091881397
"CP018_2m_B_GCTCGGTCAAATCGAG-1","2m","B","0","Other",0.302664924233073,-0.235066627824789,-0.0919232604241445,0.0741224794001072
"CP018_2m_B_GCTCGGTCAATACGGA-1","2m","B","4","HIV-Specific TCR",-0.850611655013247,0.805138388130675,0.58759610748348,1.43724126927538
"CP018_2m_B_GCTGACCCAAACATGG-1","2m","B","0","Other",0.344640728325447,-0.222547667752603,-0.104057794853735,-0.122631523866801
"CP018_2m_B_GCTGACCCACGATTAC-1","2m","B","0","Other",-0.0571830764121712,-0.223368657310898,-0.0743861247994702,-0.12744109954594
"CP018_2m_B_GCTGTATCACTATCCC-1","2m","B","0","Other",0.236975202666527,-0.211773363263434,-0.108641650387959,-0.154406302373283
"CP018_2m_B_GCTTACGCAAGCTTAC-1","2m","B","0","Other",0.0405173836557791,-0.20295650854986,-0.0843193745260485,-0.126624992778959
"CP018_2m_B_GCTTACGCAATGTGAG-1","2m","B","0","Other",0.400833161929227,-0.255310605871669,-0.119913281092018,-0.136860903988878
"CP018_2m_B_GCTTAGTCAAATGACG-1","2m","B","0","Other",0.964642885076989,-0.23385262366622,-0.0904423286630115,-0.157556546783445
"CP018_2m_B_GCTTAGTCACATCGCA-1","2m","B","0","Other",0.122393327070392,-0.163164056015316,-0.0656971770214782,0.210265924413783
"CP018_2m_B_GCTTAGTCAGCTTTAA-1","2m","B","6","Other",-0.460542075975166,1.60870446788894,0.2070375663176,-0.182544360625432
"CP018_2m_B_GCTTAGTCAGGTTGGG-1","2m","B","8","Other",0.946736447014781,-0.226779026969494,0.239134789703901,0.120628749618814
"CP018_2m_B_GCTTATACAACGCGTC-1","2m","B","0","Other",0.539111440891529,-0.192313132466755,0.0643184515933145,0.200251035636188
"CP018_2m_B_GCTTATACAATCGGCC-1","2m","B","0","Other",0.0878334095476256,-0.238366150890637,-0.0966984180048703,-0.133817147868523
"CP018_2m_B_GCTTATACACCGTACA-1","2m","B","0","Other",0.561600850755245,-0.233101595572591,0.0756422954691681,-0.135217830217415
"CP018_2m_B_GCTTATACAGTTAATT-1","2m","B","0","Other",0.228957066050248,-0.0646391889758906,-0.0761489815331605,-0.0883112811527895
"CP018_2m_B_GCTTCGACACACTACG-1","2m","B","0","Other",0.0374709558991129,-0.232340500893021,-0.118290154882527,-0.138071223638431
"CP018_2m_B_GCTTCGACACGGTGCT-1","2m","B","0","Other",0.0770367064397577,-0.0723867309439678,0.0429125817718817,0.144100194677247
"CP018_2m_B_GCTTTAACAATCCTAA-1","2m","B","8","Other",0.475719231515606,-0.212897197858738,-0.0836513365767519,0.215937018128223
"CP018_2m_B_GCTTTAACACCTGACA-1","2m","B","0","Other",0.553838292262869,-0.259583529708924,-0.103773827726903,-0.129050371273964
"CP018_2m_B_GCTTTAACAGGAGCCA-1","2m","B","0","Other",0.357904228500844,-0.0964830311843372,0.0503478267203976,-0.162702326809042
"CP018_2m_B_GGAAACCCACGATGGG-1","2m","B","0","Other",0.0026635775425663,-0.192467003157911,-0.0672368140816836,0.203848970492364
"CP018_2m_B_GGAAACCCAGGGTCTC-1","2m","B","1","HIV-Specific TCR",-0.205885176025215,0.380475773479128,0.264932436228693,0.0326275653221308
"CP018_2m_B_GGAAAGGCAACGAAGC-1","2m","B","0","Other",0.34696209758984,-0.205658015198483,-0.056806420787195,0.172139049395689
"CP018_2m_B_GGAAAGGCACCAACGC-1","2m","B","0","Other",0.157543833526817,-0.233697407975322,-0.0909839932979896,-0.135948062196146
"CP018_2m_B_GGAACCGCAGGTTGGG-1","2m","B","0","Other",-0.0642008259637772,-0.177812631626696,-0.0937853490337298,-0.142135131608978
"CP018_2m_B_GGAAGCTCAACTCGGC-1","2m","B","7","Other",0.528190492275799,0.0745264591340557,-0.0836927120364694,-0.125993665020622
"CP018_2m_B_GGAAGCTCAAGCAAGC-1","2m","B","0","Other",0.401842640995481,-0.230599372453889,-0.0988466408674423,-0.163265774861374
"CP018_2m_B_GGAAGCTCAATACACC-1","2m","B","4","Other",-1.25384753471737,2.05018189288185,0.236842037153816,1.36860644148082
"CP018_2m_B_GGAAGCTCACAACCCA-1","2m","B","0","Other",0.0925002327136837,0.138932588978563,0.0811352381501253,0.162208567237845
"CP018_2m_B_GGAAGCTCACATCTCC-1","2m","B","1","Other",-0.871118303856416,-0.0599575888762226,0.144776796673494,-0.172691382805291
"CP018_2m_B_GGAAGGACAAGCCGTC-1","2m","B","4","Other",-0.791449163780347,-0.152478259735059,0.0276184659230829,2.00235807093513
"CP018_2m_B_GGAAGGACACGTATCG-1","2m","B","0","Other",0.543725076178723,0.168361390224631,-0.0950468464926652,-0.131672448849798
"CP018_2m_B_GGAAGGACAGCTATCG-1","2m","B","5","Other",0.0777974786429532,-0.231911039392419,-0.0752534357908479,-0.12388109761464
"CP018_2m_B_GGAATATCAAACGCAA-1","2m","B","0","Other",0.473852768744181,0.203063717451949,-0.0709228933021101,-0.128978800434709
"CP018_2m_B_GGAATATCAATCACGT-1","2m","B","1","Other",-0.785709419539707,0.025998699728811,0.146523169127643,-0.191188238876057
"CP018_2m_B_GGAATATCAATGCGAA-1","2m","B","0","Other",0.559027409516478,-0.247581581058388,0.0390842915516942,0.187367417778521
"CP018_2m_B_GGAATATCACCGTACA-1","2m","B","2","Other",-0.224658551450917,-0.0884267273376663,0.121567234286813,0.194248174020983
"CP018_2m_B_GGAATATCAGTTGAAG-1","2m","B","0","Other",0.411474610883769,-0.134497915336097,-0.101805490068307,-0.119810824325573
"CP018_2m_B_GGAATCACAGCGCTAC-1","2m","B","0","Other",0.386562521652894,-0.223152112432481,-0.084210124056078,-0.126612736971966
"CP018_2m_B_GGACAACCAATGCATC-1","2m","B","0","Other",0.266411183723418,-0.253135624486053,0.0157948545823865,-0.152681446597467
"CP018_2m_B_GGACAACCAGGGCGTA-1","2m","B","4","HIV-Specific TCR",-1.02114174834045,0.694332954228001,0.452792418178106,1.29409001459252
"CP018_2m_B_GGACACGCACCACCAA-1","2m","B","0","Other",0.0359776903960878,-0.206789566481004,-0.076265293165518,-0.110490561505902
"CP018_2m_B_GGACACGCACCATACG-1","2m","B","0","Other",-0.23626235481989,0.153724345044425,-0.0838122551739137,-0.108135770819597
"CP018_2m_B_GGACACGCACCCTATC-1","2m","B","5","Other",-0.0466669493848784,-0.20104831301783,0.0426092658137608,-0.0999729509901851
"CP018_2m_B_GGACACGCAGCGGACA-1","2m","B","0","Other",0.0701945208885393,-0.188491050968183,-0.0699536497395581,-0.121193352978144
"CP018_2m_B_GGACACGCAGGCTTCA-1","2m","B","0","Other",0.0390932271156865,-0.261517921057925,-0.113265269676796,0.119580801451975
"CP018_2m_B_GGACACGCAGTTAATT-1","2m","B","3","HIV-Specific TCR",-0.902145006742362,1.53133531835462,0.350834842560491,-0.0720746573291723
"CP018_2m_B_GGACCGACAACCCATG-1","2m","B","0","Other",-0.490415901721712,-0.208337580844656,-0.0740982562658607,-0.122226307992472
"CP018_2m_B_GGACGCACAACAATGG-1","2m","B","7","Other",0.577568255860477,0.105588114990819,0.060263383131739,-0.15939105320631
"CP018_2m_B_GGACGCACACATAGAG-1","2m","B","0","Other",0.607348501066213,-0.169568099107705,-0.0762551395369465,-0.120162182632225
"CP018_2m_B_GGACTAACAACTTTAG-1","2m","B","0","Other",0.135417937507883,-0.160086705407833,0.199787756349438,-0.0891376244263435
"CP018_2m_B_GGACTAACACCAACAT-1","2m","B","6","Other",-0.453851398175052,1.49876631062795,-0.0585484192490724,-0.0983530347533176
"CP018_2m_B_GGACTAACACTGACAT-1","2m","B","4","HIV-Specific TCR",-0.759711447278002,2.31537856590862,0.467766526728012,1.18958240804517
"CP018_2m_B_GGACTAACAGTACAAG-1","2m","B","0","Other",0.466598199035453,-0.229038755382776,-0.0770969249581657,-0.144719201304715
"CP018_2m_B_GGAGCCACAACAGTCT-1","2m","B","4","Other",-0.652018216012276,-0.0540598352319192,0.174415143940856,1.99359096366095
"CP018_2m_B_GGAGCCACAATATGCC-1","2m","B","0","Other",0.00374416763507335,-0.17494728237321,-0.0659514550209524,-0.0753295669907785
"CP018_2m_B_GGAGCCACACAACGGG-1","2m","B","0","Other",0.37923959241557,-0.122242527585935,0.0169118577594237,0.116066842209819
"CP018_2m_B_GGAGCCACACGCGTTA-1","2m","B","4","HIV-Specific TCR",-0.206001803746495,1.54567525970072,0.573845927730343,0.316603119003366
"CP018_2m_B_GGAGTCGCAATGTCCG-1","2m","B","0","Other",0.117071712959837,-0.24190304929451,-0.114306734443088,-0.145981004786691
"CP018_2m_B_GGAGTTACAAAGTTCC-1","2m","B","0","Other",0.368857530627011,-0.19313749555754,-0.0861715533765215,0.158535063884828
"CP018_2m_B_GGAGTTACAGTCAATC-1","2m","B","0","Other",0.216873577334765,-0.196830100062903,0.143137590083953,-0.128508047389627
"CP018_2m_B_GGATAGCCACCACGGT-1","2m","B","0","Other",0.296431434481401,-0.204002461514022,0.0598834546327137,-0.131648776359627
"CP018_2m_B_GGATAGCCACCAGTGC-1","2m","B","3","HIV-Specific TCR",-1.07766605162806,1.10144474632766,0.241156726043719,-0.142574846956642
"CP018_2m_B_GGATCAACAAATATAG-1","2m","B","4","HIV-Specific TCR",-0.265286859396865,1.22127719073038,0.405281871362259,0.61174427180259
"CP018_2m_B_GGATCAACACAAACCT-1","2m","B","0","Other",0.221253799296064,-0.0802730986964455,0.0620763583823359,0.13703697944395
"CP018_2m_B_GGATCAACACCCAGTA-1","2m","B","5","Other",0.110118357529843,-0.23696299097876,-0.0069195658368264,-0.1384578030568
"CP018_2m_B_GGATGACCACACTATA-1","2m","B","5","Other",0.795416115064782,-0.217893231983074,0.00132652675901253,-0.14721988776237
"CP018_2m_B_GGATGACCAGTGGCGA-1","2m","B","3","Other",-0.895190633493617,1.95705700712845,0.125903245437889,0.30861072307741
"CP018_2m_B_GGATGGTCAAAGCGTA-1","2m","B","6","Other",-0.0737033694230214,0.854863956065779,0.0744307708324603,0.46241030712101
"CP018_2m_B_GGATGGTCAACATGCT-1","2m","B","4","HIV-Specific TCR",-0.959473879090401,1.8445370088073,1.09166659421602,0.289154488121455
"CP018_2m_B_GGATGGTCAACCCTCT-1","2m","B","5","Other",0.813415617310127,-0.224687940541117,-0.107166411947045,-0.139092020502519
"CP018_2m_B_GGATGGTCAATGAAAC-1","2m","B","5","Other",0.324403632381327,-0.233860283719829,-0.0695034731239134,-0.12023819014405
"CP018_2m_B_GGATGGTCAATGGGGT-1","2m","B","0","Other",0.625143643119547,-0.149507254547568,-0.1129750246691,0.0553747739946799
"CP018_2m_B_GGATGGTCACTGTAAC-1","2m","B","0","Other",0.336421569344745,-0.217590627927406,-0.0724550634650385,-0.144120212074811
"CP018_2m_B_GGATTAGCACCTTTCA-1","2m","B","0","Other",0.392106787199512,-0.0123559280534076,-0.080916653956341,-0.0777567361536274
"CP018_2m_B_GGATTAGCACTATACA-1","2m","B","0","Other",0.346364537010115,-0.207570937053556,-0.0940050469475317,0.179533667896076
"CP018_2m_B_GGATTTCCAGGACTAA-1","2m","B","5","Other",0.0276911611936936,-0.22978474881948,-0.0970241745292496,-0.109973567832833
"CP018_2m_B_GGCAATACAACTATCA-1","2m","B","7","Other",0.294101551930607,-0.251246952775251,-0.0907251314880923,-0.125683365290233
"CP018_2m_B_GGCAATACAAGAGACC-1","2m","B","0","Other",0.400223326643975,-0.205991817058486,0.0456002831471418,0.166596682272444
"CP018_2m_B_GGCAATACACCAAGCC-1","2m","B","0","Other",0.186090924772633,-0.179332645895083,-0.0650355924019057,-0.0958720511622318
"CP018_2m_B_GGCATAACAACGCGCT-1","2m","B","0","Other",0.491556589595886,-0.201138191303797,-0.0680641419273503,-0.0939161571775827
"CP018_2m_B_GGCATAACAAGCATAG-1","2m","B","0","Other",0.479583352612841,-0.239865957246846,-0.0973294058457522,-0.184856250397166
"CP018_2m_B_GGCATAACACAATCCG-1","2m","B","0","Other",0.260173397173304,-0.197897357462444,0.340138433031475,-0.120960931675489
"CP018_2m_B_GGCATAACACCCAACA-1","2m","B","0","Other",0.143918649864738,-0.166371804767948,-0.0594126474447749,-0.12283450448709
"CP018_2m_B_GGCATAACACCCTGAA-1","2m","B","0","Other",0.32083521567865,-0.23224323589702,-0.0938660567087485,0.10283604269723
"CP018_2m_B_GGCATAACACTCACGA-1","2m","B","0","Other",0.295795764497387,0.0831425115128098,0.183151699640755,0.0628438998322959
"CP018_2m_B_GGCATAACAGTCCATG-1","2m","B","0","Other",0.479484178602243,-0.231403760574904,-0.104709471178588,-0.143900208571155
"CP018_2m_B_GGCATTTCACCGACTA-1","2m","B","0","Other",0.176213657225715,0.0906049907601154,-0.0980430837795346,-0.121615464443227
"CP018_2m_B_GGCCTTACAAAATCTT-1","2m","B","0","Other",-0.0176511051408732,-0.0429075965018389,-0.075699800498224,-0.124471951910829
"CP018_2m_B_GGCCTTACAAACACCT-1","2m","B","0","Other",0.50098082825997,0.0301303888738629,-0.103420312711001,0.0726968654390343
"CP018_2m_B_GGCCTTACAACAAGAT-1","2m","B","0","Other",0.427602338748202,-0.267496157295515,0.0576957038149374,-0.18197899058342
"CP018_2m_B_GGCGACACACTATCTT-1","2m","B","6","Other",-0.739449546939971,1.03202229249885,0.634936429978246,0.0117182751676838
"CP018_2m_B_GGCGCAACACTAAGCT-1","2m","B","4","Other",-0.932743186951146,0.750324652272398,0.177769577178653,1.11983203078539
"CP018_2m_B_GGCGTAGCACACTCGA-1","2m","B","1","Other",-0.26780043239846,-0.0385685658036291,0.153010899390932,-0.164118254966949
"CP018_2m_B_GGCGTAGCACAGCGAG-1","2m","B","1","Other",-0.396670644764216,-0.238371381897882,0.154877526492355,-0.101530745104577
"CP018_2m_B_GGCGTAGCAGGGCTCT-1","2m","B","0","Other",0.182681428732387,-0.0920525375287127,-0.0650255950059468,-0.105325962808809
"CP018_2m_B_GGCTACCCACCGGTTA-1","2m","B","0","Other",0.0497662853943781,-0.16898775120599,0.0436594900777881,-0.112263103513555
"CP018_2m_B_GGCTACCCACGCTTTC-1","2m","B","0","Other",0.0941617515323023,-0.184137973771492,0.0780874668693881,-0.118533909548804
"CP018_2m_B_GGCTACCCAGGTACAA-1","2m","B","6","Other",0.593644427947241,-0.217326720096456,-0.0994707398465159,-0.111890197032771
"CP018_2m_B_GGCTCTACAACTCGGC-1","2m","B","0","Other",0.334959482744537,-0.248982981538826,0.0105479676725106,0.0674706380208666
"CP018_2m_B_GGCTCTACAACTGCGC-1","2m","B","0","Other",0.174072146919857,-0.18486148352619,-0.0709156264872914,0.363856674111402
"CP018_2m_B_GGCTCTACAATGATCC-1","2m","B","0","Other",0.984580116727721,-0.0793482074116937,-0.0757692555955639,-0.151890959230236
"CP018_2m_B_GGCTTCACACACGGTC-1","2m","B","0","Other",0.459673309366827,-0.253947010670824,-0.109079394006267,0.27370933613713
"CP018_2m_B_GGCTTCACAGGAGTCG-1","2m","B","2","Other",-0.626877663228457,0.607720673251956,0.307449717640375,0.944201393000145
"CP018_2m_B_GGGACATCACCCATTC-1","2m","B","0","Other",0.0464356216572699,-0.0688042372741937,-0.0608584160747981,-0.0900215767047033
"CP018_2m_B_GGGACATCACTATGAC-1","2m","B","0","Other",0.200245492603207,-0.204028786037594,0.0879018193380025,0.195183775563136
"CP018_2m_B_GGGACATCAGCTATTA-1","2m","B","0","Other",0.661511935168023,-0.064148773740947,0.107560361546688,-0.155136878503175
"CP018_2m_B_GGGACATCAGTTCACG-1","2m","B","0","Other",0.0109646704193935,0.0242751579339219,-0.0672035927554013,0.26035703116192
"CP018_2m_B_GGGAGAACAAAAGTTA-1","2m","B","1","Other",0.114779501453561,-0.228028903393218,0.0486229293894617,-0.16188926375443
"CP018_2m_B_GGGAGAACAACATAGG-1","2m","B","0","Other",0.14028766118493,-0.198349695276598,-0.0676878856768746,-0.141369131857354
"CP018_2m_B_GGGAGAACAATGAAAC-1","2m","B","0","Other",0.0431077817898975,-0.346971717707665,-0.000625214729920595,-0.228958618906685
"CP018_2m_B_GGGCAATCAAACGCAA-1","2m","B","0","Other",0.457848524885636,-0.0805724080131705,-0.0667115235913815,-0.0832571592898612
"CP018_2m_B_GGGCAATCAACTTTAG-1","2m","B","0","Other",0.617438412707513,-0.0903352439185678,-0.0846978988007023,-0.105210594140591
"CP018_2m_B_GGGCAATCACCACAAT-1","2m","B","0","Other",0.276570769716899,-0.208343617843715,-0.081357088336355,-0.128627928234104
"CP018_2m_B_GGGCAATCACGGGTCT-1","2m","B","1","Other",0.299195485282989,-0.217472637157531,-0.0987820008325632,-0.138868356682153
"CP018_2m_B_GGGCAATCAGCGCTTA-1","2m","B","1","Other",0.598298654047493,-0.243446531045669,-0.115832122940265,0.134077319729773
"CP018_2m_B_GGGCAATCAGGACTAA-1","2m","B","1","Other",-0.701674174280855,-0.162896835276481,0.38370250845652,0.0438489624624356
"CP018_2m_B_GGGCTAGCAAAACGGC-1","2m","B","7","Other",0.263520660986172,-0.107682371013048,-0.0936281578538311,-0.124424044952309
"CP018_2m_B_GGGCTAGCACATCGGC-1","2m","B","1","Other",-0.25361758935589,-0.27725501291266,-0.117059607138032,-0.186042624130241
"CP018_2m_B_GGGCTAGCAGCCTTAG-1","2m","B","0","Other",0.416252502296884,-0.19496752627793,-0.0625645114957925,-0.0835673301487204
"CP018_2m_B_GGGCTAGCAGGTCTAT-1","2m","B","5","Other",0.551699193496898,-0.275906748223309,-0.0439465147258543,0.0298115812615269
"CP018_2m_B_GGGCTCTCAACTGCGC-1","2m","B","1","Other",0.492373520536062,-0.0705533168683636,-0.0955122091260498,-0.164491747685259
"CP018_2m_B_GGGCTCTCAATAACTT-1","2m","B","5","Other",0.173833953009995,0.15989889671684,-0.0855912892333896,-0.162865915728593
"CP018_2m_B_GGGCTTCCAACTGCGC-1","2m","B","0","Other",0.63411749364603,-0.0476345809240246,-0.10944096851545,0.24793757139607
"CP018_2m_B_GGGGCTACAATGTGAG-1","2m","B","0","Other",0.711539265276373,-0.144832337618999,-0.115414664192514,0.0796414416942589
"CP018_2m_B_GGGGCTACAGGAACCG-1","2m","B","0","Other",0.584622722659657,-0.0858479249796109,-0.132705054095878,-0.184568652240966
"CP018_2m_B_GGGTATACAATAAGAC-1","2m","B","0","Other",0.517703991259986,-0.205954269169637,0.0593460235686294,-0.103459630351951
"CP018_2m_B_GGGTCAGCAACCTGCA-1","2m","B","0","Other",0.857987976924281,-0.276750308186368,-0.101737801954574,-0.108116697634954
"CP018_2m_B_GGGTCAGCAAGCGCTC-1","2m","B","1","Other",-0.856421692784699,0.113811936930978,0.170250496790411,-0.161392635416627
"CP018_2m_B_GGGTCTCCAAGCTGCC-1","2m","B","4","HIV-Specific TCR",-0.386966156854972,0.292749083211113,0.150834632794536,1.60954809004318
"CP018_2m_B_GGGTCTCCACAGTCAT-1","2m","B","8","Other",0.0501196543180158,-0.183241337719468,-0.0776589332571318,0.285710699682797
"CP018_2m_B_GGGTCTCCAGTCAATC-1","2m","B","5","Other",0.212705009862644,0.0948286834707267,-0.0900061500617642,-0.124579170078948
"CP018_2m_B_GGGTGCACAAGCAGTA-1","2m","B","0","Other",0.591756962088891,0.0983911649717324,-0.122759892130706,0.167904107648036
"CP018_2m_B_GGGTTAACAACTTACA-1","2m","B","0","Other",0.393392197184348,-0.208638081161847,-0.0904544193672821,0.186071176919938
"CP018_2m_B_GGGTTAACAGGTATCT-1","2m","B","0","Other",0.623555262374939,-0.202978705421075,-0.0786164243806441,-0.104178923339929
"CP018_2m_B_GGGTTCCCACCGACTA-1","2m","B","0","Other",0.441638527308089,0.173329233862339,-0.0816118787834353,0.167666118173554
"CP018_2m_B_GGTAACACAGGCGTTC-1","2m","B","0","Other",0.0136142930879624,-0.0748080997936064,-0.0783798899806333,-0.131972836293245
"CP018_2m_B_GGTAAGCCAACGCTCA-1","2m","B","0","Other",-0.0486535870230971,0.0421359125657978,-0.0951750687068672,0.165809975904681
"CP018_2m_B_GGTAGCGCAATTCGGT-1","2m","B","5","Other",0.0724945390620562,0.0738258859999306,-0.0828257152651584,-0.134065891110036
"CP018_2m_B_GGTAGCGCAGGGTTAA-1","2m","B","7","Other",0.454002185983688,-0.230783159643241,-0.108168157535352,-0.151326281960319
"CP018_2m_B_GGTATCTCAAATCTCA-1","2m","B","3","Other",-1.14910575293118,1.85043169197364,-0.071570834752729,-0.109824823478281
"CP018_2m_B_GGTATCTCACATATCA-1","2m","B","2","Other",0.18109115836629,-0.310621726316136,0.442855052563591,0.148573401271142
"CP018_2m_B_GGTATTCCACAGCGAG-1","2m","B","4","Other",-0.413477271393107,-0.0637579317490454,0.208506960157511,1.75595154356804
"CP018_2m_B_GGTATTCCACTATAGC-1","2m","B","5","Other",0.696121646709318,-0.166355253923276,-0.101372546823643,-0.14138445871824
"CP018_2m_B_GGTCATTCAGTTAAGG-1","2m","B","1","Other",-0.484250822391541,-0.0601529242931774,0.0753213531083436,-0.171939028208672
"CP018_2m_B_GGTCGTCCAATAGCCT-1","2m","B","0","Other",0.397176686351965,-0.221101232645016,-0.099412532071013,0.287992944051996
"CP018_2m_B_GGTCTATCAACCTAAC-1","2m","B","0","Other",0.17585929728602,-0.199192325925312,-0.0759264082261362,0.536054876204195
"CP018_2m_B_GGTCTATCAAGGCTCC-1","2m","B","0","Other",0.0695858096913837,-0.204032505817002,-0.0815290661535261,-0.123785057979145
"CP018_2m_B_GGTCTATCACCTGCTT-1","2m","B","0","Other",0.510354170192523,-0.228098480723191,-0.101659950385011,0.188872713993874
"CP018_2m_B_GGTGATACACTGCGTA-1","2m","B","1","Other",-0.314639610173466,0.0870274910993633,0.108462878067329,-0.185830616489075
"CP018_2m_B_GGTGCGACAGGAAGGA-1","2m","B","0","Other",0.506979326994271,-0.0601858502619056,-0.0718417790086054,0.16215807457019
"CP018_2m_B_GGTTACTCACTAAGCT-1","2m","B","5","Other",0.583183449581251,0.0218912059329826,-0.0859422368732583,-0.127609347675761
"CP018_2m_B_GGTTACTCACTGACAT-1","2m","B","0","Other",-0.0602020674132047,-0.121214413030192,-0.092490062478842,-0.12273986062249
"CP018_2m_B_GGTTCATCAAGCTTCG-1","2m","B","2","Other",-0.104864495413624,0.844502331110381,0.288992009618226,-0.165583116786714
"CP018_2m_B_GGTTGCCCAAAGGCCG-1","2m","B","5","Other",0.640822757428805,-0.0975822333305502,0.194364044984527,-0.162983816252393
"CP018_2m_B_GGTTGCCCACATGATC-1","2m","B","8","Other",0.357700915036387,-0.205781484917503,0.032797157708356,0.114590708672544
"CP018_2m_B_GGTTGCCCACGCAGGA-1","2m","B","5","Other",0.0476084277449551,-0.217202799439583,-0.0821814781162825,-0.157772579513531
"CP018_2m_B_GGTTGCCCAGTGGGAT-1","2m","B","5","Other",0.910743444950672,-0.215137721763928,-0.0915922294324131,-0.155127302001143
"CP018_2m_B_GGTTGGGCAGCGACAG-1","2m","B","0","Other",0.815856904722074,0.0941650064332038,-0.0960341043414862,-0.150198323543932
"CP018_2m_B_GGTTGGGCAGTCTAAC-1","2m","B","0","Other",0.340458897359607,0.293736547111472,-0.0958532407175084,0.275652535400302
"CP018_2m_B_GGTTGGGCAGTGATAG-1","2m","B","0","Other",0.513899875937539,0.249212983168286,-0.112122439968684,-0.185031973639938
"CP018_2m_B_GGTTGGGCAGTTCACG-1","2m","B","0","Other",0.500627393292956,-0.228739380768192,-0.114807429808479,-0.13641252562697
"CP018_2m_B_GGTTTACCAAGTGTTC-1","2m","B","0","Other",0.813188755540666,-0.0818160096830288,0.0473537082688922,-0.133575303279477
"CP018_2m_B_GGTTTACCACAATGCT-1","2m","B","0","Other",0.436482334984479,-0.224942199941186,-0.100866372743146,-0.187425783023411
"CP018_2m_B_GGTTTCGCACAATTAT-1","2m","B","6","Other",-1.05729390044969,0.857482630735737,0.0928715021302037,-0.168416923034601
"CP018_2m_B_GGTTTCGCACGCGAAG-1","2m","B","4","Other",-0.236915448383257,0.679987621252953,0.663440798744332,0.408611911096929
"CP018_2m_B_GGTTTCGCACTGTAAC-1","2m","B","0","Other",0.269512060822131,-0.207870415505049,-0.0845206399926424,-0.158971162017536
"CP018_2m_B_GTAAACGCACGTCAAT-1","2m","B","0","Other",0.521507811296301,-0.210744129234039,-0.0819693592082176,-0.123238253091743
"CP018_2m_B_GTAAAGTCAACACCCA-1","2m","B","5","Other",0.0288439452308247,-0.159257082716891,-0.0702848232495389,-0.12164645828944
"CP018_2m_B_GTAAAGTCAACTCTCC-1","2m","B","4","Other",-0.731026981129111,-0.0815845316739499,0.26238088435302,1.7444287375425
"CP018_2m_B_GTAAAGTCAGCGCACT-1","2m","B","0","Other",0.1126437618553,-0.0706964560960737,-0.0851195693918897,0.170815656721791
"CP018_2m_B_GTAACCTCACGCATCA-1","2m","B","0","Other",0.191406923785379,-0.222128508980458,-0.0960213426021143,-0.141557541962931
"CP018_2m_B_GTAACCTCACTGCAAT-1","2m","B","8","Other",0.650571157817218,-0.0262078192415724,-0.0770247406423836,-0.111936440342252
"CP018_2m_B_GTAAGATCACTAGGAA-1","2m","B","7","Other",0.166772971745716,0.4431383817918,-0.059051627356202,-0.115221188628806
"CP018_2m_B_GTAATCCCAATCGCGC-1","2m","B","0","Other",0.495754096542306,-0.185890610794723,0.264526711160505,0.425180753048208
"CP018_2m_B_GTAATCCCACCTTCCG-1","2m","B","0","Other",0.0206107082143092,-0.00738466542079266,-0.074342598135242,-0.103244414894043
"CP018_2m_B_GTAATCCCAGGCATAA-1","2m","B","0","Other",0.465224413240307,-0.168988858562683,-0.0836892610086216,0.178136608673975
"CP018_2m_B_GTACAAGCACGGTGTC-1","2m","B","0","Other",0.578958270112159,-0.255104138575814,0.168198844605467,-0.137515615137083
"CP018_2m_B_GTACATCCAACTTTAG-1","2m","B","0","Other",0.296130337782972,-0.203699151587744,-0.106658470386448,-0.159633935582588
"CP018_2m_B_GTACATCCACTCTAGG-1","2m","B","0","Other",0.0713693628443766,-0.220758031061455,-0.107894372481111,-0.122042408368854
"CP018_2m_B_GTACGAACACTCCACT-1","2m","B","8","Other",0.30017772659316,-0.0592141637674364,-0.0787107100777619,0.256513448666702
"CP018_2m_B_GTACGCCCAAATTGGG-1","2m","B","8","Other",0.0418829055129781,-0.162536594629293,-0.0524031981952289,-0.109030798473402
"CP018_2m_B_GTACGCCCAAGGCACG-1","2m","B","1","Other",-0.758940072148221,-0.229499931286391,-0.104313946955839,-0.161921606768034
"CP018_2m_B_GTACGCCCAGCCCATA-1","2m","B","5","Other",0.0408813209142216,0.418009658006153,0.14959290028811,-0.110927554891272
"CP018_2m_B_GTACGGGCAATCAACC-1","2m","B","0","Other",0.270445137182314,-0.13225312299336,-0.0602169467853623,-0.0849970441484532
"CP018_2m_B_GTACGGGCACACGGTC-1","2m","B","0","Other",0.0344427682636887,-0.241323658851681,0.183908210806488,-0.136290966471048
"CP018_2m_B_GTACTCGCAGTCCACA-1","2m","B","0","Other",0.457905181280391,-0.0654814620029975,0.0604350052245663,-0.121092670854863
"CP018_2m_B_GTAGCCCCAAACTCTA-1","2m","B","0","Other",0.503878775072791,0.126089354648644,-0.0662292357511499,0.392984485366126
"CP018_2m_B_GTAGCCCCACCATCGA-1","2m","B","6","Other",0.116495031530949,-0.238599900760863,-0.0865502551489257,-0.131952039128487
"CP018_2m_B_GTAGCGGCACAAGTAG-1","2m","B","5","Other",0.26327912155705,-0.226083469573209,-0.0919257446088531,-0.147246683714803
"CP018_2m_B_GTAGGCGCAACAGACA-1","2m","B","1","Other",-0.358313380826091,-0.018244511517279,0.105191539508763,-0.0988406739643582
"CP018_2m_B_GTAGGCGCAACTAAGG-1","2m","B","0","Other",0.269318184293202,-0.0753662447779301,-0.0908092660601308,0.314769504175115
"CP018_2m_B_GTAGGCGCAAGCTGAA-1","2m","B","8","Other",0.655188231852003,-0.224968455964255,-0.10685277506585,-0.111135372102078
"CP018_2m_B_GTAGGGTCAAACCATC-1","2m","B","4","Other",-0.646460334686113,2.32437053967895,0.960029875263475,0.478297474015724
"CP018_2m_B_GTAGGGTCAAGAAGCC-1","2m","B","7","Other",0.314888991186733,-0.199093541826821,-0.079637281830049,0.163964450067162
"CP018_2m_B_GTAGGGTCAGGTAAAT-1","2m","B","0","Other",0.805035494817068,-0.230386460007364,0.122791695010616,-0.100850923652266
"CP018_2m_B_GTAGGGTCAGTGCATT-1","2m","B","0","Other",0.34613090751016,-0.0486224528884313,-0.088392923572284,-0.115283685499933
"CP018_2m_B_GTAGTAGCAAATATCT-1","2m","B","0","Other",0.386696667627638,-0.0887587654740849,-0.0904463295861264,-0.131323638033477
"CP018_2m_B_GTAGTAGCACATCGCA-1","2m","B","0","Other",0.323385812091226,0.0659131857726596,-0.0975122776885627,0.0943179948559053
"CP018_2m_B_GTATACCCAAATATAG-1","2m","B","1","Other",0.140244820050942,0.0864473995402895,-0.0767320887366777,0.489835464472717
"CP018_2m_B_GTATACCCACAGCGTC-1","2m","B","8","Other",0.128689885975003,-0.254147959016436,-0.106495471235152,-0.153302730067231
"CP018_2m_B_GTATACCCACATGCCA-1","2m","B","0","Other",0.298628497790911,-0.216708312112186,-0.0534196441690841,-0.0965659080198707
"CP018_2m_B_GTATAGGCAATATTAC-1","2m","B","1","Other",-0.780830828559272,-0.263224717528554,0.163411566293935,0.172721413139853
"CP018_2m_B_GTATCACCAATAGGCA-1","2m","B","6","Other",-0.87569184245778,2.19952463376923,-0.098593113828944,-0.159877543601165
"CP018_2m_B_GTATGCTCACACCTCT-1","2m","B","0","Other",0.56421635285743,-0.244605472161642,-0.10252518990497,0.271073705412326
"CP018_2m_B_GTATGGACACGCATCA-1","2m","B","5","Other",0.158583581044394,-0.2023385050843,0.0402788436283753,0.126952812417474
"CP018_2m_B_GTATGGACAGTCAAGA-1","2m","B","0","Other",0.405684941357135,-0.227732995771827,-0.0705628225667149,-0.136286737750933
"CP018_2m_B_GTATGTCCAAGGGCAT-1","2m","B","0","Other",0.502356210238006,-0.234938967150165,-0.0974721436876201,-0.10426472515345
"CP018_2m_B_GTATTCACAACAGAGC-1","2m","B","4","HIV-Specific TCR",-0.782549619128263,1.3792229545449,0.97263473886794,0.672565488505216
"CP018_2m_B_GTCAAGACAATGCCCA-1","2m","B","1","Other",-0.360100535465715,-0.190937288841762,-0.0857373972778126,-0.104776375630571
"CP018_2m_B_GTCAAGACAGCAACTT-1","2m","B","1","Other",-0.714758939049009,0.154494192728664,0.344261348578457,-0.118485291841131
"CP018_2m_B_GTCAAGACAGTCTATA-1","2m","B","0","Other",0.0388365010444476,-0.137989416348309,-0.0667632528285694,0.191844600282458
"CP018_2m_B_GTCAATCCAACTGCGC-1","2m","B","0","Other",0.771599804668933,-0.220749666641148,0.0833250673426142,-0.172327599660977
"CP018_2m_B_GTCAATCCAATAGGCA-1","2m","B","0","Other",0.514102417375967,-0.253783736264656,0.0235435628210591,0.104288698136658
"CP018_2m_B_GTCACGCCACTATGGT-1","2m","B","0","Other",0.196800345253109,-0.0860621079930873,0.108043577418371,0.138897430672976
"CP018_2m_B_GTCATACCAACTCACG-1","2m","B","0","Other",0.504905713923306,-0.0536024683620181,-0.0931125378989404,-0.152828148577881
"CP018_2m_B_GTCATACCACCGACTA-1","2m","B","0","Other",0.310852990256519,-0.210519358581336,0.011039741504721,-0.165667336300791
"CP018_2m_B_GTCATCGCAAAACCGA-1","2m","B","0","Other",0.831241208477211,-0.221551069456824,-0.0611162907270654,-0.128740302016966
"CP018_2m_B_GTCATCGCAACGCGAG-1","2m","B","2","Other",0.238443551555499,-0.242551307285867,-0.149178073770864,-0.0892126684261463
"CP018_2m_B_GTCATCGCACGTGCTA-1","2m","B","5","Other",0.153811664264556,-0.0752337581816207,-0.0912956904540686,-0.136710239340201
"CP018_2m_B_GTCATCGCAGCATTTA-1","2m","B","1","Other",-0.455057080693305,-0.225196711722495,0.0227707586680922,-0.157679266102932
"CP018_2m_B_GTCATCGCAGGCTCTA-1","2m","B","0","Other",0.248867560384418,-0.0457103649860545,0.0751688353149854,-0.125065307540069
"CP018_2m_B_GTCATCGCAGTCACGC-1","2m","B","1","Other",-0.572061548514269,-0.0583149537408455,0.333680078673125,-0.201898442235848
"CP018_2m_B_GTCATCGCAGTCGCAC-1","2m","B","0","Other",0.193405787775631,-0.225325179886433,-0.0701668855372545,-0.109491888602419
"CP018_2m_B_GTCATCGCAGTGCGGA-1","2m","B","0","Other",0.543101053274518,-0.201876775951524,-0.0897771785303028,-0.141079167884563
"CP018_2m_B_GTCATCGCAGTTCGCA-1","2m","B","4","Other",-0.187229981716227,0.9810259473682,1.31294753046959,0.427122054772665
"CP018_2m_B_GTCCACACAAATCCGT-1","2m","B","0","Other",0.215910902677838,-0.166250104758741,0.0658079158465807,-0.115418364566356
"CP018_2m_B_GTCCACACAACGACCC-1","2m","B","0","Other",0.333506984225815,-0.206472242207642,0.0453887303973279,-0.154091273783775
"CP018_2m_B_GTCCACACACAGGTCC-1","2m","B","2","Other",-0.538817745916275,-0.235861467979167,-0.145778423625422,-0.182992123565817
"CP018_2m_B_GTCCACACAGTCCGTA-1","2m","B","8","Other",0.447286373814313,0.00821901156294949,0.0542336841560355,-0.109248302920313
"CP018_2m_B_GTCCATGCACCCTCAT-1","2m","B","0","Other",0.163941891751484,-0.227706087863627,-0.116016916787944,-0.135780074347834
"CP018_2m_B_GTCCATGCAGCTATCG-1","2m","B","0","Other",0.522271387938174,-0.280939522947696,-0.121952119737996,-0.189588879665825
"CP018_2m_B_GTCCGTACAGTCTTAA-1","2m","B","5","Other",0.664650590811501,-0.223532631275873,-0.0953877970999203,0.154174890571545
"CP018_2m_B_GTCCTAGCACGTCAGC-1","2m","B","0","Other",0.451543142559826,-0.212623985553574,-0.103421707679215,0.106786517869807
"CP018_2m_B_GTCCTAGCAGGAACTA-1","2m","B","0","Other",0.469009399870749,-0.263107769763958,0.0354603723680042,-0.164617662521807
"CP018_2m_B_GTCCTCTCAATCGAGA-1","2m","B","0","Other",0.485919334893347,-0.223451619257885,-0.110737454296901,-0.109543563450464
"CP018_2m_B_GTCCTCTCAGCGCTTA-1","2m","B","0","Other",0.648526518913024,0.0166380494777199,-0.0994422813630362,-0.107755156705967
"CP018_2m_B_GTCCTCTCAGGCAATA-1","2m","B","0","Other",0.321198519625009,-0.259885052671113,-0.100286561049158,-0.149262975014444
"CP018_2m_B_GTCGCACCAAGCTGAA-1","2m","B","0","Other",0.502157793350389,0.118679378562637,-0.0589349915091998,-0.0945503471709693
"CP018_2m_B_GTCGGAGCAATCAGTC-1","2m","B","0","Other",0.711692179051077,-0.213355851615421,-0.0736099167732889,-0.138061065657048
"CP018_2m_B_GTCGGAGCACAGTCGC-1","2m","B","0","Other",0.511689753718583,-0.073395687884334,-0.0830622120919204,-0.119621784257943
"CP018_2m_B_GTCGGAGCACTCACCT-1","2m","B","3","Other",-1.17304712256072,1.97834714980606,0.680523972660441,-0.0779441577560184
"CP018_2m_B_GTCGGAGCAGCTACAT-1","2m","B","0","Other",0.03850513969611,-0.043505681696176,-0.0984772439414033,-0.15955728573229
"CP018_2m_B_GTCTATACAAACGCGG-1","2m","B","5","Other",0.400703366410226,-0.210102161972826,-0.0813859346533095,-0.125948980383926
"CP018_2m_B_GTCTATACACGCGAAG-1","2m","B","0","Other",0.461666360732294,-0.230070190116089,-0.0833010924232574,0.131791420249786
"CP018_2m_B_GTCTATACAGTAACCT-1","2m","B","0","Other",0.313642952468823,-0.24377009055418,-0.0837628736553794,-0.145690245617581
"CP018_2m_B_GTCTCGACACATTGGT-1","2m","B","0","Other",0.55506857454927,0.0406957491529393,-0.094041671495967,0.103594932231301
"CP018_2m_B_GTCTGCACAGGTGATA-1","2m","B","1","Other",-0.174641625949691,-0.246116595609481,-0.117875518346623,-0.163211110692056
"CP018_2m_B_GTCTTAACACGAATCT-1","2m","B","0","Other",0.290733676205651,0.0939707850717871,-0.0757239109801223,0.351106770259697
"CP018_2m_B_GTCTTCCCAGTAAACG-1","2m","B","0","Other",-0.107359361445723,-0.0752239592749089,-0.074416636100589,-0.105850138345509
"CP018_2m_B_GTGAAATCAATCATTG-1","2m","B","0","Other",0.615238711021799,-0.252160332396233,-0.105479769511114,-0.135069670382382
"CP018_2m_B_GTGAAGCCAACGTGGG-1","2m","B","0","Other",0.0391864346703175,-0.0767730349480167,0.0433871762724586,0.298764564425484
"CP018_2m_B_GTGAAGCCAATCAAGG-1","2m","B","7","Other",0.12921180850351,-0.229944387679837,-0.0769046670755638,-0.123849225841093
"CP018_2m_B_GTGAAGCCACAGCATT-1","2m","B","0","Other",0.394113070202859,-0.0268344393026091,-0.0778579925758848,-0.138203171283431
"CP018_2m_B_GTGACCCCAATAGCGA-1","2m","B","0","Other",-0.0296982057811577,-0.201262906730994,0.0362114414768099,0.0944604456164658
"CP018_2m_B_GTGACCCCACGTTAGT-1","2m","B","0","Other",0.191550637990111,-0.177489148049245,-0.0664862142225353,-0.11280894406611
"CP018_2m_B_GTGAGCGCAACACCCA-1","2m","B","0","Other",0.530991706584305,-0.111504270809446,-0.10702497698498,-0.131156554003587
"CP018_2m_B_GTGAGCGCACGTACAT-1","2m","B","5","Other",0.302849540583419,-0.0321817121253518,-0.0841527496591748,-0.142752640286429
"CP018_2m_B_GTGAGCGCAGCGACGA-1","2m","B","0","Other",0.400676444851433,-0.206004809405193,-0.079364752032656,-0.118255393678113
"CP018_2m_B_GTGAGGTCAATCCGCA-1","2m","B","0","Other",0.439405079880316,-0.209677440873697,-0.100152331033094,-0.137731526837178
"CP018_2m_B_GTGAGGTCAGTCTAAC-1","2m","B","0","Other",0.16457790670372,-0.160729036077428,0.0779015243400503,-0.109633965982565
"CP018_2m_B_GTGATAGCAAAGTAAC-1","2m","B","0","Other",0.208890657804553,-0.237088804990767,0.0244954000630309,-0.133450959538757
"CP018_2m_B_GTGATAGCAAATTCGC-1","2m","B","0","Other",-0.193678648912857,-0.184382379504712,-0.0785850606351638,-0.0718246467741009
"CP018_2m_B_GTGATAGCAGCGTGTC-1","2m","B","0","Other",0.162299839482803,0.107538798437464,-0.0953052903526191,-0.139021831085081
"CP018_2m_B_GTGATTCCACATTCAA-1","2m","B","0","Other",0.192350122660923,-0.225984621688217,-0.0755609308913479,-0.105274689418319
"CP018_2m_B_GTGATTCCACCGCTAA-1","2m","B","1","Other",-0.359631232175785,0.684772997683636,0.152081364869661,-0.0731856940350687
"CP018_2m_B_GTGATTCCACGCATCA-1","2m","B","5","Other",0.16707110817136,-0.243199765840385,-0.0809338374122589,0.225087616347387
"CP018_2m_B_GTGATTCCACGCCATA-1","2m","B","8","Other",-0.130877949873862,-0.186382416816304,-0.0775969470903073,-0.151551731941199
"CP018_2m_B_GTGATTCCACTGACAT-1","2m","B","0","Other",0.259947164227601,-0.0771696168700387,-0.0912596230295749,-0.101209132427717
"CP018_2m_B_GTGATTCCAGCTTACG-1","2m","B","0","Other",-0.0514389785916296,-0.0590386858453485,-0.079356864479395,0.1552726930922
"CP018_2m_B_GTGATTCCAGTAAGAT-1","2m","B","0","Other",0.198020485664291,-0.170756639352476,-0.055845464801955,0.187088436652978
"CP018_2m_B_GTGCACCCAAAACTAA-1","2m","B","3","Other",-1.05356096314883,1.75358446487449,0.750099548458044,-0.123290006215594
"CP018_2m_B_GTGCACCCAAAGTATA-1","2m","B","0","Other",0.237443162433477,0.0245390855150266,-0.0785240340644641,-0.0912801337519445
"CP018_2m_B_GTGCACCCAACACCCA-1","2m","B","0","Other",0.436033246728827,-0.231618929330742,-0.0903716807645411,-0.11371037899525
"CP018_2m_B_GTGCAGGCAAATCGAG-1","2m","B","1","Other",0.159358090191779,-0.209659992084267,0.0473278586357727,-0.100855477037039
"CP018_2m_B_GTGCAGGCAATCACGT-1","2m","B","0","Other",0.564106692759552,-0.0959941248454784,-0.084490270181799,-0.123629769719758
"CP018_2m_B_GTGCAGGCAATGCAGA-1","2m","B","0","Other",0.128494726649786,-0.261361552169406,0.0367832642498392,0.102545355303158
"CP018_2m_B_GTGCAGGCACAGGTCC-1","2m","B","2","HIV-Specific TCR",-0.82808318136437,1.06214548399053,0.258705250160398,0.238510235950041
"CP018_2m_B_GTGCATTCAGCTTAGT-1","2m","B","0","Other",0.586907452661033,-0.272338723968741,-0.104624585434087,-0.169017716060871
"CP018_2m_B_GTGCGGACAATTGCTA-1","2m","B","2","Other",-0.208932266945637,-0.221387924509416,-0.104950636780732,-0.189445882229121
"CP018_2m_B_GTGCGGACACACAAGA-1","2m","B","7","Other",0.382105495801334,-0.194098654480225,-0.0898020322002001,-0.144211650083151
"CP018_2m_B_GTGCGGACACGCCAAC-1","2m","B","8","Other",0.182367124852486,-0.207505443738966,-0.104260836357376,-0.124649198701921
"CP018_2m_B_GTGCGGACACGTACGC-1","2m","B","0","Other",0.367704181443111,-0.198106461209381,-0.0896629175112701,0.158395975316302
"CP018_2m_B_GTGCGGACAGCATAGA-1","2m","B","3","Other",0.172551118004098,0.608116463424626,0.553560741926612,0.191833270494209
"CP018_2m_B_GTGCGTCCAAGAGATT-1","2m","B","7","Other",0.0832229501398298,-0.0368093910247358,0.0889577377098119,-0.0857179108878352
"CP018_2m_B_GTGGACGCAGCTAAAG-1","2m","B","0","Other",-0.205031212766836,-0.23112255926254,0.209391309379378,-0.141951174510281
"CP018_2m_B_GTGGCAGCAATAAGGT-1","2m","B","0","Other",0.364009997167517,-0.236975358967626,-0.114219838189982,-0.113350048024714
"CP018_2m_B_GTGGCAGCACAATCCG-1","2m","B","0","Other",0.599993355658614,-0.0708022376312121,-0.104482216113878,-0.135424826807229
"CP018_2m_B_GTGGCAGCAGCTCCAA-1","2m","B","0","Other",0.236880939569818,-0.248250128013452,-0.112884224609054,0.130887711701616
"CP018_2m_B_GTGGCGACAAACGAGC-1","2m","B","0","Other",0.76544285607861,-0.214073176829871,0.0507557528899515,-0.103019109830936
"CP018_2m_B_GTGGCGACACGTGCTA-1","2m","B","0","Other",0.693945416947069,-0.24605155850615,0.031223231925372,-0.197917133358289
"CP018_2m_B_GTGGCGACAGTCAATC-1","2m","B","0","Other",0.565761238468914,0.00465503524789918,0.0234253750665152,-0.146522581333724
"CP018_2m_B_GTGGGATCAACAATTT-1","2m","B","6","Other",0.154958413615276,-0.208917777111636,-0.1030517435232,-0.117152282320522
"CP018_2m_B_GTGGGATCAGGTAACA-1","2m","B","0","Other",0.59180860875748,-0.224100655621297,0.0369203381250264,-0.12120912493077
"CP018_2m_B_GTGGTAACAAAGCTAG-1","2m","B","0","Other",0.175666728217952,0.0127334500991953,-0.069242884805583,0.140077690183147
"CP018_2m_B_GTGGTAACAATATTAC-1","2m","B","0","Other",0.536712342877236,-0.168151183806813,-0.061768704593849,0.16798531175489
"CP018_2m_B_GTGTCGCCACCTAACG-1","2m","B","0","Other",0.594307078095027,-0.209102395833529,-0.0992881250711158,-0.13867559536311
"CP018_2m_B_GTGTCGCCAGGGTCTC-1","2m","B","5","Other",0.238341423023368,-0.219074555728716,-0.0611442820353422,0.2122080611775
"CP018_2m_B_GTGTGGGCAAATGGCA-1","2m","B","2","Other",-0.306811167050448,0.331712257223515,0.218937886909394,0.467559345778483
"CP018_2m_B_GTGTGGGCAATCAGCT-1","2m","B","0","Other",0.730259155329845,-0.249554168917699,0.137289510494319,-0.165108071732662
"CP018_2m_B_GTGTGGGCACGCGTAC-1","2m","B","6","Other",-0.952102760112031,2.55720603510997,-0.0760827096709341,-0.128981972734193
"CP018_2m_B_GTGTTACCACAATACC-1","2m","B","0","Other",0.135624207140389,-0.0660172581534325,0.0773699325737195,-0.107848083093098
"CP018_2m_B_GTGTTACCACCTACTC-1","2m","B","0","Other",0.529313994786142,-0.202696245655084,0.051761218685548,0.210141766947085
"CP018_2m_B_GTGTTCGCACCCTAGA-1","2m","B","0","Other",0.537459083549415,-0.0725936994287536,0.0569524740825108,-0.165685590747307
"CP018_2m_B_GTGTTCGCAGGAAGGA-1","2m","B","8","Other",0.279124695623367,-0.170430462640457,-0.0728599553056828,-0.126818924021375
"CP018_2m_B_GTGTTCGCAGTTACTA-1","2m","B","0","Other",0.192237270644763,-0.0600980952037294,-0.082321874869308,-0.0958965430662925
"CP018_2m_B_GTTAACCCAGGTCTAT-1","2m","B","0","Other",0.302416411996849,-0.242411390285784,-0.079940747263723,-0.126290448802953
"CP018_2m_B_GTTAAGGCAACACAGA-1","2m","B","0","Other",0.243428152445088,-0.187779886252421,-0.0787104163601991,-0.126431285866075
"CP018_2m_B_GTTAATTCAATGGGCG-1","2m","B","6","Other",0.444551186462666,-0.291916249788027,-0.103545900078592,0.0806554314073757
"CP018_2m_B_GTTAATTCAATTACCA-1","2m","B","0","Other",0.435101261796924,0.235788665374136,0.347872353170847,0.171633415331423
"CP018_2m_B_GTTAATTCACCCAACA-1","2m","B","0","Other",0.321315317783543,-0.234204143362573,0.0236416438870124,-0.156181524959954
"CP018_2m_B_GTTAATTCAGCTCAAT-1","2m","B","8","Other",0.16620216286427,-0.246530002230571,-0.101771973865932,0.329620743512296
"CP018_2m_B_GTTACCGCAACATGCT-1","2m","B","1","Other",-0.0850803121611698,0.0913568652988718,0.0196467385255251,-0.14887876831783
"CP018_2m_B_GTTACCGCAACGCGAG-1","2m","B","0","Other",0.175007052194951,-0.203595102479201,-0.078535072348596,-0.102503310471181
"CP018_2m_B_GTTACCGCAAGCTGAA-1","2m","B","4","HIV-Specific TCR",-0.928364161854133,1.36077266428551,0.88375950071537,0.723720394859448
"CP018_2m_B_GTTAGAGCAAATTCCA-1","2m","B","1","Other",-0.615056494506436,-0.0194849331269465,0.0744796118438902,-0.11679254953499
"CP018_2m_B_GTTAGAGCACAACAGA-1","2m","B","0","Other",0.24931750876858,-0.254244898723876,-0.0860854498278059,-0.139560714035562
"CP018_2m_B_GTTAGAGCAGCCTCTT-1","2m","B","6","Other",-0.98217214017203,1.6912740450469,0.178159973270045,-0.158779488958407
"CP018_2m_B_GTTAGAGCAGGAATAT-1","2m","B","0","Other",0.197321508317414,-0.259375088988972,0.0564848377560998,0.0816714127580472
"CP018_2m_B_GTTAGCTCAACATGGA-1","2m","B","0","Other",0.659079054741633,-0.0162056635609904,-0.0980172781891438,-0.141942218829419
"CP018_2m_B_GTTAGCTCAAGCGAAC-1","2m","B","1","Other",-0.230288430312227,-0.01411840606383,-0.0937683093457482,-0.124881486322964
"CP018_2m_B_GTTAGCTCAGCTCAAT-1","2m","B","5","Other",0.789888353647441,-0.20229170611102,-0.110083947397266,-0.134589038836518
"CP018_2m_B_GTTAGTCCAATCTTAG-1","2m","B","0","Other",0.362882672203433,0.0110666500692831,-0.079833228895806,-0.119989277836111
"CP018_2m_B_GTTAGTCCACATTTAG-1","2m","B","0","Other",0.319833958333904,-0.22687813898425,0.0662682613857866,0.223387575347441
"CP018_2m_B_GTTAGTCCAGCAGGAT-1","2m","B","5","Other",0.744417542490531,0.15060193465793,-0.0953539839274289,-0.156286520258185
"CP018_2m_B_GTTAGTCCAGCGGACA-1","2m","B","5","Other",0.336711238467838,-0.252721217313173,-0.125435294881905,-0.137675761193192
"CP018_2m_B_GTTAGTCCAGTATCAC-1","2m","B","0","Other",-0.170542759196753,-0.193540239644459,0.0522375038593903,-0.129885362618212
"CP018_2m_B_GTTCACGCAATTCGTA-1","2m","B","0","Other",0.678024737410541,-0.246593737828018,0.125388729584609,0.0824311805733685
"CP018_2m_B_GTTCACGCAGCGATAA-1","2m","B","0","Other",0.373426568054754,0.0987372785717236,0.074492606165469,-0.120800303654282
"CP018_2m_B_GTTCACGCAGTAGGCG-1","2m","B","0","Other",0.442885500796335,-0.213404979962992,-0.0955199691382554,-0.135701720570122
"CP018_2m_B_GTTCAGTCAAGGCGCA-1","2m","B","0","Other",0.37154021105851,-0.106993783938441,0.0362328757502805,0.162998492559133
"CP018_2m_B_GTTCTCCCACAATGGA-1","2m","B","1","Other",-0.650602109762273,0.148121608944156,0.308736235907049,0.191041140594781
"CP018_2m_B_GTTCTCCCACGCCATA-1","2m","B","0","Other",0.324353255943563,-0.216068769860702,-0.0848457878652339,0.185809937016131
"CP018_2m_B_GTTGAAGCACAATCAC-1","2m","B","3","Other",-0.817270986861418,0.78459635353629,-0.102308744554048,-0.202217159942228
"CP018_2m_B_GTTGAGACAAACTACC-1","2m","B","6","Other",-0.455918588308379,0.849783642537912,-0.0959778094993527,-0.141742914197459
"CP018_2m_B_GTTGAGACACAGCATT-1","2m","B","8","Other",0.80546086804164,-0.256510806989258,0.00389917723220749,-0.159554755269532
"CP018_2m_B_GTTGATCCAATCTCTT-1","2m","B","0","Other",-0.0592709485063032,-0.199501494499599,-0.0935836727844346,0.831363924761209
"CP018_2m_B_GTTGATCCACGATGTT-1","2m","B","3","HIV-Specific TCR",-1.16140470060132,1.94362897988191,-0.0681245840821756,-0.114031156824728
"CP018_2m_B_GTTGCCACAAGTGTCT-1","2m","B","3","Other",-1.07029972032722,0.795020805159843,0.51608884109653,-0.0928692592468675
"CP018_2m_B_GTTGCCACAATGGCCC-1","2m","B","0","Other",0.187908691813017,-0.255377480754968,-0.108436988821403,0.169530497231987
"CP018_2m_B_GTTGCCACACTCGGGT-1","2m","B","1","Other",-0.087239801734228,-0.0480161756355492,0.180982416673496,-0.108105593629919
"CP018_2m_B_GTTGCGCCAACAGCCC-1","2m","B","0","Other",0.691345100416926,0.0237228107941898,0.0236784428499622,-0.121092727725455
"CP018_2m_B_GTTGCGCCACCACCAA-1","2m","B","0","Other",0.344479814821838,-0.236256995193891,-0.0988337522150531,-0.178403904345311
"CP018_2m_B_GTTGCGCCACCGTAAT-1","2m","B","7","Other",0.344115841772048,-0.208064591781112,-0.0622569725025811,-0.111473677065777
"CP018_2m_B_GTTGGAACAACAAGAT-1","2m","B","0","Other",0.830083322157874,-0.0651480372501871,0.0888029139871856,-0.152954483462116
"CP018_2m_B_GTTGGGGCAATCATGC-1","2m","B","0","Other",0.457395516458394,-0.258884996416944,-0.100987179442945,-0.133750406530502
"CP018_2m_B_GTTGGTTCAATTAACT-1","2m","B","0","Other",0.198075502995433,0.0502884986427121,-0.0879300515530672,-0.123788212932965
"CP018_2m_B_GTTGGTTCACCCTTCG-1","2m","B","0","Other",0.582480507476311,-0.239811677246248,0.0674054796101446,-0.15931315248002
"CP018_90m_A_AAACCCATCCTGCGTC-1","90m","A","0","Other",-0.0319917958594713,-0.714076306870834,-0.131948563938946,-0.150443525369475
"CP018_90m_A_AAACCTGTCCCGCGTT-1","90m","A","2","Other",0.247424045021479,-0.73058036187914,0.07245685514777,-0.112074295313309
"CP018_90m_A_AAACTACTCAATATGC-1","90m","A","0","Other",0.0286226086979091,-0.773165931327691,-0.160719029051658,0.0290891239859881
"CP018_90m_A_AAACTACTCACACACA-1","90m","A","0","Other",0.395512927777017,-0.76520507505561,-0.190993500290888,0.10367822560816
"CP018_90m_A_AAACTTATCAATCTCC-1","90m","A","0","Other",0.169544616951485,-0.698801113769039,0.0760529696914604,0.125494105426079
"CP018_90m_A_AAAGCAATCAGTTAGT-1","90m","A","0","Other",-0.0113071700269731,-0.725745523242274,-0.140673385696321,-0.132627514396787
"CP018_90m_A_AAAGCAATCATGTTAA-1","90m","A","0","Other",-0.110062263164235,-0.755082158306726,-0.164758851660257,0.190069084213497
"CP018_90m_A_AAAGCAATCCCTATGT-1","90m","A","3","Other",-1.13108876868604,1.8821505407863,0.276216052505097,-0.207625743574223
"CP018_90m_A_AAAGCAATCGGTTATG-1","90m","A","4","Other",-0.0465832127509209,-0.915496049798337,-0.152556693003956,0.857973258730052
"CP018_90m_A_AAAGGGTTCCCTTCCT-1","90m","A","0","Other",0.652527372627981,-0.594925642100161,-0.169353736673115,0.155921475884082
"CP018_90m_A_AAATCCGTCAGAATAG-1","90m","A","5","Other",0.586486924710716,-0.608420294687793,-0.151832963852933,-0.159616012891969
"CP018_90m_A_AAATCCGTCCAGCTCC-1","90m","A","5","Other",0.163757484720273,-0.763244313619093,-0.219325107323485,0.075364893694527
"CP018_90m_A_AAATCCGTCGTAGCAC-1","90m","A","6","Other",-1.18035422886675,0.895511139004158,-0.0712544362419831,-0.21284709684314
"CP018_90m_A_AAATCTATCCACCTCA-1","90m","A","2","Other",-0.171001402519254,-0.726849064110899,0.101163321467753,-0.0256595929475788
"CP018_90m_A_AAATCTATCCCAGAAC-1","90m","A","0","Other",0.374443600277407,-0.703864377340681,-0.159525173463028,0.0746340175933341
"CP018_90m_A_AAATCTATCCTGTTAC-1","90m","A","0","Other",-0.0663291037724718,-0.756624217107188,-0.152453346278627,-0.183455499831562
"CP018_90m_A_AAATCTATCGTCGTAA-1","90m","A","1","Other",-0.531001371614967,-0.418907890345742,0.0834948775690162,0.263175227348363
"CP018_90m_A_AAATGCTTCGTACGTA-1","90m","A","3","Other",-0.384170457549377,0.999605633008149,-0.188407433171956,-0.150078843883077
"CP018_90m_A_AAATGTCTCGCCACTC-1","90m","A","2","Other",-0.239593202436563,-0.212339388787908,0.504638479690297,-0.162470473439058
"CP018_90m_A_AAATGTCTCGGCAACT-1","90m","A","0","Other",-0.129080497807303,-0.743781245543988,-0.131807190440328,0.113589679016339
"CP018_90m_A_AAATTGCTCACGCTAA-1","90m","A","1","Other",-0.395992551935796,-0.746351162631545,-0.158341135607859,-0.222680664948109
"CP018_90m_A_AAATTGCTCCATCGTT-1","90m","A","1","Other",-0.67374973542557,0.580074895199777,-0.018477556894938,0.421461098714587
"CP018_90m_A_AAATTGCTCGCTGTGG-1","90m","A","7","Other",0.563872316070925,-0.772684790452903,-0.185251218435903,0.142292111633123
"CP018_90m_A_AACACGCTCAGCGCCA-1","90m","A","0","Other",-0.0298667510837918,-0.793727449310866,-0.19758299120677,0.0417194348116713
"CP018_90m_A_AACACGCTCCAACACA-1","90m","A","0","Other",0.115149908772977,-0.693822512186862,-0.13452862036186,0.313971731059828
"CP018_90m_A_AACACGCTCCTATTGC-1","90m","A","0","Other",0.0794412449765127,-0.742376763258824,-0.130070954334345,0.438755751417066
"CP018_90m_A_AACAGCCTCCCCAACC-1","90m","A","1","Other",-0.0670311270007908,-0.774503581489481,-0.195949520357223,-0.19132510419256
"CP018_90m_A_AACAGCCTCGTCAAGC-1","90m","A","6","Other",-0.234811369542894,0.612172721788154,-0.196159523019749,-0.152295182435652
"CP018_90m_A_AACATTATCCAGCAAC-1","90m","A","4","HIV-Specific TCR",-0.0162043056685846,-0.745185790153307,0.354721374612143,0.319614902892651
"CP018_90m_A_AACATTATCCGCATGG-1","90m","A","6","Other",-0.900368016846816,-0.724696715755006,-0.102025855699699,0.0925042856524962
"CP018_90m_A_AACATTATCCTCACGC-1","90m","A","0","Other",0.299739269405096,-0.739753455185836,-0.01320690900288,-0.188797579245145
"CP018_90m_A_AACATTATCGGCGCTA-1","90m","A","0","Other",0.266553535424364,-0.687928733047415,-0.16326430430694,-0.196189442224387
"CP018_90m_A_AACCAATTCAAAGGTA-1","90m","A","0","Other",-0.0601909510914387,-0.632188822581591,0.0652799004050819,-0.131293007661055
"CP018_90m_A_AACCAATTCACATTCC-1","90m","A","5","Other",0.185042299468549,-0.788048916706583,-0.170179234001521,-0.185399847706311
"CP018_90m_A_AACCAATTCACGCTCC-1","90m","A","8","Other",0.330789164081444,-0.736119767315297,-0.147645655995766,-0.154770471250829
"CP018_90m_A_AACCAATTCCTCCTTC-1","90m","A","0","Other",0.579991313759628,-0.668469200966232,-0.122496539039163,-0.144073281325562
"CP018_90m_A_AACCATGTCCAACACA-1","90m","A","4","Other",-0.724760778480859,-0.623115416829798,0.0832069857668819,0.483425085101969
"CP018_90m_A_AACCCAATCATTCATT-1","90m","A","0","Other",0.730364917815949,-0.766291980853637,-0.0790443204071986,-0.18213191522403
"CP018_90m_A_AACCCAATCCACTCTG-1","90m","A","3","Other",-1.07040250060908,1.27866320572384,0.0921926623140569,0.21545407477946
"CP018_90m_A_AACCTCTTCGCAAGCT-1","90m","A","0","Other",0.387413744617151,-0.737875803396691,-0.156675949918027,-0.198261946043663
"CP018_90m_A_AACGAAATCAAGCCAC-1","90m","A","6","Other",-0.391212557923642,-0.706487298105171,-0.170849499083595,0.108083846409404
"CP018_90m_A_AACGAAATCGGGTTCG-1","90m","A","3","HIV-Specific TCR",-1.05142234930349,1.91894107018266,-0.130510901743401,-0.177021049963867
"CP018_90m_A_AACGCACTCCGCACTC-1","90m","A","8","Other",0.243825929315092,-0.706026887218522,-0.145219542170059,-0.165653563359934
"CP018_90m_A_AACGCACTCGTTAAGT-1","90m","A","1","Other",-0.847849286935919,-0.759595559407401,0.54857856513173,-0.140279850806373
"CP018_90m_A_AACGCTATCACCACTT-1","90m","A","1","Other",-0.617103903205138,0.175443979519379,-0.149210583328933,-0.159600120946125
"CP018_90m_A_AACGCTATCCTAATGG-1","90m","A","0","Other",-0.130456645536766,-0.731260936271068,-0.146577585178078,-0.188429196515773
"CP018_90m_A_AACGGCTTCCAGCTAA-1","90m","A","4","Other",0.0409349242926298,-0.488983176339785,0.212297609346885,0.695864415051338
"CP018_90m_A_AACGGCTTCCGGGAAA-1","90m","A","4","Other",0.147180227051024,-0.654653110136207,-0.0939743994343726,0.959930290939873
"CP018_90m_A_AACGGCTTCGCACTAA-1","90m","A","0","Other",0.363620489091411,-0.731915234873239,-0.182070036929954,-0.172502856686437
"CP018_90m_A_AACGTATTCACACGTA-1","90m","A","0","Other",0.0728986957721225,-0.719137029086443,-0.141358329271883,-0.14454319994553
"CP018_90m_A_AACGTATTCCATAAGT-1","90m","A","6","Other",0.0830765672589584,-0.789866210437838,0.205752301720362,-0.205392633511827
"CP018_90m_A_AACGTATTCCCGGTTC-1","90m","A","2","Other",0.10646122466653,0.415081773021119,-0.0729770484070376,-0.152688760864625
"CP018_90m_A_AACGTATTCGGACCCA-1","90m","A","2","HIV-Specific TCR",0.23116136179169,0.213609252300145,0.419782986206135,-0.237027942025045
"CP018_90m_A_AACGTGCTCGTCAAAT-1","90m","A","0","Other",0.279718927376142,-0.664136227585644,-0.111999400698268,-0.158363452591727
"CP018_90m_A_AACGTTGTCCTCCAAT-1","90m","A","3","Other",-0.78749764898069,-0.163647299968151,0.370297974879743,-0.234039500902366
"CP018_90m_A_AACGTTGTCGTAGCGT-1","90m","A","0","Other",0.438645424121233,-0.737805071116812,-0.176519457117078,0.0586463829448872
"CP018_90m_A_AACTATATCGGACTAC-1","90m","A","7","Other",0.515982058583719,-0.717872802468191,-0.156244704487316,-0.176135813910906
"CP018_90m_A_AACTCTCTCAATGTTA-1","90m","A","0","Other",0.0289605241315856,-0.692717621901059,-0.116158852685614,0.139531475655652
"CP018_90m_A_AACTCTCTCATAGGGG-1","90m","A","2","Other",0.189029792672904,-0.430113913370571,-0.0288555981688391,-0.117172499395256
"CP018_90m_A_AACTCTCTCGCATACA-1","90m","A","3","Other",-0.908772044601601,1.08020148278226,0.799742786892332,-0.169058657339655
"CP018_90m_A_AACTGCATCAATATCA-1","90m","A","7","Other",0.3705645616808,-0.81074969039468,-0.118486626657086,-0.0463595045666874
"CP018_90m_A_AACTGCATCACATATA-1","90m","A","1","Other",-0.138776144696135,-0.758016558269819,0.0605664242445425,-0.197905032217083
"CP018_90m_A_AAGCAAATCGTACAAT-1","90m","A","6","Other",-0.52360572058351,1.24459944398744,-0.00238656847454927,-0.196105414705094
"CP018_90m_A_AAGCACCTCACGCATA-1","90m","A","7","Other",-0.196910608746631,-0.69484713249805,-0.150709605309139,-0.181743033450866
"CP018_90m_A_AAGCATTTCCACCTAT-1","90m","A","0","Other",0.221591273802584,-0.734645485305238,-0.16643654483293,-0.196805424860387
"CP018_90m_A_AAGCATTTCGTGTCGG-1","90m","A","4","Other",-0.743510593871919,-0.910252140607823,-0.11541587794341,-0.0608707950225366
"CP018_90m_A_AAGCCACTCACAATAC-1","90m","A","0","Other",0.339051678807219,-0.628825983599244,-0.173541330329563,0.0641166507358329
"CP018_90m_A_AAGCCGTTCCGGACAT-1","90m","A","3","Other",-0.984016187723057,0.297742879523898,-0.184009858350002,-0.182342413207074
"CP018_90m_A_AAGCCGTTCGCTTCCA-1","90m","A","4","Other",-0.0947940067492565,-0.335143214833347,0.157113532183395,0.877808513683531
"CP018_90m_A_AAGCCGTTCGGCGTAT-1","90m","A","3","Other",-1.02526582144897,0.947657612775377,0.352351453326876,-0.176238740149273
"CP018_90m_A_AAGCCTATCATACCCT-1","90m","A","0","Other",0.171662110983952,-0.599532478215747,-0.140092752373214,0.0791798156618548
"CP018_90m_A_AAGCGTCTCAAGTTCG-1","90m","A","2","HIV-Specific TCR",0.523927421043715,-0.442045693713831,0.0556153128146407,0.497954654127396
"CP018_90m_A_AAGCGTCTCACGGGTT-1","90m","A","0","Other",0.134221414860361,-0.698249992384294,-0.119869755991048,0.131795996834848
"CP018_90m_A_AAGCGTCTCGGTGTTA-1","90m","A","4","Other",-0.478809499613083,-0.878812110911044,0.209787915678071,1.05199559805506
"CP018_90m_A_AAGCTATTCACGTAAT-1","90m","A","2","Other",-0.285950416426523,0.399034952795772,0.52275717887003,-0.180019679216969
"CP018_90m_A_AAGCTATTCATAATGC-1","90m","A","0","Other",0.625177802734462,-0.528927614003298,-0.173347404087135,-0.194872193499798
"CP018_90m_A_AAGCTCATCAGCATTG-1","90m","A","4","HIV-Specific TCR",-1.02287911649216,-0.133358374404222,0.644024294734124,1.68005080962854
"CP018_90m_A_AAGCTCATCCGGACAT-1","90m","A","0","Other",0.60471708499903,-0.731477305028071,-0.144568319705408,-0.153749518957881
"CP018_90m_A_AAGGCTCTCATGGGCT-1","90m","A","1","Other",-0.27093376941047,-0.0141737773318373,-0.190216389133208,-0.18834933380329
"CP018_90m_A_AAGGCTCTCGGCCTCT-1","90m","A","0","Other",0.55909572634973,-0.797607743593875,-0.184064858846747,-0.199588492448105
"CP018_90m_A_AAGGGCATCATAGTCG-1","90m","A","3","HIV-Specific TCR",-0.806304550480386,1.62445254707771,0.160361308184823,-0.177330929926138
"CP018_90m_A_AAGGGCATCCGATCAA-1","90m","A","0","Other",0.0550697616096878,-0.751487909257418,-0.0287181839872653,-0.172411617377408
"CP018_90m_A_AAGGGCATCGTAACCA-1","90m","A","3","HIV-Specific TCR",-0.968740136930313,1.92156441528182,0.0232005448710382,-0.19061197758471
"CP018_90m_A_AAGGGGCTCAACACGC-1","90m","A","0","Other",0.183165601502805,-0.782671930313594,-0.09294055712284,0.1520277690994
"CP018_90m_A_AAGGGTGTCGCTCTCA-1","90m","A","2","Other",0.143505899696453,-0.649242642998658,0.686955317018336,-0.199426373119672
"CP018_90m_A_AATATCATCATAAGCT-1","90m","A","2","HIV-Specific TCR",0.145065551282114,-0.770153091807221,-0.0135726338815604,-0.253168502593852
"CP018_90m_A_AATATCATCCCAAATG-1","90m","A","0","Other",0.243585194895966,-0.680360142056006,-0.15060243581543,0.179322483130537
"CP018_90m_A_AATATGCTCATAGGGG-1","90m","A","5","Other",0.367314432490597,-0.617382197298052,-0.157727027816383,0.0549521044802559
"CP018_90m_A_AATATGCTCCAGTACA-1","90m","A","0","Other",-0.076721437206636,-0.714473688374709,-0.129023968996501,-0.166369986428584
"CP018_90m_A_AATATGCTCCCGGCAA-1","90m","A","0","Other",0.313270324907434,-0.546529410068321,-0.122168930150885,-0.172864156602659
"CP018_90m_A_AATATGCTCCTTGTAC-1","90m","A","7","Other",-0.173452137464084,-0.706474622423603,-0.105553459197053,-0.00327933214185555
"CP018_90m_A_AATATTGTCGCATCAA-1","90m","A","4","HIV-Specific TCR",-0.90118576548339,1.04275907866153,0.756552583347078,0.400370681056781
"CP018_90m_A_AATATTGTCGTATCAG-1","90m","A","7","Other",0.528517510893117,-0.726577223827401,-0.138499391465539,-0.175611877520394
"CP018_90m_A_AATCATATCAGACAGG-1","90m","A","0","Other",0.455853807903407,-0.600965752932577,-0.166141922895458,0.0275351858140394
"CP018_90m_A_AATCATATCATGCGTA-1","90m","A","0","Other",0.507748161383219,-0.643926279083651,-0.167513966593376,0.103381030304821
"CP018_90m_A_AATCATATCCCTTCTC-1","90m","A","3","Other",-1.07500417558661,2.34589333881389,0.41874401464972,-0.156268070969024
"CP018_90m_A_AATCCTCTCATGCGGT-1","90m","A","1","Other",-0.0481277076972808,-0.776299268332747,-0.203725464038892,-0.204081714485017
"CP018_90m_A_AATCCTCTCCATTCGT-1","90m","A","0","Other",0.0507782329933733,-0.72905805657949,-0.16646607493245,-0.182229529716648
"CP018_90m_A_AATCCTCTCCTGACAA-1","90m","A","0","Other",0.0820616511683223,-0.735478392249774,-0.0206064557159638,-0.13609421239555
"CP018_90m_A_AATCGCATCATTCGCT-1","90m","A","0","Other",0.71882901191307,-0.774969929006903,-0.0634842709298045,-0.211872287874096
"CP018_90m_A_AATCGGCTCCATGCTT-1","90m","A","2","HIV-Specific TCR",0.139802847225356,-0.676594866493362,0.543913633581524,-0.0329429316312501
"CP018_90m_A_AATCGGCTCGCTCCGT-1","90m","A","2","Other",-0.175916924076513,-0.218487667877578,-0.090803480805014,-0.0339567045956353
"CP018_90m_A_AATCGTGTCAGCCCTC-1","90m","A","1","Other",-0.491083582169896,-0.379436744468871,0.0174444905331825,-0.189297731264911
"CP018_90m_A_AATGCGCTCCAGCGCA-1","90m","A","4","Other",-0.0626263772202391,0.854614346520239,0.306904643289359,0.786194895318751
"CP018_90m_A_AATGGTTTCAGCCTCC-1","90m","A","1","Other",-0.373689686763582,-0.607756179823266,0.122535669231538,-0.109171034984858
"CP018_90m_A_AATGGTTTCCATGCCC-1","90m","A","4","Other",-0.622271807951897,-0.403774672957846,0.147398843512677,1.29174886348136
"CP018_90m_A_AATGTACTCAATGTAC-1","90m","A","7","Other",0.331283476864281,-0.57358991621962,-0.178593157365261,-0.208806735568924
"CP018_90m_A_AATGTACTCGCCTAAA-1","90m","A","5","Other",-0.251143780321609,-0.74098627804651,-0.132674020240967,0.0998992427052412
"CP018_90m_A_AATGTGTTCAAGGGGC-1","90m","A","4","HIV-Specific TCR",-0.748605989078614,0.642170814054514,0.935722637859288,0.619733451603162
"CP018_90m_A_AATGTGTTCGGCCATG-1","90m","A","3","HIV-Specific TCR",-0.847655111482946,2.25880179367928,0.131894505008668,-0.149861241107869
"CP018_90m_A_AATGTTATCCAGTATG-1","90m","A","0","Other",0.179321394904717,-0.789136470577784,-0.143067642520961,0.106774777268957
"CP018_90m_A_AATGTTATCCTGTTAC-1","90m","A","4","HIV-Specific TCR",-0.165005694519305,0.326086636804458,0.280962128837619,1.88609702343858
"CP018_90m_A_AATGTTATCGCAAGCT-1","90m","A","6","Other",-0.387462583751319,-0.333524583473779,-0.15726066241215,0.23532696237503
"CP018_90m_A_AATTCCCTCCTTAGTC-1","90m","A","0","Other",0.434094498338865,-0.71373626594541,-0.154643001220819,0.0678833233298944
"CP018_90m_A_AATTGGTTCATCCTAC-1","90m","A","4","Other",0.180786364787952,-0.542627941792207,0.0448336390044871,0.901244243592812
"CP018_90m_A_AATTGGTTCGTATAGT-1","90m","A","7","Other",-0.00654244531960901,-0.761049700817314,-0.0506579775466461,-0.162885045222758
"CP018_90m_A_AATTGTATCGTGAGCT-1","90m","A","3","HIV-Specific TCR",-1.07158994640027,1.77230486047478,0.021501062652771,-0.181326669608788
"CP018_90m_A_ACAACATTCCGGACAT-1","90m","A","5","Other",0.730034500725435,-0.763255973353222,-0.158336673292393,-0.195687289750079
"CP018_90m_A_ACAACATTCCTCCTCT-1","90m","A","4","Other",-0.170334959807912,-0.0784684588940744,0.00042457533780893,1.39561686795337
"CP018_90m_A_ACAACATTCGGTTAAT-1","90m","A","2","HIV-Specific TCR",0.108003676694381,-0.827190294109577,-0.117316922987758,-0.103358894303614
"CP018_90m_A_ACAACCATCCCTAACT-1","90m","A","0","Other",-0.0335153309926428,-0.740685597314079,-0.136673721916587,-0.185942852113415
"CP018_90m_A_ACAACCATCCGATAAT-1","90m","A","0","Other",0.139108017666606,-0.74146731414873,-0.15302851299291,0.00563330901132636
"CP018_90m_A_ACAACGCTCGCTGTGG-1","90m","A","0","Other",0.493758909252051,-0.643276013728626,0.157750555777597,-0.230134102064225
"CP018_90m_A_ACAATACTCACATCAG-1","90m","A","6","Other",-0.722108206389398,-0.243947629237091,-0.0330060115308455,-0.211046206020475
"CP018_90m_A_ACAATACTCACTCTCG-1","90m","A","1","Other",-0.16453049425391,-0.815330345788323,-0.170521068123192,-0.186902161137769
"CP018_90m_A_ACAATACTCATAGTCG-1","90m","A","1","Other",-0.770080870436501,-0.726871590736595,-0.208837467224756,-0.222105317308992
"CP018_90m_A_ACAATCGTCCCAAATG-1","90m","A","1","Other",0.332492912991315,-0.67562561332481,-0.155989044985187,-0.152407887058225
"CP018_90m_A_ACAATTATCGGAAGCA-1","90m","A","7","Other",0.176795521541072,-0.722287199121764,-0.156718855531452,-0.150271387260573
"CP018_90m_A_ACACAATTCAAATGCT-1","90m","A","0","Other",0.246321723459411,-0.721204558686209,-0.134053256951421,-0.16408909453582
"CP018_90m_A_ACACACATCCAACATG-1","90m","A","2","Other",0.0258303248168283,-0.637105740567471,0.284570402501889,-0.0529076437618974
"CP018_90m_A_ACACACATCCGCATAA-1","90m","A","0","Other",0.0117756903898902,-0.578317573741471,-0.155152066914595,0.200907045835031
"CP018_90m_A_ACACATGTCCTCCGAC-1","90m","A","3","HIV-Specific TCR",-0.979361702932584,2.20655761760728,0.0696792878238324,-0.174329758515974
"CP018_90m_A_ACACATGTCGTACGGT-1","90m","A","3","Other",-0.724934713857602,0.652923060930741,0.308360531582764,-0.189330945547304
"CP018_90m_A_ACACATGTCGTTCGGG-1","90m","A","7","Other",0.374245237772394,-0.780139080856886,0.00111019001065796,-0.149238512543217
"CP018_90m_A_ACACCTTTCATCCCCA-1","90m","A","2","Other",0.139712081249446,-0.747369652084593,-0.185762348136383,-0.205582012685332
"CP018_90m_A_ACACCTTTCGTATTAA-1","90m","A","1","Other",-0.409183341707196,-0.821442732328115,-0.204805615651139,-0.274426031253288
"CP018_90m_A_ACACGTATCAATTGGT-1","90m","A","2","HIV-Specific TCR",0.378418885474679,-0.674333626611544,-0.029350858173357,-0.259741269205644
"CP018_90m_A_ACACTTCTCCCCATGC-1","90m","A","2","HIV-Specific TCR",0.291228414625939,-0.696589439394169,-0.0937915436848059,-0.00314985505964527
"CP018_90m_A_ACACTTCTCGGCGATT-1","90m","A","0","Other",0.833318548901474,-0.765386923565092,-0.173985128491222,-0.218812045644799
"CP018_90m_A_ACACTTCTCGTACGGT-1","90m","A","0","Other",0.168962680901331,-0.607100492233886,-0.186005737334722,-0.0247774475911331
"CP018_90m_A_ACAGACCTCAAAGTTC-1","90m","A","3","HIV-Specific TCR",-1.03982951493283,2.28920018267306,-0.13123492725964,-0.111666524277998
"CP018_90m_A_ACAGACCTCACATAAC-1","90m","A","2","Other",0.186176689008736,-0.26341867777508,0.289011442759479,-0.236864071255101
"CP018_90m_A_ACAGACCTCCTTCAAC-1","90m","A","2","Other",0.0203708287935753,0.458160801753183,0.38583043088008,-0.0926347332351651
"CP018_90m_A_ACAGCACTCCCATCTG-1","90m","A","0","Other",0.143738160341941,-0.73441241130786,-0.147422007325911,0.272792082326316
"CP018_90m_A_ACAGCACTCCCGCTTA-1","90m","A","0","Other",-0.304535919553808,-0.719784424932443,-0.150038513329164,0.283810868319037
"CP018_90m_A_ACAGCACTCCGGGATT-1","90m","A","0","Other",0.138795337077844,-0.711005823284402,-0.115282965211272,-0.125656691408389
"CP018_90m_A_ACAGCACTCGCGTAGT-1","90m","A","3","Other",-0.318828515426708,0.0889202627254898,0.0303336667265703,-0.203563070891513
"CP018_90m_A_ACAGCGTTCCAGCATA-1","90m","A","0","Other",0.264227375072933,-0.759487027441232,-0.171730391980356,-0.189078929314509
"CP018_90m_A_ACAGCGTTCCGAATGC-1","90m","A","2","Other",0.121035349549653,-0.433079395706947,0.493134878078547,0.000744323530467272
"CP018_90m_A_ACAGCTATCATCGACA-1","90m","A","0","Other",0.570958518233092,-0.733851847782431,-0.151352934297189,-0.171568719806719
"CP018_90m_A_ACAGCTATCGTACTTC-1","90m","A","8","Other",-0.189685805873894,-0.628408827689588,-0.109657012173504,-0.124407360471262
"CP018_90m_A_ACAGCTATCGTATTCC-1","90m","A","5","Other",-0.51758543444273,-0.684066687857224,-0.131504589240472,-0.0933742573622625
"CP018_90m_A_ACAGGCTTCCTGGGCA-1","90m","A","3","Other",-0.206455586243542,-0.0295131873959941,0.177692926959746,-0.200992348879808
"CP018_90m_A_ACAGGTCTCGCGTAAC-1","90m","A","0","Other",0.305945127405014,-0.580564093672991,-0.130199479969018,-0.133909042079608
"CP018_90m_A_ACAGTTGTCAAGCTAT-1","90m","A","1","Other",0.244306756345325,-0.643575065165188,0.127740511643897,-0.199351738485864
"CP018_90m_A_ACAGTTGTCGGTCGCA-1","90m","A","3","Other",-0.628622679358665,2.28164105401623,-0.010086391933206,0.2271784797117
"CP018_90m_A_ACATACGTCATCCGTT-1","90m","A","0","Other",0.278644821983332,-0.811278538434564,-0.185556987931155,-0.199306417188077
"CP018_90m_A_ACATATATCATGAAAG-1","90m","A","0","Other",0.337263934454925,-0.692119068164903,-0.136581352607347,-0.17562259227923
"CP018_90m_A_ACATATATCGGAAAGT-1","90m","A","2","Other",0.202429409534168,-0.717930934486817,-0.0893115184217556,-0.159425694433634
"CP018_90m_A_ACATCAGTCAAATCCG-1","90m","A","3","Other",-0.902016079110598,0.359332073845466,0.0138364980605606,0.100741545563512
"CP018_90m_A_ACATCAGTCACCCCTA-1","90m","A","7","Other",-0.299271318744255,-0.682630809648292,-0.117141599797163,-0.129684477626371
"CP018_90m_A_ACATCTCTCAAGTCGC-1","90m","A","2","Other",-0.307973518654101,-0.409270813563557,0.371445739380783,0.479232256912123
"CP018_90m_A_ACATCTCTCAATTGTA-1","90m","A","8","Other",0.524481712503762,-0.730299325258734,-0.141176660984219,-0.167314284377118
"CP018_90m_A_ACATCTCTCCAGGATC-1","90m","A","7","Other",0.33029914312384,-0.6114195926036,-0.179010584683494,-0.223709881800272
"CP018_90m_A_ACATCTCTCCTGTACT-1","90m","A","4","HIV-Specific TCR",-0.258353801697924,0.00946388823931366,0.129338552186099,0.886612238241089
"CP018_90m_A_ACATGTGTCACGTCAA-1","90m","A","3","Other",-1.12980068827283,1.19447699823803,0.303169745787724,-0.202615171690351
"CP018_90m_A_ACATGTGTCGCGCATG-1","90m","A","0","Other",0.335007695331958,-0.619869448230322,-0.137966607868956,0.0205608011060471
"CP018_90m_A_ACATTAATCACCCCGT-1","90m","A","5","Other",-0.130497782871912,-0.666055457459027,-0.144780971580004,-0.15357161793645
"CP018_90m_A_ACATTAATCAGTTAGT-1","90m","A","1","Other",-0.619863581965247,-0.0200168779260299,0.333965340099587,0.103773857511921
"CP018_90m_A_ACATTAATCCGGTCGA-1","90m","A","4","Other",-0.92609464883116,-0.421662018301319,0.0452486931084887,1.62002978577573
"CP018_90m_A_ACATTCCTCAAATTGC-1","90m","A","0","Other",0.486022261973854,-0.732292002541848,-0.145408937312414,0.203534579055274
"CP018_90m_A_ACATTCCTCAACCATG-1","90m","A","2","Other",0.333752618076504,-0.857342425362134,0.0884867129384901,-0.216198391794656
"CP018_90m_A_ACATTCCTCACCCGCT-1","90m","A","4","Other",-0.11056887997037,-0.310461119291757,0.0584554811198923,0.797665730921658
"CP018_90m_A_ACATTGGTCACGGTGT-1","90m","A","1","Other",-0.388104455558793,-0.777828492573537,-0.0324071984871622,-0.196615684268254
"CP018_90m_A_ACCAAATTCATAATTG-1","90m","A","0","Other",0.391662419133495,-0.802457021393234,-0.183303707269059,-0.00885275215898715
"CP018_90m_A_ACCAAATTCCTGTTCG-1","90m","A","2","HIV-Specific TCR",0.133616189953969,-0.203414506958124,-0.0270071824885315,-0.155995387060804
"CP018_90m_A_ACCAACATCCACCAAA-1","90m","A","6","Other",-0.198883090294411,0.504231782169437,-0.199377818421765,0.00573153079027328
"CP018_90m_A_ACCAACATCCCGTCTA-1","90m","A","4","Other",-0.664351470869196,0.82260114543125,0.20963123589564,0.48501373489173
"CP018_90m_A_ACCAAGCTCACACCTT-1","90m","A","0","Other",0.371300910010775,-0.448106003203317,-0.125667428681396,-0.155325247893199
"CP018_90m_A_ACCAATGTCAAGCATT-1","90m","A","0","Other",0.133861972666264,-0.73485733843923,-0.0985075656824801,-0.174130374449424
"CP018_90m_A_ACCAATGTCACCCGCT-1","90m","A","7","Other",0.0727497223003779,-0.773855225692181,-0.0757035987336772,-0.216821968976628
"CP018_90m_A_ACCAATGTCCTCGGCT-1","90m","A","1","Other",-0.447077378520509,0.266954686392329,-0.0041285986060817,-0.229464724255991
"CP018_90m_A_ACCAATGTCCTCTCGA-1","90m","A","3","Other",-0.734823655906481,0.283202548635764,0.475459928878908,-0.199287115935868
"CP018_90m_A_ACCACAATCAAGCGTC-1","90m","A","0","Other",0.520335715810467,-0.751711268601897,-0.159968492218086,-0.20867301116571
"CP018_90m_A_ACCACAATCCACTCTG-1","90m","A","2","Other",0.710434511570865,-0.229825658658403,0.200291187139118,-0.179888651121783
"CP018_90m_A_ACCACAATCCTGGGTG-1","90m","A","4","Other",-0.129694892949866,-0.78268596324436,-0.185189233707562,1.6846576044037
"CP018_90m_A_ACCACAATCGCAAGCT-1","90m","A","8","Other",0.0584051661507459,-0.741567478024064,-0.177136852462818,-0.197283918685986
"CP018_90m_A_ACCACTTTCAAACTTA-1","90m","A","2","HIV-Specific TCR",0.243317609898726,-0.371779931625006,0.204994823143808,-0.15583360836256
"CP018_90m_A_ACCACTTTCGTATAGT-1","90m","A","1","Other",-0.453935200354686,-0.784940993206698,-0.120409924130764,-0.012689563026304
"CP018_90m_A_ACCATCTTCCTGTACT-1","90m","A","7","Other",-0.0808611382251425,-0.717853700096244,-0.129467546428157,-0.200629184913387
"CP018_90m_A_ACCATTCTCATCAGCA-1","90m","A","6","Other",-0.646543309524195,0.549561847624806,-0.180601485840073,-0.179742484541486
"CP018_90m_A_ACCATTCTCCATCGTT-1","90m","A","2","Other",-0.0206172466058558,-0.705303403001623,-0.0808687014835513,-0.161866742610343
"CP018_90m_A_ACCATTCTCGCGTATA-1","90m","A","2","Other",0.502736858978508,-0.507311063337833,-0.10509036671038,-0.126510976185026
"CP018_90m_A_ACCCCGTTCAAATGTC-1","90m","A","3","Other",-0.634959931037788,0.24267680570436,0.0484856388537563,-0.129307722674238
"CP018_90m_A_ACCCCGTTCAGCACTA-1","90m","A","0","Other",0.0759034163972279,-0.557355622964552,-0.180003761186037,0.119906096875619
"CP018_90m_A_ACCCCTATCACGCGTG-1","90m","A","3","Other",-0.89925998352824,2.36672748764931,0.295779953075758,-0.157368450031867
"CP018_90m_A_ACCCCTATCAGTAAAG-1","90m","A","3","Other",-0.805526349367702,1.38440704046264,0.391091576921198,-0.145894796160291
"CP018_90m_A_ACCCCTATCCCCACTA-1","90m","A","0","Other",-0.0864581787560186,-0.720380942086897,-0.133800795595527,-0.2021576419602
"CP018_90m_A_ACCCGCTTCAACGCAC-1","90m","A","4","Other",-1.10291765841846,-0.281943819893576,0.351951253981188,1.41428172476478
"CP018_90m_A_ACCCGCTTCATGCGTA-1","90m","A","1","Other",-0.169586263939969,-0.74750679276048,-0.212345937356448,-0.238559832590863
"CP018_90m_A_ACCCTATTCACAATCG-1","90m","A","5","Other",0.174490718681482,-0.71488131994933,-0.11204041597225,0.030689189451771
"CP018_90m_A_ACCCTATTCGCTTCAT-1","90m","A","1","Other",-0.423038083509164,0.293712724948817,-0.0126429811835445,-0.239217140361967
"CP018_90m_A_ACCCTGCTCACACACA-1","90m","A","0","Other",0.151466957485218,-0.733279042691476,-0.176114487781475,0.0129156179305518
"CP018_90m_A_ACCCTGCTCACTGGCG-1","90m","A","1","Other",-0.308611156928177,-0.545232969618206,0.256508267499895,0.0439222201972813
"CP018_90m_A_ACCCTGCTCACTTTCA-1","90m","A","3","Other",-0.64453250240661,1.75560377839143,0.266365464904237,0.221374068852971
"CP018_90m_A_ACCCTGCTCGCACAAC-1","90m","A","1","Other",-0.399985273547362,-0.702280896773302,0.138879555465536,0.170970871854777
"CP018_90m_A_ACCTACTTCCCATCCA-1","90m","A","2","Other",0.0854629188488158,-0.303706772338407,0.276022933165556,-0.217656023649796
"CP018_90m_A_ACCTACTTCGGCTAAC-1","90m","A","0","Other",0.18136009893084,-0.773907776120489,-0.157679567820521,-0.176355793860401
"CP018_90m_A_ACCTCATTCACGTCGG-1","90m","A","1","Other",-0.398171104671622,-0.733598718175965,-0.158212099452574,-0.180935458945248
"CP018_90m_A_ACCTCATTCAGTTTCC-1","90m","A","0","Other",0.0919694340599992,-0.777941026017119,0.0359573809598094,-0.0197694378009019
"CP018_90m_A_ACCTCCATCACTCGGG-1","90m","A","2","HIV-Specific TCR",0.433819026831364,-0.715753143887404,-0.00560337261710819,-0.0911939026114342
"CP018_90m_A_ACCTCCATCATGGGTC-1","90m","A","0","Other",0.310186009926513,-0.718936615733393,-0.2175497092118,-0.259162568785547
"CP018_90m_A_ACCTCCATCATTCGCT-1","90m","A","0","Other",0.0850997359585102,-0.746210968294406,-0.136869555601914,-0.157414699619047
"CP018_90m_A_ACCTCCATCCTCCTCT-1","90m","A","0","Other",-0.0250484547476943,-0.686540152878477,-0.117529931302774,-0.116809372898188
"CP018_90m_A_ACCTCCATCGTTGCCC-1","90m","A","7","Other",0.335881150226772,-0.708059763400484,-0.165902172700786,-0.149871694200154
"CP018_90m_A_ACCTTACTCACCTTCG-1","90m","A","2","Other",0.512718393601986,0.761395888373258,0.545713278639268,-0.24739234904235
"CP018_90m_A_ACCTTACTCCCGAATA-1","90m","A","3","Other",-0.707081409444958,0.647477074283175,0.465992479921857,-0.181657854782149
"CP018_90m_A_ACCTTACTCCGAGTGT-1","90m","A","2","HIV-Specific TCR",0.212388415886318,-0.445568383008215,0.442438281897292,-0.0408726860398719
"CP018_90m_A_ACCTTACTCGTCTCAT-1","90m","A","3","HIV-Specific TCR",-1.1580193884428,0.858417117330216,-0.171483901555372,-0.152012869678842
"CP018_90m_A_ACCTTCGTCAACGAAA-1","90m","A","0","Other",0.186736730436579,-0.704226467365579,-0.160130437673206,-0.155299545189492
"CP018_90m_A_ACCTTCGTCGGTCTAA-1","90m","A","3","Other",-0.569313138158207,2.26910350826259,-0.0223453622158749,-0.218110287165843
"CP018_90m_A_ACGAACCTCAATCCTC-1","90m","A","7","Other",0.36813597231647,-0.534547235877275,0.0233055254527797,-0.138172970172176
"CP018_90m_A_ACGACACTCATTGGCA-1","90m","A","3","Other",-0.815977157721018,1.33092261339023,-0.154292346515591,-0.181079583021551
"CP018_90m_A_ACGACACTCGCATAGC-1","90m","A","4","Other",-0.0764071057334801,-0.311548509600665,0.204039926705235,0.472534715525284
"CP018_90m_A_ACGACACTCGCCAATA-1","90m","A","8","Other",0.194498834400371,-0.549630476097721,-0.145103639044099,-0.150697367089351
"CP018_90m_A_ACGACTATCAACGCTA-1","90m","A","3","HIV-Specific TCR",-0.700466232984009,2.45083729328197,-0.181415521985149,-0.212587706903187
"CP018_90m_A_ACGACTATCCGTATAG-1","90m","A","0","Other",0.225086197209143,-0.613405396868987,-0.202317758356867,-0.178056380521679
"CP018_90m_A_ACGACTATCGCAATTG-1","90m","A","0","Other",0.320796639061298,-0.745825806207533,-0.179137203521955,-0.179283366269201
"CP018_90m_A_ACGCAACTCCATTACC-1","90m","A","3","HIV-Specific TCR",-0.496974193620604,-0.368328796390855,0.0526336869068284,0.209203850582261
"CP018_90m_A_ACGCAACTCGGCCAAT-1","90m","A","5","Other",0.318916146352042,-0.516899773157578,-0.14124530341398,0.129558372244898
"CP018_90m_A_ACGCAACTCGGCTAAC-1","90m","A","1","Other",-0.251540521678859,0.584186209727349,-0.120013380723605,-0.1306676283314
"CP018_90m_A_ACGCAGTTCCATACCT-1","90m","A","8","Other",-0.303895169490745,-0.522529784336179,0.165076162565544,0.141909396858857
"CP018_90m_A_ACGCATATCGTCTCCA-1","90m","A","3","Other",-0.765141688790703,1.07000632725287,0.246578330593469,0.0991162346816755
"CP018_90m_A_ACGCCCTTCGTTAATA-1","90m","A","2","Other",-0.135663792658862,-0.185415571880779,0.150615304592641,-0.101034435947925
"CP018_90m_A_ACGCCTCTCAAACCTG-1","90m","A","2","Other",0.272181145834639,-0.481239699623505,0.0458215829952515,-0.118028906871198
"CP018_90m_A_ACGCCTCTCGGATCCG-1","90m","A","0","Other",0.253295849553479,-0.7486248829278,0.0329446308277312,-0.168964438350775
"CP018_90m_A_ACGCCTCTCGGCTGCA-1","90m","A","0","Other",0.496343093936891,-0.772714233950025,-0.0050803523786604,-0.151768222094326
"CP018_90m_A_ACGCGCATCAGTTAGT-1","90m","A","0","Other",0.117215598040832,-0.763634082778797,-0.155234985459548,-0.203764333394193
"CP018_90m_A_ACGCGTGTCCCAGCTC-1","90m","A","1","Other",-0.281044147367579,-0.694774078533923,-0.139330623712006,-0.159943320294195
"CP018_90m_A_ACGCGTGTCCCGCTTA-1","90m","A","1","Other",-0.338808581072989,-0.407471190321761,-0.0512210433862127,-0.23765384481506
"CP018_90m_A_ACGCTAATCGGGCTAT-1","90m","A","0","Other",-0.0973534038412243,-0.571868449732567,-0.179461383839398,-0.153607330521502
"CP018_90m_A_ACGCTCCTCAAATGCT-1","90m","A","0","Other",0.357037695492656,-0.737861756298744,-0.148073382596277,-0.120408686933009
"CP018_90m_A_ACGCTCCTCACGACTA-1","90m","A","0","Other",0.30774800376882,-0.718124379779759,-0.184615344568776,-0.231721181218244
"CP018_90m_A_ACGCTCCTCAGTCCTT-1","90m","A","0","Other",0.0430706880716125,-0.697419468810996,-0.199750599285983,0.0458270962976532
"CP018_90m_A_ACGCTCCTCCCTCTAG-1","90m","A","7","Other",0.455485722147728,-0.76352479435907,-0.183406457868403,-0.0524258726363904
"CP018_90m_A_ACGCTCCTCGTTACTC-1","90m","A","1","Other",-0.328513266823577,-0.678675659793291,-0.0338322912601176,0.0315247648110928
"CP018_90m_A_ACGGCCATCAGGCACT-1","90m","A","0","Other",0.52368623233852,-0.734852142855939,-0.201740481529953,-0.227113597903653
"CP018_90m_A_ACGGGTTTCATCTCTA-1","90m","A","4","Other",-1.23248886140275,1.98332216632568,0.255346202436596,1.07171000455045
"CP018_90m_A_ACGGGTTTCGGTTAGC-1","90m","A","2","Other",-0.11453532968085,0.208763788052518,0.504283848144176,-0.0727034535525463
"CP018_90m_A_ACGGTCGTCGCCTACC-1","90m","A","4","Other",-0.159292428734723,-0.502252450533593,-0.129937269901775,0.759341619578291
"CP018_90m_A_ACGGTGTTCACCCAAA-1","90m","A","0","Other",0.324159308496844,-0.745105020106237,-0.172131167428979,-0.183082779934147
"CP018_90m_A_ACGGTTATCGGGCCTA-1","90m","A","3","HIV-Specific TCR",-0.962325109472915,1.45896446868628,0.268113598511644,-0.189883282507478
"CP018_90m_A_ACGTAATTCCATTACC-1","90m","A","2","HIV-Specific TCR",0.141549625652015,-0.0725097053423658,0.223128183067227,-0.107643807019593
"CP018_90m_A_ACGTAATTCCCAGCCT-1","90m","A","1","Other",-0.984823121971485,0.0717590188475558,0.376764236205523,-0.217202879072873
"CP018_90m_A_ACGTATGTCCCTCTAG-1","90m","A","4","Other",-0.00439218484809967,-0.440015573504527,0.00587153413129307,0.637638529451737
"CP018_90m_A_ACGTCAATCAGTAAAG-1","90m","A","3","Other",-1.109673460505,1.10477639525432,0.185822903593457,0.236998842756013
"CP018_90m_A_ACGTCCCTCAGTACTG-1","90m","A","6","Other",-0.188657403937586,-0.12661555745977,-0.193919660903804,-0.194059871000607
"CP018_90m_A_ACGTCCCTCAGTCAAT-1","90m","A","2","Other",-0.218954912207592,-0.346230521629441,0.170806573538589,0.0986069250338696
"CP018_90m_A_ACGTCCCTCGCTATCT-1","90m","A","3","Other",-1.14046571206524,0.147861231213244,0.593405219884072,-0.247089397048655
"CP018_90m_A_ACGTCGGTCCTCTCGA-1","90m","A","0","Other",0.000749859689532784,-0.719949805393699,-0.149684432759599,0.152380047005876
"CP018_90m_A_ACGTCGGTCGTAGTGC-1","90m","A","4","Other",0.796256488036345,-0.647710481557409,0.153205822009747,-0.32567382427424
"CP018_90m_A_ACGTCGGTCGTCGAAC-1","90m","A","2","Other",-0.381337636963909,-0.320822001112711,0.063113200497789,0.0988400800207208
"CP018_90m_A_ACGTGGTTCAATATCA-1","90m","A","4","Other",-0.108211932879549,-0.785326639617315,0.217196577098461,1.92983232880964
"CP018_90m_A_ACGTGGTTCCAGGTTA-1","90m","A","4","Other",-0.377468401164067,0.101067571899854,0.293138903240496,-0.0332818419732843
"CP018_90m_A_ACGTGGTTCCTAAGCA-1","90m","A","3","Other",-0.565135098991015,1.57481705223644,-0.191697997127452,-0.171231973336097
"CP018_90m_A_ACGTGGTTCCTAGTTC-1","90m","A","2","Other",0.12680820764952,-0.274297909609326,0.163373437213585,-0.126310760454635
"CP018_90m_A_ACTAAACTCCCTTCCT-1","90m","A","1","Other",-0.139714338574928,0.0991267244155123,-0.228265888509292,-0.0175944270554162
"CP018_90m_A_ACTAAACTCCTGCTAT-1","90m","A","2","Other",0.318957171682258,-0.831229235326212,0.318149248328712,0.159212137745416
"CP018_90m_A_ACTAAACTCGCTCCAC-1","90m","A","7","Other",0.182936349642777,-0.740697178116042,-0.145063349685337,-0.160821859755112
"CP018_90m_A_ACTAACGTCAAGGGTG-1","90m","A","0","Other",0.554828680791648,-0.752047951401915,-0.0250605520678875,-0.166611823271503
"CP018_90m_A_ACTAACGTCATCAATA-1","90m","A","0","Other",0.307103332562845,-0.749385585840016,-0.19111978267657,-0.222684172907652
"CP018_90m_A_ACTAACGTCCACAGGT-1","90m","A","0","Other",0.5049444018634,-0.802548465216907,-0.190825099986416,-0.218629258653212
"CP018_90m_A_ACTAACGTCGCTGGCA-1","90m","A","6","Other",-0.26177339791681,-0.583684850373438,0.254689430660381,-0.166043903794824
"CP018_90m_A_ACTAATATCAAGCTCA-1","90m","A","0","Other",0.393045459400223,-0.738167468215662,-0.17127718872933,-0.163844892642511
"CP018_90m_A_ACTAATATCCATCGTT-1","90m","A","5","Other",0.204262623321539,-0.7153700660884,-0.163281152485431,-0.13035902727722
"CP018_90m_A_ACTACCTTCAACGGCT-1","90m","A","1","Other",-0.0934030084434905,-0.769686919717663,-0.0594477141330289,-0.208929780584651
"CP018_90m_A_ACTACCTTCCTCCATG-1","90m","A","2","Other",-0.174996747467349,-0.793802508856093,0.0215770481036838,0.117030887026772
"CP018_90m_A_ACTACCTTCGCAAGTC-1","90m","A","3","Other",-0.932554712990864,2.0437531153746,0.328850308272157,-0.18918958306942
"CP018_90m_A_ACTACTCTCAAGGGTG-1","90m","A","0","Other",0.841601328522276,-0.72952246176653,-0.170831751905477,-0.193943285281481
"CP018_90m_A_ACTACTCTCAGCTATG-1","90m","A","0","Other",0.381377780500355,-0.669610362578691,-0.164730080376122,0.180068271155723
"CP018_90m_A_ACTACTCTCCCACTCA-1","90m","A","3","Other",-0.907212065024635,2.58532647203956,-0.106078846088526,-0.122956207587979
"CP018_90m_A_ACTACTCTCGCCCCAT-1","90m","A","2","Other",-1.03648111263616,-0.667719110686607,-0.123939899506322,-0.218158168105048
"CP018_90m_A_ACTATAATCCATCATC-1","90m","A","1","Other",0.053650025944002,-0.216809575961372,-0.166401656308003,-0.189018148031908
"CP018_90m_A_ACTATAATCGTTGCCC-1","90m","A","0","Other",0.367946206286036,-0.707266074671475,-0.131059950371924,0.456128557361896
"CP018_90m_A_ACTATCCTCGTTGCTT-1","90m","A","0","Other",0.353401111138287,-0.588977044571269,-0.174187756208357,-0.17404044396388
"CP018_90m_A_ACTCACTTCACTCCGC-1","90m","A","7","Other",0.559318019967474,-0.508201450347773,-0.178778776764172,-0.216916792016354
"CP018_90m_A_ACTCACTTCCGACGCA-1","90m","A","1","Other",0.255524502992363,-0.751507532383946,-0.0730890779857318,-0.23885778584413
"CP018_90m_A_ACTCACTTCGCGTCGA-1","90m","A","5","Other",0.722819675195623,-0.778889739682767,-0.196772057009869,-0.203643790028337
"CP018_90m_A_ACTCATCTCATTGGGC-1","90m","A","0","Other",0.54565828314971,-0.768905644248013,-0.1915077334308,0.0961465480965571
"CP018_90m_A_ACTCCATTCACAAGCC-1","90m","A","8","Other",0.431364805060235,-0.748468652894282,-0.160569032831251,0.194336120205669
"CP018_90m_A_ACTCCATTCACTCATC-1","90m","A","7","Other",0.117104086114483,-0.771520180944122,-0.168474156491162,-0.190686537873208
"CP018_90m_A_ACTCCATTCCATACCT-1","90m","A","0","Other",0.230480582822254,-0.733560971347751,-6.27998447065153e-05,-0.173654854447935
"CP018_90m_A_ACTCCATTCCCTATGT-1","90m","A","2","Other",0.0758368569576009,-0.850443148654083,0.0989394368656907,-0.13067217502105
"CP018_90m_A_ACTCCATTCCGGACCA-1","90m","A","0","Other",0.172760563078177,-0.757104443362736,-0.165225273412105,-0.188956665276479
"CP018_90m_A_ACTCGCCTCACTATAA-1","90m","A","0","Other",-0.0603611185696669,-0.703611889956658,-0.159869096892529,-0.118950638016785
"CP018_90m_A_ACTCGCCTCCACTCTG-1","90m","A","1","Other",-0.484601857390307,-0.400399661627175,0.300669235789281,-0.13971150620391
"CP018_90m_A_ACTCGCCTCGTATGCA-1","90m","A","4","Other",-1.25608723091589,0.925939195808819,0.615025812690228,0.804173519533788
"CP018_90m_A_ACTCGGGTCACCAAAT-1","90m","A","0","Other",0.332620571607182,-0.591042070764327,-0.137758486782965,-0.138319189155231
"CP018_90m_A_ACTCTCGTCCACAAGC-1","90m","A","1","Other",-0.584124538976804,0.134456714859645,-0.165177491434467,-0.177075183357789
"CP018_90m_A_ACTCTCGTCGGACCTG-1","90m","A","0","Other",0.344129982478276,-0.623378168585685,-0.150188790284308,-0.215677224000477
"CP018_90m_A_ACTCTGTTCACCCAAA-1","90m","A","4","HIV-Specific TCR",-0.161586497946786,-0.698728929295052,0.108870508386407,2.2356532502495
"CP018_90m_A_ACTCTGTTCCAACAGC-1","90m","A","0","Other",0.465057245137579,-0.724784725548102,-0.173529181618052,-0.196890090795641
"CP018_90m_A_ACTCTTATCAATCCTC-1","90m","A","0","Other",-0.054389293101555,-0.690562668784768,-0.129367508658596,0.140982350564692
"CP018_90m_A_ACTCTTATCAATCGGC-1","90m","A","7","Other",-0.112719198306934,-0.70501568197365,-0.132281997552653,-0.155472806241771
"CP018_90m_A_ACTCTTATCCATGGGT-1","90m","A","2","Other",0.542123929006438,-0.076369949355689,-0.0146279874107507,-0.16085044436724
"CP018_90m_A_ACTCTTATCGTCATTC-1","90m","A","0","Other",0.319630959430157,-0.702475120244294,-0.152850526494695,-0.19895883952808
"CP018_90m_A_ACTGACATCACAACGC-1","90m","A","2","HIV-Specific TCR",0.0242196557720946,-0.707536921095921,-0.0205346369854261,-0.25361313840334
"CP018_90m_A_ACTGACATCCATAGCA-1","90m","A","0","Other",0.125166264534097,-0.624761222323012,-0.135538522120838,-0.157717260297084
"CP018_90m_A_ACTGACATCCGACTAA-1","90m","A","0","Other",0.234554729288339,-0.702821667081818,-0.120680411492351,0.265857194486095
"CP018_90m_A_ACTGACATCCGGCCTT-1","90m","A","2","Other",-0.0779366956691208,-0.752932140432907,0.0394248407962138,0.13381308830452
"CP018_90m_A_ACTGCAATCGTAGTTG-1","90m","A","0","Other",0.49000024108667,-0.768341059893192,-0.173105011363436,-0.203446824299419
"CP018_90m_A_ACTGCCCTCATTACAA-1","90m","A","0","Other",0.281437056203296,-0.845252686421076,-0.211477566829927,-0.214323877295876
"CP018_90m_A_ACTGCCCTCCAGTAGC-1","90m","A","0","Other",-0.019171757517628,-0.746880283967805,-0.176760018765166,0.0606425200290453
"CP018_90m_A_ACTGCCCTCCTCGTTG-1","90m","A","0","Other",0.310043629151704,-0.761054611227943,-0.155185348694859,0.0703425114953046
"CP018_90m_A_ACTGCCCTCGCATCGG-1","90m","A","4","Other",-0.0125610491136043,-0.406180121494371,-0.0127480593853368,1.84884581838612
"CP018_90m_A_ACTGCCCTCGGATACC-1","90m","A","7","Other",0.311463162442562,-0.775974232543612,-0.17460985128571,0.0356921643135198
"CP018_90m_A_ACTGGCGTCACAGACC-1","90m","A","2","Other",0.10217754437608,-0.825656238022932,-0.113806322444484,-0.249198073861454
"CP018_90m_A_ACTGGCGTCCCTTCCT-1","90m","A","0","Other",0.136556520165853,-0.601848242567384,-0.149436259399072,0.127714442981031
"CP018_90m_A_ACTGGCGTCCTTGTCG-1","90m","A","3","Other",-1.16510117443949,1.89556007664095,-0.124807378917332,-0.169612184107324
"CP018_90m_A_ACTGTCTTCATGCAAT-1","90m","A","7","Other",0.552038765441101,-0.822166960516287,-0.194067103140159,-0.254723867169984
"CP018_90m_A_ACTGTCTTCCCCTAAT-1","90m","A","3","Other",-1.14336885273286,1.07412535141494,0.297447290057123,0.280468097314901
"CP018_90m_A_ACTGTCTTCCGGTATA-1","90m","A","3","HIV-Specific TCR",-1.11694912574446,2.40272606523434,0.108002737972244,-0.101470656054136
"CP018_90m_A_ACTGTTCTCGGCCATG-1","90m","A","3","Other",-1.2003518306697,0.969464621985756,0.46953379365651,-0.203045319643552
"CP018_90m_A_ACTGTTCTCGGTGGTT-1","90m","A","3","HIV-Specific TCR",-1.10739035327586,2.18389305658761,0.144895024188312,-0.173549237466117
"CP018_90m_A_ACTTAAATCCAGGTTA-1","90m","A","2","HIV-Specific TCR",-0.130717046835382,-0.769849628507805,0.146358980476312,-0.221094395909593
"CP018_90m_A_ACTTAAATCGGACTTA-1","90m","A","0","Other",-0.0942882753205592,-0.72036835197286,-0.171940611886023,0.802429074461669
"CP018_90m_A_ACTTACCTCGTTCACT-1","90m","A","2","Other",0.0124198771844981,-0.854638805914947,0.0816146275815604,-0.148420999774302
"CP018_90m_A_ACTTCCGTCCATTCCG-1","90m","A","0","Other",0.275805852859039,-0.711018300722404,-0.127527102462727,-0.144326093775973
"CP018_90m_A_ACTTCCGTCGCGTCAG-1","90m","A","1","Other",-0.198308133015254,-0.545515517073987,0.0012985066309934,-0.187359251075523
"CP018_90m_A_ACTTCTATCCCTACAT-1","90m","A","1","Other",-0.343164962409655,0.263756047456792,-0.193362408563657,-0.205120651563461
"CP018_90m_A_ACTTGCTTCACTATCC-1","90m","A","7","Other",-0.143476888655557,-0.789740722258295,-0.0208478095904949,-0.165927632112788
"CP018_90m_A_ACTTGCTTCGTACGGT-1","90m","A","5","Other",-0.035019928000906,-0.743031128202659,-0.173303053145743,-0.17898385725565
"CP018_90m_A_ACTTGTCTCACTCTTA-1","90m","A","4","Other",-0.496773776709974,0.998277918230076,0.705278995996242,0.415680298179303
"CP018_90m_A_ACTTTCATCAACCAAT-1","90m","A","1","Other",-0.225348869888024,-0.704254984213024,-0.0435432098256794,0.167088982454563
"CP018_90m_A_ACTTTCATCACTGCAA-1","90m","A","0","Other",0.198738021922021,-0.671408963770937,-0.17757564100749,-0.201018164304664
"CP018_90m_A_ACTTTCATCCCATCTG-1","90m","A","0","Other",0.619051618928632,-0.777260700508168,-0.190414171920011,-0.214295878626809
"CP018_90m_A_AGAATAGTCAACCATG-1","90m","A","0","Other",0.706976750899682,-0.75654620735205,-0.202496922232382,-0.222007481046184
"CP018_90m_A_AGAATAGTCACGCGCA-1","90m","A","0","Other",0.677916615262799,-0.586881902346217,-0.146290835772163,-0.165606084213474
"CP018_90m_A_AGAATAGTCGGTGGTT-1","90m","A","4","Other",-0.501246718380262,0.43316462641658,0.117920659667966,0.336847562038687
"CP018_90m_A_AGAATAGTCGTAGGCT-1","90m","A","0","Other",0.585219430389183,-0.786049724818163,-0.181613578215404,-0.0208314367116466
"CP018_90m_A_AGACAGGTCATTCTCA-1","90m","A","7","Other",0.469253470978425,-0.609705558677427,-0.137651217169178,-0.159653445817945
"CP018_90m_A_AGACAGGTCCCATCAT-1","90m","A","1","Other",-0.634751337756954,-0.518612584879674,-0.155556293320329,-0.166385669825158
"CP018_90m_A_AGACATTTCAAATCAC-1","90m","A","0","Other",0.296706017901357,-0.746764407654369,-0.173467110282517,-0.180198012037987
"CP018_90m_A_AGACATTTCAGAATAG-1","90m","A","3","Other",-1.1782629811865,1.15019555934014,-0.164819534424032,-0.173645033319292
"CP018_90m_A_AGACATTTCATGATGT-1","90m","A","0","Other",0.327350044096409,-0.787767750175385,-0.178671223199105,0.120993330087949
"CP018_90m_A_AGACATTTCCCTTGTG-1","90m","A","1","Other",-0.29708328438251,-0.707558479560371,-0.211716017773605,-0.179889743645104
"CP018_90m_A_AGACATTTCCTGGGCA-1","90m","A","0","Other",0.689674252686901,-0.749531823417583,0.00216975377092771,-0.189951372326771
"CP018_90m_A_AGACGCTTCAGCTATG-1","90m","A","0","Other",0.156401725293314,-0.709704280903054,-0.122211518679846,-0.126368389580918
"CP018_90m_A_AGACGCTTCGTCTTAC-1","90m","A","0","Other",0.0307645434139643,-0.74625296147749,-0.130668311391992,-0.146724325224008
"CP018_90m_A_AGACTCATCGTAGCGT-1","90m","A","3","HIV-Specific TCR",-0.473350460210609,-0.145487526241932,0.620970672336631,0.158052426022604
"CP018_90m_A_AGACTTGTCACACGTA-1","90m","A","0","Other",0.395314111732785,-0.766431556471448,-0.153934327981801,-0.180958853668008
"CP018_90m_A_AGACTTGTCGTAAGCC-1","90m","A","0","Other",0.0498257385723522,-0.709966362817236,-0.141847125799417,-0.133649433941763
"CP018_90m_A_AGAGTAATCGCACCCT-1","90m","A","2","Other",0.549592370448498,-0.525291653202746,0.317282348504844,-0.189174881277403
"CP018_90m_A_AGAGTAATCGTTAATA-1","90m","A","6","Other",-0.546137369193097,0.797836019570248,0.0700800753038638,-0.176542425390319
"CP018_90m_A_AGCAATTTCGGATTGC-1","90m","A","5","Other",0.214268978403225,-0.725241773883787,-0.156495788880498,-0.12724577211798
"CP018_90m_A_AGCACGTTCAATTGTA-1","90m","A","6","Other",-0.0277209304965109,1.47653302366768,0.0314212949821011,-0.193012784160051
"CP018_90m_A_AGCACTATCCTAGTTC-1","90m","A","0","Other",0.219731951526426,-0.77496175494774,-0.0584468073326856,-0.218968422528303
"CP018_90m_A_AGCAGTCTCCAACATG-1","90m","A","1","Other",-0.508824366386668,0.872545745897512,-0.139608967856785,-0.163809284819476
"CP018_90m_A_AGCAGTCTCGCTAATG-1","90m","A","0","Other",0.418027944757714,-0.772561129243588,-0.219898198278704,-0.25792384587358
"CP018_90m_A_AGCATATTCCGCACTC-1","90m","A","2","Other",0.301293476416214,-0.585310413584868,0.244834461200297,-0.0620235881759089
"CP018_90m_A_AGCATCATCGTCGCTC-1","90m","A","0","Other",0.565129470033549,-0.657563016127704,-0.174122116003238,-0.185468604909976
"CP018_90m_A_AGCATTGTCCTCCTTC-1","90m","A","0","Other",0.171115646464401,-0.571681007734381,-0.118795896908804,0.299032170669679
"CP018_90m_A_AGCCAACTCATAGTCG-1","90m","A","0","Other",0.478502050604677,-0.80311785699809,-0.156751749744282,-0.175264611856792
"CP018_90m_A_AGCCAACTCATCCTAC-1","90m","A","0","Other",0.352479741245266,-0.808468131908258,-0.189772565410253,-0.223235195937459
"CP018_90m_A_AGCCAACTCGCATTAG-1","90m","A","2","Other",0.188100987413803,-0.573552602838422,-0.170326907845583,-0.255156686638016
"CP018_90m_A_AGCCCCTTCGGTCGCA-1","90m","A","5","Other",0.190160416477539,-0.772113965205081,-0.200813300559499,-0.213804570932898
"CP018_90m_A_AGCCCTCTCATCAATA-1","90m","A","7","Other",0.24491879783669,-0.75023192687308,-0.136479322991872,-0.157749537266063
"CP018_90m_A_AGCCGCATCATGGACC-1","90m","A","1","Other",-0.597883338626084,-0.510508192408204,-0.0169375508355947,0.0998601399008005
"CP018_90m_A_AGCCGCATCGGCTTGG-1","90m","A","2","Other",0.00939200425810305,-0.266061870951072,0.391687841715519,0.47229315554584
"CP018_90m_A_AGCGCATTCAATCATA-1","90m","A","3","Other",-1.10376404961496,2.17065926384764,0.123248848999275,0.125400962558393
"CP018_90m_A_AGCGCCATCACGGTGT-1","90m","A","3","Other",-0.58506386442639,0.32958679584843,0.399502501065146,-0.16795381667881
"CP018_90m_A_AGCGTACTCAGTCATG-1","90m","A","5","Other",0.0731246931151761,-0.765957530532955,-0.0541375531071864,0.169466461947989
"CP018_90m_A_AGCGTACTCGTATCTC-1","90m","A","3","Other",-0.192525687221232,0.810641179880711,-0.0179648073099231,-0.0489914766657646
"CP018_90m_A_AGCTAATTCACCTACT-1","90m","A","7","Other",0.410218312950055,-0.795101094911688,-0.158554064900312,-0.183708163982417
"CP018_90m_A_AGCTAATTCACTCACT-1","90m","A","3","Other",-1.07627846702484,1.9542109786075,-0.182400697875812,-0.129740963748681
"CP018_90m_A_AGCTAATTCATCGGAC-1","90m","A","4","HIV-Specific TCR",-0.713106881696702,-0.862582154943997,-0.18028662007714,0.917968055191362
"CP018_90m_A_AGCTAATTCATTAACA-1","90m","A","1","Other",-0.77393536582542,0.709410383731099,-0.037118979832742,-0.19703629107296
"CP018_90m_A_AGCTATGTCCCGCTGT-1","90m","A","2","Other",0.438355149466882,-0.695257962949404,0.215511098839479,-0.0874549231433303
"CP018_90m_A_AGCTGTATCACGGCCA-1","90m","A","0","Other",-0.1484386831478,-0.760744144774747,-0.155297852767017,-0.18607770370621
"CP018_90m_A_AGCTTAGTCGCGCATG-1","90m","A","5","Other",-0.263128789365187,-0.608689848295471,-0.127512398312687,0.0792167025139947
"CP018_90m_A_AGCTTAGTCGGATCCG-1","90m","A","2","Other",0.0591829514557023,-0.760211371536448,0.1676016205893,-0.0862116445793493
"CP018_90m_A_AGGAAACTCCATACCT-1","90m","A","0","Other",-0.219324680806951,-0.800331988817095,-0.174149398412829,-0.192777203015246
"CP018_90m_A_AGGAAACTCGTGAGCT-1","90m","A","3","Other",-0.989594551458927,1.74261499437678,-0.201174247236448,0.118785827209054
"CP018_90m_A_AGGAATATCGGCGTTG-1","90m","A","3","Other",-0.393138675591188,-0.215014076843411,0.0389140770252084,0.0991360172365297
"CP018_90m_A_AGGAATATCGTCTCTG-1","90m","A","2","Other",0.142744746145878,-0.231718690801887,0.307582543212427,0.0715529305020368
"CP018_90m_A_AGGACTCTCAGGCTCG-1","90m","A","6","Other",-0.329313426788684,0.18757996909906,-0.125493463536235,0.138223472145588
"CP018_90m_A_AGGACTCTCCAAGACC-1","90m","A","8","Other",0.371662058731469,-0.73381943957116,-0.164763944155772,-0.150977431811927
"CP018_90m_A_AGGACTCTCGTAGTGC-1","90m","A","1","Other",-0.394502778943369,-0.764274062699425,-0.199958033157438,-0.202065151912682
"CP018_90m_A_AGGCACTTCACTCCTG-1","90m","A","5","Other",0.0554055999203544,-0.587071671079393,-0.114156435314628,-0.162115377899154
"CP018_90m_A_AGGCACTTCCTGGTCC-1","90m","A","7","Other",-0.0663015494095955,-0.348184156057652,0.0275323837704636,-0.101294229655234
"CP018_90m_A_AGGCACTTCGTCCGCT-1","90m","A","5","Other",0.134330251598134,-0.487254319585336,0.122070049056111,-0.23973652822361
"CP018_90m_A_AGGCTCGTCATGGTCA-1","90m","A","0","Other",0.399597430766822,-0.61190386613702,-0.169191751869643,-0.19477790304566
"CP018_90m_A_AGGCTCGTCGGAAAGT-1","90m","A","2","Other",0.107672259656152,-0.809847989622619,0.115566821083248,-0.0192451834912322
"CP018_90m_A_AGGCTCGTCGTACGTA-1","90m","A","1","Other",-0.246361072568624,-0.462570780022244,-0.0230635317766943,-0.174885515057238
"CP018_90m_A_AGGCTGTTCATGGCTA-1","90m","A","0","Other",0.864561505225203,-0.777280641290524,-0.201572765648373,-0.210108382141673
"CP018_90m_A_AGGCTTATCCGGTATA-1","90m","A","1","Other",-0.842796954269377,-0.818401321776829,0.070553204315995,-0.200989501877047
"CP018_90m_A_AGGGACATCGTGACGT-1","90m","A","0","Other",0.441278827049215,-0.772481186467326,-0.186268209576701,-0.206641584659755
"CP018_90m_A_AGGGCAATCAGCATAT-1","90m","A","0","Other",-0.166596248483843,-0.71673047809222,-0.122760769246675,-0.151576791319881
"CP018_90m_A_AGGGCAATCAGTCGCG-1","90m","A","1","Other",-0.199356449973235,-0.707416657852002,-0.0604310653539164,0.0239552903513044
"CP018_90m_A_AGGGCAATCCGTGAGT-1","90m","A","0","Other",0.30636393748411,-0.701019376172395,-0.145922345216483,-0.157375924749136
"CP018_90m_A_AGGGCAATCGCTTCTG-1","90m","A","0","Other",0.162962369859449,-0.688013128675057,-0.106198441525116,-0.111206656374914
"CP018_90m_A_AGGGCTTTCAAGCTAT-1","90m","A","1","Other",-0.205283444982612,-0.439728838372113,-0.0267029788861783,-0.185976548544047
"CP018_90m_A_AGGGCTTTCACTCTGT-1","90m","A","5","Other",0.208103305472614,-0.738501272375086,-0.192027908596611,-0.224296379580839
"CP018_90m_A_AGGGCTTTCCGGCAAT-1","90m","A","1","Other",-0.413776048109508,0.0101297481805431,0.00223709925032009,0.131739855058103
"CP018_90m_A_AGGGGTATCCTGCATT-1","90m","A","0","Other",0.190121639640144,-0.467949012370126,-0.039135608049344,0.221838271384209
"CP018_90m_A_AGGGGTATCGCACCCT-1","90m","A","0","Other",0.884775738312283,-0.75076163356945,-0.197022493463341,-0.204357700527327
"CP018_90m_A_AGGTAAATCAACGCAC-1","90m","A","0","Other",-0.0779750524020013,-0.598999363980052,-0.100468972731845,-0.0716767156969151
"CP018_90m_A_AGGTGTCTCAGGCCCA-1","90m","A","1","Other",-0.453546276913425,-0.78267643495274,-0.170068796148908,-0.184959381963571
"CP018_90m_A_AGGTTCATCCTCGTTG-1","90m","A","6","Other",-0.413231344477671,0.163684497317276,-0.0289085666845691,-0.179554860313435
"CP018_90m_A_AGGTTCATCGGACCTG-1","90m","A","1","Other",-0.380951894020279,-0.499439891173414,0.0438568700123092,-0.191119469666899
"CP018_90m_A_AGTAAAGTCCATCTAC-1","90m","A","0","Other",0.78670401444402,-0.748872548643945,-0.123447899733288,0.0739503032570347
"CP018_90m_A_AGTAATCTCGTTGTCT-1","90m","A","3","HIV-Specific TCR",-1.19436159217464,1.65647011460371,0.237658434535449,-0.189161397032157
"CP018_90m_A_AGTACATTCATTAACA-1","90m","A","1","Other",-0.098495091213432,-0.684234878892113,0.0484512139353616,-0.187709123451254
"CP018_90m_A_AGTACATTCGGATCAC-1","90m","A","6","Other",-0.65792858942325,0.0836092614026591,0.0680743276160554,-0.170276173323626
"CP018_90m_A_AGTACTGTCCCTTCCT-1","90m","A","1","Other",-0.524613734699363,-0.73867159278398,-0.160684617608651,-0.207573786424339
"CP018_90m_A_AGTACTGTCCGGACCA-1","90m","A","0","Other",0.254789511169026,-0.688375595677618,-0.152141228902657,0.0292101582744047
"CP018_90m_A_AGTATCGTCGTAACTG-1","90m","A","2","Other",0.202397215062871,-0.814454292162574,0.077990556113582,-0.185586577713228
"CP018_90m_A_AGTCAATTCATCAATA-1","90m","A","1","Other",-0.827162575364116,-0.435981402445847,-0.192975197709769,0.334728736109784
"CP018_90m_A_AGTCAATTCCATGGGT-1","90m","A","7","Other",0.304816330527715,-0.779303869086052,-0.166253893534826,0.22230592928284
"CP018_90m_A_AGTCAGCTCCCTTGTG-1","90m","A","4","Other",-1.11395297686547,0.0416088089912141,0.140419698197452,0.557894435404783
"CP018_90m_A_AGTCAGCTCGTTGGCG-1","90m","A","2","Other",0.0509594415043149,0.358938470354207,0.707714157546327,-0.198433125969275
"CP018_90m_A_AGTCATGTCCTATGTC-1","90m","A","0","Other",-0.592465584778081,-0.465286546012729,-0.0548522439891239,-0.199321691829855
"CP018_90m_A_AGTCATGTCGTTCGTT-1","90m","A","1","Other",-0.497813728313727,-0.731892481867011,0.150771520151046,-0.164919280717736
"CP018_90m_A_AGTCCTTTCCCTAGGG-1","90m","A","0","Other",0.352818432627876,-0.749636650482823,-0.166594677121515,0.0682985418764184
"CP018_90m_A_AGTCCTTTCGTAACTG-1","90m","A","3","Other",-0.508986559498886,1.17832033703282,-0.0425148375847498,-0.168122022310581
"CP018_90m_A_AGTCCTTTCGTGCAAC-1","90m","A","2","Other",-0.339380754347581,-0.385451428550309,0.362051812481443,0.0664690782271675
"CP018_90m_A_AGTCGCGTCATGTGGC-1","90m","A","3","Other",-1.02718041884836,2.48316500573986,0.17142112512328,-0.132072594925677
"CP018_90m_A_AGTGAAATCGCGAGTT-1","90m","A","2","HIV-Specific TCR",0.360408906265376,-0.67074164108129,0.40478319257462,0.0142449143549882
"CP018_90m_A_AGTGAAATCGGGTCAT-1","90m","A","4","Other",-0.589758306723219,0.853964023960156,0.499499822906609,1.28727765503821
"CP018_90m_A_AGTGATTTCACAATTA-1","90m","A","2","Other",0.202076483174614,-0.600062250006385,-0.00679610511170226,0.0442788780500704
"CP018_90m_A_AGTGATTTCGTACGTA-1","90m","A","2","Other",0.156160072972073,-0.135040395754829,0.105912589669024,0.0287448637321332
"CP018_90m_A_AGTGCTATCAAATGTC-1","90m","A","5","Other",-0.327143133173926,-0.659883867450189,-0.124964853167476,-0.131389784172249
"CP018_90m_A_AGTGCTATCAATCGCA-1","90m","A","1","Other",-0.548957284153506,-0.671102983955157,0.0499532454386831,-0.153157845641688
"CP018_90m_A_AGTGCTATCCAGCATA-1","90m","A","1","Other",-0.506962552185055,-0.534464000424437,-0.00169572045179933,-0.18080911939041
"CP018_90m_A_AGTGCTATCCGAATCA-1","90m","A","0","Other",0.597676272426938,-0.616336195188281,-0.0523355014819998,-0.221747923013508
"CP018_90m_A_AGTGGCTTCCACTTAC-1","90m","A","6","Other",-0.947179995418789,1.22842215327407,-0.176855838643354,-0.240705332039724
"CP018_90m_A_AGTGGCTTCCTTCGTG-1","90m","A","3","Other",-0.0530479445355774,-0.194146939483037,-0.0553358277829073,0.00385429040280028
"CP018_90m_A_AGTGGCTTCGGGCCTA-1","90m","A","0","Other",-0.181728913381406,-0.59111985181604,-0.141978986607902,0.0681276000621016
"CP018_90m_A_AGTGGTCTCCGGTATA-1","90m","A","4","HIV-Specific TCR",0.0270909231062184,-0.754679180933439,-0.0919201926524712,0.697366984583249
"CP018_90m_A_AGTTATATCGCAACGT-1","90m","A","6","Other",-0.16704476723653,0.531939607535534,0.097923192811274,-0.120205350406836
"CP018_90m_A_AGTTGCATCACGTCAA-1","90m","A","7","Other",0.104341182339831,-0.761999137473091,-0.17027541479557,0.0207945351535232
"CP018_90m_A_AGTTGCATCATCTCAC-1","90m","A","7","Other",0.0229011342082794,-0.762445341382021,-0.13715044403455,-0.158257031288124
"CP018_90m_A_AGTTGGCTCACTTCTA-1","90m","A","0","Other",0.400378513628178,-0.754496579297085,-0.12474979068671,-0.155078385885731
"CP018_90m_A_AGTTGGCTCATGGGCT-1","90m","A","2","Other",0.362343814451995,-0.763838098126891,0.198450497052369,-0.289563584122441
"CP018_90m_A_AGTTGGCTCCTGCGTC-1","90m","A","4","Other",-0.68451069307591,-0.0396985090557542,0.238276144446083,1.09763171423067
"CP018_90m_A_AGTTGTGTCACTCGTT-1","90m","A","4","Other",-0.644266896563024,-0.142936821703549,0.427953023723231,1.09254111084936
"CP018_90m_A_AGTTTAATCACGAACC-1","90m","A","0","Other",0.36019276052545,-0.7129677050553,-0.133151698363117,0.130193376837451
"CP018_90m_A_AGTTTAATCGTATCAG-1","90m","A","0","Other",0.451224628895922,-0.732381991092717,-0.0381245839609002,0.122161405598808
"CP018_90m_A_AGTTTCCTCAGCGCCA-1","90m","A","1","Other",-0.337253428107448,-0.796126381272402,0.257613424574777,0.0890373885990046
"CP018_90m_A_AGTTTCCTCAGGAATA-1","90m","A","3","Other",-0.870563846620472,0.726603143681058,0.353266250414405,0.530941333343913
"CP018_90m_A_AGTTTCCTCCTATACC-1","90m","A","0","Other",0.181242443446288,-0.703008286712424,-0.142115702552904,-0.130985886212977
"CP018_90m_A_AGTTTGGTCAATGGTT-1","90m","A","4","Other",-0.313586155337614,0.830673626016642,0.549167574789257,0.476402354340228
"CP018_90m_A_AGTTTGGTCATTGCTC-1","90m","A","3","Other",-0.687832199054414,2.13292784929803,-0.145375239625946,-0.159002110003657
"CP018_90m_A_ATAACACTCAAACCGC-1","90m","A","4","Other",-0.883788417607412,1.25542566469236,0.375384919526881,0.669362376975636
"CP018_90m_A_ATAACACTCAAGTTCG-1","90m","A","5","Other",0.129581407083533,-0.793633249683873,-0.0572038704581221,0.038774618243472
"CP018_90m_A_ATAACACTCAGTGGCT-1","90m","A","4","Other",-0.0760359975586302,-0.263992056178577,-0.145927642888252,1.11681190313343
"CP018_90m_A_ATAACACTCCAAAGCC-1","90m","A","0","Other",-0.117677233993004,-0.524128322826762,-0.143366580407265,-0.152826206951384
"CP018_90m_A_ATAACACTCGTCCCTA-1","90m","A","3","Other",-0.888409747944617,1.90166605755663,0.181365371938454,-0.0425744891529128
"CP018_90m_A_ATAACTATCACCTACT-1","90m","A","2","HIV-Specific TCR",0.354661225301221,-0.747640709539537,0.00645356799522875,-0.0303387761046641
"CP018_90m_A_ATAACTATCGTCTCGC-1","90m","A","3","Other",-1.15351003135629,0.530508844707286,0.0494660904415958,-0.162563715274735
"CP018_90m_A_ATAAGCTTCAGAATAG-1","90m","A","1","HIV-Specific TCR",0.676791899797378,-0.43178840357096,0.287854676236343,-0.161068493242968
"CP018_90m_A_ATAAGCTTCAGCTAAT-1","90m","A","0","Other",0.603415274107765,-0.629410054273329,-0.187096217009785,-0.229883406711866
"CP018_90m_A_ATAAGCTTCCCTTTAA-1","90m","A","4","Other",-0.613753873830656,0.0618563894863463,0.355882970040243,1.10938637945196
"CP018_90m_A_ATAAGTCTCCGCAATA-1","90m","A","0","Other",0.232942866095719,-0.673903393768623,-0.154486881577642,0.0860750558335713
"CP018_90m_A_ATAATCATCCCTTCTC-1","90m","A","6","Other",-0.161948561309107,-0.734489675471552,-0.157861439178721,-0.152082199244146
"CP018_90m_A_ATAATGCTCCGTCATT-1","90m","A","6","Other",-0.439530017272493,0.543620446133582,-0.153158012087275,-0.160584414214639
"CP018_90m_A_ATAATTGTCAAACTTA-1","90m","A","0","Other",0.289855901521503,-0.725378179684226,-0.147100275154033,0.0484359441788108
"CP018_90m_A_ATACAACTCGCACGTG-1","90m","A","3","Other",-0.587879016473107,0.116436614287972,0.216255994132006,-0.217755441793138
"CP018_90m_A_ATACCCTTCAATTGTA-1","90m","A","7","Other",0.705131488911998,-0.804153799342322,-0.167116077027646,-0.188967794620191
"CP018_90m_A_ATACCCTTCCCGCGTT-1","90m","A","4","Other",-0.608549552996811,-0.392690094919812,0.504888079241867,0.50413811242552
"CP018_90m_A_ATACCCTTCCGGCAAT-1","90m","A","6","Other",-0.634167194265098,1.07353438315947,0.111073602543832,0.156323060539853
"CP018_90m_A_ATACCTCTCCGGCAAT-1","90m","A","4","HIV-Specific TCR",-0.137597285357683,0.301549985779663,0.337997833026361,2.12129934405319
"CP018_90m_A_ATACGCATCAACGCTA-1","90m","A","6","Other",-0.498409380506133,-0.18677384012348,-0.0361824584424433,0.13299717465928
"CP018_90m_A_ATACGCATCCCATAAG-1","90m","A","1","Other",-0.145023193216958,-0.651044146344836,-0.128260778895776,-0.135831812258568
"CP018_90m_A_ATACGTGTCCGGGCTA-1","90m","A","0","Other",0.242040531661119,-0.779766795392321,-0.190141380906753,-0.242438859009629
"CP018_90m_A_ATACGTGTCGTTCTAC-1","90m","A","4","Other",-0.906009422088091,-0.642682181781814,0.131755655768656,1.72705244745343
"CP018_90m_A_ATACTAATCACGCGCA-1","90m","A","0","Other",0.268974793447696,-0.736440727536756,-0.131750528482679,-0.165869441434201
"CP018_90m_A_ATACTAATCCATCGGG-1","90m","A","0","Other",0.483449165841653,-0.8033849950697,-0.173260435887682,-0.00531831664424412
"CP018_90m_A_ATACTAATCGGTTACA-1","90m","A","7","Other",0.520690087959448,-0.747660589025799,-0.141261756921928,-0.168240202935158
"CP018_90m_A_ATACTCCTCAGACACC-1","90m","A","0","Other",0.117142018521243,-0.69939172205854,-0.1468870123279,-0.139155931014193
"CP018_90m_A_ATACTCCTCCAGCAAC-1","90m","A","6","Other",-0.475096221843606,0.213137413224429,-0.190701053197789,-0.238209902029486
"CP018_90m_A_ATAGCATTCCGGCCTT-1","90m","A","5","Other",0.354120144047802,-0.75844877699049,-0.156645264671996,-0.176929185982609
"CP018_90m_A_ATAGTACTCAGTGGTC-1","90m","A","6","Other",-0.365472904922775,0.176601772390782,-0.168628723814012,-0.182528082373058
"CP018_90m_A_ATAGTACTCCGTATTC-1","90m","A","4","Other",-0.10983586180146,-0.265938611163613,0.0423887879234395,1.39678275516499
"CP018_90m_A_ATAGTACTCGGTCTAA-1","90m","A","6","Other",-0.116368031407309,0.899265991649349,-0.171445863731661,-0.149571929782884
"CP018_90m_A_ATAGTCGTCCACCGCT-1","90m","A","0","Other",0.415171650033303,-0.570515823253825,-0.13490289944986,-0.151517675907971
"CP018_90m_A_ATAGTCGTCGCTGTAA-1","90m","A","1","Other",0.0217883357534669,-0.723441813635129,0.0336755865067214,-0.166167831112142
"CP018_90m_A_ATAGTGTTCCATGGGT-1","90m","A","0","Other",0.406048191036479,-0.752177844752758,-0.154719218170432,0.0189758521202507
"CP018_90m_A_ATAGTGTTCCCATACT-1","90m","A","0","Other",-0.0516543075900784,-0.790868207800808,0.0240787132472149,-0.197431776148156
"CP018_90m_A_ATATGGTTCAAGGCTC-1","90m","A","3","Other",-0.50404223006353,1.77508760442574,-0.160499550757966,-0.150492988822931
"CP018_90m_A_ATATGGTTCCAATTCC-1","90m","A","3","Other",-0.718103493891246,0.384605816731421,0.463764111413606,0.151444331931024
"CP018_90m_A_ATATGGTTCGGTACTA-1","90m","A","4","Other",0.301894196538864,-0.468879838390684,0.0310247524693321,0.99493643063883
"CP018_90m_A_ATATGGTTCGTGCTCC-1","90m","A","3","HIV-Specific TCR",-0.564469562136832,2.37873265110157,0.258535979254082,0.278060614991606
"CP018_90m_A_ATCAATATCAATCCTC-1","90m","A","0","Other",0.315406623501657,-0.597458182891704,-0.158029753897944,-0.186377723436871
"CP018_90m_A_ATCAATATCCATCATC-1","90m","A","8","Other",0.241771704704347,-0.780834289222289,-0.19187985441365,-0.175564991209729
"CP018_90m_A_ATCACTCTCCCATACT-1","90m","A","0","Other",0.278371011760629,-0.735835031696996,-0.170055354270417,-0.181729371740273
"CP018_90m_A_ATCACTCTCGCCATAA-1","90m","A","0","Other",-0.0923130268264374,-0.71777258513161,-0.147740263859891,-0.210726536378037
"CP018_90m_A_ATCACTCTCGGTGCAT-1","90m","A","7","Other",0.251689895932255,-0.718126004181736,-0.154369537524425,-0.197418516734207
"CP018_90m_A_ATCAGCATCCTATCAC-1","90m","A","0","Other",0.269924391832191,-0.750601483293238,-0.153820463100525,-0.143866664710252
"CP018_90m_A_ATCAGGCTCACAGCGT-1","90m","A","3","Other",0.0813870286027414,0.528425923262131,0.0671791949101633,0.120281398652643
"CP018_90m_A_ATCAGGCTCGCTTCGC-1","90m","A","1","Other",-0.484040494562793,-0.788883049428369,-0.00987859227014962,-0.0452271512942044
"CP018_90m_A_ATCATCCTCGCTCTCA-1","90m","A","3","Other",-0.694175707169719,1.11395252300284,-0.145517446971638,0.470031887041049
"CP018_90m_A_ATCCCATTCACACAAT-1","90m","A","8","Other",0.310210603635547,-0.823417983015101,-0.0120986254184956,-0.197178166419013
"CP018_90m_A_ATCCCATTCATGGCTA-1","90m","A","0","Other",0.226383049817502,-0.723385555834652,-0.14802271026541,0.119137449786536
"CP018_90m_A_ATCCCATTCGTACGGT-1","90m","A","8","Other",-0.457041450137459,-0.704913913000094,-0.136078885328774,-0.161673683448969
"CP018_90m_A_ATCCCATTCGTCACCC-1","90m","A","4","HIV-Specific TCR",-1.2499415293765,0.226152643526929,0.416789238971169,0.403216813973956
"CP018_90m_A_ATCCCATTCGTTGACA-1","90m","A","4","Other",-0.695294899701048,0.715288691288732,0.161955308433508,0.59718495885061
"CP018_90m_A_ATCCCGCTCGTTACTC-1","90m","A","0","Other",-0.249267309399634,-0.763820488863607,-0.142305319170742,-0.178713095912036
"CP018_90m_A_ATCCGCCTCGCTCTAT-1","90m","A","0","Other",0.198308733743783,-0.763796388718822,-0.160467883602077,-0.174297316181051
"CP018_90m_A_ATCCGTTTCATACTCC-1","90m","A","0","Other",0.153831579553392,-0.725767764399618,-0.149131555685721,-0.18755621235997
"CP018_90m_A_ATCCGTTTCCAGTACA-1","90m","A","1","Other",-0.616142791415717,-0.748411030350361,0.18968096606165,-0.146128603390096
"CP018_90m_A_ATCCGTTTCGTCAAGC-1","90m","A","3","Other",-1.11253683400608,1.83175600377046,0.211156182987526,-0.174235135530287
"CP018_90m_A_ATCCTACTCGTTGACA-1","90m","A","4","Other",0.110427244293402,-0.601632365068754,0.0458664925218999,0.338922527587195
"CP018_90m_A_ATCGCCCTCCTCGGGA-1","90m","A","2","HIV-Specific TCR",0.307907341836001,-0.560897042788401,0.344559401531766,-0.24954946306831
"CP018_90m_A_ATCGCCCTCGGACGTT-1","90m","A","7","Other",0.0229128815899626,-0.602206209162958,-0.1669185015566,-0.183337318681064
"CP018_90m_A_ATCGCCCTCGGCTCCT-1","90m","A","0","Other",-0.195426510352587,-0.69314119875108,-0.135435007980414,-0.13425477263601
"CP018_90m_A_ATCGCCCTCGTTATGG-1","90m","A","8","Other",0.0466641186953853,-0.756624257035091,-0.0375767738197023,-0.183546661739513
"CP018_90m_A_ATCGCGGTCAGCAATT-1","90m","A","0","Other",0.406627923943145,-0.666946142510863,-0.1359576398,0.0982971197669947
"CP018_90m_A_ATCGCGGTCCGGGTCA-1","90m","A","2","Other",0.28168831132858,-0.613740947290442,0.248988695916067,0.455364278176154
"CP018_90m_A_ATCGCTTTCAATGCGC-1","90m","A","2","HIV-Specific TCR",-0.251709975497688,-0.673872221606274,0.214587135103549,-0.148172977994818
"CP018_90m_A_ATCGCTTTCATACGTG-1","90m","A","2","HIV-Specific TCR",0.47145911322617,-0.86881994343151,0.472614771726546,-0.0871000162554775
"CP018_90m_A_ATCGCTTTCCGCACTC-1","90m","A","4","Other",-1.26941885530162,1.56223413336051,0.512080742231745,1.71806330906478
"CP018_90m_A_ATCGCTTTCCTATCCG-1","90m","A","7","Other",0.455580673741148,-0.713351442199966,-0.138741815402335,-0.142692534162727
"CP018_90m_A_ATCGCTTTCGGCCCTT-1","90m","A","0","Other",0.618915363510676,-0.583118236597815,-0.188953329734892,-0.193765259263154
"CP018_90m_A_ATCGCTTTCGGCTCCT-1","90m","A","2","Other",-0.195603907857176,-0.705372992625491,-0.134643739274982,-0.143718102081371
"CP018_90m_A_ATCGGACTCATGGACC-1","90m","A","0","Other",0.290772625415639,-0.744960060052349,-0.151071498780137,-0.165596788386229
"CP018_90m_A_ATCGGACTCGGCTTAA-1","90m","A","4","HIV-Specific TCR",-0.147591949669883,-0.507188100611536,0.0366447225314094,0.43125693018619
"CP018_90m_A_ATCGGGTTCGGGCTTG-1","90m","A","7","Other",0.746008927501762,-0.696196061906084,-0.0353233315639594,0.140578508648307
"CP018_90m_A_ATCTCACTCATCTCTA-1","90m","A","0","Other",1.06044063487264,-0.608214490846936,-0.217832884312818,-0.225324752198657
"CP018_90m_A_ATCTCACTCCTAAGCA-1","90m","A","0","Other",-0.0634628860930442,-0.746413446948759,-0.189081784241629,-0.205053623691164
"CP018_90m_A_ATCTCACTCGTGAACC-1","90m","A","1","Other",-0.199842951800344,-0.747917229743342,-0.175194322824065,-0.218643770584003
"CP018_90m_A_ATCTCCGTCCCACTTG-1","90m","A","3","HIV-Specific TCR",-0.824554238639047,2.24792550634714,-0.109804250625487,0.229990694875962
"CP018_90m_A_ATCTCCGTCCCATCAT-1","90m","A","7","Other",0.0395931634388091,-0.616704024731672,-0.0372883938589361,-0.15008168892178
"CP018_90m_A_ATCTCTATCGCATCGG-1","90m","A","0","Other",0.435020647923493,-0.774060434866093,-0.191634162493651,-0.221733553149365
"CP018_90m_A_ATCTCTATCGCGTCAG-1","90m","A","1","Other",-0.431890639882009,-0.558570615146426,-0.147308772901438,0.141324033164462
"CP018_90m_A_ATCTTCATCACGCAAC-1","90m","A","6","Other",-0.735336013595782,0.0272073427463227,-0.152843185189193,-0.158361779871907
"CP018_90m_A_ATCTTCATCACGGTGT-1","90m","A","0","Other",0.693854093267589,-0.739342522448866,-0.0160347301021726,0.0708855005963052
"CP018_90m_A_ATCTTCATCCCTGGCT-1","90m","A","0","Other",0.344638006549915,-0.605305317745786,-0.159835571730339,-0.171020468982681
"CP018_90m_A_ATCTTCATCCCTGTCA-1","90m","A","5","Other",0.259733255795842,-0.753088898838195,-0.18040924108568,0.0159288723215727
"CP018_90m_A_ATCTTCATCCGCATAA-1","90m","A","1","Other",-0.263412557853527,-0.372640019947927,0.276366030977094,0.0661848214147917
"CP018_90m_A_ATCTTCATCCTGCACC-1","90m","A","3","Other",-1.06406416232076,1.03276728905837,0.259458827073875,-0.165600910942538
"CP018_90m_A_ATGAAAGTCACCTACT-1","90m","A","0","Other",0.472580940724819,-0.736349781750266,-0.158417162015572,-0.183227204986578
"CP018_90m_A_ATGAAAGTCACTGTTC-1","90m","A","3","Other",-1.01978042433126,1.21323592061197,0.398337112506884,-0.236814423830633
"CP018_90m_A_ATGAAAGTCCAGCAAC-1","90m","A","3","Other",-0.134362178251029,0.182549059952313,0.008108365032784,0.0217039395241596
"CP018_90m_A_ATGAAAGTCGGGTCAT-1","90m","A","2","Other",-1.07288645249984,-0.709388587683936,-0.172715029516851,-0.206758365451659
"CP018_90m_A_ATGAATCTCCCCACTA-1","90m","A","7","Other",0.000826146827860974,-0.685185598088066,-0.119581527710328,-0.161593916879523
"CP018_90m_A_ATGAATCTCGCATCGG-1","90m","A","0","Other",0.419597450762909,-0.699349530780922,-0.148323906529358,-0.148460004760367
"CP018_90m_A_ATGACCATCAAGGGGC-1","90m","A","4","Other",-0.10541430389017,-0.528393197422526,0.0305222096777783,2.08553161301293
"CP018_90m_A_ATGACCATCATGCGGT-1","90m","A","2","Other",0.309590579114496,-0.860457987657512,-0.0175136660873138,-0.128576855722285
"CP018_90m_A_ATGACCATCGCCTCTA-1","90m","A","0","Other",0.0626326823471675,-0.71463134385028,-0.151075286785425,-0.138559054045068
"CP018_90m_A_ATGATGTTCGCCTACC-1","90m","A","0","Other",0.159484147800434,-0.787353783396755,-0.184537268368153,0.0141037250136092
"CP018_90m_A_ATGCAATTCAAGGGGC-1","90m","A","0","Other",0.323701282794623,-0.728751740284779,-0.127029820710871,-0.09901573453567
"CP018_90m_A_ATGCAATTCAGTCAGC-1","90m","A","0","Other",0.288344870084629,-0.750661311178414,-0.184674014593608,-0.0268305375784759
"CP018_90m_A_ATGCAATTCCTCCAAT-1","90m","A","2","Other",0.0257639106833445,-0.551432075346753,0.175483825522061,-0.16890482085788
"CP018_90m_A_ATGCAATTCGCGGTTG-1","90m","A","3","HIV-Specific TCR",-0.920999782638329,2.49616921881071,-0.191548208801569,-0.151489366047754
"CP018_90m_A_ATGCCTTTCGCAAACC-1","90m","A","0","Other",0.360925003078016,-0.726607637275731,-0.136003242465648,-0.159062721986609
"CP018_90m_A_ATGCCTTTCGTACTTC-1","90m","A","1","Other",0.0449275925035029,-0.76567438121565,-0.213917631971839,0.0148771334323631
"CP018_90m_A_ATGCGTATCGCTAAAT-1","90m","A","0","Other",0.37459749503532,-0.729178197584076,-0.150044940316482,-0.162942273851526
"CP018_90m_A_ATGCTTCTCCGAGTGT-1","90m","A","3","Other",-0.436367691076488,0.833392538296539,0.0634886048834667,-0.144952854672712
"CP018_90m_A_ATGCTTCTCGCGTAGT-1","90m","A","3","Other",-0.137995900585869,0.0285989516781705,0.180458701257381,-0.254064629889633
"CP018_90m_A_ATGGACCTCACCATTC-1","90m","A","0","Other",0.22530109490104,-0.759105460435478,-0.164917786483686,0.409186033284638
"CP018_90m_A_ATGGCACTCAGGAATA-1","90m","A","4","Other",0.0514461629574516,-0.625164448020857,0.16823922829971,0.340830843947466
"CP018_90m_A_ATGGCACTCCTATGCT-1","90m","A","4","Other",-0.0053575405051931,-0.607053044888326,0.0692950669709466,1.63881335358151
"CP018_90m_A_ATGGCACTCGGGCATT-1","90m","A","4","Other",-0.727085188272113,-0.0259139747572296,0.763051727564278,0.156731255380128
"CP018_90m_A_ATGGCACTCGTTGGGT-1","90m","A","1","Other",-0.365987851956349,-0.76861696161065,-0.208615845491197,-0.194855421606705
"CP018_90m_A_ATGGCCGTCGGTATGC-1","90m","A","4","Other",-0.445940721196341,0.118224737785756,0.281190969992417,-0.134310216203971
"CP018_90m_A_ATGGCTATCCAAGACC-1","90m","A","2","Other",0.380253607474373,-0.685876186588639,0.0155727081508384,-0.219570735208033
"CP018_90m_A_ATGGCTATCCTTAACC-1","90m","A","0","Other",-0.225491609619535,-0.78214701849857,-0.185484300379738,-0.215355093053044
"CP018_90m_A_ATGGCTATCGCAATTG-1","90m","A","3","Other",-1.12181865910409,2.10151348077209,-0.183558164809542,0.136657910069583
"CP018_90m_A_ATGGGCTTCACGGCCA-1","90m","A","8","Other",0.578992247201583,-0.777847660209763,-0.173299212422785,-0.20451732972178
"CP018_90m_A_ATGGGCTTCCAACACA-1","90m","A","0","Other",0.471654878176396,-0.443131684467966,-0.14455696475789,0.131425888486944
"CP018_90m_A_ATGGGTCTCAGACACC-1","90m","A","7","Other",0.00989005410287991,-0.69880183417222,-0.180065101713366,-0.141005766958681
"CP018_90m_A_ATGGGTCTCCATCGCC-1","90m","A","0","Other",-0.0318220801276003,-0.751404958692271,-0.136771826416878,0.0987116262348359
"CP018_90m_A_ATGGTATTCACACATG-1","90m","A","0","Other",-0.0550525336108942,-0.66449983692585,-0.124884679401447,0.243721157138634
"CP018_90m_A_ATGGTCATCAGTGGCT-1","90m","A","2","HIV-Specific TCR",-0.123976140407679,-0.819388870318774,-0.139888937576855,-0.0662232062610928
"CP018_90m_A_ATGGTCATCCAGCTAA-1","90m","A","0","Other",0.14808827098044,-0.726307485200858,-0.126212332925556,-0.167007996202929
"CP018_90m_A_ATGGTGCTCGCATAAT-1","90m","A","0","Other",0.418707643269804,-0.626100876214459,-0.164243288978561,0.0749778705061634
"CP018_90m_A_ATGGTTGTCAGGGACA-1","90m","A","1","Other",-0.391302752549089,-0.596477623970422,-0.201843993462858,-0.222253821053664
"CP018_90m_A_ATGTAACTCATGGCTA-1","90m","A","0","Other",0.175189272125541,-0.767984223034334,-0.153168507955936,-0.162527609617989
"CP018_90m_A_ATGTAACTCGTTCGCC-1","90m","A","4","Other",-0.823877001133958,-0.704295836942303,-0.186547740332477,0.123752016807875
"CP018_90m_A_ATGTAGTTCACAATTA-1","90m","A","0","Other",0.136280643025327,-0.695068068365649,-0.144305829125551,0.109173387834526
"CP018_90m_A_ATGTAGTTCCACTCCA-1","90m","A","0","Other",0.109223452547952,-0.603777340947802,-0.195315587159443,-0.201048024564615
"CP018_90m_A_ATGTCAGTCAAATCCG-1","90m","A","6","Other",-0.549625169983497,-0.0507503159654955,0.00794181981029013,0.161519631051303
"CP018_90m_A_ATGTCAGTCATAATCA-1","90m","A","0","Other",0.584232308842727,-0.509408073249121,-0.164920863000498,0.0308537514862751
"CP018_90m_A_ATGTCAGTCATCGACA-1","90m","A","7","Other",0.043189165855946,-0.723535968618158,-0.138339147624688,-0.190027704567188
"CP018_90m_A_ATGTCAGTCCCACACC-1","90m","A","3","Other",-0.917964577174908,0.88103856395486,0.128545567986044,-0.172401943949828
"CP018_90m_A_ATGTCAGTCCCTGACC-1","90m","A","0","Other",0.224086921658953,-0.764895125062311,-0.199715111455666,-0.00189199796965783
"CP018_90m_A_ATGTCCTTCCATTCGT-1","90m","A","2","Other",-0.226145924364372,-0.814973576671224,0.225203599229206,-0.0189888575585256
"CP018_90m_A_ATGTCGATCCAATTCC-1","90m","A","1","Other",0.103035819035135,-0.667168821271413,-0.107250174584971,-0.1193315008914
"CP018_90m_A_ATGTGGCTCCGTACTT-1","90m","A","2","Other",0.797142953328831,-0.625531411228697,0.0871135454147481,-0.164424145805598
"CP018_90m_A_ATGTTAATCAGTTAGT-1","90m","A","3","Other",-1.24676859543098,0.925334054851108,-0.195015763193643,-0.200246901923994
"CP018_90m_A_ATGTTAATCCCACACC-1","90m","A","0","Other",0.0409564442021924,-0.670832056499371,-0.128918654421773,-0.171062778781468
"CP018_90m_A_ATGTTAATCGCCCTAC-1","90m","A","0","Other",0.321499537327837,-0.69683676130574,-0.197923719988347,-0.210978230652184
"CP018_90m_A_ATTAACATCCAACATG-1","90m","A","4","Other",-0.0427262381909224,0.616009238710325,0.122131101293837,0.160436534732329
"CP018_90m_A_ATTAAGCTCAAGCGTC-1","90m","A","0","Other",0.190157436578057,-0.799486661857908,-0.0482957425926989,-0.194535858929839
"CP018_90m_A_ATTAAGCTCAGTATGT-1","90m","A","1","Other",-0.552267825352516,-0.800366541636519,-0.203416678671802,-0.220153055192389
"CP018_90m_A_ATTAAGCTCCAGCAAC-1","90m","A","0","Other",0.502096365046972,-0.710620395839832,-0.124829937469084,-0.136492527557347
"CP018_90m_A_ATTAATGTCCAACTTC-1","90m","A","0","Other",0.434427794736453,-0.713359837152687,-0.150361292896184,-0.129822291360025
"CP018_90m_A_ATTAATGTCGCAGTGT-1","90m","A","6","Other",-0.725079929407534,0.338249636387627,-0.0737164206943696,0.186577629378988
"CP018_90m_A_ATTAATGTCGTGCATA-1","90m","A","2","Other",0.621668198762604,-0.71612226838566,-0.174009075038091,-0.121946629629601
"CP018_90m_A_ATTACAATCCGAATTG-1","90m","A","0","Other",-0.0147922834889433,-0.715472499090845,-0.144835037683531,-0.146884597862665
"CP018_90m_A_ATTACAATCGGTTACA-1","90m","A","3","Other",-1.04100645738856,1.15920055762458,0.151955773090054,0.213305241538436
"CP018_90m_A_ATTACTTTCCTATACC-1","90m","A","0","Other",-0.000764043817867321,-0.685999013280844,-0.115114213269132,-0.141351978552214
"CP018_90m_A_ATTACTTTCGCTCCTA-1","90m","A","4","HIV-Specific TCR",-0.354246218047348,-0.571437122815442,0.167060199447347,1.39508541621861
"CP018_90m_A_ATTCAAATCAGGGACA-1","90m","A","7","Other",0.236059108424811,-0.64118111845235,-0.198372245910058,-0.0492334875302209
"CP018_90m_A_ATTCAAATCAGTGCTA-1","90m","A","5","Other",-0.010874414431121,-0.772586329104823,-0.144870150839346,-0.139907009241323
"CP018_90m_A_ATTCAAATCATCCTAC-1","90m","A","8","Other",-0.061457542650504,-0.771783279512096,-0.0406620842149253,-0.160903573328621
"CP018_90m_A_ATTCAAATCCAACGTA-1","90m","A","6","Other",-0.0522916116730301,-0.744170055732875,-0.0331763632377244,-0.14025953129461
"CP018_90m_A_ATTCATTTCCCAGAAC-1","90m","A","2","HIV-Specific TCR",0.405001042780103,-0.735321022270175,0.0264482583074858,-0.0860511763851149
"CP018_90m_A_ATTCATTTCCTAAGCA-1","90m","A","1","Other",0.0908668458006239,-0.761057054409962,-0.195711646249544,-0.233070071781393
"CP018_90m_A_ATTCGCTTCCCCTATG-1","90m","A","7","Other",0.212581301645153,-0.430567117702418,-0.108183466234612,-0.0644366466699228
"CP018_90m_A_ATTCGCTTCCCTAGTT-1","90m","A","4","Other",-0.467797103800508,0.836032345548057,0.165320206955784,0.355583209799512
"CP018_90m_A_ATTCGCTTCGTTACCT-1","90m","A","1","Other",-0.758263638018551,-0.412643509591978,-0.202364143764231,-0.172609906240053
"CP018_90m_A_ATTCGTCTCAACTCCT-1","90m","A","0","Other",-0.11170122097153,-0.745419760574453,0.0399478951071363,0.0663373864937606
"CP018_90m_A_ATTCGTCTCAAGGCTC-1","90m","A","2","HIV-Specific TCR",0.0859836800212588,-0.532670647828926,0.525317617496831,-0.159794012720609
"CP018_90m_A_ATTCGTCTCATGGACC-1","90m","A","3","Other",-0.99072730004319,2.08008734242117,-0.167713620291869,0.255983522577021
"CP018_90m_A_ATTCTCATCCTTATGC-1","90m","A","4","Other",0.400981880541516,0.032811186403606,0.349800536334073,0.586138539131857
"CP018_90m_A_ATTGCTCTCACCTCTG-1","90m","A","8","Other",0.692030483032167,-0.812835214201516,-0.199145312258158,-0.235421167267345
"CP018_90m_A_ATTGCTCTCGCAGTGT-1","90m","A","6","Other",-0.37706891331993,-0.299463767783469,-0.115242826454979,-0.222371140678362
"CP018_90m_A_ATTGGCATCACAGGTC-1","90m","A","3","Other",-0.713635285065576,2.00099435188496,0.0676951122605468,-0.166946004935578
"CP018_90m_A_ATTGGCATCCTCTCGA-1","90m","A","0","Other",0.47663868858921,-0.747340681906482,-0.142422930719013,-0.192878789457072
"CP018_90m_A_ATTGTAATCCGAATCA-1","90m","A","0","Other",0.0136281703324224,-0.762237113892177,-0.165309597565857,-0.0098956476412054
"CP018_90m_A_ATTGTCCTCCCGAAAC-1","90m","A","1","Other",-0.63940501847645,-0.0466066869149532,0.161628283390738,0.204971511800138
"CP018_90m_A_ATTGTCCTCCCTCGGT-1","90m","A","2","Other",0.0212644924928975,0.132329231684543,-0.0518017118713487,0.359693070617197
"CP018_90m_A_ATTGTGGTCCCATACT-1","90m","A","2","Other",0.505609194115941,0.0127305425588684,0.411543974205705,-0.220513768680079
"CP018_90m_A_CAAACCATCATGCTTC-1","90m","A","3","Other",-1.15861363552298,1.46953200136104,0.0758545254169516,-0.178503400885917
"CP018_90m_A_CAAACCATCCCTTTGG-1","90m","A","8","Other",0.0984961218513267,-0.678342128446477,-0.121206823427965,-0.113648069541349
"CP018_90m_A_CAAACCATCCGAATTG-1","90m","A","0","Other",0.180999491906599,-0.727952704137862,-0.115489730407101,-0.136177202320773
"CP018_90m_A_CAAACCATCGTAATTA-1","90m","A","0","Other",0.296985964339549,-0.78755087382505,-0.181280540827425,0.0211557756484778
"CP018_90m_A_CAAAGCCTCAGCTGTA-1","90m","A","1","Other",-0.325441038788613,-0.753347281757355,-0.188388031352568,-0.211275944981615
"CP018_90m_A_CAAATCGTCAGTGGCT-1","90m","A","2","Other",0.194528660943103,-0.477102366917008,0.330149368778128,-0.18492992728963
"CP018_90m_A_CAAATCGTCATCGGGT-1","90m","A","0","Other",0.513806622941939,-0.572152659876705,-0.0548873466117172,-0.249047899691493
"CP018_90m_A_CAAATCGTCATGGTTG-1","90m","A","7","Other",0.360252032743684,-0.734243838798675,-0.0706065945923207,-0.164001639909836
"CP018_90m_A_CAAATCGTCCCCACTA-1","90m","A","5","Other",0.159005408279445,-0.662626263731655,-0.0848104426953459,0.352673354496582
"CP018_90m_A_CAAATCGTCGGCCATG-1","90m","A","8","Other",0.547489672139052,-0.71694090667584,-0.0433648806412759,-0.183163557413566
"CP018_90m_A_CAACACATCACGCATA-1","90m","A","0","Other",0.115901331402989,-0.68489641851426,-0.149233227654366,-0.119955229835875
"CP018_90m_A_CAACACATCAGCACTA-1","90m","A","0","Other",0.396725598185394,-0.719905880621464,-0.12488588108822,-0.152207017660605
"CP018_90m_A_CAACACATCGTCTCGC-1","90m","A","0","Other",0.550299596503953,-0.723411024950822,-0.156429715870154,-0.13704635735679
"CP018_90m_A_CAACAGCTCAAACCTG-1","90m","A","1","Other",-0.034299005591452,-0.397380725386336,-0.158129940616588,-0.156933006868788
"CP018_90m_A_CAACAGCTCAGTGGTC-1","90m","A","4","Other",-0.412082393791578,-0.610147177977168,-0.0907917270986313,1.16723815512857
"CP018_90m_A_CAACAGCTCCCTTTGG-1","90m","A","3","Other",-1.09565735543424,2.27490976298996,-0.123425665516549,0.204909030046293
"CP018_90m_A_CAACATGTCGCCCTTA-1","90m","A","0","Other",0.380314353330232,-0.619069465989383,-0.147748101398234,-0.175262647648454
"CP018_90m_A_CAACCTTTCAATCCCT-1","90m","A","0","Other",0.261651768910882,-0.706814390491988,-0.142594349041943,-0.160517949693861
"CP018_90m_A_CAACGTATCCATCATC-1","90m","A","2","Other",-0.246210651019368,-0.566046795498922,0.245059520088495,0.31218723108676
"CP018_90m_A_CAACGTATCGTCTTCG-1","90m","A","2","Other",0.147398526429191,-0.569074399807794,0.143316019439099,-0.0647277025614821
"CP018_90m_A_CAACTTCTCAAGCTCA-1","90m","A","0","Other",0.00814380442522222,-0.691639862473889,-0.121898388239551,-0.152186546985429
"CP018_90m_A_CAACTTCTCCTCCATG-1","90m","A","3","Other",-0.44697509918271,-0.117820584801512,-0.198632645177508,-0.225737806686328
"CP018_90m_A_CAAGACCTCCCAAGTA-1","90m","A","1","Other",-0.439861794393193,-0.435355122108624,0.258191533198985,-0.00200219281057881
"CP018_90m_A_CAAGACCTCCCATCCA-1","90m","A","0","Other",0.221614763510818,-0.737147996114836,-0.147739504310512,0.0855564774953308
"CP018_90m_A_CAAGCGTTCCCATCTG-1","90m","A","0","Other",0.432642326714999,-0.697224044262208,-0.142364970597623,0.105111978086394
"CP018_90m_A_CAAGCGTTCGTAGTTG-1","90m","A","2","Other",-0.174477396332109,0.453118428412547,0.286587571843748,-0.0161172987556987
"CP018_90m_A_CAAGCTATCACAACGC-1","90m","A","6","Other",-1.05651913868208,0.252779229612026,0.142856218790295,-0.123667490017504
"CP018_90m_A_CAAGCTATCAGCTATG-1","90m","A","0","Other",0.382510832511286,-0.752989625739738,-0.190792115497012,0.0771113814605537
"CP018_90m_A_CAAGTATTCCTCATTA-1","90m","A","4","HIV-Specific TCR",-0.36572558145958,-0.727742191186249,0.226012624321722,0.467717673138836
"CP018_90m_A_CAAGTGCTCATCCCGC-1","90m","A","0","Other",0.154256068332064,-0.703321882190481,-0.138571671067264,0.207988622422286
"CP018_90m_A_CAAGTGCTCATGAGTT-1","90m","A","3","Other",-0.794537945337928,2.25667796980549,-0.156169969243396,-0.208671883333076
"CP018_90m_A_CAAGTGCTCCCTCTAG-1","90m","A","2","HIV-Specific TCR",-0.0104758902619619,-0.162951432381419,0.358654623157339,-0.17328745237197
"CP018_90m_A_CAATACGTCAGTAAAG-1","90m","A","5","Other",0.197462892468196,-0.618320899543124,-0.161827020859084,0.189646272784769
"CP018_90m_A_CAATACGTCCTTATGC-1","90m","A","1","Other",0.0615631106047279,-0.445631218160373,-0.209147771592272,0.0501151176808969
"CP018_90m_A_CAATAGTTCAACGCTA-1","90m","A","3","Other",-0.913992797251392,2.27998127555673,0.0351202143807959,-0.119098788549109
"CP018_90m_A_CAATAGTTCAAGGTAA-1","90m","A","3","Other",-1.03447955804082,0.985257582485798,-0.110453149207236,0.269125046228474
"CP018_90m_A_CAATAGTTCCCTGAAA-1","90m","A","6","Other",-0.761046264688806,-0.020833444960222,0.277111570300783,-0.176943127478125
"CP018_90m_A_CAATATATCATGCGGT-1","90m","A","5","Other",0.487498554729723,-0.783245191653559,-0.0515770599475338,0.180937103664501
"CP018_90m_A_CAATCAGTCCTAGCTT-1","90m","A","3","Other",-0.920973650941145,1.19452858352628,-0.0585929145990627,0.0110206969407534
"CP018_90m_A_CAATCAGTCCTCCGAC-1","90m","A","0","Other",0.106493175753031,-0.727533771476629,-0.00434079064133699,-0.158382170590272
"CP018_90m_A_CAATCAGTCGGTAATT-1","90m","A","0","Other",0.403614216644115,-0.763673940571332,0.178069189899376,-0.171714918644176
"CP018_90m_A_CAATCGATCACGGGTT-1","90m","A","2","HIV-Specific TCR",-0.015801104327323,-0.796302437704829,0.0019705504694485,0.322953392697372
"CP018_90m_A_CAATCGATCCTAAACG-1","90m","A","0","Other",0.266210924377035,-0.728910143291968,-0.0584305206042202,-0.158556910025623
"CP018_90m_A_CAATCGATCCTGGTAA-1","90m","A","7","Other",0.536565631002532,-0.753926541628279,-0.0469233665582221,0.303761181625021
"CP018_90m_A_CAATGCATCAACTGCA-1","90m","A","3","Other",0.0193359054723676,0.240057021714029,-0.0686378794685455,-0.188472165422749
"CP018_90m_A_CAATGCATCGCCCGTT-1","90m","A","5","Other",0.0397730820331248,-0.702811189506841,-0.105146429402253,-0.14365066279659
"CP018_90m_A_CAATGTGTCGCAAAGG-1","90m","A","2","Other",0.223346291384539,-0.552383452700199,0.765653050767119,-0.269133748332231
"CP018_90m_A_CACAACATCATGGCTA-1","90m","A","3","Other",-0.535124217396963,1.62043941185799,0.0386743443315582,-0.143369195686805
"CP018_90m_A_CACAAGCTCACACCTT-1","90m","A","1","Other",-0.648643867839198,-0.71307876321181,-0.0305768924344954,-0.160400942982956
"CP018_90m_A_CACAAGCTCACCACAA-1","90m","A","6","Other",-0.33803770945536,0.157347151309221,-0.0329069294792153,-0.201917728706289
"CP018_90m_A_CACAAGCTCCCTAAAG-1","90m","A","2","Other",0.214892720798259,-0.775862320475455,0.14467228819391,-0.231459557262474
"CP018_90m_A_CACAAGCTCCTGGTAA-1","90m","A","0","Other",0.250877751438224,-0.723997600039419,-0.0887864901183438,-0.235507465311435
"CP018_90m_A_CACACCCTCCCCAGCT-1","90m","A","0","Other",-0.0651834679203331,-0.673908561028297,-0.144011179926257,-0.152750361509936
"CP018_90m_A_CACACCCTCCGTGAGT-1","90m","A","1","Other",-0.683232051685897,0.0258334867189633,0.147569048924783,-0.0811105677056073
"CP018_90m_A_CACACCCTCGTAGCAC-1","90m","A","6","Other",-0.194920179824668,0.0395084433618874,0.0136865065929401,0.0814849483923682
"CP018_90m_A_CACACCCTCGTATCGA-1","90m","A","0","Other",-0.0339765711972755,-0.731304683207049,-0.175739350665605,-0.203162196997053
"CP018_90m_A_CACACCCTCGTCTCTG-1","90m","A","0","Other",0.57361271258185,-0.714787576763893,-0.0253639304062387,-0.163113085380319
"CP018_90m_A_CACAGGTTCAGACATT-1","90m","A","2","Other",0.323494579588652,-0.681104319750184,0.110415230312453,-0.191850953249838
"CP018_90m_A_CACAGGTTCCGTTCTG-1","90m","A","1","Other",-0.0833643818253968,-0.69837697861096,-0.1615549327606,-0.17107802973287
"CP018_90m_A_CACAGGTTCGCAAGCT-1","90m","A","0","Other",0.503394139659375,-0.698172085395305,-0.162580976724976,0.161012440292364
"CP018_90m_A_CACATCTTCCTCGGGA-1","90m","A","2","HIV-Specific TCR",-0.258822596960139,0.88611723799325,0.144820035141628,-0.316263507888969
"CP018_90m_A_CACCAAATCAGCAGTC-1","90m","A","0","Other",0.159416666324137,-0.757277944478846,-0.183942404454381,0.13724680045895
"CP018_90m_A_CACCAAATCAGTACGC-1","90m","A","0","Other",0.39789867101603,-0.681607721837868,-0.0887224824690159,-0.106271156727348
"CP018_90m_A_CACCAAATCGTCCTGC-1","90m","A","0","Other",-0.149169238564322,-0.747431609181166,-0.13757076779643,-0.16775207426806
"CP018_90m_A_CACCCACTCACGCTCC-1","90m","A","8","Other",0.522584739339099,-0.705891769250245,-0.141251849897646,-0.129456238624066
"CP018_90m_A_CACCCGTTCCCTGAAA-1","90m","A","0","Other",0.436114881116252,-0.562956270793469,-0.169591688687876,-0.157983502922406
"CP018_90m_A_CACCCGTTCGGACATC-1","90m","A","7","Other",0.174343279536583,-0.724395787105454,-0.105627836296464,0.0670876490571099
"CP018_90m_A_CACCCTATCAGGGGTA-1","90m","A","5","Other",0.399385340260234,-0.718514942632385,-0.186666485643419,-0.172619901526948
"CP018_90m_A_CACCCTATCCACTTCG-1","90m","A","3","HIV-Specific TCR",-1.19014874082408,0.501379680194534,0.0577987037656429,0.275642439618361
"CP018_90m_A_CACCCTATCCGCATGG-1","90m","A","3","HIV-Specific TCR",-1.17452321844201,1.80963417015857,0.557107215961171,-0.193045217129033
"CP018_90m_A_CACCGCTTCAACGCTA-1","90m","A","0","Other",0.041521741882248,-0.747406509223405,-0.167526809752602,-0.179675080780276
"CP018_90m_A_CACCGCTTCAAGCTAT-1","90m","A","3","Other",-0.278961795199399,0.0886111260184511,0.385024004227927,-0.16738261798651
"CP018_90m_A_CACCGCTTCACGCGTG-1","90m","A","0","Other",0.401055638002056,-0.817260048232048,-0.140292300720454,-0.185663915613733
"CP018_90m_A_CACCGCTTCATGCAGC-1","90m","A","4","Other",0.121859007092267,-0.23615618521879,0.0343683250919502,1.05185396785074
"CP018_90m_A_CACCGCTTCGCCTTGC-1","90m","A","1","Other",-0.63910735467841,-0.508979838684138,0.0362338400475914,-0.166448045010876
"CP018_90m_A_CACCTATTCCCCACTA-1","90m","A","0","Other",0.251104042601383,-0.647467931198766,-0.0946271277046023,-0.135964485831992
"CP018_90m_A_CACCTATTCGCAACTA-1","90m","A","0","Other",0.0856124689778432,-0.72201146301572,-0.131760701255831,-0.165684127648677
"CP018_90m_A_CACCTATTCGTCTCTG-1","90m","A","2","HIV-Specific TCR",-0.172073156511863,-0.420493249395008,0.173128394901076,-0.103549249978663
"CP018_90m_A_CACCTCATCATAAGCT-1","90m","A","2","HIV-Specific TCR",0.128419283520202,-0.309554895699684,0.319152979387755,-0.262477001357395
"CP018_90m_A_CACCTCATCATGGTGC-1","90m","A","0","Other",0.1341105284068,-0.700187920069672,-0.145508579092672,-0.147418526323745
"CP018_90m_A_CACCTCATCCTATCAC-1","90m","A","0","Other",0.246545819072048,-0.69572426421186,-0.131674373750581,-0.206509938946449
"CP018_90m_A_CACCTCATCGTCCTAT-1","90m","A","1","Other",-0.156904840778775,-0.770321561448225,-0.199244094318448,-0.254365980094305
"CP018_90m_A_CACGTAATCACAACGC-1","90m","A","4","Other",-0.655256628607979,0.999634525292004,0.524970688916242,0.765979665525131
"CP018_90m_A_CACTACTTCACTGTCT-1","90m","A","0","Other",0.64697034272347,-0.744252453187322,-0.140428871984048,-0.140821013657236
"CP018_90m_A_CACTACTTCATCGACA-1","90m","A","0","Other",0.188187397175103,-0.676839169529374,-0.112154913198917,0.115314467527528
"CP018_90m_A_CACTACTTCGTCGAAC-1","90m","A","0","Other",0.732034578671102,-0.58377434434982,-0.00163849126207888,0.52435435653666
"CP018_90m_A_CACTACTTCGTGCAGT-1","90m","A","7","Other",0.630941699126924,-0.791543344305631,-0.179669757327965,-0.234608978340117
"CP018_90m_A_CACTCCATCGCACCCT-1","90m","A","4","Other",-0.433886093364484,-0.788546004187018,-0.0144831681586784,0.691223696550987
"CP018_90m_A_CACTCTGTCACGGTTA-1","90m","A","3","Other",-0.253407640171377,0.925322629180545,0.00693208359753672,0.138798659583722
"CP018_90m_A_CACTTACTCCGCTACC-1","90m","A","2","Other",-0.55107205893376,-0.623750528742508,0.205447000161441,0.0103004394847197
"CP018_90m_A_CACTTCGTCATCGCCC-1","90m","A","0","Other",0.199114820711025,-0.768327316854349,-0.149310291394729,-0.158293956918014
"CP018_90m_A_CAGCAACTCGTAACTG-1","90m","A","4","Other",-0.302589337295588,-0.61454851384776,0.293018656962388,0.0551286574740104
"CP018_90m_A_CAGCATATCAAGGGTG-1","90m","A","3","Other",-1.17533248128044,2.62848878448424,0.193539149822755,-0.240295706814356
"CP018_90m_A_CAGCATATCACATCAG-1","90m","A","4","Other",-0.419132517493479,-0.777560258929657,-0.0524359432233258,0.962737531615357
"CP018_90m_A_CAGCCCTTCACTAATA-1","90m","A","3","Other",-0.685032323101706,0.382433895909949,-0.0207995498960564,-0.233323886387852
"CP018_90m_A_CAGCCTCTCCGGTTAA-1","90m","A","2","Other",-0.479597630606675,-0.726946592405557,0.0617462644984476,-0.163474083380452
"CP018_90m_A_CAGCCTCTCGGATACC-1","90m","A","2","Other",-0.366021190122452,-0.167270919381033,0.361346773926164,-0.194313270072351
"CP018_90m_A_CAGCCTCTCGGCGTAT-1","90m","A","0","Other",0.181955874148099,-0.727601696383498,-0.146532936570295,-0.202724479937155
"CP018_90m_A_CAGCGCATCAAGTTCG-1","90m","A","0","Other",0.183628455379805,-0.692982679848946,-0.0250276978258904,-0.209675454931162
"CP018_90m_A_CAGCGCATCCATAGGC-1","90m","A","6","Other",-0.541031054950325,0.317322838152278,-0.171993167696957,0.199635302516871
"CP018_90m_A_CAGCGCATCCTAGTTC-1","90m","A","1","Other",-0.182300811287422,-0.684140400441281,-0.136728806996852,-0.138301895714911
"CP018_90m_A_CAGCGCATCCTCTCCT-1","90m","A","0","Other",0.217017709554645,-0.808504556737303,-0.174774245411401,-0.182670839509466
"CP018_90m_A_CAGCTAATCCGTCGTC-1","90m","A","0","Other",0.0191887172933998,-0.72385375864758,-0.16436635959431,-0.211118046186805
"CP018_90m_A_CAGCTAATCGCAAAGG-1","90m","A","2","Other",-0.347455655793478,0.25624654255996,0.313535474946431,-0.0421579482389954
"CP018_90m_A_CAGCTCCTCATGCAGC-1","90m","A","0","Other",-0.0094932074981271,-0.752630029520421,-0.148387215213981,0.0916743426610488
"CP018_90m_A_CAGGATCTCCACACCC-1","90m","A","1","Other",-0.389870869119738,-0.337297196386089,-0.167091611028213,0.0763248048742532
"CP018_90m_A_CAGGATCTCCCCATGC-1","90m","A","4","Other",-0.705009171999496,-0.763681433686029,-0.116843904731668,1.11137210255522
"CP018_90m_A_CAGGGTTTCCAATAGT-1","90m","A","2","HIV-Specific TCR",0.802850312876801,-0.736284061130198,-0.186080187322483,0.136994738043304
"CP018_90m_A_CAGGGTTTCGGTTTAG-1","90m","A","0","Other",0.263886224003498,-0.760759041914866,-0.173084773419333,0.0818899190573287
"CP018_90m_A_CAGGTGTTCATCCCGC-1","90m","A","1","Other",-0.312420355374357,-0.626146546495868,-0.214199382727305,-0.15511335607989
"CP018_90m_A_CAGGTGTTCCGGTTAA-1","90m","A","3","Other",-1.06317511064563,0.196760399704345,0.0335730432568423,-0.155048929693302
"CP018_90m_A_CAGGTTATCAAAGCCC-1","90m","A","6","Other",-0.96504712892742,0.299837063266332,0.000858660964117214,-0.226602634733256
"CP018_90m_A_CAGGTTATCACACGGT-1","90m","A","2","Other",0.171808128999075,-0.68097093995043,0.321461790395647,-0.269588885600965
"CP018_90m_A_CAGGTTATCACTCTTA-1","90m","A","1","Other",-0.010970308354646,-0.762185567803389,-0.174216178705619,-0.192922284861712
"CP018_90m_A_CAGGTTATCATCGCTT-1","90m","A","2","Other",0.393062052538693,-0.468946615845964,0.273755878240396,-0.0925399364412949
"CP018_90m_A_CAGGTTATCCAACTTC-1","90m","A","1","Other",-0.423658475650868,-0.613293172855639,-0.159807093039596,-0.16699808808315
"CP018_90m_A_CAGGTTATCCATTGTC-1","90m","A","8","Other",-0.31300956135559,-0.610262154551241,-0.153454739148109,-0.161293678546
"CP018_90m_A_CAGGTTATCGCAAACC-1","90m","A","0","Other",0.198164562579656,-0.427264277624481,0.124669040640822,-0.170513323897327
"CP018_90m_A_CAGGTTATCGTTGGGT-1","90m","A","4","Other",-0.558517620455532,-0.713892640132057,-0.0662100646393437,0.756526057513582
"CP018_90m_A_CAGTAATTCCCATCCA-1","90m","A","0","Other",0.40915995988195,-0.736980984961204,-0.150390982828839,-0.170067030600901
"CP018_90m_A_CAGTACATCCCTTTGG-1","90m","A","0","Other",0.399191984306071,-0.637418170601592,-0.142952703851713,-0.194419102191327
"CP018_90m_A_CAGTAGCTCAGCCGCA-1","90m","A","3","Other",-0.535126787055965,0.320841135112425,0.0300585816685452,-0.206769270444939
"CP018_90m_A_CAGTATGTCATGTAAC-1","90m","A","4","Other",-0.341109016015859,0.385061269701346,0.276098632526549,0.578611090100818
"CP018_90m_A_CAGTATGTCGTCCATT-1","90m","A","3","Other",-0.89833233007963,0.184899622482354,0.175048313754273,-0.224128880365488
"CP018_90m_A_CAGTCAATCATCCTAC-1","90m","A","7","Other",0.367382513731149,-0.750299814100731,-0.162928484194984,-0.172248439093288
"CP018_90m_A_CAGTCAATCCGTATCT-1","90m","A","1","Other",-0.425387536507815,-0.576331562974903,-0.162687620529887,-0.181057050386166
"CP018_90m_A_CAGTCAATCGCGCAAT-1","90m","A","4","Other",-0.230752589693913,0.640956580146637,0.358783429302603,1.00674608601907
"CP018_90m_A_CAGTCAATCGGTTCGG-1","90m","A","6","Other",-0.64461556638164,0.265873826578653,0.0356443934682467,-0.198327793989592
"CP018_90m_A_CAGTCCCTCACTGCAA-1","90m","A","0","Other",0.319881838415707,-0.804233711212204,-0.212267665994631,-0.2338831329626
"CP018_90m_A_CAGTCCCTCAGTACGC-1","90m","A","0","Other",0.885244674220983,-0.768701928422018,-0.151853257180821,-0.147505815290599
"CP018_90m_A_CATAAGTTCGCCAATA-1","90m","A","1","Other",-0.274311903627784,-0.606841944437357,-0.157013807111847,-0.191262992498095
"CP018_90m_A_CATACCTTCAACAGGG-1","90m","A","0","Other",0.738327098196604,-0.615762224450799,-0.169381542653977,-0.236251178628453
"CP018_90m_A_CATACCTTCACCCTAT-1","90m","A","2","Other",0.542867047626209,-0.844432275247169,0.199493116518045,0.0769201378018805
"CP018_90m_A_CATAGGCTCACCTTAC-1","90m","A","2","HIV-Specific TCR",0.567466536870986,0.0358028923041704,0.248982667006826,-0.114134251630458
"CP018_90m_A_CATAGGCTCATGGCAC-1","90m","A","0","Other",0.722925874256985,-0.65045515904092,-0.182209299144268,-0.210892867812011
"CP018_90m_A_CATATCCTCACCAATG-1","90m","A","5","Other",0.409495459497494,-0.783977320177224,-0.163461396847045,-0.186015213473853
"CP018_90m_A_CATATCCTCACTCTGT-1","90m","A","3","Other",-0.407383477961272,-0.211130810535168,0.169380057211136,-0.245285611033925
"CP018_90m_A_CATATGGTCACAGACC-1","90m","A","1","Other",-0.283953458861126,-0.781545255567165,-0.0915940434079972,0.00180693841793045
"CP018_90m_A_CATATGGTCGCTGTAA-1","90m","A","3","Other",-0.516586262176737,0.240791708200834,0.38963245901373,-0.216585261464709
"CP018_90m_A_CATATGGTCGGCCTCT-1","90m","A","3","Other",-0.452473697402609,1.55249727750481,-0.145456650309077,-0.161082580072122
"CP018_90m_A_CATCACTTCGTCCTAT-1","90m","A","0","Other",0.340844508718666,-0.736909910071025,-0.142185088451836,-0.181252909178257
"CP018_90m_A_CATCGCCTCGTTCATC-1","90m","A","8","Other",0.508376756095313,-0.811174267384338,0.0580232887818123,-0.143530692235842
"CP018_90m_A_CATCGGGTCACTCCGC-1","90m","A","2","HIV-Specific TCR",0.178941409647811,-0.549059396829346,0.326164814445934,-0.142773072503158
"CP018_90m_A_CATCGGGTCGTTCATC-1","90m","A","0","Other",0.335274455436257,-0.72688900198887,-0.157214546687205,0.0435968737332839
"CP018_90m_A_CATCGTTTCGTTACCT-1","90m","A","1","Other",-1.00057873766767,-0.523443438286639,0.178264568659618,-0.137938252027253
"CP018_90m_A_CATCTACTCAGTACTG-1","90m","A","2","HIV-Specific TCR",0.306838258436661,-0.807920903521015,0.499435720902294,-0.128402475564893
"CP018_90m_A_CATCTACTCATCCGTT-1","90m","A","3","Other",-0.562869356883013,1.14864079491966,0.10546962298839,-0.199955974490283
"CP018_90m_A_CATCTACTCCTCGTCA-1","90m","A","2","Other",-0.0408055486944399,-0.744670376649131,0.1680844344992,-0.18877696393052
"CP018_90m_A_CATGCCCTCATCGGCG-1","90m","A","0","Other",0.163095200024141,-0.756363188214553,-0.202089388755168,0.184196815024635
"CP018_90m_A_CATGCCCTCGGTCCTC-1","90m","A","0","Other",0.0947272014792369,-0.71104194643478,-0.112968319686114,-0.159899382616827
"CP018_90m_A_CATGCTTTCATACGCA-1","90m","A","2","Other",0.435972454789632,-0.61693617755615,0.0455453618653587,-0.151095485490115
"CP018_90m_A_CATGCTTTCCTCCACA-1","90m","A","0","Other",0.203579913345574,-0.736392327772903,0.00162506018876027,-0.171479336497977
"CP018_90m_A_CATGGCGTCATGCTTC-1","90m","A","3","Other",-1.06143069701957,1.69501161658443,-0.123517635154468,-0.0988942903938844
"CP018_90m_A_CATGGGTTCAACGGCT-1","90m","A","2","HIV-Specific TCR",0.538429048221624,-0.599194426782488,-0.0151748994043722,-0.148738933426104
"CP018_90m_A_CATGGGTTCAGTCAAT-1","90m","A","0","Other",0.544139773358706,-0.746749464684443,-0.182509924273007,-0.198125438018101
"CP018_90m_A_CATGGGTTCCATCGCC-1","90m","A","0","Other",0.263688688019814,-0.761367886282721,0.00139645822272469,0.446917109774182
"CP018_90m_A_CATGGGTTCGTGGCAT-1","90m","A","4","Other",-0.388432103966834,0.256909163882467,0.153607894752355,1.18715141524228
"CP018_90m_A_CATTACCTCACTATAA-1","90m","A","0","Other",0.677235364894759,-0.757434657076402,-0.0637716055672348,0.00566349053646112
"CP018_90m_A_CATTACCTCCTTAATT-1","90m","A","0","Other",-0.132988267587531,-0.720711942902157,-0.00720489042917519,-0.17231715239236
"CP018_90m_A_CATTCACTCACGCCCT-1","90m","A","2","Other",0.436502047759198,-0.364106800307283,0.156315808236964,-0.227593067661115
"CP018_90m_A_CATTCACTCGGCCTCT-1","90m","A","1","Other",-0.476793591174458,-0.608077993111656,-0.203159201677897,0.107602855108951
"CP018_90m_A_CATTCCGTCATGATGT-1","90m","A","2","Other",-0.240760327503291,-0.706802883916564,0.0631400832349224,-0.0112119908842952
"CP018_90m_A_CATTCGTTCATGTCCT-1","90m","A","0","Other",0.195368161768182,-0.746705548967586,-0.169212258315614,0.102109678192809
"CP018_90m_A_CATTCGTTCGTCGTAA-1","90m","A","6","Other",-0.275290287251762,2.0374953334953,-0.222508163176543,0.0285157059694132
"CP018_90m_A_CATTCTATCAGTATTA-1","90m","A","1","Other",-0.33593781556583,-0.651876657923189,0.0349156269419089,-0.183101408563972
"CP018_90m_A_CATTGCTTCACAGCTA-1","90m","A","0","Other",0.421159969357383,-0.78440471542826,-0.180375572678668,-0.179109000677884
"CP018_90m_A_CATTGCTTCGGCGAAA-1","90m","A","1","Other",-0.717590628956902,-0.743516797195113,-0.174312638121814,-0.214823834346877
"CP018_90m_A_CCAAAGCTCCGATACA-1","90m","A","0","Other",-0.39611111881378,-0.613686834075647,-0.147873087636266,-0.163229407813907
"CP018_90m_A_CCAACCCTCACATGTG-1","90m","A","7","Other",0.453564388572032,-0.751649593432892,-0.18196997671499,-0.18568983961689
"CP018_90m_A_CCAACCCTCCTTATCA-1","90m","A","1","Other",-1.05186547525781,-0.532195664616113,0.489428753840534,-0.207550407055931
"CP018_90m_A_CCAACTTTCAGACTTG-1","90m","A","0","Other",0.263174242514819,-0.788003527622476,-0.178416514831884,-0.179388048981852
"CP018_90m_A_CCAACTTTCAGTTATA-1","90m","A","3","Other",-0.796292020565925,2.19407166268846,0.306345666457503,-0.160985463505935
"CP018_90m_A_CCAACTTTCATGCAGC-1","90m","A","3","Other",-0.672717233533085,1.48792594499068,-0.108120005538059,-0.140020561102644
"CP018_90m_A_CCAAGTATCAAACCAT-1","90m","A","3","Other",-0.899173111039129,2.05701490791435,0.0354339109963141,-0.134693253387873
"CP018_90m_A_CCAATAGTCCTTATGC-1","90m","A","3","Other",-0.771559701838657,1.30775283153426,0.0910736445806822,-0.188636372250206
"CP018_90m_A_CCAATAGTCGGAGGTA-1","90m","A","0","Other",0.688377627682819,-0.697671631129045,-0.116620476532144,-0.142006943128364
"CP018_90m_A_CCACACCTCACGCGTG-1","90m","A","2","Other",-0.497876876800826,0.326362579340877,-0.0485007521622832,-0.241910354380962
"CP018_90m_A_CCACACCTCAGTTGTG-1","90m","A","8","Other",-0.107736809920834,-0.644677151242113,-0.152227468115095,-0.176599658964338
"CP018_90m_A_CCACAGGTCGGATCCG-1","90m","A","2","HIV-Specific TCR",0.334968889505869,0.129086148841812,0.598116383706416,0.413316393799917
"CP018_90m_A_CCACAGGTCGGCGCTA-1","90m","A","3","Other",-0.373182751400214,-0.0841674307818966,0.170690731632628,0.106662722864534
"CP018_90m_A_CCACATTTCACCTTAC-1","90m","A","0","Other",0.0878196466461112,-0.747173618288597,-0.171331988294989,0.558972637900655
"CP018_90m_A_CCACCGTTCACGCATA-1","90m","A","1","Other",-0.611717872961957,-0.435391687512399,-0.160067778043963,-0.23290483710636
"CP018_90m_A_CCACCGTTCGCCATAA-1","90m","A","1","Other",0.0605797990966896,-0.651539537867694,-0.0579512378469754,-0.207372534618845
"CP018_90m_A_CCACCGTTCGTTAAGT-1","90m","A","7","Other",0.422536414902723,-0.751415812359608,-0.0469472249944405,0.0372021484126059
"CP018_90m_A_CCACGCTTCAGCGCAT-1","90m","A","6","Other",-0.274875080887662,-0.603977403672334,0.159726153070836,-0.260858383787068
"CP018_90m_A_CCACTATTCACCCCTA-1","90m","A","4","Other",-0.44782604052252,-0.629809792374567,-0.126447432802125,1.29977560050187
"CP018_90m_A_CCACTCATCACTGTCT-1","90m","A","7","Other",0.132202366115204,-0.705068636426675,-0.116145486622114,-0.131167785417445
"CP018_90m_A_CCACTCATCATGGGTC-1","90m","A","0","Other",0.144582394123686,-0.738994186594143,-0.171218667560554,-0.201908635805682
"CP018_90m_A_CCACTCATCCTAAGCA-1","90m","A","4","Other",-0.882830788785598,-0.664960636135256,0.174552085565714,0.551691982986295
"CP018_90m_A_CCACTTGTCGGGCATT-1","90m","A","8","Other",0.70212026935077,-0.758040834766803,-0.170688152834467,0.0764378150213609
"CP018_90m_A_CCAGAACTCACCCGCT-1","90m","A","3","Other",-1.17325615019708,-0.213909000441663,0.0750195090727689,-0.210055450465556
"CP018_90m_A_CCAGCCTTCAATGCGC-1","90m","A","1","Other",0.01904200275949,-0.506716742149354,-0.186693259870229,-0.25784156684665
"CP018_90m_A_CCAGCCTTCACCAATG-1","90m","A","1","Other",-0.468707376683544,-0.776985735918401,-0.0543891387620211,-0.26469821882581
"CP018_90m_A_CCAGCCTTCACCCGCT-1","90m","A","3","Other",-0.22703884088162,0.235015383946991,-0.0822603192615035,-0.272001748728295
"CP018_90m_A_CCAGCCTTCAGGACTC-1","90m","A","0","Other",0.481274836679039,-0.791878828748975,-0.08863342453078,-0.265614233793736
"CP018_90m_A_CCAGCCTTCCGGACCA-1","90m","A","4","Other",0.131602385369631,-0.0625003283626634,0.400512323567975,0.90589230601039
"CP018_90m_A_CCAGCTCTCCCTTCTC-1","90m","A","5","Other",0.283715713561895,-0.69368760688687,-0.154714153085331,-0.152124859301146
"CP018_90m_A_CCAGTAATCGGTTTAG-1","90m","A","2","HIV-Specific TCR",0.547226871255662,-0.747803105494867,-0.0602971293661265,-0.0507041598536498
"CP018_90m_A_CCAGTAATCGTCTTCG-1","90m","A","0","Other",0.458386856487498,-0.769627534101272,-0.0528158079705836,0.291236389854433
"CP018_90m_A_CCATACTTCGTTAAGT-1","90m","A","2","Other",0.143906756812988,-0.562086099106465,0.0293899686190363,-0.135042580453286
"CP018_90m_A_CCATATCTCAAGCGTC-1","90m","A","1","Other",-0.464133504512954,-0.672109357543109,-0.150051409971594,-0.162641116929872
"CP018_90m_A_CCATCATTCCTCCAAT-1","90m","A","7","Other",0.251372876849101,-0.699007944352099,-0.135815000388807,-0.173550570445149
"CP018_90m_A_CCATCATTCCTGCTAT-1","90m","A","0","Other",-0.217766101402203,-0.723040993924455,-0.130894515481492,-0.168277039532525
"CP018_90m_A_CCATCGCTCCGGGAAA-1","90m","A","0","Other",0.38243972413154,-0.446476830289779,-0.00118033151189414,-0.29113141243523
"CP018_90m_A_CCATCTGTCCACAAGC-1","90m","A","0","Other",0.32853735614651,-0.778744311215438,-0.229959725298554,-0.246200606535193
"CP018_90m_A_CCATCTGTCCGCACTC-1","90m","A","3","Other",-0.227574462973225,1.06323400632288,0.000674402806110752,0.152251987107679
"CP018_90m_A_CCATGCCTCATGGTGC-1","90m","A","0","Other",0.394214549014907,-0.741813381877196,-0.0618501227711596,0.028913656109167
"CP018_90m_A_CCATTACTCATCGCGG-1","90m","A","7","Other",0.0694934928216917,-0.711968082582932,-0.134449326795211,0.0740465876527752
"CP018_90m_A_CCATTACTCGGTTCCC-1","90m","A","2","Other",0.0591250157470484,-0.7777578633988,0.0668152238330983,-0.0863063386668407
"CP018_90m_A_CCATTCGTCATAGTGT-1","90m","A","4","HIV-Specific TCR",-0.443674923632696,-0.772000448255075,0.0904225289283447,1.75405532742674
"CP018_90m_A_CCATTCGTCGTCTCAT-1","90m","A","1","Other",-0.457043954864791,-0.657312793798606,-0.106379986355483,-0.137648745848092
"CP018_90m_A_CCCAACCTCGCTAATG-1","90m","A","2","HIV-Specific TCR",-0.211441697675789,-0.585950971623279,0.122804873904236,-0.0947021274747699
"CP018_90m_A_CCCAATTTCGTTAAGT-1","90m","A","0","Other",0.253163976591245,-0.627766564272023,-0.0999133438969308,0.144389365891715
"CP018_90m_A_CCCACGTTCAAACCTG-1","90m","A","0","Other",0.308770865868023,-0.680105219851025,-0.138583636064058,-0.159418675457182
"CP018_90m_A_CCCACTATCAACGAAA-1","90m","A","3","Other",-1.04081111355688,2.03894633772204,0.0922319559567711,0.315268980569555
"CP018_90m_A_CCCACTATCGCTTTAC-1","90m","A","0","Other",0.231057395748039,-0.565851541816,-0.175384753892094,-0.189140873670219
"CP018_90m_A_CCCAGCTTCACTTCGT-1","90m","A","4","Other",-0.167839810163134,-0.392929221336013,0.0151032775273754,0.769149687581597
"CP018_90m_A_CCCAGCTTCGGAAAGT-1","90m","A","6","Other",-0.486845409171044,0.694906971130259,-0.0799530676169715,-0.212987571441328
"CP018_90m_A_CCCATGCTCCCAAATG-1","90m","A","8","Other",0.131464945599776,-0.78495553543353,-0.14187018648263,0.0612891263913468
"CP018_90m_A_CCCTAATTCACTAACG-1","90m","A","0","Other",-0.24423762720753,-0.67722353309177,-0.141430023850968,0.192659543863695
"CP018_90m_A_CCCTATGTCAACGAAA-1","90m","A","0","Other",-0.031728077206796,-0.669969681154652,-0.119820839876492,-0.0993947451573234
"CP018_90m_A_CCCTATGTCATAACGT-1","90m","A","0","Other",0.150136134094174,-0.706365198327184,-0.138400487515165,-0.181262379353198
"CP018_90m_A_CCCTATGTCATGGACC-1","90m","A","0","Other",-0.0198085939310735,-0.738362408610619,-0.169926925206946,-0.201538746024051
"CP018_90m_A_CCCTATGTCCATGCCC-1","90m","A","0","Other",0.15748471173203,-0.759510882593454,-0.153053466431137,0.00718269077287181
"CP018_90m_A_CCCTTAGTCAATCGGC-1","90m","A","0","Other",0.445059114263507,-0.771818631987169,-0.061869027140593,-0.217231782874994
"CP018_90m_A_CCCTTAGTCATTAAGC-1","90m","A","1","Other",-0.359392092838167,-0.49103727513466,0.269082851109329,0.220045288087957
"CP018_90m_A_CCGAAACTCACGAACC-1","90m","A","1","HIV-Specific TCR",-0.50949813138578,-0.348673062262522,0.357197918129477,-0.16898722711097
"CP018_90m_A_CCGACTCTCAAATCAC-1","90m","A","0","Other",0.172836048580116,-0.706086656047171,-0.174665778159943,-0.235082060684124
"CP018_90m_A_CCGCACTTCACAGATT-1","90m","A","5","Other",-0.37702612929203,-0.683891086512307,-0.147857769508702,-0.154073930772824
"CP018_90m_A_CCGCACTTCACCTCAT-1","90m","A","3","Other",-1.0636683932211,1.30848701759319,0.533000836995557,0.176701987806751
"CP018_90m_A_CCGCACTTCATACGCA-1","90m","A","1","Other",-0.304949130696153,-0.646180008247601,-0.157293062463364,-0.178038092085738
"CP018_90m_A_CCGCACTTCCATGCCC-1","90m","A","2","HIV-Specific TCR",-0.345167903707144,-0.415153294567348,0.144022701908031,-0.0646712191140013
"CP018_90m_A_CCGCACTTCCGCACTC-1","90m","A","2","Other",0.228254471285572,-0.760679772110113,-0.0669027219559713,0.58439349965171
"CP018_90m_A_CCGCACTTCGGATCCG-1","90m","A","0","Other",0.119199351453474,-0.746584248377078,-0.0467077383032682,-0.160037450021831
"CP018_90m_A_CCGCACTTCGTAGGCT-1","90m","A","3","Other",-0.513280189308333,1.4634012969518,0.594442645204812,-0.318094187431026
"CP018_90m_A_CCGCATCTCACTACCT-1","90m","A","0","Other",0.533045144719315,-0.633997544111952,-0.169475483172059,0.245716418547537
"CP018_90m_A_CCGCATCTCCAATGCA-1","90m","A","3","Other",0.157950265458377,1.56655382636396,-0.0368801139035848,-0.154995622665926
"CP018_90m_A_CCGCCATTCAGTACAT-1","90m","A","5","Other",0.232064857800024,-0.762202974733119,0.0129257892958929,-0.208805423375271
"CP018_90m_A_CCGCGTTTCAAGCCTA-1","90m","A","0","Other",0.372992938205529,-0.796131120185849,-0.200929719996207,-0.19846136881194
"CP018_90m_A_CCGCTGTTCACATTCC-1","90m","A","4","Other",-0.75389435473726,-0.127763879471424,0.292025926054803,0.12679834999072
"CP018_90m_A_CCGCTGTTCCAGCAAC-1","90m","A","0","Other",0.250591147852961,-0.73729584660929,-0.134330223792672,-0.155956073392491
"CP018_90m_A_CCGCTTATCCCTGATT-1","90m","A","3","Other",-0.417826158208405,0.750333741750432,0.203699110125184,0.239992907714967
"CP018_90m_A_CCGGCAATCCGACCCT-1","90m","A","0","Other",0.0572703604103613,-0.740533538782009,-0.17270064608077,-0.223524581252867
"CP018_90m_A_CCGGCAATCCGATAGC-1","90m","A","2","HIV-Specific TCR",0.632477308916733,-0.666625174848108,-0.143750304476898,0.0209399831493362
"CP018_90m_A_CCGGGTATCCATTCCG-1","90m","A","0","Other",0.290001613210913,-0.769104569261019,-0.171451920184687,0.00482524455362776
"CP018_90m_A_CCGTAAATCCTTATGC-1","90m","A","1","Other",-0.367552811466262,-0.783629134460214,-0.209238428404591,-0.220049926139037
"CP018_90m_A_CCGTAAATCGGCCTTC-1","90m","A","1","Other",-0.732547681599529,-0.170761120833879,-0.144134789707365,-0.182697767872124
"CP018_90m_A_CCGTCTATCCGGCACA-1","90m","A","5","Other",-0.00260723097809512,-0.722340602453759,-0.121785269420837,-0.144035202287852
"CP018_90m_A_CCGTGTCTCAACATTA-1","90m","A","0","Other",0.592621682876102,-0.779415416851045,-0.208448987380346,-0.194990503653522
"CP018_90m_A_CCGTGTCTCACTCCCA-1","90m","A","4","HIV-Specific TCR",-0.344281539003243,-0.514601236944293,0.289779956519336,1.7687602300648
"CP018_90m_A_CCTAAAGTCCCTTCTC-1","90m","A","1","Other",-0.380707119799674,-0.442856341863803,0.0689639260070885,-0.209489741588822
"CP018_90m_A_CCTAACTTCCCCATGC-1","90m","A","4","Other",-0.329223007202761,-0.64069891087075,0.165057353325051,0.988078068744738
"CP018_90m_A_CCTAACTTCCGATGTA-1","90m","A","0","Other",0.182486139768485,-0.704228858008054,-0.161295389706725,0.113028689576502
"CP018_90m_A_CCTAACTTCCTACTAC-1","90m","A","7","Other",-0.103977304896451,-0.697025528178555,-0.162945750067483,-0.155856352405169
"CP018_90m_A_CCTAACTTCGGTATAT-1","90m","A","2","HIV-Specific TCR",0.335334291891531,-0.639452940756285,0.180954049670573,-0.230654983815356
"CP018_90m_A_CCTAACTTCGTAACCA-1","90m","A","3","Other",-0.744483204496181,1.70350307401734,0.182367153011966,-0.182408611375774
"CP018_90m_A_CCTAATCTCAGCTAAT-1","90m","A","7","Other",0.356982614445809,-0.762111656487176,-0.155184991607597,-0.156008639572811
"CP018_90m_A_CCTACATTCCAACTTC-1","90m","A","6","Other",0.131761633431865,1.68427362478707,-0.128070213752983,0.198070472801712
"CP018_90m_A_CCTACCATCACCCGCT-1","90m","A","2","HIV-Specific TCR",0.150795042986896,-0.668349917455423,-0.0525379204181546,-0.159222409491424
"CP018_90m_A_CCTACCATCGGGCCTA-1","90m","A","7","Other",0.566905623013183,-0.740050837992045,-0.145955977650755,-0.187692940893639
"CP018_90m_A_CCTAGGGTCAGGCCAT-1","90m","A","0","Other",-0.21039770801754,-0.685347579376436,-0.113929889748166,0.0988463226001709
"CP018_90m_A_CCTAGGGTCATGCAGC-1","90m","A","0","Other",0.595107757500916,-0.737469150027779,-0.193898142237465,-0.214131780009448
"CP018_90m_A_CCTAGTTTCCAGTACA-1","90m","A","0","Other",0.162278176406874,-0.795516736217734,-0.178631505838621,0.214182581894208
"CP018_90m_A_CCTAGTTTCCTGTCGC-1","90m","A","1","Other",-0.0906750056536516,-0.724947610627575,-0.176087266180669,-0.19297111361429
"CP018_90m_A_CCTAGTTTCCTTAGCT-1","90m","A","0","Other",0.332592016209377,-0.822387129990578,-0.210232433229004,-0.24183757195017
"CP018_90m_A_CCTATACTCCGCCGTT-1","90m","A","1","Other",-0.0188282626134486,0.268646140396736,0.377646091608088,0.20610835481728
"CP018_90m_A_CCTATTATCAGACACC-1","90m","A","0","Other",-0.540286176889179,-0.702098403067918,0.0348181711377013,-0.150353089078142
"CP018_90m_A_CCTATTATCAGGCCAT-1","90m","A","0","Other",0.193889414687886,-0.73069708527268,-0.145666969778002,-0.174435274176833
"CP018_90m_A_CCTCTAGTCAGGCTGT-1","90m","A","3","Other",-0.654903211551267,0.645626786495989,0.502454080965827,0.175225134564266
"CP018_90m_A_CCTCTAGTCGCTTCTG-1","90m","A","1","Other",-0.214521448500318,-0.726554747530172,0.131656393343285,-0.21001489457519
"CP018_90m_A_CCTGAAATCAATCCCT-1","90m","A","0","Other",0.341660858554249,-0.75867949640701,-0.148287241537709,-0.166634915742908
"CP018_90m_A_CCTGAAATCATACCTC-1","90m","A","6","Other",-0.485491759604646,1.32509748776548,-0.134961200467454,-0.152545627430313
"CP018_90m_A_CCTGAAATCCAAGTAT-1","90m","A","0","Other",0.781296570988623,-0.76557743105812,-0.0707335814167407,-0.256453713571859
"CP018_90m_A_CCTGAAATCGGTGGTT-1","90m","A","3","HIV-Specific TCR",-0.818783009330913,2.42303317608013,0.0356161287713225,-0.136813837979839
"CP018_90m_A_CCTGACCTCAGGACTC-1","90m","A","2","Other",0.814344956034431,-0.629966081805129,0.128648783425785,0.00301820232746858
"CP018_90m_A_CCTGATTTCGCGACAT-1","90m","A","3","Other",-0.499707245241996,0.888105073120307,-0.148326577776226,-0.152938614184364
"CP018_90m_A_CCTGGCTTCAGGAATA-1","90m","A","7","Other",0.656273597864696,-0.790421546224452,-0.20616596483086,-0.229630865993141
"CP018_90m_A_CCTGGCTTCGTAATTA-1","90m","A","2","HIV-Specific TCR",0.690677827553092,-0.442268364137238,-0.00618209727246438,0.894743052618996
"CP018_90m_A_CCTGGCTTCGTATTAA-1","90m","A","2","Other",0.827097086462846,-0.901742476624996,-0.0752106178151217,-0.190721239028907
"CP018_90m_A_CCTGTCATCATAGTCG-1","90m","A","1","Other",-0.44859408192059,-0.74765331203645,-0.150386581856186,-0.230908988868633
"CP018_90m_A_CCTGTCATCGGTCAGT-1","90m","A","1","Other",-0.794159144977033,-0.793420966671696,-0.0048959466943265,0.0317419037342637
"CP018_90m_A_CCTTAACTCCCGCTTA-1","90m","A","6","Other",-0.328737709378115,-0.575668734957733,0.0510002661148287,-0.109216631389226
"CP018_90m_A_CCTTCAGTCCGGTCCT-1","90m","A","0","Other",0.372540725654226,-0.68329193237065,-0.125274389872052,0.203516890318499
"CP018_90m_A_CCTTCCTTCGGCGTAT-1","90m","A","1","Other",0.145222683304115,-0.714024236354187,-0.173058579797917,0.0547756249069996
"CP018_90m_A_CCTTCGATCGCGCAAT-1","90m","A","8","Other",0.239505874762469,-0.727643588386033,-0.167134229644034,-0.167923566319214
"CP018_90m_A_CCTTCTCTCATTAAGC-1","90m","A","0","Other",0.323385390623835,-0.734118959194413,-0.186280748615029,-0.213455255781852
"CP018_90m_A_CCTTGTGTCGGGGTAA-1","90m","A","3","Other",-1.08323958282019,1.40617343972746,0.018963947132405,-0.218099105284591
"CP018_90m_A_CCTTTAATCACCTACT-1","90m","A","0","Other",0.631246972890737,-0.784022671546994,-0.198551287912862,-0.247676346979322
"CP018_90m_A_CCTTTAATCCCACATT-1","90m","A","8","Other",0.096160744409298,-0.619852426389116,-0.17289202448485,-0.191711643881468
"CP018_90m_A_CCTTTCCTCAGTATCG-1","90m","A","0","Other",0.487858538705831,-0.785769835719135,-0.0978312306656306,-0.218069200332894
"CP018_90m_A_CCTTTCCTCCGGTCCT-1","90m","A","3","Other",-0.183867642572465,1.32042320004901,0.131978162922922,0.025294468125519
"CP018_90m_A_CCTTTCCTCGCTTCCA-1","90m","A","5","Other",0.390033655446465,-0.757960341217232,-0.169941832217245,-0.258447869635906
"CP018_90m_A_CGAAACCTCAACGCAC-1","90m","A","6","Other",-0.48896562713407,0.0273168584738589,-0.0572841361730044,-0.163550630732024
"CP018_90m_A_CGAAACCTCACGGTGT-1","90m","A","0","Other",-0.100422950835994,-0.69591220489765,-0.129463812455371,-0.162523883810089
"CP018_90m_A_CGAAACCTCCGAATTG-1","90m","A","0","Other",0.527727774978333,-0.749451219307443,-0.144260000437662,-0.132494010258091
"CP018_90m_A_CGAAACCTCGCGTATA-1","90m","A","0","Other",0.498458597222593,-0.62751878135149,-0.0462382814853684,0.0923077638365726
"CP018_90m_A_CGAAACCTCGTCATTC-1","90m","A","0","Other",0.403229212401589,-0.753048574687789,-0.114998060307665,-0.186735549578788
"CP018_90m_A_CGAAACCTCGTGTTGA-1","90m","A","3","Other",-0.908255325153577,2.13006670243427,-0.140287033871235,-0.150736726025542
"CP018_90m_A_CGAACACTCACAATTA-1","90m","A","0","Other",0.399443921056332,-0.791369432712168,-0.206791626317503,-0.199293361323228
"CP018_90m_A_CGAACACTCCCAATTC-1","90m","A","7","Other",0.56863689454856,-0.504199609255825,-0.1705485635066,0.142713144485736
"CP018_90m_A_CGAACACTCCCATCGC-1","90m","A","0","Other",0.209418748882967,-0.652405426717772,-0.107562858174329,-0.11903112912577
"CP018_90m_A_CGAAGTCTCCTTCGCA-1","90m","A","6","Other",-0.424539157866366,0.586878928759988,-0.0354313102236507,-0.238067644217427
"CP018_90m_A_CGAATGCTCAACAGGG-1","90m","A","1","Other",0.363310510232703,-0.2249902919197,-0.0170014963688173,0.0697259118702834
"CP018_90m_A_CGAATGCTCCCATCGC-1","90m","A","6","Other",-0.369475292447631,1.09158980326146,-0.124757015015345,-0.14764398886382
"CP018_90m_A_CGAATGCTCGGCCAAT-1","90m","A","7","Other",0.554990765146189,-0.804540041323539,-0.0130615371449329,-0.0301227099569018
"CP018_90m_A_CGAATGCTCGGTTATG-1","90m","A","3","Other",-0.202257536086065,0.0241990421113889,0.0412809975605044,0.0308019241000488
"CP018_90m_A_CGAATTGTCCACAGGT-1","90m","A","4","Other",-0.0396612352587871,0.391847048128466,0.326730818917974,0.974245345196324
"CP018_90m_A_CGACCCTTCGGGCTCA-1","90m","A","1","Other",-0.636377806439904,-0.790115890319204,-0.164561157500303,-0.202166047280114
"CP018_90m_A_CGACTAATCCATATGG-1","90m","A","2","Other",0.421214544918252,-0.5333636950411,0.116267579604228,-0.136667286777955
"CP018_90m_A_CGACTAATCCGGGCTA-1","90m","A","8","Other",0.0852523572031967,-0.595400608221635,-0.124712385360778,-0.161605082732265
"CP018_90m_A_CGACTCCTCGTAACGC-1","90m","A","3","Other",-0.925604029688155,2.34723688498043,0.0552678234249187,-0.132131993490832
"CP018_90m_A_CGAGCATTCAGCCTCC-1","90m","A","3","Other",-0.659290613421411,-0.267039041589563,-0.166022756003004,0.274621156712308
"CP018_90m_A_CGAGCATTCGCTCGCT-1","90m","A","3","Other",-1.02666150341362,1.73564870840017,0.390968154344392,-0.212467552227733
"CP018_90m_A_CGAGTGTTCAAGCTAT-1","90m","A","3","Other",-0.647151164413345,1.33235458405864,0.0179803817166286,-0.295155203257974
"CP018_90m_A_CGAGTGTTCATAACGT-1","90m","A","0","Other",0.0241347693666734,-0.687427047948871,-0.127396283286619,-0.11198459893565
"CP018_90m_A_CGAGTGTTCCTAAACG-1","90m","A","3","Other",-1.14174678880665,0.491634647759329,0.0730028526709085,-0.15922163332812
"CP018_90m_A_CGAGTGTTCCTCGGCT-1","90m","A","3","Other",-1.07633027524289,2.43465185571785,0.043093694625902,-0.22850546297872
"CP018_90m_A_CGAGTGTTCGTCGAGT-1","90m","A","2","Other",0.202159518006819,-0.868147115685299,-0.0840958364511434,0.0751495407700145
"CP018_90m_A_CGATAGCTCAAAGGTA-1","90m","A","4","Other",0.0805149497368405,0.538596863065893,0.270677698049534,0.64722442184964
"CP018_90m_A_CGATCAATCCATTCCG-1","90m","A","3","Other",-0.780478522073912,1.0738284113731,0.0276731835271065,-0.185398288076411
"CP018_90m_A_CGATCAATCGCCTACC-1","90m","A","0","Other",0.185960497263363,-0.709779042540111,-0.142815017855913,-0.163714443907227
"CP018_90m_A_CGATCAATCGTCCAAA-1","90m","A","0","Other",0.172933168648968,-0.616121813431276,-0.117973167642607,-0.16868433595578
"CP018_90m_A_CGATCAATCGTGCAGT-1","90m","A","4","Other",-0.367858076288918,0.395750289103259,0.569115492042455,0.633530455738389
"CP018_90m_A_CGATCGGTCAAGTCGC-1","90m","A","4","Other",0.0479144031854144,-0.209438842482158,0.397949351869815,1.42167273135546
"CP018_90m_A_CGATGGTTCGGTACTA-1","90m","A","8","Other",0.205509289128885,-0.731441227965104,-0.179290518017911,-0.179619754642749
"CP018_90m_A_CGATGTATCGCCCCAT-1","90m","A","4","Other",-0.817142860542287,-0.275961552494729,-0.0861335911663831,1.13266725158336
"CP018_90m_A_CGCAATATCCTACAAG-1","90m","A","4","Other",-0.0948588511300381,-0.752447370612399,0.279509286847554,0.856735372670006
"CP018_90m_A_CGCACTCTCACCCAAA-1","90m","A","3","Other",-0.542014454260348,1.76500786969927,0.347241765008822,0.193802221470781
"CP018_90m_A_CGCACTCTCGCTTACT-1","90m","A","3","Other",-0.378084855133879,1.47875474103298,0.175619116213959,-0.143570862332996
"CP018_90m_A_CGCAGCATCACACGTA-1","90m","A","2","HIV-Specific TCR",-0.136506246230526,-0.505685981251361,0.10668349679758,-0.0524480777778684
"CP018_90m_A_CGCAGCATCAGCGTGT-1","90m","A","1","Other",-0.244839975892646,-0.595263736302013,0.0300335920351438,-0.176326360572771
"CP018_90m_A_CGCAGCATCAGTGGCT-1","90m","A","4","HIV-Specific TCR",-0.895992287143606,0.900667844127503,1.17851587513356,0.978864797460161
"CP018_90m_A_CGCATAATCAATCGGC-1","90m","A","0","Other",0.347072779733007,-0.753228208830486,-0.158983843819831,-0.197176654052519
"CP018_90m_A_CGCATGGTCAACCTCT-1","90m","A","1","Other",-0.752348636126288,-0.363886545077631,0.469165342260094,-0.00476470014833566
"CP018_90m_A_CGCCCATTCCGTTTCG-1","90m","A","1","Other",-0.165058342400339,-0.751123731798774,0.0683719568397452,-0.172604475135004
"CP018_90m_A_CGCCGTTTCGTCATTC-1","90m","A","7","Other",0.427190256906027,-0.726327277850402,-0.136627011345323,-0.154154148586918
"CP018_90m_A_CGCCTACTCACTTGTC-1","90m","A","1","Other",-0.303445001115595,-0.566162202658766,-0.150582352722135,-0.153786856418893
"CP018_90m_A_CGCCTACTCCAAAGCC-1","90m","A","0","Other",-0.439559341139481,-0.743359313046094,-0.181547435411955,0.060258565254501
"CP018_90m_A_CGCCTACTCCCAAGTA-1","90m","A","1","Other",-0.444484424947629,0.132213854165694,-0.171270714073704,0.2272461407872
"CP018_90m_A_CGCGGTATCACTTGCT-1","90m","A","7","Other",0.307870876296829,-0.666763184104308,-0.18830258671672,-0.22545515425819
"CP018_90m_A_CGCTACCTCCACTTCG-1","90m","A","3","Other",-0.610726500229725,0.850268861061827,0.0569615596869343,-0.126904610645955
"CP018_90m_A_CGCTACCTCGTCTTAC-1","90m","A","6","Other",-0.263573991879354,0.551080027562873,-0.193016661524568,-0.195594830477087
"CP018_90m_A_CGCTCTATCAGGAATA-1","90m","A","2","Other",0.225241904542306,-0.899894144390281,0.251550344981296,-0.115791458720095
"CP018_90m_A_CGCTTCATCATCGGAC-1","90m","A","8","Other",0.226894958550542,-0.712783947791293,-0.161594167210499,-0.154760581826643
"CP018_90m_A_CGCTTCATCATCTCCG-1","90m","A","0","Other",-0.00524414514304739,-0.56099647135342,-0.153837952399065,-0.137810479810919
"CP018_90m_A_CGGAATCTCAATTGTA-1","90m","A","0","Other",0.388734287165168,-0.736037880890422,-0.181915103757316,-0.15393441330616
"CP018_90m_A_CGGAATCTCCTTCGTG-1","90m","A","3","Other",-0.610031631895678,0.420942194036541,-0.191048515651034,-0.15658245019847
"CP018_90m_A_CGGAATCTCGTAATTA-1","90m","A","1","Other",0.441080040484739,-0.0709123015708345,-0.0464610570976308,-0.226160329596309
"CP018_90m_A_CGGACATTCATCATCC-1","90m","A","7","Other",-0.0128060093626801,-0.746550732424907,-0.152989387599083,-0.161191255443994
"CP018_90m_A_CGGACCATCGGGCTTG-1","90m","A","4","Other",0.0757771306294426,-0.538629401782364,0.17482139146869,0.47836794456545
"CP018_90m_A_CGGCATGTCATGACCA-1","90m","A","0","Other",0.0402566362432513,-0.620293617353796,-0.171343197128983,0.0528053732840961
"CP018_90m_A_CGGCGTATCCCAATTC-1","90m","A","0","Other",-0.0619575342242138,-0.752297533164618,-0.15534715836571,-0.157144479293355
"CP018_90m_A_CGGCTTCTCGTACGTA-1","90m","A","6","Other",-0.631103243268357,0.029632988252038,-0.0692548954690628,-0.194304578483363
"CP018_90m_A_CGGGAAATCCTTAATT-1","90m","A","0","Other",0.469041461939842,-0.66458567146193,-0.107584464160194,-0.0886099947224849
"CP018_90m_A_CGGGAAATCGTCTTCG-1","90m","A","3","HIV-Specific TCR",-0.739200699006471,1.96736525345158,0.125780060382464,-0.174389579815556
"CP018_90m_A_CGGGATTTCACGACAC-1","90m","A","2","Other",0.300827306188597,-0.497549255997146,0.342331787962731,-0.109132125572247
"CP018_90m_A_CGGGTATTCACCCCGT-1","90m","A","3","Other",-0.71361843445198,1.50287510104371,-0.0372903940738865,-0.170706495986843
"CP018_90m_A_CGGGTCATCACTCCTG-1","90m","A","2","Other",0.405637454512586,-0.744988802499111,-0.158774660147683,-0.138179249349628
"CP018_90m_A_CGGGTCATCAGGCACT-1","90m","A","5","Other",0.335312834395719,-0.552804597111462,-0.177660512139011,-0.175281818466926
"CP018_90m_A_CGGTATATCAGTATTA-1","90m","A","2","Other",-0.722984277131248,-0.71992473601417,-0.16664774106665,-0.197636845019209
"CP018_90m_A_CGGTATATCATGGTGC-1","90m","A","1","Other",-0.212853697150766,-0.787094177289079,0.184675336080569,-0.194089577554092
"CP018_90m_A_CGGTATATCATGTCCT-1","90m","A","3","HIV-Specific TCR",-0.793413109902037,1.47930794743254,0.0805455468074016,-0.153394711770105
"CP018_90m_A_CGGTCAGTCATGGACC-1","90m","A","0","Other",0.377547019453069,-0.721603414956423,-0.185377229549378,0.0403961618710821
"CP018_90m_A_CGGTCAGTCCATATGG-1","90m","A","3","Other",-0.767884886377072,0.967357716855418,0.084022580835909,-0.128064028934945
"CP018_90m_A_CGGTCCTTCACTTACC-1","90m","A","2","Other",0.39952629491729,-0.73064112207063,0.0757001912971932,-0.0319021616205659
"CP018_90m_A_CGGTCCTTCATGACCA-1","90m","A","0","Other",0.749388127936421,-0.762985667481658,-0.232678675773047,-0.287477015533096
"CP018_90m_A_CGGTCGATCAGTCAAT-1","90m","A","0","Other",0.311270883153628,-0.748884524379129,0.0403276949064688,-0.151870320016295
"CP018_90m_A_CGGTCGATCGTATCGA-1","90m","A","0","Other",0.156953700423442,-0.729728257398024,-0.150074243041088,-0.179432654091101
"CP018_90m_A_CGGTGCATCCTGTATC-1","90m","A","0","Other",0.301219661210897,-0.791306849267312,0.0939109301240773,-0.228967944365934
"CP018_90m_A_CGGTTAATCAGTTAGT-1","90m","A","0","Other",0.209212668236517,-0.750026906868277,-0.185695291087384,-0.155317917987122
"CP018_90m_A_CGGTTAATCCCGGCAA-1","90m","A","0","Other",-0.189368900137642,-0.704402777009729,-0.136497473476987,-0.131678195699948
"CP018_90m_A_CGGTTAATCCCTTAGT-1","90m","A","0","Other",-0.0513933375164666,-0.716211690870174,-0.132882656888563,-0.169326071022058
"CP018_90m_A_CGTAACATCAATGTAC-1","90m","A","1","Other",-0.74397049849586,-0.432041270583812,-0.158155844411924,-0.190631003955195
"CP018_90m_A_CGTAACATCATCAATA-1","90m","A","5","Other",0.269037003601411,-0.709113220538128,-0.162674111177561,-0.159998232143075
"CP018_90m_A_CGTAACATCCCTCGGT-1","90m","A","0","Other",-0.0863527163788795,-0.557921579027494,-0.1252784700103,-0.122447895071674
"CP018_90m_A_CGTAACATCGCCCTTA-1","90m","A","1","Other",0.00616572136113924,-0.655963726749811,0.137554723728014,0.0585454101880859
"CP018_90m_A_CGTAACATCGTAGTTG-1","90m","A","0","Other",0.161374028037885,-0.7419625760626,-0.00948952012267967,-0.198492674404083
"CP018_90m_A_CGTACAATCGTACGTA-1","90m","A","2","Other",0.535530019717867,-0.404421325395694,0.610463711258397,-0.168488674276186
"CP018_90m_A_CGTACAATCGTTAGGC-1","90m","A","8","Other",0.252686131735712,-0.611470997512898,-0.127256919732837,0.0713343348317013
"CP018_90m_A_CGTACTTTCAGTATTA-1","90m","A","2","HIV-Specific TCR",0.323209619903411,-0.239341735416766,0.333861329184281,-0.0233856769704625
"CP018_90m_A_CGTACTTTCCCTAGGG-1","90m","A","3","Other",-0.108923653834775,0.961949241105444,-0.0383106019165158,0.0578927251713726
"CP018_90m_A_CGTACTTTCGTGTAAT-1","90m","A","3","HIV-Specific TCR",-1.07019935406022,2.22079838439942,-0.161344504306317,0.245782775270804
"CP018_90m_A_CGTATAGTCCGGACCA-1","90m","A","1","Other",-0.493105164963747,-0.298362464851172,0.0741890775769341,0.0420674697105401
"CP018_90m_A_CGTATAGTCGTATACG-1","90m","A","2","HIV-Specific TCR",0.301043407010702,-0.618681993987527,0.173816100722321,-0.238787778220373
"CP018_90m_A_CGTATCTTCCGCAGCA-1","90m","A","5","Other",0.553636531007015,-0.709294666514493,-0.116043288429824,-0.140175942029511
"CP018_90m_A_CGTATCTTCGCTCATT-1","90m","A","0","Other",0.0308320611740385,-0.730907752239083,-0.12392443152941,-0.144395052095759
"CP018_90m_A_CGTATTCTCACTGACA-1","90m","A","1","Other",-0.898773023130901,-0.755218476965354,-0.169906956055212,0.422995647603368
"CP018_90m_A_CGTATTCTCATATGTA-1","90m","A","0","Other",0.471285137057529,-0.738656545872457,-0.124356258803887,-0.151028209302237
"CP018_90m_A_CGTCATTTCAGACTTG-1","90m","A","2","Other",0.285573323589855,-0.613062616868849,0.185515239593336,-0.0953242634312127
"CP018_90m_A_CGTCTATTCCAGCAGT-1","90m","A","2","Other",0.127992795615766,-0.79490758432813,0.0589663357660452,-0.0726125392073823
"CP018_90m_A_CGTCTATTCCTCGAAA-1","90m","A","2","Other",0.237275676686898,-0.758630477785235,0.27438738829234,-0.0874101864900456
"CP018_90m_A_CGTGAGTTCATTCATT-1","90m","A","2","HIV-Specific TCR",0.525255257210064,-0.816487341870243,-0.0275471667436852,0.0714879061408109
"CP018_90m_A_CGTTACTTCCATTCGT-1","90m","A","0","Other",0.22702315708102,-0.770507863274037,-0.162968104088609,-0.174410866666265
"CP018_90m_A_CGTTACTTCGCATTAG-1","90m","A","1","Other",-0.327686884188072,-0.725574220657233,0.0771968163902836,-0.180706157215744
"CP018_90m_A_CGTTACTTCGCGGTAT-1","90m","A","4","Other",-0.264475124766215,-0.0760654386301914,0.551737299466693,0.653406445713093
"CP018_90m_A_CGTTCTGTCGCGGCTA-1","90m","A","3","HIV-Specific TCR",-1.17908955243386,1.30619746972975,0.442253385195243,-0.225738072823704
"CP018_90m_A_CGTTTACTCATACGTG-1","90m","A","4","Other",-0.264237828162275,0.306265418168839,0.0625645586596373,1.27255545795
"CP018_90m_A_CGTTTCGTCGGACCCA-1","90m","A","0","Other",0.481430401411374,-0.744670946571488,-0.141991456176818,0.0898947072886192
"CP018_90m_A_CTAAACGTCAATCTGG-1","90m","A","5","Other",0.242673040393272,-0.7564848659706,-0.0193692728713687,-0.166198987637327
"CP018_90m_A_CTAAACGTCAGGGTCT-1","90m","A","1","Other",-0.781363313006229,-0.848865648182049,-0.00391089828653807,-0.00295327799302078
"CP018_90m_A_CTAAAGTTCCAAGTAT-1","90m","A","0","Other",0.659312563346429,-0.759025046026892,-0.158099804091804,-0.143080507491814
"CP018_90m_A_CTAACTCTCCAAAGCC-1","90m","A","3","Other",-0.887782778890147,1.50806874632199,0.218718138914478,-0.185526220933865
"CP018_90m_A_CTAAGCATCGCTTTCG-1","90m","A","1","Other",-0.135533825474521,-0.683158644094392,-0.131151725084776,-0.149025600439014
"CP018_90m_A_CTAAGCATCGGACTAC-1","90m","A","0","Other",0.479533626330099,-0.754157797962417,-0.156183411947425,-0.175044388565894
"CP018_90m_A_CTAAGCATCGTGGGTT-1","90m","A","1","Other",0.173570681144394,-0.891145534875053,-0.274078216635228,-0.259528726263633
"CP018_90m_A_CTAATGGTCCATCGGG-1","90m","A","1","Other",-0.26607347335754,-0.742459065322158,0.034088501401944,-0.0946799394686013
"CP018_90m_A_CTACATCTCACCCTAT-1","90m","A","0","Other",0.121817243408764,-0.758937475394884,-0.160161552166238,-0.149884391782623
"CP018_90m_A_CTACATCTCACTCCGC-1","90m","A","7","Other",0.251451353781249,-0.745944329209525,-0.0278311809746646,0.0198141720137734
"CP018_90m_A_CTACGCCTCAACAGCC-1","90m","A","3","Other",-0.614148286621481,0.677148541989005,0.18979487484693,0.226477057725899
"CP018_90m_A_CTACGCCTCCTAGTTC-1","90m","A","0","Other",-0.0375506043659704,-0.755940360378758,-0.161348423761541,-0.20499895563758
"CP018_90m_A_CTACTACTCGGTAATT-1","90m","A","2","Other",0.0927401715127989,-0.441433245986165,0.203279734527956,-0.11498532191886
"CP018_90m_A_CTACTACTCGTAGCAC-1","90m","A","6","Other",-0.327789039776081,1.22427850038551,0.0844925622998652,-0.214768261602984
"CP018_90m_A_CTAGCCCTCAAATTGC-1","90m","A","2","HIV-Specific TCR",0.0553431308705821,-0.58470114884025,0.524024745109227,0.328263787509812
"CP018_90m_A_CTAGCCCTCAATACGT-1","90m","A","6","Other",-0.175674972913876,0.136420249602129,0.26830027056176,-0.214219707352734
"CP018_90m_A_CTAGCCCTCACCCGCT-1","90m","A","3","Other",-0.464573777656482,1.11710333641031,0.222794855833222,-0.164470932582052
"CP018_90m_A_CTAGCCCTCAGACAGG-1","90m","A","3","Other",-0.638303869861944,0.830573383127373,-0.0361187042567035,0.0247783702456851
"CP018_90m_A_CTAGCCCTCAGGTGTC-1","90m","A","3","Other",-1.13155903738738,1.62625419317669,0.29530418340052,-0.17356743010021
"CP018_90m_A_CTAGCCCTCCCAACTT-1","90m","A","1","Other",-0.488165953239757,-0.741555084372019,-0.178182484984584,-0.159937678488904
"CP018_90m_A_CTAGCTTTCCACTCCA-1","90m","A","2","Other",0.0176345744206641,-0.689567614295279,0.220576536303137,-0.144180090114133
"CP018_90m_A_CTAGGGTTCCCTCGGT-1","90m","A","2","Other",0.254527290353243,-0.578047131906942,0.113756576917479,-0.0424256937666712
"CP018_90m_A_CTAGTCTTCCGGACAT-1","90m","A","0","Other",0.246673846474838,-0.732387090693596,-0.13728813439149,0.331783322504733
"CP018_90m_A_CTAGTCTTCCTCTGCA-1","90m","A","6","Other",-0.407057251648217,-0.598489523447092,-0.160883129122924,-0.227546926960754
"CP018_90m_A_CTAGTTCTCGTTATAA-1","90m","A","1","Other",-0.0364941482380117,-0.738701731774064,-0.17379877531078,-0.168598993716382
"CP018_90m_A_CTATACCTCATCCTTA-1","90m","A","4","Other",-1.02065621213703,2.11342649712431,0.721637535459865,0.580691333966379
"CP018_90m_A_CTATACCTCATGCCTT-1","90m","A","0","Other",0.56568380694876,-0.7790650708846,-0.156731475449174,0.0372626691736527
"CP018_90m_A_CTATCACTCGTCTCCA-1","90m","A","0","Other",0.340295692077103,-0.753114967426608,-0.17339940166785,-0.18076283956509
"CP018_90m_A_CTATCCGTCCCGTGTC-1","90m","A","1","Other",0.139467221977359,-0.593580574569772,-0.0164751887858094,-0.209434610769845
"CP018_90m_A_CTATCCGTCCGTTACT-1","90m","A","0","Other",0.389684964329054,-0.604726224723363,-0.141529702152088,-0.176948468363944
"CP018_90m_A_CTATCCGTCGGTTTAG-1","90m","A","0","Other",0.853756233405139,-0.764523963017939,-0.00582976350037318,-0.175818772631385
"CP018_90m_A_CTATGCTTCACACGTA-1","90m","A","3","Other",-1.19636930998348,2.54033693350364,0.0041245826515548,-0.181153378907618
"CP018_90m_A_CTATGCTTCAGTGAAA-1","90m","A","0","Other",0.688813417838318,-0.805493738459839,-0.0947116641473916,-0.260554124112516
"CP018_90m_A_CTATGCTTCCGATGTA-1","90m","A","3","HIV-Specific TCR",-0.958907255508008,2.07148154115954,0.359687191759273,-0.125026485263073
"CP018_90m_A_CTATGCTTCCTGGTAA-1","90m","A","5","Other",0.434396379699054,-0.803696533112475,-0.182711294652518,-0.20405860392742
"CP018_90m_A_CTATGTCTCAGTCGCG-1","90m","A","3","Other",-0.94439722445679,0.438068144056653,0.0907963423114037,0.130654237275717
"CP018_90m_A_CTATGTCTCCATACCT-1","90m","A","6","Other",-0.666431584818236,0.713843430424848,-0.14552772754379,-0.113716073113509
"CP018_90m_A_CTATGTCTCCCCATGC-1","90m","A","0","Other",0.0286462160602536,-0.694675099459453,-0.119345846623688,-0.137129487344996
"CP018_90m_A_CTATTGCTCAGACTCA-1","90m","A","3","Other",-1.13750663441325,0.364110808112795,0.270329803602901,-0.183512547936982
"CP018_90m_A_CTCACGCTCGGGTTAC-1","90m","A","0","Other",0.250691755584282,-0.754483496798414,-0.126175380108626,0.0529620872660008
"CP018_90m_A_CTCAGCCTCAAACCTG-1","90m","A","2","Other",0.68389615066129,-0.713342136368784,0.0975498237013716,-0.011861290157988
"CP018_90m_A_CTCAGCCTCCTTAGCT-1","90m","A","1","Other",-0.427321326041263,-0.766182046220299,0.154587076475718,-0.202105550603797
"CP018_90m_A_CTCAGGGTCAACTCCT-1","90m","A","3","Other",-0.668116137243891,1.43971968555074,-0.140560905260048,-0.133315580285021
"CP018_90m_A_CTCAGGGTCCAACGTA-1","90m","A","3","Other",-1.13539652422508,0.598138375118543,0.249122895324308,-0.201009157868905
"CP018_90m_A_CTCAGGGTCCGCTTGC-1","90m","A","1","Other",-0.29855355833007,-0.691716955086793,0.0178504056975659,-0.257703417838884
"CP018_90m_A_CTCATTATCCGTAACA-1","90m","A","3","Other",-0.538238016689738,-0.25475382102605,-0.0718167183952825,-0.201846182599952
"CP018_90m_A_CTCATTATCCTCACGC-1","90m","A","2","Other",0.12827232953096,-0.629277359536512,-0.108407654115973,-0.232573775253599
"CP018_90m_A_CTCCAATTCACGATAT-1","90m","A","0","Other",-0.0730548394713839,-0.72274207252023,-0.147407499323094,-0.182447227025424
"CP018_90m_A_CTCCAATTCACGCTCC-1","90m","A","3","Other",-0.918069723207516,1.47983048204844,0.0229914542069389,-0.170131754568583
"CP018_90m_A_CTCCAATTCGCTCTCA-1","90m","A","6","Other",-0.521867460329671,1.3329074527743,0.129253846223719,-0.164095015758785
"CP018_90m_A_CTCCACATCACGCGTG-1","90m","A","0","Other",0.372792175016766,-0.682037560303431,-0.155649363096222,-0.178935734281261
"CP018_90m_A_CTCCACATCCTACATC-1","90m","A","0","Other",0.339582199227979,-0.742495334867798,-0.142469771800228,-0.226513231371332
"CP018_90m_A_CTCCACATCCTCGAAA-1","90m","A","0","Other",-0.0112873847667609,-0.762368381917688,-0.166866456981871,-0.193526890870449
"CP018_90m_A_CTCCACATCGTATAAC-1","90m","A","0","Other",0.0915377828803166,-0.838146174862368,-0.176474610408293,-0.186079068599596
"CP018_90m_A_CTCCAGCTCCGGTTAA-1","90m","A","3","Other",-0.889059531630155,1.64174482047394,-0.112112832582314,-0.147024633120384
"CP018_90m_A_CTCCATGTCCAACAGC-1","90m","A","0","Other",0.105508667930557,-0.618247751999455,-0.178176540712499,0.111835453078477
"CP018_90m_A_CTCCATGTCCTGTTAC-1","90m","A","0","Other",0.20640381470337,-0.704828510132792,-0.136049051603273,-0.140625960674346
"CP018_90m_A_CTCCGGTTCAGTTGTG-1","90m","A","1","Other",-0.142215488304867,-0.820173793901576,-0.194782133243263,-0.0484187875095524
"CP018_90m_A_CTCCGGTTCAGTTTGG-1","90m","A","0","Other",0.598024897407047,-0.77085843424022,-0.175743769805607,-0.22911154780705
"CP018_90m_A_CTCCTCTTCCATCTGT-1","90m","A","2","Other",0.273874615906052,-0.848709054077416,0.0560785227993292,-0.116709019212935
"CP018_90m_A_CTCCTCTTCGCGCATG-1","90m","A","3","Other",-0.110405424479612,0.768828399130446,0.233365143169,-0.2292715151039
"CP018_90m_A_CTCCTTCTCACTTCGT-1","90m","A","1","Other",-0.0876049287514196,-0.749620254061737,-0.0339887518795279,0.0831904806891115
"CP018_90m_A_CTCCTTCTCCGTAAAT-1","90m","A","0","Other",0.795456647975232,-0.707330753538501,-0.174532608723497,-0.195885673248698
"CP018_90m_A_CTCCTTCTCGCCATGG-1","90m","A","3","Other",-1.01159632275197,2.16531228759965,-0.194595303047758,-0.175558119879188
"CP018_90m_A_CTCGAAATCACTGACA-1","90m","A","0","Other",0.330915124445293,-0.704314088925828,-0.0832921210115454,0.0840497298755396
"CP018_90m_A_CTCGCACTCACGACTA-1","90m","A","1","Other",-0.227989650926922,-0.819747605936119,0.0881755518609217,0.0554818906435709
"CP018_90m_A_CTCGCACTCACTGACA-1","90m","A","0","Other",-0.00776627769329363,-0.659083380262679,-0.189620796022558,-0.159055059056405
"CP018_90m_A_CTCGCACTCCCGAATA-1","90m","A","1","Other",0.122521592102597,-0.185894507381989,-0.139663106254397,-0.146921002608332
"CP018_90m_A_CTCGCACTCCCTAACT-1","90m","A","1","Other",-0.0514809158630805,-0.739660038134454,-0.148401516662025,-0.196829530295466
"CP018_90m_A_CTCGGCTTCAATGTGT-1","90m","A","2","Other",0.186787697169597,-0.567665325692018,0.129535746607891,-0.191634864408299
"CP018_90m_A_CTCGGCTTCGCTCGCT-1","90m","A","2","HIV-Specific TCR",0.156107457606664,-0.605672737741293,0.028521609472096,-0.25332061461131
"CP018_90m_A_CTCGGGATCGTATCTC-1","90m","A","4","Other",0.0451030616130992,-0.316211660700376,0.0392556936549178,0.314235271920292
"CP018_90m_A_CTCGTCATCAGACACC-1","90m","A","6","Other",-0.414154874095865,0.59281091081205,0.0244649887171143,0.236314359400952
"CP018_90m_A_CTCGTCATCCACCGCT-1","90m","A","4","Other",-0.704647078772632,-0.710325751900707,0.0207058852561411,1.61436701447314
"CP018_90m_A_CTCGTCATCGGCGATT-1","90m","A","1","Other",-0.11375952707838,-0.45922158529594,-0.171919854306828,-0.172815395470673
"CP018_90m_A_CTCGTTGTCCCATAAG-1","90m","A","3","HIV-Specific TCR",-0.917339655491214,1.37954189971105,0.0391473652989611,-0.154939326017089
"CP018_90m_A_CTCTAACTCATTCTCA-1","90m","A","2","HIV-Specific TCR",0.0418824516665148,-0.735757523821495,0.00488695632827937,-0.0510667851667868
"CP018_90m_A_CTCTAACTCCATCGGG-1","90m","A","3","Other",-0.0123742125816912,1.90680655662583,-0.0288126643173939,-0.278954351128136
"CP018_90m_A_CTCTAGTTCCGGTCAG-1","90m","A","3","Other",-1.20343912697037,1.84871346350241,0.312869180962221,-0.16690851314963
"CP018_90m_A_CTCTCCTTCATTAACA-1","90m","A","0","Other",0.36694882056352,-0.614642986078496,-0.271784763348983,-0.313916071424135
"CP018_90m_A_CTCTCGATCCACATCT-1","90m","A","1","Other",-0.455791839083645,-0.732968209043501,-0.114860662662666,0.327040760681759
"CP018_90m_A_CTCTCGATCCCGCTTA-1","90m","A","0","Other",0.271797674254538,-0.709576531353798,-0.132777188425269,0.111946712121562
"CP018_90m_A_CTCTCGATCCGCATAA-1","90m","A","3","HIV-Specific TCR",-1.05869954136153,1.79568266033724,-0.161831030896084,-0.178109962587278
"CP018_90m_A_CTCTGCATCGGTCCTC-1","90m","A","0","Other",0.539677801137518,-0.718720604153293,-0.148808146673938,0.0504477603804076
"CP018_90m_A_CTCTGCATCGTCTCTG-1","90m","A","3","Other",0.0269946508182004,1.25210413532533,0.0363355800987355,-0.228884499865107
"CP018_90m_A_CTCTGGCTCAGTACGC-1","90m","A","0","Other",0.232064555948026,-0.792625969949534,-0.192660431140451,-0.197503271959621
"CP018_90m_A_CTCTGGCTCCACCGCT-1","90m","A","1","Other",-0.402679855081807,-0.734624434425758,0.00453649387800736,-0.186263352520499
"CP018_90m_A_CTCTGGCTCGCGGTTG-1","90m","A","1","Other",-0.0622532883010132,-0.737728146008428,-0.0543299297284276,-0.180900635673513
"CP018_90m_A_CTCTGGCTCGTAACGC-1","90m","A","3","Other",-0.595717832047188,1.004703981315,0.088762570263299,-0.226499852165497
"CP018_90m_A_CTGATTCTCGCTTCAT-1","90m","A","3","Other",-0.95822741570866,2.29300172558849,0.34583049067292,-0.129227474678638
"CP018_90m_A_CTGATTCTCGGTACGT-1","90m","A","0","Other",-0.00208991594343733,-0.725521558679745,-0.164936760238168,0.0611350829518069
"CP018_90m_A_CTGCAAATCGCTTCAT-1","90m","A","4","Other",-0.650935078993794,0.544864828071895,0.824427737997336,0.311853163772758
"CP018_90m_A_CTGCACCTCACTCGCC-1","90m","A","0","Other",-0.123995160250363,-0.715614553282454,-0.13852969366434,-0.123224640219947
"CP018_90m_A_CTGCACCTCGTTGCTT-1","90m","A","0","Other",0.218810905656416,-0.728817623670556,-0.177323780086066,-0.024899315367612
"CP018_90m_A_CTGCATTTCGTCCGCT-1","90m","A","8","Other",-0.0627410829406359,-0.707102251713699,-0.15451001382635,0.0780248962981919
"CP018_90m_A_CTGCGTCTCAAGCCAC-1","90m","A","3","Other",-1.11202265072358,1.69336532100428,0.448670050352073,0.231386474650187
"CP018_90m_A_CTGCTATTCGTACAAT-1","90m","A","0","Other",0.477984013090319,-0.792362112261684,-0.203299909836557,-0.206326188468881
"CP018_90m_A_CTGGCTCTCAACCTCT-1","90m","A","0","Other",0.0540650088831163,-0.766462547330027,-0.150639184951632,-0.193832457640096
"CP018_90m_A_CTGGGCATCAGGGTTC-1","90m","A","3","Other",-1.23951792836035,1.24440212153549,0.667773988766613,-0.180834530988125
"CP018_90m_A_CTGGGCATCGCTGTGG-1","90m","A","7","Other",0.585886515069074,-0.705919364491772,-0.167351789675623,-0.159514424029824
"CP018_90m_A_CTGGGTGTCAACGGCT-1","90m","A","2","HIV-Specific TCR",0.00182603071227039,-0.59236277767314,0.313606484218415,-0.111045258841272
"CP018_90m_A_CTGGGTGTCATAATCA-1","90m","A","0","Other",0.642119523944426,-0.763970404840561,-0.239891524582172,-0.016151874617754
"CP018_90m_A_CTGGGTGTCATTCATT-1","90m","A","0","Other",0.421106908853855,-0.76814511337662,-0.18264871570758,0.268263794683762
"CP018_90m_A_CTGGGTGTCCAACATG-1","90m","A","0","Other",0.0736426903843581,-0.753805414621646,-0.193258882912923,-0.241693972980856
"CP018_90m_A_CTGGTAATCAGTGGTC-1","90m","A","3","Other",-0.935448341735241,2.33795493200645,0.342443555220964,-0.148432480003933
"CP018_90m_A_CTGGTAATCATTCATT-1","90m","A","3","Other",-0.43508828459483,0.516824038568664,-0.0107403936041928,-0.139371146934408
"CP018_90m_A_CTGGTAATCGTTGCTT-1","90m","A","0","Other",0.307181935638562,-0.750049463358418,-0.144019318038771,-0.144579043699135
"CP018_90m_A_CTGGTCCTCACGCCTC-1","90m","A","0","Other",0.135141411504293,-0.755396049001468,-0.129294054733197,-0.167867233013476
"CP018_90m_A_CTGTACTTCACAGCGT-1","90m","A","6","Other",-1.04567945803013,0.750625900946731,0.085338361161848,-0.205079012194391
"CP018_90m_A_CTGTATCTCCCGGGTA-1","90m","A","0","Other",0.704309314170362,-0.733005810932568,-0.196111958831056,0.0884151445938543
"CP018_90m_A_CTGTATCTCCTTATCA-1","90m","A","1","Other",0.437195560260283,-0.806918997515004,0.0887208405665111,0.19196699207917
"CP018_90m_A_CTGTCATTCAATCATA-1","90m","A","3","Other",-0.779415957022834,0.27365640688415,0.192898505151963,0.127856439026611
"CP018_90m_A_CTGTTACTCACTGGCG-1","90m","A","1","Other",0.144070958529719,-0.664922770412151,-0.116971115273908,-0.133551860522031
"CP018_90m_A_CTGTTACTCCGGGTAT-1","90m","A","2","HIV-Specific TCR",0.0212686192503451,-0.0928114628596663,0.700452995291812,0.214116559904606
"CP018_90m_A_CTGTTACTCCTGCTAT-1","90m","A","1","Other",-0.0769045584968298,-0.660898124747232,-0.189244063060467,-0.185834415456533
"CP018_90m_A_CTGTTACTCGCATCGG-1","90m","A","5","Other",-0.0563394192249458,-0.788727943451664,-0.000152434371787691,-0.195612509897463
"CP018_90m_A_CTTAACCTCACGGTTA-1","90m","A","4","Other",0.167563020655591,0.737509073220259,0.296517373969386,0.35435852738768
"CP018_90m_A_CTTAACCTCGTGCTCC-1","90m","A","1","Other",-0.417931152964999,-0.478211219179003,-0.175137466426027,-0.167200830158966
"CP018_90m_A_CTTAATTTCAGCGCAT-1","90m","A","0","Other",0.301029576837895,-0.708064777857657,-0.115429827230704,-0.164730483074011
"CP018_90m_A_CTTCAACTCGTAAATC-1","90m","A","3","Other",-1.21678766155517,0.955338654576359,0.0433040174318898,-0.134899788511723
"CP018_90m_A_CTTCATATCCAGCAGT-1","90m","A","3","Other",-0.526792941413284,0.599121388978433,0.016603132848701,0.00241352999198613
"CP018_90m_A_CTTCGCATCCAATTGG-1","90m","A","7","Other",0.30413369426341,-0.746558304078312,-0.150597516507879,-0.220912767363703
"CP018_90m_A_CTTCGCATCCCTAAAG-1","90m","A","2","Other",0.245619589923153,-0.0489186716200969,0.548037362071132,-0.19247707438889
"CP018_90m_A_CTTCTAATCCGAATCA-1","90m","A","3","Other",-1.27746488807239,2.330733234631,0.893135652826568,-0.190732628577781
"CP018_90m_A_CTTCTAATCGTAGTCA-1","90m","A","0","Other",0.65496872795984,-0.71477507041011,-0.140460421388407,-0.151229941243126
"CP018_90m_A_CTTGTCGTCACTCGCC-1","90m","A","2","HIV-Specific TCR",-0.016782448974086,-0.71759087998188,0.141082921952672,-0.139404076456769
"CP018_90m_A_CTTGTGTTCCAAGTGC-1","90m","A","3","Other",-1.11907489261607,1.07861438300457,0.186435161076086,0.176065164044437
"CP018_90m_A_CTTGTGTTCCTTGTGT-1","90m","A","8","Other",0.125437418990443,-0.714628948007164,-0.168043611043661,-0.00759234335213774
"CP018_90m_A_GCAAAGGTCGGTTCAA-1","90m","A","0","Other",0.45695381285207,-0.75697156797146,-0.198730324397448,0.0538348714240462
"CP018_90m_A_GCAACGTTCATCATCC-1","90m","A","0","Other",0.420639696180094,-0.701706307252334,-0.134821317482201,-0.159577725384935
"CP018_90m_A_GCAACGTTCATCCGCC-1","90m","A","5","Other",-0.326498449957199,-0.736459875480541,-0.120270602498894,0.137183295053101
"CP018_90m_A_GCAACTATCAAACTAC-1","90m","A","1","Other",-0.622630085868389,-0.730569768247478,0.106267148003589,-0.195539566476116
"CP018_90m_A_GCAACTATCCAGTATG-1","90m","A","4","Other",-0.732459061475932,0.0516138028227824,0.3881051662401,1.01348517590956
"CP018_90m_A_GCAAGCTTCACAACGC-1","90m","A","2","Other",0.0397843649231358,0.186565021726874,0.620910718383387,-0.0521085276546644
"CP018_90m_A_GCAAGCTTCATGCGTA-1","90m","A","0","Other",0.196182626864696,-0.758355090779492,-0.168674095785482,-0.189024770151535
"CP018_90m_A_GCAAGTCTCAATGGTT-1","90m","A","2","HIV-Specific TCR",0.393086337256097,-0.696634174878319,0.131302973322324,-0.0309250542144548
"CP018_90m_A_GCAATATTCGCATAAT-1","90m","A","0","Other",0.101230048589932,-0.710440366392827,-0.176404823426131,-0.151312793475848
"CP018_90m_A_GCACAACTCATCCGCC-1","90m","A","5","Other",0.032680192287786,-0.658418234713081,-0.117098656123352,-0.143168511310077
"CP018_90m_A_GCACCCTTCACGGGTT-1","90m","A","4","Other",0.390648790947798,-0.604313530979217,-0.0572600837838265,0.731432585987542
"CP018_90m_A_GCACCCTTCCCTTTCC-1","90m","A","4","Other",-0.204314642536072,-0.495238554563755,0.00397690158989811,0.523130892766607
"CP018_90m_A_GCACCTCTCACGTGGT-1","90m","A","3","Other",-0.934660455283037,2.33600085575986,0.0308262100568119,0.211865521275923
"CP018_90m_A_GCACCTCTCAGTTTCC-1","90m","A","0","Other",0.58831982368931,-0.783528267052758,-0.22729344171274,-0.230654500638924
"CP018_90m_A_GCACCTCTCGTCTCCA-1","90m","A","0","Other",0.0612962888583828,-0.676604876402019,-0.127767650379866,-0.160840569612385
"CP018_90m_A_GCACTAATCACTTACC-1","90m","A","8","Other",0.180174371939003,-0.786319199013614,-0.179381843114571,-0.198928196578662
"CP018_90m_A_GCACTAATCAGCGTAC-1","90m","A","0","Other",-0.185570772972897,-0.680303468537477,-0.134086248336053,-0.154590154703145
"CP018_90m_A_GCACTAATCGCCTAAA-1","90m","A","3","Other",-1.07862232383406,2.52690662192749,0.0914841329429108,0.30776256019154
"CP018_90m_A_GCACTCCTCAATATCA-1","90m","A","0","Other",0.264936377588249,-0.718802121980405,-0.0487614773632646,0.0351533023835705
"CP018_90m_A_GCACTCCTCCTTGTGT-1","90m","A","6","Other",-0.485876840391891,0.446388296784201,0.0117963240511559,-0.133529051542672
"CP018_90m_A_GCACTCCTCGCGGCTA-1","90m","A","0","Other",0.449550924917647,-0.781793132326536,-0.173862995249164,0.051350196828266
"CP018_90m_A_GCACTCCTCGTGAGCT-1","90m","A","4","Other",-0.501068032741354,0.387520508386543,0.295915255399986,1.29813325048378
"CP018_90m_A_GCATAATTCCTTCGCA-1","90m","A","3","Other",-1.1586230089653,2.10472559011324,0.186974819837261,-0.206703018581227
"CP018_90m_A_GCATACATCACTAACG-1","90m","A","3","Other",-1.19998355429065,1.10639088612138,0.179979552691641,0.155565316976707
"CP018_90m_A_GCATAGCTCCGTATTC-1","90m","A","2","HIV-Specific TCR",0.040868942990991,-0.677844327477642,0.0866044339966368,0.011779280907794
"CP018_90m_A_GCATCGGTCACCCCTA-1","90m","A","0","Other",0.465884810349924,-0.728445402443195,-0.00684604340368616,0.0907422300802645
"CP018_90m_A_GCATCGGTCGCATCAA-1","90m","A","3","HIV-Specific TCR",-1.07796456323508,2.59095043650934,0.0732050442836322,-0.123222439612897
"CP018_90m_A_GCATCGGTCGCGGAAA-1","90m","A","4","Other",-0.454648372248209,-0.836633500779503,-0.248109126557615,1.31714080063451
"CP018_90m_A_GCATGGTTCACGGTCG-1","90m","A","3","Other",-0.99109415244659,0.979927491893769,-0.168288269194525,-0.149494967577689
"CP018_90m_A_GCATGGTTCGTGGCAT-1","90m","A","0","Other",0.438156012409608,-0.738182733365231,-0.174451939034922,0.140772776361145
"CP018_90m_A_GCATTAGTCCAGTCCC-1","90m","A","0","Other",0.213505339725918,-0.729674674969976,-0.163800503438733,0.168598677000844
"CP018_90m_A_GCCAATATCCTAGCTT-1","90m","A","2","Other",-0.445867621986508,0.0833537219873299,0.296646288341772,0.274092682081746
"CP018_90m_A_GCCACTCTCACAATAC-1","90m","A","3","HIV-Specific TCR",-0.861013620227887,2.47097271090212,0.329565887270735,-0.192271395786552
"CP018_90m_A_GCCACTCTCACACTTC-1","90m","A","0","Other",0.465579822938744,-0.751727647800496,-0.170337052447006,-0.183999056340805
"CP018_90m_A_GCCACTCTCATTGCTC-1","90m","A","0","Other",0.286136771685702,-0.642733297162938,-0.158585460233721,-0.203438358105789
"CP018_90m_A_GCCATGGTCCAATAGT-1","90m","A","0","Other",0.259634591732104,-0.739181845815284,-0.173422499286284,0.0223253613646623
"CP018_90m_A_GCCATGGTCCACCTCA-1","90m","A","3","Other",-1.18385138605349,0.833608158042712,0.0438697631155264,-0.142130825123308
"CP018_90m_A_GCCATGGTCGTAGATT-1","90m","A","1","Other",-0.0162397643036192,-0.822324006942796,-0.196071361244397,0.26167719116262
"CP018_90m_A_GCCCCATTCAGCGCAT-1","90m","A","3","Other",-1.12753881603139,1.02136797541568,-0.104416859233861,-0.113020908027786
"CP018_90m_A_GCCCGTTTCATCGGCG-1","90m","A","2","HIV-Specific TCR",0.0522050735746693,-0.662811584172576,0.107297382359168,0.0816880081302279
"CP018_90m_A_GCCCTTATCGGCTCCT-1","90m","A","1","Other",-0.700529268719455,-0.668806150727343,-0.140738738260387,-0.185854919625215
"CP018_90m_A_GCCTAAATCAACGCAC-1","90m","A","0","Other",0.230476356592822,-0.708421589652088,-0.128489189447863,-0.138616769230444
"CP018_90m_A_GCCTAAATCACTGTTC-1","90m","A","0","Other",0.0864531398261763,-0.691616353402077,-0.126869925327236,0.154688734249464
"CP018_90m_A_GCCTACCTCAGCATCA-1","90m","A","2","Other",-0.160779864759285,-0.715309286518437,0.10526378535432,-0.242970298710875
"CP018_90m_A_GCCTACCTCCGGGATT-1","90m","A","0","Other",0.196849557229534,-0.632677865812987,-0.165701264357712,-0.21871849445917
"CP018_90m_A_GCCTCTATCACACGGT-1","90m","A","5","Other",-0.105945307604422,-0.737703722497116,-0.0237265962801917,-0.186761542251527
"CP018_90m_A_GCCTCTATCAGTGGCT-1","90m","A","0","Other",0.298118267075154,-0.763406161767309,-0.159245619337815,-0.170044003229994
"CP018_90m_A_GCCTCTATCCCGCCAT-1","90m","A","4","Other",0.43218221780048,-0.445730505757002,0.229856868031511,0.267767099103315
"CP018_90m_A_GCCTCTATCGGTCCCT-1","90m","A","3","Other",-0.823941901133654,2.30650652816479,0.241337947836588,-0.158706525006713
"CP018_90m_A_GCCTGCTTCAAGCCAC-1","90m","A","0","Other",0.307062720531702,-0.75909485027288,-0.190438127327538,-0.216429054655539
"CP018_90m_A_GCCTGCTTCATGGGCT-1","90m","A","0","Other",0.668295257291547,-0.786431231098673,-0.214239940274828,0.0583219330400508
"CP018_90m_A_GCCTGCTTCCGCATAA-1","90m","A","0","Other",0.420222307234818,-0.730731383310768,-0.183188301691768,-0.181221210016939
"CP018_90m_A_GCGAAAGTCCACATCT-1","90m","A","0","Other",-0.0401328359555941,-0.658563872090047,-0.144579340906785,0.303693007792966
"CP018_90m_A_GCGAAAGTCGGAAACG-1","90m","A","2","Other",-0.131392429887307,-0.486809663132555,0.460528652078978,-0.1575533414289
"CP018_90m_A_GCGATGTTCCTTCGCA-1","90m","A","4","Other",-0.632728459323348,0.658306591563077,0.666413188342909,0.704741409179898
"CP018_90m_A_GCGATGTTCGCTACTT-1","90m","A","2","Other",0.134750333604036,-0.544250058703852,0.39920929319369,-0.172353544558973
"CP018_90m_A_GCGCATGTCCCACTAT-1","90m","A","0","Other",0.148326965790034,-0.676392949712668,0.0422850307713738,-0.145050563708467
"CP018_90m_A_GCGCATGTCGCGGAAA-1","90m","A","1","Other",-0.50489069272133,-0.203246936372427,0.106377398453094,0.162689179681273
"CP018_90m_A_GCGCCTTTCATACAAC-1","90m","A","3","Other",-1.06479302171504,0.774538622552776,-0.227557293577585,-0.243729226313573
"CP018_90m_A_GCGCGTATCATAGCAT-1","90m","A","0","Other",0.2327888388514,-0.726377975309967,0.130061509796363,-0.162073858170988
"CP018_90m_A_GCGGATTTCACTAAAC-1","90m","A","2","Other",0.273909146332913,0.179512206777852,0.222107176305118,-0.16399964760653
"CP018_90m_A_GCGGATTTCACTTCTA-1","90m","A","2","HIV-Specific TCR",0.269316692032943,-0.397882206108116,0.324620385130754,-0.266816215440677
"CP018_90m_A_GCGGATTTCATCTCAC-1","90m","A","0","Other",0.338334629220876,-0.712338332136866,-0.172180116893351,0.0624341060257396
"CP018_90m_A_GCGGCTATCAACGTAT-1","90m","A","1","Other",-0.498446575592993,0.056898928483052,0.0881471960113628,-0.00628259302670936
"CP018_90m_A_GCGGCTATCATACCTC-1","90m","A","2","HIV-Specific TCR",0.334715456498732,-0.469726742705727,0.157304560093256,-0.257914669143326
"CP018_90m_A_GCGGCTATCCTAACTC-1","90m","A","4","Other",-0.421949910825763,-0.288898163243011,0.146398905431185,0.594215908382948
"CP018_90m_A_GCGGTATTCCGCCGTT-1","90m","A","0","Other",0.100932069593395,-0.858790354678281,-0.102447399296905,-0.0124239681611054
"CP018_90m_A_GCGGTATTCCTTAACC-1","90m","A","2","HIV-Specific TCR",-0.261702130844369,-0.540066409090207,0.0269483182276763,-0.0598491863068703
"CP018_90m_A_GCGGTATTCGGACTAC-1","90m","A","1","Other",0.0339483110070873,-0.761691896080442,0.11987730934011,0.248062330962578
"CP018_90m_A_GCGGTTGTCCAGTATG-1","90m","A","2","Other",0.457193550560816,-0.652405287227267,0.0533532897564666,-0.073835016187254
"CP018_90m_A_GCGTAACTCAAGGGCA-1","90m","A","2","Other",0.228463698717934,-0.659817194580578,0.167225815554131,-0.0492717384620122
"CP018_90m_A_GCGTAACTCACTCCAT-1","90m","A","0","Other",0.187567754243412,-0.683184095657204,-0.120160371933002,-0.150341321985806
"CP018_90m_A_GCGTAACTCGGTAATT-1","90m","A","2","Other",0.133737033096771,0.0965388587804767,0.201560430118629,0.180941704810685
"CP018_90m_A_GCGTAGTTCCGGACAT-1","90m","A","4","Other",-0.320553003408303,0.201029648260989,0.091111186292781,0.439390392129179
"CP018_90m_A_GCGTCAGTCCCCAACC-1","90m","A","2","Other",0.393630628811116,-0.749488072415825,0.0831621344747858,0.166617986251914
"CP018_90m_A_GCGTCAGTCGGCTTCC-1","90m","A","4","Other",-1.09277703158335,0.715998800230078,0.552808639811269,0.783563309980545
"CP018_90m_A_GCGTCAGTCGTTATGG-1","90m","A","1","Other",-0.696668084102283,-0.0674787067483398,0.108906508420863,-0.0199929142423352
"CP018_90m_A_GCGTGCATCCGCATAA-1","90m","A","8","Other",0.508283891792259,-0.69894596896788,-0.152724640770871,-0.192488507437112
"CP018_90m_A_GCGTGCATCGGATGTC-1","90m","A","0","Other",0.538846750792912,-0.559092264252997,-0.16957941654706,-0.191407247685913
"CP018_90m_A_GCGTGTGTCGCTTAAG-1","90m","A","2","Other",0.5085420348312,-0.507591814637699,0.193116723218857,-0.258661089106642
"CP018_90m_A_GCTAATGTCAGTCGCG-1","90m","A","0","Other",0.221097417531737,-0.70155114509241,-0.152443620380233,0.30012880294074
"CP018_90m_A_GCTATCTTCCGGCTTC-1","90m","A","4","Other",-0.193079633725408,-0.284717065243709,0.0957388409304178,1.70843391245975
"CP018_90m_A_GCTCATTTCATCGGCG-1","90m","A","2","HIV-Specific TCR",0.102659914262165,-0.623211339338501,-0.012366582662932,-0.242387594456196
"CP018_90m_A_GCTCATTTCCATACCT-1","90m","A","4","HIV-Specific TCR",-0.168102699305206,-0.76724104039531,-0.168667567039686,0.340814826362669
"CP018_90m_A_GCTCCACTCAAGCCGT-1","90m","A","7","Other",0.159313618285188,-0.802193232435396,0.0224512660740818,-0.0216404568450512
"CP018_90m_A_GCTCCGTTCATAATCA-1","90m","A","7","Other",0.129803452873968,-0.798046559428308,-0.189782107039761,0.142715984466453
"CP018_90m_A_GCTCGCTTCATTCAAA-1","90m","A","1","Other",-0.573910561549612,-0.789379186527291,0.26680247882762,-0.241005343685127
"CP018_90m_A_GCTCTATTCACAGCGT-1","90m","A","0","Other",0.0868726233749328,-0.669545301918542,-0.170963597228052,-0.172792866410603
"CP018_90m_A_GCTCTATTCGCCAATA-1","90m","A","2","HIV-Specific TCR",-0.12663709058884,-0.861401042371752,0.14066429083547,0.0707501431041128
"CP018_90m_A_GCTCTATTCGCTACTT-1","90m","A","0","Other",-0.0321980560900295,-0.727767899225248,-0.164905767260474,-0.155561642868805
"CP018_90m_A_GCTCTCATCACTTAAA-1","90m","A","0","Other",0.318343564229243,-0.828127228573058,-0.238654467740111,-0.0983079519755299
"CP018_90m_A_GCTGAGTTCATCTCCG-1","90m","A","3","Other",-0.967948222928081,1.58564922204531,0.00164601856700491,-0.161832272362644
"CP018_90m_A_GCTGAGTTCCAACCTT-1","90m","A","1","Other",-0.621973074373467,-0.44166661887996,0.183530255700837,-0.275652796782964
"CP018_90m_A_GCTGAGTTCCACCCGT-1","90m","A","1","Other",-0.678514906054315,-0.599662644659685,-0.142272495624499,0.0918051212420813
"CP018_90m_A_GCTGAGTTCCCGCTTA-1","90m","A","0","Other",0.222507982833588,-0.743315032668432,-0.184780074936524,-0.160322921568608
"CP018_90m_A_GCTGAGTTCGGCCCTT-1","90m","A","2","HIV-Specific TCR",0.122340633365342,-0.254262245646614,0.523908187051657,-0.282177508193197
"CP018_90m_A_GCTGAGTTCGGTTAGC-1","90m","A","4","HIV-Specific TCR",-0.162259035409606,-0.839548508086866,0.00933785629634326,0.558695977429249
"CP018_90m_A_GCTGGCATCGCACCCT-1","90m","A","3","Other",-0.75079666600412,2.27155193768941,-0.142896802854251,-0.175557322491706
"CP018_90m_A_GCTGTAATCGCTCATT-1","90m","A","4","Other",-0.290353934541725,-0.814888544508137,-0.134467435957009,1.35466608314509
"CP018_90m_A_GCTGTGGTCACCTACT-1","90m","A","0","Other",0.46331190507945,-0.745945353220996,-0.153770969302133,-0.163000748269485
"CP018_90m_A_GCTGTGGTCGCGAGTT-1","90m","A","0","Other",0.146736267653166,-0.733565875871872,-0.169261684440899,-0.182071524813122
"CP018_90m_A_GCTTAAGTCACAGATT-1","90m","A","1","Other",-0.345599229725512,0.25823079023627,-0.160411615187522,-0.202222727543078
"CP018_90m_A_GCTTACTTCAGCTTAG-1","90m","A","1","Other",-0.389135960169067,-0.786425318428704,-0.156510058373685,-0.227495415106179
"CP018_90m_A_GCTTACTTCAGTTTGG-1","90m","A","0","Other",-0.0654600418603131,-0.742471748094699,-0.151827689461211,-0.201844505810972
"CP018_90m_A_GCTTACTTCCGGACAT-1","90m","A","3","Other",-0.970876769125559,2.3481902654826,0.0862902013193687,0.139410558862269
"CP018_90m_A_GCTTACTTCGTCGTAA-1","90m","A","2","Other",0.577565314796671,-0.475645588700198,0.255691189188899,0.191700866588106
"CP018_90m_A_GCTTATCTCAGGGGTA-1","90m","A","2","Other",0.094110686480007,-0.761326381456811,-0.0395150993682704,-0.184983898239293
"CP018_90m_A_GCTTATCTCCTGCACC-1","90m","A","1","Other",-0.186760757012212,-0.647914873944036,0.0526764946487672,-0.189473906120415
"CP018_90m_A_GCTTATCTCGCCTCTA-1","90m","A","1","Other",-0.44516187470846,-0.725521104816255,0.00905363653466687,-0.220534984258054
"CP018_90m_A_GCTTCATTCACTGGCG-1","90m","A","0","Other",0.128929117369178,-0.730838910657691,-0.168621027609106,-0.178668262292098
"CP018_90m_A_GCTTCATTCGTGTAAT-1","90m","A","3","Other",-0.823547529699534,1.6468813597964,-0.084505029262648,-0.182911726147056
"CP018_90m_A_GCTTCCATCCCTGGCT-1","90m","A","1","HIV-Specific TCR",0.0682995022445936,-0.346485461425872,-0.0408633275862647,-0.117214644375114
"CP018_90m_A_GCTTCCATCGCCCTAC-1","90m","A","5","Other",-0.487310692902064,-0.733503121972251,-0.139440525833003,0.402465603664302
"CP018_90m_A_GCTTCGCTCCTGGTCC-1","90m","A","0","Other",0.487056063750907,-0.797045369010092,-0.0435883024245808,-0.24660340524815
"CP018_90m_A_GCTTCGCTCGCGTCAG-1","90m","A","4","Other",0.0128370499227244,-0.677483439681688,-0.00967642677361241,1.85671279952344
"CP018_90m_A_GCTTCTGTCAACAGCC-1","90m","A","0","Other",0.112973296396074,-0.719032565046909,-0.14748602148079,0.0509760176544381
"CP018_90m_A_GCTTCTGTCAACGTTG-1","90m","A","3","Other",-1.03835443953108,2.22208252361248,0.294692363726044,-0.0299064195880995
"CP018_90m_A_GCTTCTGTCAGTACAT-1","90m","A","0","Other",0.428696598125201,-0.787331653729826,-0.199079501160632,-0.172740460543944
"CP018_90m_A_GCTTCTGTCCAATATA-1","90m","A","2","Other",0.368409434866237,0.284870862452577,0.384356063743226,-0.1658748180861
"CP018_90m_A_GCTTTACTCACGTGGT-1","90m","A","1","Other",-0.653012140440563,-0.769330637580735,0.297102178250665,-0.181586090443152
"CP018_90m_A_GCTTTACTCCCTGACC-1","90m","A","0","Other",0.323388859562286,-0.65626565589525,-0.163583185205821,-0.201197803095039
"CP018_90m_A_GCTTTACTCCGGACAT-1","90m","A","0","Other",-0.084599039492576,-0.720502943711557,-0.163261052363163,-0.155680037990327
"CP018_90m_A_GCTTTCGTCCATCATC-1","90m","A","4","Other",-0.722797911822358,0.274461135390161,0.490429885498794,0.976381626393413
"CP018_90m_A_GCTTTCGTCCCTGCAC-1","90m","A","0","Other",0.240742572220014,-0.718286383273261,-0.156447350171518,-0.191707562397144
"CP018_90m_A_GGAAACGTCACGTCCC-1","90m","A","3","HIV-Specific TCR",-1.07706924963932,2.45145216796125,0.1159031934032,-0.13334921064546
"CP018_90m_A_GGAAACGTCACTTCCG-1","90m","A","7","Other",0.685947633347652,-0.615561993922675,-0.192859354870621,-0.199399489341212
"CP018_90m_A_GGAAACGTCAGAATAG-1","90m","A","3","Other",-1.09189069709509,0.723525143387388,-0.0886921353847366,-0.212892129786759
"CP018_90m_A_GGAAAGTTCACCACAA-1","90m","A","1","Other",-0.810815865390809,-0.749796922351371,-0.0291942239391916,0.0941743188541162
"CP018_90m_A_GGAAAGTTCAGTACTG-1","90m","A","2","Other",0.232459877485989,0.245633720971377,0.166429684359987,-0.0969878496962478
"CP018_90m_A_GGAATGGTCACGAACC-1","90m","A","7","Other",0.438317211078009,-0.672403155056709,-0.14854928125448,-0.205066669740245
"CP018_90m_A_GGAATGGTCATAACAC-1","90m","A","0","Other",0.202719013164997,-0.796385962870609,-0.196107997980143,-0.206853987726666
"CP018_90m_A_GGAATGGTCGCTAAAT-1","90m","A","3","HIV-Specific TCR",-1.06006624713221,1.7682245517459,-0.13752592586509,0.271223995383284
"CP018_90m_A_GGACACTTCATGTCGA-1","90m","A","3","Other",-1.1549255450933,2.0997698843796,0.744416181051863,-0.219811658912738
"CP018_90m_A_GGACTTATCATGCCTT-1","90m","A","2","Other",0.41914340429138,-0.782180214075551,0.018765626805647,-0.219912171543053
"CP018_90m_A_GGAGCTTTCCGACTCC-1","90m","A","3","Other",-1.18611404093342,1.41473526000007,0.560586266039041,0.535463944175256
"CP018_90m_A_GGAGTCTTCATTGGGC-1","90m","A","2","HIV-Specific TCR",0.545112458029967,0.109990422095524,0.270771358412757,0.0252503921024356
"CP018_90m_A_GGAGTCTTCCACTTAC-1","90m","A","6","Other",-0.475652593194294,1.56336644298041,-0.124253624545002,-0.118641360834368
"CP018_90m_A_GGATACCTCAATTCGG-1","90m","A","0","Other",0.297438931868716,-0.743120045027937,-0.131303504090004,0.118911391464795
"CP018_90m_A_GGATACCTCCCTGACC-1","90m","A","2","Other",0.0290538104490312,-0.63205585141008,0.19080981570388,-0.117762495012804
"CP018_90m_A_GGATACCTCCGACTCC-1","90m","A","8","Other",0.235344026973291,-0.674378814377241,-0.175396531156286,0.0309709276839737
"CP018_90m_A_GGATCACTCACTAATA-1","90m","A","8","Other",0.545291301888102,-0.702849137444769,-0.127637782116599,-0.138519303863741
"CP018_90m_A_GGATCCGTCCTCTAAC-1","90m","A","0","Other",0.3201734698749,-0.501363059683386,-0.136727352569736,-0.143036393400623
"CP018_90m_A_GGATGTCTCCCTATGT-1","90m","A","4","HIV-Specific TCR",-0.74464181052608,0.732759569277478,0.806593086589264,0.947382829201396
"CP018_90m_A_GGCAACTTCAGACTCA-1","90m","A","7","Other",-0.022136524818587,-0.729705904104341,-0.142886094038345,-0.166724732657164
"CP018_90m_A_GGCAACTTCGCACCTC-1","90m","A","3","HIV-Specific TCR",-0.912861282221124,2.20048128593767,0.0397914918684541,-0.227212320405964
"CP018_90m_A_GGCAACTTCGCCAATA-1","90m","A","2","Other",0.128323909863077,-0.834678939942734,0.200042993849279,0.00832991885958997
"CP018_90m_A_GGCAATCTCGCCTCTA-1","90m","A","0","Other",-0.260498624235957,-0.754264931460761,-0.203715048322866,-0.183425507651372
"CP018_90m_A_GGCAATCTCGGTACTA-1","90m","A","0","Other",0.460674909720411,-0.75196757642483,-0.168685548991704,0.0667713914478953
"CP018_90m_A_GGCAATCTCGTGGGTT-1","90m","A","6","Other",-0.457149729344957,0.665849350273437,-0.139866484218945,0.115051810154725
"CP018_90m_A_GGCATTATCATACGCA-1","90m","A","5","Other",0.204377663489278,-0.64947370960616,-0.137960963629344,-0.156435070910521
"CP018_90m_A_GGCATTATCCGGCATG-1","90m","A","3","Other",-0.800341502836531,1.27538650478232,0.208781608694543,0.200353815978235
"CP018_90m_A_GGCATTATCGTCCTAT-1","90m","A","0","Other",-0.279062836741835,-0.724148292693143,-0.143579169208832,-0.162909228771152
"CP018_90m_A_GGCCAATTCCAAGTAT-1","90m","A","7","Other",0.514578394055274,-0.681723932110227,-0.116490257060276,-0.160581270952174
"CP018_90m_A_GGCCAATTCCAATCAG-1","90m","A","0","Other",0.615831966498567,-0.765830149966157,-0.198708627121217,-0.0100483364378866
"CP018_90m_A_GGCCATGTCAAGCCGT-1","90m","A","0","Other",0.351432130922581,-0.548971059329089,-0.148169089664123,-0.174967255132597
"CP018_90m_A_GGCCATGTCCGCTTCA-1","90m","A","3","HIV-Specific TCR",-1.08480099100861,1.53298954343689,0.212838353926805,-0.175036921358459
"CP018_90m_A_GGCCATGTCCTATGCT-1","90m","A","0","Other",0.141564423906923,-0.628598852238529,0.0136606677463758,-0.185749196565968
"CP018_90m_A_GGCCATGTCGCTAATG-1","90m","A","3","Other",-1.12260798888869,1.89172286514528,0.115702090428732,-0.212773409752239
"CP018_90m_A_GGCCCTTTCACTTCGT-1","90m","A","3","HIV-Specific TCR",-0.967215518488977,1.95903194903644,0.0749401015219649,0.187819360619367
"CP018_90m_A_GGCCCTTTCGTAAATC-1","90m","A","3","HIV-Specific TCR",-0.860587327691219,2.62528877680321,0.0548659485046171,-0.129452459863264
"CP018_90m_A_GGCCCTTTCGTACGTA-1","90m","A","1","Other",0.0204242947829087,-0.730763606536915,-0.0527462056930871,-0.207359091573014
"CP018_90m_A_GGCCTTCTCATGCAGC-1","90m","A","4","Other",0.369775289446894,-0.541474420980985,0.175250212427393,2.02253377775698
"CP018_90m_A_GGCGATTTCAGTGAAA-1","90m","A","2","Other",0.975957552541747,-0.596566878919096,0.345780676131564,-0.105047602763162
"CP018_90m_A_GGCGTATTCCTCCTCT-1","90m","A","3","Other",-0.886518228542227,1.35792853200014,0.125997092573034,-0.212568764312983
"CP018_90m_A_GGCGTATTCGTTCGGG-1","90m","A","0","Other",0.0383832941080828,-0.701331803023876,-0.175213861624667,-0.147966359990671
"CP018_90m_A_GGCTAACTCGTTGTCT-1","90m","A","0","Other",0.344501436011956,-0.646555178648723,-0.148203584118713,-0.1765564674052
"CP018_90m_A_GGCTCGATCCGTACTT-1","90m","A","3","Other",-1.01329044062351,0.858366001001146,0.368493163571784,0.178900026982982
"CP018_90m_A_GGCTCGATCGCCATAA-1","90m","A","5","Other",0.193405335222196,-0.732560484817965,-0.144243621296439,-0.17331041216824
"CP018_90m_A_GGCTCTCTCATTCTCA-1","90m","A","0","Other",1.01691513409977,-0.706731544042444,-0.236229032645204,-0.249256265386298
"CP018_90m_A_GGCTCTCTCATTGTCC-1","90m","A","0","Other",0.368137629188403,-0.654006205142568,-0.190156260178111,-0.262474256719657
"CP018_90m_A_GGCTCTCTCGGTGTCG-1","90m","A","0","Other",0.117381253774938,-0.710118366127072,-0.142387907312746,0.0830786449624145
"CP018_90m_A_GGCTGCATCGGTTAGC-1","90m","A","0","Other",0.106411882078622,-0.766452291730992,-0.0454702051340695,-0.211504195854417
"CP018_90m_A_GGCTTAATCCATTGTC-1","90m","A","8","Other",-0.13026723168309,-0.728418768533934,-0.146399996219802,-0.128008141892901
"CP018_90m_A_GGCTTCCTCCAGGGTT-1","90m","A","2","Other",0.266488617769224,-0.65945769093833,0.359664520395754,-0.264976932811333
"CP018_90m_A_GGCTTGGTCCTCCACA-1","90m","A","4","Other",-0.606792896473048,-0.584522867464228,0.0979456143262172,0.19428141763099
"CP018_90m_A_GGGCAAATCGCTTTCG-1","90m","A","0","Other",0.350867582950291,-0.709311841889764,-0.137228218065639,0.0669807058625254
"CP018_90m_A_GGGCAAATCGTCAATG-1","90m","A","8","Other",0.349073259116238,-0.68503871049328,-0.157769060931675,0.129369580336851
"CP018_90m_A_GGGCATTTCAGACAGG-1","90m","A","5","Other",0.507908863783482,-0.75832552117422,-0.17491457011275,-0.201782254962245
"CP018_90m_A_GGGCATTTCCTTAATT-1","90m","A","0","Other",0.233348233783999,-0.589582608599575,-0.128241715518405,-0.128958089423943
"CP018_90m_A_GGGCATTTCGGCTCGA-1","90m","A","0","Other",0.429417004638736,-0.633627381173724,-0.128732695302287,0.0625461389314259
"CP018_90m_A_GGGCATTTCGTAAGCC-1","90m","A","2","Other",0.294381374582502,-0.748584842978144,0.0357509977297068,-0.253396382786941
"CP018_90m_A_GGGCATTTCGTATACG-1","90m","A","2","Other",0.526428805785013,-0.670131541925471,0.023099089824433,0.740827665776377
"CP018_90m_A_GGGCATTTCGTATTGG-1","90m","A","0","Other",0.451604351021746,-0.831004179942495,-0.181845192181388,-0.0723464407516195
"CP018_90m_A_GGGCCTATCAGGTTCA-1","90m","A","1","Other",-0.738792891407853,-0.61904829804077,0.270378338152437,-0.20541199310399
"CP018_90m_A_GGGCCTATCGCTTTAC-1","90m","A","0","Other",0.684306395392654,-0.62570279336299,-0.203002700494283,0.0277926106276798
"CP018_90m_A_GGGCCTATCGGTTAGC-1","90m","A","0","Other",0.504652423001973,-0.710707704116558,-0.146498695785694,-0.210090228807963
"CP018_90m_A_GGGCTATTCACAGACC-1","90m","A","0","Other",-0.0427582694010016,-0.612912370073324,-0.0264720925013376,-0.17140741329537
"CP018_90m_A_GGGCTATTCCTCGCTA-1","90m","A","4","Other",-0.00503964432993476,0.110796849379217,0.17440606782797,1.79481587734044
"CP018_90m_A_GGGCTCATCCGACTAA-1","90m","A","5","Other",0.600148967945327,-0.56567553314515,0.202778595648431,0.0188605605658397
"CP018_90m_A_GGGCTCATCCTCACGC-1","90m","A","7","Other",0.172079547340019,-0.788715262632024,-0.153178138684889,-0.181344087779899
"CP018_90m_A_GGGCTTGTCACGTCCC-1","90m","A","0","Other",0.0784941276818096,-0.760844347899286,-0.164743235311518,0.043884604867699
"CP018_90m_A_GGGGTAATCACATATA-1","90m","A","0","Other",0.532650102980986,-0.755608411026415,-0.192217185789544,-0.1657048550964
"CP018_90m_A_GGGTATCTCACATTGG-1","90m","A","3","Other",-1.24755118440506,1.22255430933349,0.165874937939151,-0.22497241253509
"CP018_90m_A_GGGTCATTCAAGCCAC-1","90m","A","0","Other",0.499640997996443,-0.674967664731667,-0.152950522961817,-0.195253348496548
"CP018_90m_A_GGGTCATTCAAGTCGC-1","90m","A","6","Other",-0.245520319386895,0.886080673287192,-0.169633829745548,-0.194528119587473
"CP018_90m_A_GGGTCATTCGTCAACA-1","90m","A","3","Other",-1.13243591757667,1.04309335272527,-0.168042894981608,0.230241053900559
"CP018_90m_A_GGGTCCATCATAATCA-1","90m","A","2","Other",0.389916797713508,-0.732036638160278,0.122794948406,-0.299815822168529
"CP018_90m_A_GGGTCCATCATTAAGC-1","90m","A","1","Other",-0.591985905796273,-0.284438807574407,0.072509386557346,-0.255491770904844
"CP018_90m_A_GGGTTCGTCAGCTGTA-1","90m","A","3","Other",-0.967139415899769,0.572768206183627,0.380740027630885,-0.214399800328902
"CP018_90m_A_GGGTTCGTCGGCAATC-1","90m","A","1","Other",0.269512010895786,-0.663452264430049,-0.163537452030691,0.0293270527923529
"CP018_90m_A_GGTAATTTCAACTGCA-1","90m","A","0","Other",0.651579648046981,-0.782482316201718,-0.176849209980604,0.209444373261901
"CP018_90m_A_GGTAATTTCCTATTGC-1","90m","A","6","Other",-0.0839625273179483,0.613494693469311,-0.14301927723543,-0.163307245305277
"CP018_90m_A_GGTAATTTCGTCGCTC-1","90m","A","0","Other",0.4057890138295,-0.549073970562128,-0.17328736595666,-0.00203739031426789
"CP018_90m_A_GGTAATTTCGTCTCAT-1","90m","A","6","Other",-0.581126289509121,1.24315613732004,-0.0374809962958254,0.121771530636336
"CP018_90m_A_GGTACTATCCTACTTA-1","90m","A","0","Other",0.586875471671469,-0.607206886976329,-0.132290876425305,-0.160550716082029
"CP018_90m_A_GGTATATTCAAACCAT-1","90m","A","3","Other",-0.93758248038031,2.2626964097768,-0.13878184192282,-0.132915818235733
"CP018_90m_A_GGTATATTCAACCCTT-1","90m","A","3","Other",-0.508464960529106,1.01627951509617,0.220996380494064,-0.188798030157028
"CP018_90m_A_GGTATGCTCCCCACTA-1","90m","A","3","Other",-0.775275744285937,0.420199196135132,0.0158454792249138,-0.160901440285715
"CP018_90m_A_GGTATGCTCCCGCCAT-1","90m","A","0","Other",-0.0708587274353902,-0.775595597239728,-0.155677093823134,-0.170533845769382
"CP018_90m_A_GGTATGCTCGTTAGGC-1","90m","A","0","Other",0.366336063024445,-0.681672181583597,-0.121728474376851,-0.171908627722188
"CP018_90m_A_GGTCAACTCCCCTATG-1","90m","A","1","Other",-0.900469285890503,-0.73081902631195,-0.122836468078742,-0.144102352997997
"CP018_90m_A_GGTCAGTTCGCTAACA-1","90m","A","2","Other",-0.1583396077277,-0.740113939161791,0.266698494589783,0.0315518713211546
"CP018_90m_A_GGTCATATCCCTTGTG-1","90m","A","4","Other",0.0384114072995543,0.0464114001917396,0.0403331945991417,1.19090959742339
"CP018_90m_A_GGTCATATCGCGTGCA-1","90m","A","2","Other",0.221056164738473,-0.754452656420046,-0.043675197129291,-0.12444714849204
"CP018_90m_A_GGTCCCTTCACCACTT-1","90m","A","2","Other",0.207177507590764,0.118379676157944,0.202972412246467,-0.285474838931022
"CP018_90m_A_GGTCCCTTCCTTCATA-1","90m","A","3","Other",-0.404343442233263,0.464431155414938,-0.137319780322646,-0.170136814717396
"CP018_90m_A_GGTCCCTTCGTTGCTT-1","90m","A","2","HIV-Specific TCR",0.372035276856106,-0.839587224342115,0.464112525310105,-0.206440252959181
"CP018_90m_A_GGTCCTCTCATCGGCG-1","90m","A","2","Other",0.43448798017651,-0.688523325544046,0.239676604699207,-0.212580029458074
"CP018_90m_A_GGTCCTCTCCAATTAA-1","90m","A","6","Other",-0.364045996291774,-0.735175103074376,0.160833327083666,-0.214396073311047
"CP018_90m_A_GGTCCTCTCCACCCTA-1","90m","A","4","Other",-0.205383909880905,-0.747524575636262,0.445039733561306,-0.078729762113682
"CP018_90m_A_GGTCCTCTCCGGTGCA-1","90m","A","4","Other",-0.765384740754296,0.671193601785855,0.288125091199155,0.133875351448486
"CP018_90m_A_GGTCCTCTCGGACCCA-1","90m","A","3","Other",-0.774681706511595,1.28042769748821,0.431971605495844,-0.190074175527722
"CP018_90m_A_GGTCGCATCAGCAGTC-1","90m","A","3","Other",-0.870664870427958,2.12465270813598,-0.160107271360717,0.36505214600519
"CP018_90m_A_GGTCGCATCCATAAGT-1","90m","A","1","Other",0.144995330171974,-0.688919891828429,-0.0397629522776161,0.157900863299757
"CP018_90m_A_GGTCGCATCCCGGCTT-1","90m","A","8","Other",0.565728586216648,-0.737590714885064,-0.158660387563193,-0.185957569478619
"CP018_90m_A_GGTCGCATCCTTGTAC-1","90m","A","2","Other",-0.353589858261124,-0.63086071721177,0.0374864245367525,-0.0650310707132994
"CP018_90m_A_GGTCTAATCCTGTATC-1","90m","A","1","Other",-0.139354891791586,-0.738029461552566,-0.165966928298657,-0.189545539875937
"CP018_90m_A_GGTCTAATCGCCCGTT-1","90m","A","4","Other",-0.18012629549336,-0.817963711721629,0.111620459876204,0.54553038367829
"CP018_90m_A_GGTGGTTTCGGTTGTA-1","90m","A","4","HIV-Specific TCR",0.266525490507609,0.681016465213259,0.369253264437377,0.143066137762166
"CP018_90m_A_GGTGTTATCCACCTAT-1","90m","A","3","Other",-0.64921486973124,2.39922260790304,0.480269351749448,-0.174617625816954
"CP018_90m_A_GGTGTTATCCCTTCCT-1","90m","A","1","Other",-0.665885657368604,-0.770742762236913,0.212883423659538,-0.223290579721917
"CP018_90m_A_GGTGTTATCGTCTCTG-1","90m","A","3","Other",-0.996134481081,1.59646552322028,0.578632039294126,0.152873274818716
"CP018_90m_A_GGTTAGCTCAAGTCGC-1","90m","A","0","Other",0.273061792906729,-0.771643491186455,-0.186544729624633,-0.0098793548039417
"CP018_90m_A_GGTTAGCTCCAACTTC-1","90m","A","0","Other",-0.0802022680674424,-0.774700293449083,-0.173929150508798,0.106617240092676
"CP018_90m_A_GGTTATGTCCTAATCC-1","90m","A","3","HIV-Specific TCR",-1.21655094386184,1.26343087536659,-0.183628998784078,-0.173285184482496
"CP018_90m_A_GGTTATGTCGGCGTCA-1","90m","A","0","Other",0.306141139811819,-0.782301030484402,-0.0857865504374876,-0.229259267342818
"CP018_90m_A_GGTTCAATCAGACTCA-1","90m","A","0","Other",0.395432916932224,-0.775339109802958,-0.174878207112057,-0.186249606741086
"CP018_90m_A_GGTTCAATCCATAAGT-1","90m","A","0","Other",0.429711462010925,-0.711474377553475,-0.125683773265007,-0.161033387118048
"CP018_90m_A_GGTTCCCTCGCGGATT-1","90m","A","4","Other",-0.758210131852852,1.2854798490147,0.151629961192261,-0.147984491721016
"CP018_90m_A_GGTTCCCTCGTCACCC-1","90m","A","1","Other",-0.0844128160399034,-0.66572387156959,-0.168446250666998,0.566286546294093
"CP018_90m_A_GGTTCCCTCGTGTACA-1","90m","A","3","Other",-0.516154364823698,0.233856301598031,0.306180549096872,0.174079046119275
"CP018_90m_A_GGTTGGTTCACACAAT-1","90m","A","1","Other",0.306636103651086,-0.456833290665333,-0.0110271021989636,0.0491094648132712
"CP018_90m_A_GGTTGGTTCGGGGTAA-1","90m","A","1","Other",0.142182731412973,-0.824247038860986,-0.223769422058163,-0.0856615275311051
"CP018_90m_A_GGTTGTATCCATTCGT-1","90m","A","1","Other",-0.0465316073453643,-0.528318081196983,-0.00527992595530519,-0.22639194308084
"CP018_90m_A_GGTTTAGTCAGCGCCA-1","90m","A","1","Other",-0.230284042227169,-0.689048814248065,-0.00560223347774391,-0.172100652616533
"CP018_90m_A_GTAAATCTCACAAGCC-1","90m","A","0","Other",0.204820404931909,-0.735840934366569,-0.155968557334536,-0.176437592980578
"CP018_90m_A_GTAAATCTCATCCCGC-1","90m","A","1","Other",-0.00773606594368004,-0.718653988679342,-0.15537247128878,-0.111971326294296
"CP018_90m_A_GTAAATCTCGGCGCTA-1","90m","A","2","Other",0.469429611644274,-0.811175834711555,0.296927004052671,-0.105009439482168
"CP018_90m_A_GTAAATCTCGGGTCAT-1","90m","A","0","Other",0.30074481768477,-0.748387569656814,-0.155070867357695,-0.188804775682713
"CP018_90m_A_GTAAATCTCGTCTCGC-1","90m","A","0","Other",0.011845187002232,-0.77686755776325,-0.175638066698819,-0.195132840794503
"CP018_90m_A_GTAACGCTCAGTTTAA-1","90m","A","5","Other",0.339049622030084,-0.618830163472633,-0.173632175890252,-0.179179475939262
"CP018_90m_A_GTAACGCTCCCACGCT-1","90m","A","4","Other",-0.172451308364624,0.309645298471965,0.500786572639234,0.33450696068216
"CP018_90m_A_GTAACTGTCAACTCCT-1","90m","A","2","HIV-Specific TCR",0.495439097254122,-0.386358357805826,0.189370537612313,-0.118067330838159
"CP018_90m_A_GTAACTGTCACATTCC-1","90m","A","2","Other",-0.302951529307852,-0.0666983215565338,0.580271193092241,-0.137634618736488
"CP018_90m_A_GTAACTGTCCCATCCA-1","90m","A","0","Other",0.271573739329255,-0.703741810628339,-0.139368044380461,-0.156103618314561
"CP018_90m_A_GTAACTGTCCGGTCGA-1","90m","A","0","Other",0.166243894096797,-0.819878736295124,-0.194645670083863,-0.188612626576732
"CP018_90m_A_GTAACTGTCGTAGTCA-1","90m","A","0","Other",0.239171986726207,-0.609105727090885,-0.149712122347905,-0.154001537437473
"CP018_90m_A_GTAAGCCTCAGTCAGC-1","90m","A","3","Other",-0.0923085968199941,1.38294723512335,-0.0581649870730608,0.0268345614024529
"CP018_90m_A_GTAATCGTCCCGCTTA-1","90m","A","3","HIV-Specific TCR",-1.14354273403204,-0.372133459925762,0.475033019263857,0.182069246156195
"CP018_90m_A_GTACAATTCCGGTCCT-1","90m","A","1","Other",0.244576194969951,-0.768794792691324,0.10793786324172,-0.180585367450312
"CP018_90m_A_GTACATGTCCCGCACT-1","90m","A","3","Other",-0.83851037439909,1.44798589981602,0.043330403250034,0.432280213036054
"CP018_90m_A_GTACCTTTCCAGTCAA-1","90m","A","6","Other",-0.610861191652345,0.530089890647637,0.0233035169465481,0.207175043511162
"CP018_90m_A_GTACCTTTCGTAGATT-1","90m","A","0","Other",0.17216453501247,-0.50130472970902,-0.183678729424156,-0.176316943065077
"CP018_90m_A_GTACGGTTCAGTCCTT-1","90m","A","3","Other",-1.1199281068531,0.226135055864808,0.0541894197323748,-0.180473654124851
"CP018_90m_A_GTACGGTTCCCACGCT-1","90m","A","0","Other",0.417154753058399,-0.631197296070175,-0.120616741798463,0.138763227981449
"CP018_90m_A_GTACGTATCCATTCCG-1","90m","A","3","Other",-0.853005563738037,1.89420981436957,0.0186130752115301,0.290344101920606
"CP018_90m_A_GTACGTATCGGTTCGG-1","90m","A","5","Other",0.124719146536937,-0.803724488775675,-0.122574135670231,-0.250024451659397
"CP018_90m_A_GTACTTCTCACATCAG-1","90m","A","0","Other",0.453014101596267,-0.773212015315868,-0.165742130302135,-0.141464990694532
"CP018_90m_A_GTAGATTTCACACCTT-1","90m","A","3","Other",-0.960958508940385,2.22082685494691,0.244545113568486,-0.201251458994459
"CP018_90m_A_GTAGATTTCCAACATG-1","90m","A","2","HIV-Specific TCR",-0.140482262473121,-0.712896623401701,0.350460678620447,0.330927013527631
"CP018_90m_A_GTAGCACTCGGTACGT-1","90m","A","3","Other",-0.544243799769066,1.98595291070081,-0.123858891136258,0.248950807858137
"CP018_90m_A_GTAGCGTTCAGTAAAG-1","90m","A","7","Other",-0.285957867628429,-0.777375657142439,-0.176218763931992,-0.161117029288137
"CP018_90m_A_GTAGCGTTCCGAGCAT-1","90m","A","1","HIV-Specific TCR",-0.355802193405974,-0.45446418824206,-0.00616607069165942,0.252031087057227
"CP018_90m_A_GTAGCGTTCGGCTCGA-1","90m","A","3","Other",0.0829235305190077,0.595562286730928,-0.0646642490427096,0.016026517132233
"CP018_90m_A_GTAGGCTTCCCGCTTA-1","90m","A","7","Other",-0.326538016151739,-0.685263625912589,-0.14971824981295,-0.141377746838914
"CP018_90m_A_GTAGGTCTCATTATCT-1","90m","A","0","Other",0.36305359443323,-0.751027099553801,-0.164514155963709,-0.196989466159294
"CP018_90m_A_GTAGTTGTCATTACAA-1","90m","A","0","Other",0.411411036974017,-0.812147968383154,-0.189551910296072,-0.234391230485912
"CP018_90m_A_GTAGTTGTCCTCGGGA-1","90m","A","2","Other",0.536772360184509,0.165955649984622,0.28418062649163,-0.161099582269241
"CP018_90m_A_GTATAACTCCTCCACA-1","90m","A","3","Other",-1.03022616147897,2.02266417601769,0.267207055186126,-0.219582979672702
"CP018_90m_A_GTATAACTCGGCAATC-1","90m","A","2","Other",-0.993503639576113,-0.639165173581499,-0.159449997862031,-0.174771655865983
"CP018_90m_A_GTATACGTCAAATGCT-1","90m","A","5","Other",0.359383766111777,-0.742181796684281,-0.0913447792633693,-0.149554978146888
"CP018_90m_A_GTATACGTCACCAAGC-1","90m","A","3","Other",-0.146426323976534,1.01497504886196,-0.167058606880362,-0.19919088047657
"CP018_90m_A_GTATACGTCCTATCCG-1","90m","A","7","Other",0.289543343947684,-0.741568150545668,-0.113956356722231,0.278075375142634
"CP018_90m_A_GTATAGTTCCACCCGT-1","90m","A","0","Other",0.0122540402377502,-0.701141669852121,-0.16513909508884,0.0878225665671058
"CP018_90m_A_GTATAGTTCCTCCAGC-1","90m","A","1","Other",-0.621458161379962,0.223435730698094,0.0626116485783774,-0.245531182038216
"CP018_90m_A_GTATCAGTCCGTTTCG-1","90m","A","0","Other",0.148283776277013,-0.647511220672684,-0.149223634269028,-0.181742786157186
"CP018_90m_A_GTATCGATCAACGTGC-1","90m","A","2","Other",-0.167615627066643,-0.683724770355973,0.522661279311323,-0.116850453100774
"CP018_90m_A_GTATCGATCGTAACCA-1","90m","A","0","Other",0.173583856409435,-0.750517879830739,-0.182421413489819,0.0272289137556233
"CP018_90m_A_GTATGCATCGCATTAG-1","90m","A","1","Other",0.145701446225385,-0.737900230495238,0.023036666462909,-0.211718820059802
"CP018_90m_A_GTATGCATCGCTTACT-1","90m","A","0","Other",0.550800985567779,-0.763399129212638,-0.141763408258589,0.0685562025276474
"CP018_90m_A_GTATTAATCGGCTTGG-1","90m","A","0","Other",0.292688155412389,-0.613718085829495,-0.165494189849935,-0.181085523442706
"CP018_90m_A_GTATTCCTCACGGTGT-1","90m","A","7","Other",0.192236279858934,-0.623937553309632,-0.14648634817874,0.0601669175042134
"CP018_90m_A_GTATTGGTCACCACAA-1","90m","A","0","Other",0.180447918591538,-0.71962475556259,-0.140711160689916,-0.139706579349519
"CP018_90m_A_GTATTGGTCAGACGCT-1","90m","A","2","HIV-Specific TCR",0.19014345638329,0.387940365416969,0.523704023262138,-0.0662784824887367
"CP018_90m_A_GTATTGGTCGCTGAGT-1","90m","A","7","Other",-0.00562984044813541,-0.71042092860786,-0.149738881651538,-0.155542490796626
"CP018_90m_A_GTCAAATTCATGTGGC-1","90m","A","0","Other",0.588484233312011,-0.72520163781086,-0.136566796644703,-0.179345171307182
"CP018_90m_A_GTCAAATTCCACAACA-1","90m","A","2","Other",0.521789393360178,-0.681454542598273,-0.118357717612608,-0.0862082691323419
"CP018_90m_A_GTCAACATCCGTCAAA-1","90m","A","3","Other",-0.961529071233898,0.449521679548145,0.578572430869618,-0.163183132918809
"CP018_90m_A_GTCAACATCGCGTATA-1","90m","A","0","Other",-0.19058049127267,-0.755241120113265,0.0920764772881998,0.0263719325933671
"CP018_90m_A_GTCAAGCTCCGGCCTT-1","90m","A","0","Other",0.363874878066088,-0.757840272586671,-0.148453941802118,0.0656001939062301
"CP018_90m_A_GTCAAGCTCGCTCGCT-1","90m","A","0","Other",0.318779139005773,-0.779503650610154,-0.0544768861511393,-0.219286830849626
"CP018_90m_A_GTCAATGTCATTCATT-1","90m","A","7","Other",0.148504690046368,-0.739442668439985,-0.154661548920559,0.107965835172608
"CP018_90m_A_GTCATTCTCGGCAATC-1","90m","A","0","Other",0.384061754569849,-0.779806857778381,-0.156622786096561,-0.180454465718592
"CP018_90m_A_GTCCAAATCGGGTCCA-1","90m","A","0","Other",0.172606636652025,-0.708883059574286,-0.174034986011832,-0.183306307280917
"CP018_90m_A_GTCCGCTTCGCGTTAA-1","90m","A","0","Other",0.302681951384023,-0.756820851918233,-0.191260498457101,0.0340583675338415
"CP018_90m_A_GTCCGCTTCGGGCCTA-1","90m","A","7","Other",0.0434055008115255,-0.603229250572501,-0.0265416319147152,-0.171255667797235
"CP018_90m_A_GTCCTATTCAAATCCG-1","90m","A","4","Other",-0.0722026669701563,-0.687588440012089,0.0620471793732469,0.354048338859774
"CP018_90m_A_GTCCTATTCAATATTG-1","90m","A","0","Other",0.48334793539244,-0.742617760708059,-0.155125763072501,-0.156363048796901
"CP018_90m_A_GTCCTATTCATCACTC-1","90m","A","5","Other",0.34723654876052,-0.761442969294422,-0.172633769796242,-0.216772303386175
"CP018_90m_A_GTCCTATTCCCGAATA-1","90m","A","2","HIV-Specific TCR",0.155730099371636,-0.299704363536037,0.489324308579535,-0.209780738724953
"CP018_90m_A_GTCCTATTCGGGCTCA-1","90m","A","4","Other",-0.222038035064288,-0.409474596453078,0.423176851332659,0.496607738431188
"CP018_90m_A_GTCCTGCTCAGAGAAC-1","90m","A","0","Other",0.0906851936098303,-0.798253720702882,-0.171908826082067,-0.277589481019399
"CP018_90m_A_GTCCTGCTCAGTATGT-1","90m","A","2","Other",0.0161906515458836,-0.638440469769702,0.18981655821861,-0.295359882668729
"CP018_90m_A_GTCCTGCTCAGTATTA-1","90m","A","0","Other",0.792639806639707,-0.726694132091883,-0.19765299079187,-0.22537463735833
"CP018_90m_A_GTCGAACTCATGTGGC-1","90m","A","2","Other",-0.452376968320525,-0.00136033811042768,0.20526487068478,-0.172015085063439
"CP018_90m_A_GTCGAACTCCTGCACC-1","90m","A","0","Other",-0.0808873714375085,-0.598135917834241,-0.0309389345780354,0.05625425990505
"CP018_90m_A_GTCGCTCTCACGACAC-1","90m","A","3","Other",-0.355957724605021,0.577876165455495,-0.178630707584066,-0.238212787768228
"CP018_90m_A_GTCGCTCTCACGACTA-1","90m","A","0","Other",0.181477336192111,-0.518364962614705,-0.172329499749703,0.0714374673170079
"CP018_90m_A_GTCGCTCTCATAACAC-1","90m","A","7","Other",-0.357260181933054,-0.702960613160265,-0.158203978508171,-0.190239804418585
"CP018_90m_A_GTCGCTCTCATAGTGT-1","90m","A","2","HIV-Specific TCR",0.217756904109827,-0.801739384074693,0.509956756292571,0.00533634228133439
"CP018_90m_A_GTCGCTCTCCACAGGT-1","90m","A","1","Other",-0.858719084324313,-0.822142527070132,0.0837864585953748,0.0905206489680793
"CP018_90m_A_GTCTCATTCCTACTAC-1","90m","A","0","Other",0.0144630790032816,-0.68535069029805,-0.148132730038344,0.168193510648323
"CP018_90m_A_GTCTCCATCACCCCGT-1","90m","A","7","Other",-0.0173375866973695,-0.608530297231442,-0.147354906659504,-0.132382592192193
"CP018_90m_A_GTCTCCATCAGCTGTA-1","90m","A","1","Other",-0.953430243261532,-0.674610348487847,-0.0542073361155603,-0.17942714646963
"CP018_90m_A_GTCTCCATCCCGGCAA-1","90m","A","1","Other",-0.11496964129474,-0.760052638469392,-0.165369759665455,-0.195923111183706
"CP018_90m_A_GTCTCGCTCATAGGGG-1","90m","A","1","Other",-0.308368423140912,-0.304081498734494,-0.0274087317692638,-0.195824414057028
"CP018_90m_A_GTCTCTGTCCACAAGC-1","90m","A","2","Other",0.318923974938693,0.526289344335817,-0.00763798489796025,0.0452370541054424
"CP018_90m_A_GTCTTACTCCTGCGTC-1","90m","A","3","Other",-1.06782922030161,1.88972886934143,0.0483531232508117,-0.150497968383044
"CP018_90m_A_GTCTTACTCGTGCAAC-1","90m","A","0","Other",0.0311329744963298,-0.669895250018792,-0.123972766187097,0.118215318319041
"CP018_90m_A_GTCTTCGTCAGGCCAT-1","90m","A","1","Other",-0.124582542250621,-0.79750408404776,-0.207286818965066,0.236010628603393
"CP018_90m_A_GTCTTCGTCCACCTAT-1","90m","A","0","Other",0.306846409065602,-0.713267393725443,-0.207663435910292,-0.269714908111667
"CP018_90m_A_GTGAACCTCAAGCACC-1","90m","A","2","Other",0.390177883927942,-0.700097464515983,0.319200655372259,-0.072903604024433
"CP018_90m_A_GTGAACCTCAGCATTG-1","90m","A","4","Other",-0.280454492217521,0.925040339034012,0.428589225083579,1.28552541602852
"CP018_90m_A_GTGAACCTCCACATCT-1","90m","A","4","Other",-0.365763872091317,0.830361638588968,0.33893492105752,1.15883078351753
"CP018_90m_A_GTGAACCTCGCTCCAC-1","90m","A","0","Other",-0.0285883351770584,-0.64224002357351,-0.113762120237569,-0.118181862163684
"CP018_90m_A_GTGACGTTCATGTTAA-1","90m","A","2","HIV-Specific TCR",0.59847536049806,-0.541401393353786,-0.0151035721887723,-0.226558458956835
"CP018_90m_A_GTGACGTTCCCAGCTC-1","90m","A","5","Other",0.201054418150693,-0.696985286377421,-0.134810180239098,-0.174791163562558
"CP018_90m_A_GTGACGTTCCTATTGC-1","90m","A","5","Other",0.0815816815928934,-0.715288727094069,-0.137960749030243,-0.167884672385459
"CP018_90m_A_GTGACGTTCCTCTCCT-1","90m","A","3","Other",-0.384929805047672,0.943644035906215,0.182927860633091,-0.124191090337374
"CP018_90m_A_GTGACGTTCGCGTCAG-1","90m","A","0","Other",0.318944912582794,-0.798610869184288,-0.0659067143322547,-0.00738265609243344
"CP018_90m_A_GTGACTATCACTAAAC-1","90m","A","0","Other",-0.0869139854270045,-0.72123422784356,-0.157089062648854,-0.137348043893439
"CP018_90m_A_GTGACTATCCGCTACC-1","90m","A","3","Other",-0.890395485897756,0.834492856622466,-0.155676086192467,-0.150417728302343
"CP018_90m_A_GTGATATTCACGCGTG-1","90m","A","1","Other",-0.280328148230059,0.503238332985895,0.25739979849152,-0.263255266540038
"CP018_90m_A_GTGCAGTTCGGTACTA-1","90m","A","4","Other",-0.956968339283115,0.782780128533577,1.04392745151202,0.301608890304663
"CP018_90m_A_GTGCATATCACTTCCG-1","90m","A","0","Other",0.278036286559113,-0.769476609504593,-0.15752335110905,-0.16661436922297
"CP018_90m_A_GTGCATATCCGCATGG-1","90m","A","0","Other",0.0737917738186509,-0.782344043558886,-0.0494541628340996,-0.217943711386232
"CP018_90m_A_GTGCATATCCTATACC-1","90m","A","0","Other",0.435297888085241,-0.716585306777042,-0.143934172207042,-0.163283388434185
"CP018_90m_A_GTGCATATCGTGATAT-1","90m","A","8","Other",0.484943144690688,-0.789412475304541,-0.19945839917765,-0.208746181550486
"CP018_90m_A_GTGCGCATCACTCGCC-1","90m","A","3","Other",-0.806286885892612,2.53818960577173,0.313563714270237,-0.153869760615245
"CP018_90m_A_GTGCGCATCGCTATCT-1","90m","A","0","Other",0.236889318274821,-0.713009984499946,-0.117546917667167,-0.154444414136932
"CP018_90m_A_GTGCGTGTCCACGAGT-1","90m","A","3","HIV-Specific TCR",-1.10525709585811,2.56086664900652,0.0731129573625856,0.114018958926838
"CP018_90m_A_GTGCTAATCCCTATGT-1","90m","A","1","Other",0.129344920358325,-0.759869559501903,-0.0775160971542989,-0.194985598756825
"CP018_90m_A_GTGCTCCTCCATGGCG-1","90m","A","1","Other",0.00351460733321951,-0.75825398097957,-0.208312504718499,-0.192306123581104
"CP018_90m_A_GTGCTCCTCGGTCCCT-1","90m","A","5","Other",0.117737257290701,-0.515925634743729,-0.113339143992286,-0.163615857307829
"CP018_90m_A_GTGGCATTCAACAGGG-1","90m","A","6","Other",-0.671248720906169,-0.389536866850216,0.455274843067049,-0.0698578802524156
"CP018_90m_A_GTGGCATTCAACCAAT-1","90m","A","1","Other",-1.09363504199773,-0.711703469441169,0.489539430517768,-0.174111628501884
"CP018_90m_A_GTGGCCATCCTGCATT-1","90m","A","7","Other",-0.00944490639964846,-0.674800941066793,-0.173955108605086,-0.177074536862048
"CP018_90m_A_GTGGCCATCGCTGGCA-1","90m","A","2","HIV-Specific TCR",0.333806540432526,-0.369457480191975,0.00731623499706921,-0.120461297778211
"CP018_90m_A_GTGGGTTTCACACAAT-1","90m","A","2","HIV-Specific TCR",0.0397563030219834,-0.836865428764785,0.0894549973590687,-0.12368064155697
"CP018_90m_A_GTGGGTTTCATGAATC-1","90m","A","0","Other",0.321823937857621,-0.752352795300098,-0.0430533430127605,-0.213858139666171
"CP018_90m_A_GTGGGTTTCATGAGTT-1","90m","A","0","Other",0.668126201512456,-0.811353025305183,-0.212780190240234,-0.216268551720589
"CP018_90m_A_GTGTAATTCCCTGCTA-1","90m","A","2","Other",0.0584532905365152,-0.778251717974805,-0.172448135165789,0.204216658866182
"CP018_90m_A_GTGTACATCACTCATC-1","90m","A","4","Other",-0.337091030120601,1.29657295456136,0.284395233926935,0.764682743577163
"CP018_90m_A_GTGTACATCCGCTTCA-1","90m","A","2","Other",-0.0654712742054893,-0.315535825382323,0.330349736762136,-0.21367186200971
"CP018_90m_A_GTGTACATCGGGTATC-1","90m","A","3","Other",-0.952038867916398,0.707888723257258,0.160445155594027,-0.195273477248917
"CP018_90m_A_GTGTATGTCAACAGCC-1","90m","A","1","Other",-0.105108968081382,-0.0172352491509372,-0.18907227527648,0.133297395654388
"CP018_90m_A_GTGTATGTCATGATGT-1","90m","A","2","Other",0.274507984635282,-0.842596070063805,0.216547529768767,-0.150142715534491
"CP018_90m_A_GTGTATGTCGCCTGCT-1","90m","A","6","Other",-0.943056663336059,0.299682364602121,0.150461051927648,0.168774096159181
"CP018_90m_A_GTGTCAATCATCCTTA-1","90m","A","1","Other",-0.206840962341997,-0.699296925728384,-0.186408015453573,-0.212446518342497
"CP018_90m_A_GTGTCAATCATGAGTT-1","90m","A","6","Other",-1.10948125393542,0.775308818759881,0.124039179367582,-0.239966048975865
"CP018_90m_A_GTGTCAATCCCGCATC-1","90m","A","4","HIV-Specific TCR",-0.55013213111772,-0.502790285149546,0.409911371009153,0.255479488735643
"CP018_90m_A_GTGTCAATCCTCGCAC-1","90m","A","1","Other",-0.0659228382640871,0.112722539401248,0.345831416511063,-0.287130973135057
"CP018_90m_A_GTGTTGATCCACTTCG-1","90m","A","7","Other",0.373542350458926,-0.745109425165828,-0.204197746837514,-0.201409955310488
"CP018_90m_A_GTTAATATCCCAAGTA-1","90m","A","5","Other",0.14948333994535,-0.644010950045642,-0.140092116511102,0.0865604251487473
"CP018_90m_A_GTTAATATCGCGTAGT-1","90m","A","0","Other",0.0779182897195527,-0.764511018481474,-0.164185777594706,0.0415017833073315
"CP018_90m_A_GTTACTCTCAACGTTG-1","90m","A","6","Other",-0.445960445031885,0.208584909361443,-0.205871741220529,-0.194807188165805
"CP018_90m_A_GTTACTCTCAATTGTA-1","90m","A","3","Other",-1.16293702491818,-0.0688565717225552,0.560588891351351,-0.120927086955337
"CP018_90m_A_GTTAGCATCACAACTG-1","90m","A","5","Other",0.144714938763287,-0.632734332266015,-0.158839666297826,-0.135884892763678
"CP018_90m_A_GTTAGGCTCACAGCAC-1","90m","A","1","Other",-0.62396933636498,-0.735683047735601,0.118703652691049,0.0848231098652716
"CP018_90m_A_GTTAGGCTCGGAATGG-1","90m","A","1","Other",-0.370244231663034,-0.755380517928374,-0.154433166040947,-0.213390135438766
"CP018_90m_A_GTTATAATCAGCACTA-1","90m","A","4","Other",-1.15330218868621,0.27206324497146,1.09377612905488,0.420118240468094
"CP018_90m_A_GTTATAATCCCTGTCA-1","90m","A","8","Other",0.0739331640906558,-0.707980294468976,-0.0951341963251776,-0.206007025205693
"CP018_90m_A_GTTATGGTCAATTCCC-1","90m","A","6","Other",-0.522521199357015,0.955897293837978,0.00928008913432271,0.231419978191404
"CP018_90m_A_GTTCACTTCACTTCCG-1","90m","A","1","Other",-0.413782562497317,0.0321422071990041,-0.17425144809754,-0.147042384308253
"CP018_90m_A_GTTCATCTCACCAAAT-1","90m","A","3","Other",-1.01431020949306,0.736772456740996,0.0663449982211566,-0.188091209544834
"CP018_90m_A_GTTCATCTCACGCCCT-1","90m","A","0","Other",0.353292457444816,-0.659111705955853,-0.205969855845428,0.0372987750114987
"CP018_90m_A_GTTCATCTCGTACATG-1","90m","A","5","Other",0.572291297832215,-0.589371077353106,-0.14031441764842,-0.161409903413291
"CP018_90m_A_GTTCGCCTCCCGCATC-1","90m","A","1","Other",-0.0224296010703775,-0.577146127357763,0.138146915417447,-0.133572288090275
"CP018_90m_A_GTTCGTTTCGTGTAGC-1","90m","A","4","Other",-0.572025411776567,-0.77002546754725,0.146840769016269,1.16361099971504
"CP018_90m_A_GTTCTACTCAACGCTA-1","90m","A","1","Other",-0.427792840552402,0.0621181574149311,0.0674114555957609,-0.146268077939506
"CP018_90m_A_GTTCTACTCCTATACC-1","90m","A","0","Other",-0.596059547921137,-0.594183751723512,-0.165834975562478,-0.175695090610795
"CP018_90m_A_GTTGACATCGCTCCAC-1","90m","A","8","Other",0.114036609122417,-0.695015950651484,-0.153657328913896,-0.140209629118306
"CP018_90m_A_GTTGCCCTCCCCACTA-1","90m","A","0","Other",0.090822650163966,-0.726638451712083,-0.124045640391258,0.418642857976672
"CP018_90m_A_GTTGCCCTCGGGTCCA-1","90m","A","8","Other",0.470208688226958,-0.707508298206424,-0.198204729327783,-0.200523279209171
"CP018_90m_A_GTTGCTTTCCCACTCA-1","90m","A","0","Other",0.322682982513505,-0.732023621158714,-0.1397544684418,-0.167798321764557
"CP018_90m_A_GTTGGCGTCACGCTAA-1","90m","A","0","Other",0.215390169317838,-0.786639370930675,-0.0503543975005759,-0.187546970442829
"CP018_90m_A_GTTGGCGTCCACGTAA-1","90m","A","2","Other",-0.217458568601193,-0.141585249119828,-0.0682551859589759,-0.112103625510686
"CP018_90m_A_GTTGGCGTCGCCACTC-1","90m","A","3","Other",-0.722389076331146,2.12446718199039,-0.103407095452354,-0.162262602944817
"CP018_90m_A_GTTGGGTTCAGCCAAC-1","90m","A","4","Other",0.316469170281818,-0.520758221229134,0.108641281712817,1.76620453541715
"CP018_90m_A_GTTGGGTTCATAATGC-1","90m","A","0","Other",0.49763886647791,-0.598928468420863,-0.0714039170960587,-0.197456892643976
"CP018_90m_A_GTTGGGTTCCCGGCAA-1","90m","A","4","HIV-Specific TCR",-0.209920285910834,-0.822862218724065,0.0580021153737644,0.738505151449243
"CP018_90m_A_GTTGGGTTCGGACACT-1","90m","A","0","Other",0.429903341378853,-0.745507204459782,-0.057366169047173,-0.186061449797611
"CP018_90m_B_AAACCAAAGAGTATTC-1","90m","B","0","Other",0.299335075018033,-0.761396152520327,-0.253883660700892,-0.268435715494748
"CP018_90m_B_AAACCCCAGGTCGACT-1","90m","B","1","Other",-0.687109321683924,-0.177699460712308,0.0785308547776223,-0.263291573961623
"CP018_90m_B_AAACCCCAGGTCTGGT-1","90m","B","2","Other",0.011519776919477,-0.902268587506668,-0.0402354969442441,-0.0722786640510716
"CP018_90m_B_AAACCGGAGATCACAT-1","90m","B","3","HIV-Specific TCR",-0.968786967766735,2.63476568738105,-0.242158663397034,-0.204720783044883
"CP018_90m_B_AAACGCGAGAGTATTC-1","90m","B","4","HIV-Specific TCR",0.463276263135556,0.0493743170866773,0.0548731449253038,0.273767092343017
"CP018_90m_B_AAACGGTAGGTATGTT-1","90m","B","0","Other",-0.237811455838058,-0.445110019801074,-0.164648808819402,-0.223032677106034
"CP018_90m_B_AAACTAGAGAGTGCAG-1","90m","B","4","Other",-0.690535303577572,0.323146960575382,0.202411685262416,1.53445844635955
"CP018_90m_B_AAAGCCGAGCATCGAC-1","90m","B","0","Other",0.551524671159421,-0.788022041745475,-0.124190866629637,-0.194054988729047
"CP018_90m_B_AAAGCGTAGCGCCTAG-1","90m","B","4","Other",-0.198118980717773,-0.663304480463271,-0.109634892566025,0.948356797099002
"CP018_90m_B_AAAGGAGAGCGTCAAC-1","90m","B","2","Other",-0.335553051556622,-0.612625739218909,0.81070132677843,-0.254400355291479
"CP018_90m_B_AAAGGTCAGCAAGACG-1","90m","B","0","Other",0.430846607175348,-0.765461442275497,-0.195861482373606,-0.209487517954044
"CP018_90m_B_AAAGGTCAGCCACTTT-1","90m","B","2","Other",0.0955902322206024,-0.795470793478572,0.0614219179296106,-0.189418320428878
"CP018_90m_B_AAAGGTCAGGGTTCCG-1","90m","B","1","Other",-0.190288982254406,-0.194616664301439,0.303587912633622,-0.22188554399965
"CP018_90m_B_AAAGTCAAGAGGAGTT-1","90m","B","0","Other",0.207315313734454,-0.76204776696926,-0.216331204741906,-0.212290140435086
"CP018_90m_B_AAATTGGAGCGGTCCA-1","90m","B","2","HIV-Specific TCR",0.114301531340622,-0.571410090525794,0.13350577689332,-0.171767301223039
"CP018_90m_B_AACACCCAGACGTATT-1","90m","B","1","Other",-0.431673490759256,-0.430800891821009,-0.0103486851357998,-0.11059890438342
"CP018_90m_B_AACAGGTAGGGTTGTC-1","90m","B","2","Other",0.0943781171082338,-0.21296876988934,-0.056763717254025,-0.0506115956222702
"CP018_90m_B_AACCAGGAGGGTACAG-1","90m","B","4","Other",-0.649254392239997,0.197395793662363,0.177963213616671,0.612380127564601
"CP018_90m_B_AACCCACAGGCATCCG-1","90m","B","0","Other",0.251297584192742,-0.819919240867707,-0.199912023588493,-0.01749266205626
"CP018_90m_B_AACCCCGAGCACTTAG-1","90m","B","4","HIV-Specific TCR",0.250593580278808,-0.85289784141521,-0.183910049074011,1.73795182522193
"CP018_90m_B_AACGAACAGAATGGCG-1","90m","B","4","Other",-0.00685749354517173,-0.231239944557645,0.17330350006262,1.59756537583911
"CP018_90m_B_AACGACGAGAGGATTA-1","90m","B","7","Other",0.431128445169648,-0.676073824094395,-0.155980584622199,-0.243447963417898
"CP018_90m_B_AACGATAAGAACGATA-1","90m","B","2","Other",-0.0529952395237792,-0.903678604644507,0.00643346904078954,-0.145518762534867
"CP018_90m_B_AACGATAAGATCCGAC-1","90m","B","0","Other",0.518530516775294,-0.84021394507394,-0.0930546634716247,-0.097530341920891
"CP018_90m_B_AACGATAAGCACCGCA-1","90m","B","0","Other",0.477019327441763,-0.842872271505373,-0.204078947215964,-0.235973452885741
"CP018_90m_B_AACGCGAAGCTCAGCG-1","90m","B","3","Other",-0.641236796940085,1.24431554743473,0.07071700751815,0.403634265201112
"CP018_90m_B_AACGCGAAGCTCGAGT-1","90m","B","1","Other",-0.483982494133741,-0.817642578805085,-0.114860930211414,-0.275324161448985
"CP018_90m_B_AACGGATAGAAAGGAG-1","90m","B","3","Other",-0.959197310022903,2.27967212595035,0.32362367024386,-0.201404835933667
"CP018_90m_B_AACGTGGAGCATAGGG-1","90m","B","0","Other",0.307936387774234,-0.855885965670225,-0.240837042836825,-0.284736492454142
"CP018_90m_B_AACGTTTAGATGAGTA-1","90m","B","3","HIV-Specific TCR",-1.16532938402422,2.6571333178469,0.304668637887532,0.834712062517885
"CP018_90m_B_AACGTTTAGCCATCGG-1","90m","B","3","Other",-0.126012024438188,0.675676962018034,0.338795254420811,-0.213680731198679
"CP018_90m_B_AACTAGAAGAGTCAGG-1","90m","B","1","Other",0.253739258561735,-0.220770221946834,0.503431672162576,0.00985365271401137
"CP018_90m_B_AACTAGAAGAGTCCAC-1","90m","B","3","Other",-1.09973434630154,0.432049328308763,0.175730463069388,-0.211659478071571
"CP018_90m_B_AACTAGAAGCGGGTAA-1","90m","B","2","Other",-0.0238662896001396,-0.650421678559975,-0.0334044357040477,-0.0166692303098281
"CP018_90m_B_AACTAGAAGGTGCCAT-1","90m","B","4","Other",-0.0103732534873162,-0.1708878302034,0.0344649224377186,0.276483691100292
"CP018_90m_B_AACTGAAAGAGTTAGA-1","90m","B","2","Other",0.117546379996868,-0.869263745875569,0.094635680817544,0.434598054276183
"CP018_90m_B_AACTGAAAGGTATCCA-1","90m","B","0","Other",0.793844965122701,-0.682614972312636,-0.237333213069852,-0.251315377322179
"CP018_90m_B_AACTTCGAGATTCACG-1","90m","B","8","Other",0.342923904974532,-0.824233403463214,-0.26400482525428,0.0600929539522914
"CP018_90m_B_AAGCATAAGAAATCAG-1","90m","B","2","Other",-0.334009208381857,-0.672642063682325,-0.0150448106696572,-0.291829064130225
"CP018_90m_B_AAGCGTGAGCGTTTGA-1","90m","B","4","Other",-0.532566492932317,-0.190414116870707,0.0916082728263035,1.45833406261038
"CP018_90m_B_AAGCTGGAGCAAACCC-1","90m","B","1","Other",-0.18966976937411,-0.621177443723409,-0.0559694179090084,-0.294735466028015
"CP018_90m_B_AAGGCTGAGATCGGTC-1","90m","B","3","Other",-0.987761515620727,2.22320758235883,0.00170980922257219,-0.218223253761586
"CP018_90m_B_AAGGGCCAGACTGCAC-1","90m","B","4","Other",-1.16267409056693,0.429807578034883,-0.236326031018766,1.59806403509774
"CP018_90m_B_AAGGTGTAGCTAACAT-1","90m","B","6","Other",-0.748702365232367,1.15090214365427,-0.0260344841247993,-0.242599352608563
"CP018_90m_B_AAGGTGTAGGTCACGT-1","90m","B","3","Other",-0.355089664312955,1.72372312867991,-0.0897278743760256,-0.0286259123731821
"CP018_90m_B_AAGTACAAGGTGTTAT-1","90m","B","7","Other",0.378770686137482,-0.801518630432491,-0.20105229669725,-0.21743847399009
"CP018_90m_B_AAGTAGCAGGTTGGTC-1","90m","B","3","Other",-0.304676866488848,0.750703117441267,-0.191925347468521,-0.2875815211992
"CP018_90m_B_AAGTGTAAGCTTGGCG-1","90m","B","2","Other",0.2225373349138,-0.795642340952173,-0.0164170059443742,0.0447326807985143
"CP018_90m_B_AATACAGAGCTGCAAC-1","90m","B","2","Other",-0.201132544571055,-0.660062944505261,0.0273101833414821,-0.190111128486833
"CP018_90m_B_AATATCCAGAGCGGGT-1","90m","B","0","Other",0.263430661615786,-0.851893765026433,-0.18815514349183,-0.238116305111153
"CP018_90m_B_AATCTGTAGCCAGGTT-1","90m","B","0","Other",0.342370379195104,-0.773254717053097,-0.231002284696103,-0.221834617559427
"CP018_90m_B_AATGCAAAGCATTCGA-1","90m","B","1","HIV-Specific TCR",0.658396566033149,-0.633089063168271,0.193844352238687,0.235137821319184
"CP018_90m_B_AATGGCGAGATGTAGA-1","90m","B","6","Other",-0.512754731337933,1.22004949872785,-0.241297524640193,-0.21122570543394
"CP018_90m_B_AATGGCGAGGCATGGA-1","90m","B","3","HIV-Specific TCR",-0.768559069817492,1.09252772401595,0.39103995873253,-0.201946572992047
"CP018_90m_B_AATGGGTAGAGTTTAC-1","90m","B","3","HIV-Specific TCR",-0.888881126229312,1.89894637057397,0.0692819107311143,0.211235848006117
"CP018_90m_B_AATTGTCAGACCTATG-1","90m","B","2","HIV-Specific TCR",0.285406879713389,-0.513092235113618,0.0275829602367298,-0.265494225828876
"CP018_90m_B_ACAAGACAGGCGCATT-1","90m","B","0","Other",0.175169212933372,-0.85265109999195,-0.257105777796651,-0.222401371252938
"CP018_90m_B_ACAAGTAAGCTTCGTT-1","90m","B","4","Other",-0.283180333473139,-0.74608102890498,0.00590684910377098,1.63120620139356
"CP018_90m_B_ACAATAGAGCTGGGTT-1","90m","B","1","Other",0.00963970621222821,-0.8167645963885,0.101351026819374,-0.236247883114151
"CP018_90m_B_ACAATGAAGAGGGACC-1","90m","B","3","Other",-0.0461469825290097,0.319496578589196,-0.116356084899712,-0.0145943560830452
"CP018_90m_B_ACAATTCAGGTGTATT-1","90m","B","0","Other",-0.00684286137437384,-0.736219927116699,-0.0708916397740359,-0.201417643224435
"CP018_90m_B_ACACATTAGATAACAG-1","90m","B","2","Other",0.270170851786269,-0.647569692343707,0.41451242119932,-0.332668662092252
"CP018_90m_B_ACACATTAGCTATAAC-1","90m","B","3","Other",-0.149210283849694,0.614281713029693,-0.142946314532177,-0.261197247676219
"CP018_90m_B_ACACCGTAGAGACTTT-1","90m","B","1","Other",-0.486940848255352,-0.861315842021762,0.0880343313238028,-0.327245046980297
"CP018_90m_B_ACACCGTAGAGTACGG-1","90m","B","0","Other",0.894150440155887,-0.827168635750115,-0.253701137715462,-0.240677747628574
"CP018_90m_B_ACAGAACAGAGGGATT-1","90m","B","0","Other",0.247676110301096,-0.782130991421305,-0.191007656034341,0.026722065312199
"CP018_90m_B_ACAGAACAGAGGGGTC-1","90m","B","3","Other",-0.190494208124309,0.963067859375544,-0.134513273564679,-0.00841070788720277
"CP018_90m_B_ACAGAACAGGCGTCAT-1","90m","B","3","Other",-1.23114885425715,2.13287576975155,0.0263992507466733,-0.190615622903732
"CP018_90m_B_ACAGACGAGCGCCACA-1","90m","B","2","Other",-0.0102029533524561,-0.801321068802356,0.214376909900494,-0.266193013321894
"CP018_90m_B_ACAGCAGAGACGGGGT-1","90m","B","1","Other",-0.48505298747536,-0.68959331992206,-0.081637020366699,-0.25535963879087
"CP018_90m_B_ACAGCAGAGACGTTAT-1","90m","B","2","Other",0.456618767401647,-0.55646803093612,0.154076087529196,-0.338697627712131
"CP018_90m_B_ACAGCAGAGCAATTCG-1","90m","B","2","Other",-0.203951597443793,-0.592756919260835,0.456415719589661,-0.19433134117516
"CP018_90m_B_ACAGCCTAGGGTTCCG-1","90m","B","3","Other",-0.220946308151634,1.60020054850302,-0.14229636602175,-0.0741187428674722
"CP018_90m_B_ACAGCGAAGGTATATC-1","90m","B","3","Other",-1.24713508334037,0.183474346842372,-0.230071798552249,0.29875483224731
"CP018_90m_B_ACAGTTTAGCTAGCTA-1","90m","B","4","Other",-0.20851558109585,-0.717710313894594,-0.0475318638435732,1.1205119034967
"CP018_90m_B_ACATAAGAGACAACCC-1","90m","B","2","Other",-0.0326651787038854,-0.865562888114882,0.2013507231304,-0.190028640657435
"CP018_90m_B_ACATGAAAGGTGCGAA-1","90m","B","7","Other",0.371232126492296,-0.755081624872589,-0.209230207951293,-0.223034411175785
"CP018_90m_B_ACATTCGAGATACCAT-1","90m","B","0","Other",0.477788955739189,-0.773976520003288,-0.140891263815359,-0.237625766267314
"CP018_90m_B_ACATTCGAGATGCATT-1","90m","B","4","Other",-0.850483864382971,0.184069482681878,0.214037255552532,0.97206450502122
"CP018_90m_B_ACATTCGAGGTTGTGC-1","90m","B","3","Other",-0.287754082064705,0.236513251562208,-0.290320480926764,-0.0523634801832481
"CP018_90m_B_ACCAATTAGCAATTGT-1","90m","B","0","Other",0.295942257967308,-0.82402268537311,-0.228854964307278,0.031093880606767
"CP018_90m_B_ACCCATAAGGTCTGTA-1","90m","B","2","Other",-0.228502179508743,-0.880347993932689,-0.167537497934611,-0.0501388435032566
"CP018_90m_B_ACCCCAGAGAGGGTGC-1","90m","B","3","Other",-0.486894447059827,0.302093694692073,1.24249324602506,-0.00600384638189111
"CP018_90m_B_ACCCCAGAGCAGGAGC-1","90m","B","2","Other",0.27810026863955,-0.752418287853898,-0.15694280384875,-0.259749063561963
"CP018_90m_B_ACCCCGAAGGTTGATT-1","90m","B","1","Other",0.358316689899929,-0.80579710247093,-0.255793840215727,-0.27682335265173
"CP018_90m_B_ACCCGATAGCGCTGCA-1","90m","B","2","Other",0.0154564391680692,-0.0955272356556236,0.516827957145026,0.414993025125919
"CP018_90m_B_ACCCGTGAGCCATTTC-1","90m","B","3","Other",-0.763205596539698,1.28284477383792,0.153821757790953,0.196446891664648
"CP018_90m_B_ACCTACAAGACAATTC-1","90m","B","1","Other",-0.703408374615187,-0.720993219359054,-0.21927801956921,-0.247066487681431
"CP018_90m_B_ACCTACAAGCTGGGTT-1","90m","B","3","HIV-Specific TCR",-1.03691762233143,0.874791162239184,0.271800835606604,-0.211838967996699
"CP018_90m_B_ACCTGTAAGACACCCG-1","90m","B","3","Other",-0.444163678044098,0.91200144183223,-0.258364891652597,-0.25809741587915
"CP018_90m_B_ACCTTTCAGAAAGTGC-1","90m","B","0","Other",0.178193190572355,-0.847889066256001,-0.239500490768675,-0.200057242238695
"CP018_90m_B_ACGAACGAGCACCAAC-1","90m","B","5","Other",0.352298377006076,-0.771450994670224,-0.148285661728725,0.0612820384185148
"CP018_90m_B_ACGAAGTAGAGCAACG-1","90m","B","0","Other",0.645531814036836,-0.666539663752719,-0.29339460161561,-0.281161311287806
"CP018_90m_B_ACGAAGTAGAGGCGGT-1","90m","B","1","Other",-0.228148396335053,-0.879629895579605,0.128260069951545,-0.342732697933509
"CP018_90m_B_ACGAAGTAGCCGATAC-1","90m","B","0","Other",0.149782593635565,-0.819974781188021,-0.111745199762337,-0.248710461991775
"CP018_90m_B_ACGCCATAGCAATACT-1","90m","B","2","Other",0.253287279689891,-0.85445974218312,-0.0656276494747971,-0.288700077458244
"CP018_90m_B_ACGCGTTAGCGGTTCG-1","90m","B","2","HIV-Specific TCR",0.753449235247147,-0.893821144267922,-0.0464761478833517,-0.160839705604063
"CP018_90m_B_ACGCGTTAGGCTGGAA-1","90m","B","0","Other",0.580186294814418,-0.555820077437171,-0.255952611067491,-0.227460885734907
"CP018_90m_B_ACGCGTTAGGGGTACA-1","90m","B","0","Other",0.218591043884175,-0.835754025559189,-0.238762029945715,-0.245767311465398
"CP018_90m_B_ACGGGTAAGCAAGGCA-1","90m","B","1","Other",-0.0181983043810146,-0.155295425877133,-0.300268274723836,-0.168635137824167
"CP018_90m_B_ACGTCACAGATGGGGC-1","90m","B","1","Other",0.105135647255352,-0.195642518844157,0.0513586040987571,-0.0568362343787805
"CP018_90m_B_ACGTGTCAGAAGGCGC-1","90m","B","2","Other",0.61441190863177,-0.896891578246668,-0.0841086525915607,-0.23543694393417
"CP018_90m_B_ACTATGTAGACATCCA-1","90m","B","2","Other",-0.0881990084813769,-0.789441719771626,0.10344281054872,-0.324199246666089
"CP018_90m_B_ACTCAGCAGACGCCAT-1","90m","B","2","Other",-0.558612032873485,-0.910901438105205,-0.0870742890816168,0.270023082982882
"CP018_90m_B_ACTCAGCAGATATACC-1","90m","B","0","Other",0.153795866679927,-0.712529732217259,-0.254223562512152,-0.045712409509325
"CP018_90m_B_ACTCAGCAGGTCAATT-1","90m","B","2","Other",-0.0716651575988991,-0.507761245943835,-0.195844172860853,0.130900444216589
"CP018_90m_B_ACTCCAAAGGCTCTAA-1","90m","B","2","Other",0.411199488406098,-0.820476261554592,-0.142278507158166,-0.137124682156069
"CP018_90m_B_ACTCGACAGCCAAAGG-1","90m","B","2","Other",-0.277522570457705,-0.377552982058626,0.062449134254965,-0.0681727462008995
"CP018_90m_B_ACTCGACAGGTAGCTC-1","90m","B","2","Other",-0.503826165662811,-0.866007215659845,-0.24581797505053,-0.23711419413983
"CP018_90m_B_ACTGCGTAGACCTGCG-1","90m","B","1","Other",-0.406238458592041,-0.853196743013533,-0.247731844546344,0.0546292841471437
"CP018_90m_B_ACTGCGTAGCCGGATT-1","90m","B","2","HIV-Specific TCR",0.139305944129742,-0.657593855997285,0.300630722658677,-0.16206750720942
"CP018_90m_B_ACTGTTGAGACTAATC-1","90m","B","4","Other",0.0134342887614181,-0.625167321562059,-0.0409289061407656,0.679524387269577
"CP018_90m_B_ACTTAACAGCCTATTC-1","90m","B","0","Other",0.299123114823922,-0.809209191904015,-0.198971489235847,-0.00217432776940452
"CP018_90m_B_ACTTACGAGCTAGATT-1","90m","B","0","Other",0.31162726026897,-0.802460093690479,-0.132920550601292,-0.0424081634996571
"CP018_90m_B_ACTTGTGAGCACAATT-1","90m","B","2","Other",0.305092700530696,0.0511653795811602,0.0140319219770544,-0.335655928663133
"CP018_90m_B_AGAAGCTAGCGTTAAT-1","90m","B","0","Other",0.559777137355663,-0.830665190756886,-0.25173547475891,-0.280368411367043
"CP018_90m_B_AGAAGCTAGGTCTATG-1","90m","B","1","Other",-0.136400221527041,0.212088410523948,-0.136840901406565,-0.105462655677931
"CP018_90m_B_AGAAGGAAGCTAGCGT-1","90m","B","2","Other",0.4721179491275,0.468121516252742,0.348747861077139,-0.313009481000284
"CP018_90m_B_AGAATCAAGCTGTGGT-1","90m","B","3","HIV-Specific TCR",-0.785221864950855,0.448819252593918,0.0902867343214716,-0.215989491183961
"CP018_90m_B_AGACGCAAGGTAGTTT-1","90m","B","2","HIV-Specific TCR",0.674671825253659,-0.845395388156066,0.240808575247865,-0.231459176023677
"CP018_90m_B_AGACTTTAGGGTTCCG-1","90m","B","0","Other",0.317525091324127,-0.642979132874774,-0.244358365406376,-0.237882111993556
"CP018_90m_B_AGAGAGAAGAACGCGA-1","90m","B","4","HIV-Specific TCR",0.0303691670938488,-0.0519786448798153,0.170590430391797,0.427920709560365
"CP018_90m_B_AGAGTTAAGAGCTTGC-1","90m","B","3","Other",-1.15084204170518,2.67544132701533,0.0213200399638903,-0.231079647060848
"CP018_90m_B_AGCAACGAGAGGAGTT-1","90m","B","1","Other",0.329576539157159,-0.518219303979802,-0.249116729208116,-0.222519988230483
"CP018_90m_B_AGCAGATAGACAATTC-1","90m","B","4","Other",-0.926844991225467,0.270933180851501,0.389268806481396,1.78143593611912
"CP018_90m_B_AGCATTTAGCGATGAG-1","90m","B","2","HIV-Specific TCR",0.39704908819167,0.0618608330184511,0.117306017297348,0.133458029789299
"CP018_90m_B_AGCCCATAGACAGCAG-1","90m","B","6","Other",-0.783435318715029,0.560203802509545,-0.218931895657463,-0.20391846857549
"CP018_90m_B_AGCCCCAAGCCTGTGG-1","90m","B","0","Other",0.276510275898639,-0.842984368049152,-0.256591410054336,-0.261454877049627
"CP018_90m_B_AGCCCCAAGGTCTGTA-1","90m","B","4","Other",-1.1336253938459,0.0752522328222858,0.379663814628842,1.4141376419395
"CP018_90m_B_AGCCGTTAGGGTACGA-1","90m","B","4","Other",-0.888396029725595,-0.327741845506439,-0.0329709019036779,0.792048818801747
"CP018_90m_B_AGCCGTTAGGTAGTAA-1","90m","B","0","Other",0.447014111275759,-0.794429344977794,-0.230807309415593,0.0239906406554309
"CP018_90m_B_AGCCTGTAGGCAAGCA-1","90m","B","2","Other",0.257720822736591,-0.729544635011122,0.0760635471099214,-0.152211132138153
"CP018_90m_B_AGCGACAAGCCTATGA-1","90m","B","4","Other",0.0710958027799378,0.15658580979892,0.445517534061595,0.222290512350572
"CP018_90m_B_AGCGGACAGGTTCGCG-1","90m","B","2","HIV-Specific TCR",0.0670789575753323,-0.109839266357791,-0.0728491813466654,-0.258479780071172
"CP018_90m_B_AGCGTAGAGAAAGGTC-1","90m","B","2","Other",0.176829380837997,-0.530963710556276,0.488473314401193,-0.148636410280122
"CP018_90m_B_AGCTTATAGGTCCTAA-1","90m","B","4","Other",-0.955014740381191,-0.466342382683921,0.43326340961593,0.83948091173462
"CP018_90m_B_AGCTTGCAGCGTTTAG-1","90m","B","1","Other",-0.472385689620899,-0.22037317442203,-0.0492937126887631,-0.199504264639894
"CP018_90m_B_AGCTTTGAGCCTCATT-1","90m","B","4","HIV-Specific TCR",0.237967541507285,-0.774518722936006,0.0908354210114174,1.76026120763625
"CP018_90m_B_AGGAGCCAGGTCCAGT-1","90m","B","4","Other",-0.31079618796068,0.226650016264542,0.309350503108239,1.61371235001983
"CP018_90m_B_AGGAGTTAGCGTGGTT-1","90m","B","6","Other",-0.75889643462342,1.67070287380021,0.0839121570880555,-0.175727987367977
"CP018_90m_B_AGGCACAAGGTTGCCG-1","90m","B","0","Other",0.282816540264186,-0.613563250975748,-0.199887681226834,-0.187172149842909
"CP018_90m_B_AGGCAGCAGGGTAGTG-1","90m","B","2","Other",0.605068823489249,-0.723959418932601,0.395241658324997,-0.303930957778206
"CP018_90m_B_AGGCGACAGGTATATC-1","90m","B","5","Other",0.164740966502636,-0.854623447742919,-0.240975682213827,-0.0845772235908009
"CP018_90m_B_AGGCGTAAGACCCATA-1","90m","B","2","HIV-Specific TCR",-0.520127318029592,0.503858158130217,0.809279114004758,-0.146022303948085
"CP018_90m_B_AGGCTGAAGATGTAGA-1","90m","B","6","Other",-0.620477934414977,0.0832432536366142,-0.105114537304043,0.114897941037312
"CP018_90m_B_AGGGACCAGCCTAATG-1","90m","B","2","Other",-0.0265956666523401,0.142364753238633,0.21117092872988,-0.08894464438825
"CP018_90m_B_AGGGACCAGGGACATG-1","90m","B","0","Other",0.130612005099935,-0.813047144700514,-0.0586447798101758,-0.254065939888489
"CP018_90m_B_AGGGATTAGATGGGCA-1","90m","B","3","Other",-1.20353066622434,1.67058027671849,-0.00181700169400736,-0.195347281417201
"CP018_90m_B_AGGGATTAGCAATGCC-1","90m","B","4","HIV-Specific TCR",0.234329069107158,-0.0326420094207658,0.066247813921517,0.325243042450577
"CP018_90m_B_AGGGCGTAGGGACAAT-1","90m","B","2","HIV-Specific TCR",0.0593187957093544,-0.404424191314288,0.272823860490266,-0.0968584750547326
"CP018_90m_B_AGGTAACAGGGAAACT-1","90m","B","3","Other",-1.02345348542143,0.385227071882967,-0.0881861448897133,-0.258344267680383
"CP018_90m_B_AGGTAACAGGTGGGTA-1","90m","B","4","Other",-0.290241085222841,-0.416540068921554,0.191030927068847,0.820253772797891
"CP018_90m_B_AGGTACGAGAGGACCA-1","90m","B","2","Other",0.40892877032443,-0.752630438502534,0.0301510764757868,-0.309559520732138
"CP018_90m_B_AGGTACGAGCATCTAG-1","90m","B","2","Other",0.498323944311451,0.0444636719666558,-0.00646504899406614,-0.121229115384775
"CP018_90m_B_AGGTATAAGAGCCTGT-1","90m","B","2","Other",0.537697130104244,-0.789243192231712,0.0912401133989201,0.0774807009379512
"CP018_90m_B_AGGTATAAGCTATAGT-1","90m","B","0","Other",0.255173380975068,-0.758061871563777,-0.155643360819805,-0.239219443571826
"CP018_90m_B_AGGTATAAGCTGATTG-1","90m","B","6","Other",-0.0273126945485849,-0.273670947947012,-0.266405901544058,-0.232918570857063
"CP018_90m_B_AGTAATGAGAGCCCAT-1","90m","B","2","Other",0.161066766411011,-0.79638593338004,0.216137467671193,-0.0882576290124777
"CP018_90m_B_AGTATAGAGCGGCTTG-1","90m","B","6","Other",0.201114803616106,-0.434849768191469,-0.235972306879417,-0.264140512202472
"CP018_90m_B_AGTATTCAGGTGAGAT-1","90m","B","0","Other",0.0348037177680698,-0.709631039094293,-0.178045389055153,-0.199761247066436
"CP018_90m_B_AGTATTCAGGTTAGGG-1","90m","B","1","Other",-0.626179943089274,-0.852938052383204,-0.230344776855118,0.308298927854141
"CP018_90m_B_AGTCCACAGCACCTCC-1","90m","B","2","HIV-Specific TCR",-0.124138764176671,-0.714407721177385,0.0997839693670467,-0.289247743476573
"CP018_90m_B_AGTCTTGAGCCCATGG-1","90m","B","3","HIV-Specific TCR",-0.941056575405736,1.70662725175,-0.187398129714694,-0.166508120366019
"CP018_90m_B_AGTGCGAAGACGCCCA-1","90m","B","0","Other",0.40111257103595,-0.865914649911554,-0.288487483654565,-0.277878934327856
"CP018_90m_B_AGTGCGAAGATGAGTA-1","90m","B","0","Other",-0.0568030703002007,-0.761494448896012,-0.18852474235344,0.280531930348477
"CP018_90m_B_AGTTAGAAGAGGGGCT-1","90m","B","1","Other",0.150749171247244,-0.824599449874277,-0.251982408050892,0.124490744108758
"CP018_90m_B_AGTTAGAAGATAGTGA-1","90m","B","5","Other",0.508668346240433,-0.777452162746277,-0.225768769458301,-0.213436937494568
"CP018_90m_B_AGTTAGAAGGGCGGAT-1","90m","B","4","Other",-0.807992662813847,0.281034189394188,0.165016982222759,0.200070273031434
"CP018_90m_B_AGTTTACAGGCCTATA-1","90m","B","4","Other",-0.442635747381521,-0.676496296771471,0.0397253226849987,0.420010735500188
"CP018_90m_B_ATAACAGAGCTCAGGT-1","90m","B","3","Other",-1.09547588788088,0.455482446794501,-0.186184979042391,-0.215973951267801
"CP018_90m_B_ATAACGAAGACCTGCG-1","90m","B","0","Other",0.298788606537823,-0.85296897952746,-0.220608763789419,-0.238386061610738
"CP018_90m_B_ATACAGAAGGCAATCC-1","90m","B","2","Other",0.23528949074612,-0.665136646278614,0.121407534857872,-0.262924797672333
"CP018_90m_B_ATACCATAGAGCTTGC-1","90m","B","2","Other",0.423644343445939,-0.83009558200695,0.00417464538017903,-0.273572830286621
"CP018_90m_B_ATACCATAGGGGATTG-1","90m","B","3","HIV-Specific TCR",-0.730190293291114,-0.693754579503419,0.608124787857868,-0.203318443609171
"CP018_90m_B_ATACCCAAGGGCTGAA-1","90m","B","0","Other",-0.231622129016073,-0.811536091763538,-0.0672372503995703,-0.193742916888218
"CP018_90m_B_ATACCCAAGGGGATCA-1","90m","B","7","Other",0.430531704501907,-0.815768138257674,-0.229654344958967,-0.0589951952758878
"CP018_90m_B_ATACCCAAGGTGAGAT-1","90m","B","0","Other",0.617139599313016,-0.854586250741121,-0.24223804835808,-0.0462276173582573
"CP018_90m_B_ATAGCGGAGAACGTTT-1","90m","B","4","Other",-0.358005663077156,0.369025566359912,0.197853881619411,0.815194379039852
"CP018_90m_B_ATAGGCGAGCGTGAGA-1","90m","B","2","Other",0.261629569810822,-0.64772298580248,0.339640961302191,-0.0789630926794305
"CP018_90m_B_ATAGGGTAGCTAGTGC-1","90m","B","2","Other",0.754036882267976,-0.581307387537239,0.281673987775053,-0.206444874206964
"CP018_90m_B_ATAGGGTAGGTCCAGT-1","90m","B","1","Other",-0.33742037292566,-0.43046603886275,-0.092353295025776,-0.301695188897338
"CP018_90m_B_ATAGTAGAGATCGCGT-1","90m","B","0","Other",0.285387412256333,-0.716496385331608,-0.196079125891068,-0.183292445413106
"CP018_90m_B_ATAGTGAAGGCACGAA-1","90m","B","6","Other",-0.47278165954267,-0.688595485629822,-0.133027096267851,-0.229784606257972
"CP018_90m_B_ATATACCAGCATGTTG-1","90m","B","4","HIV-Specific TCR",-0.600233342027676,-0.569805463946066,0.325754597102407,0.32474329682216
"CP018_90m_B_ATCACATAGCAATAGA-1","90m","B","4","Other",0.128299825109803,-0.0644152853592587,-0.148976352547313,1.30099801311905
"CP018_90m_B_ATCACATAGCTGAATT-1","90m","B","0","Other",0.738378143642092,-0.772881509800327,-0.104337409922455,0.0464617233573347
"CP018_90m_B_ATCAGGGAGATATCAC-1","90m","B","1","Other",-0.225570369469909,-0.0780594222641953,0.170782800298723,0.134667009133864
"CP018_90m_B_ATCAGGGAGCAAAGCG-1","90m","B","3","Other",-1.14216871782246,1.35926881279458,0.0500986979268985,-0.180964748816342
"CP018_90m_B_ATCATCGAGCTGGTTA-1","90m","B","8","Other",0.17644139655061,-0.853143771554251,-0.277801237125549,-0.241823750209196
"CP018_90m_B_ATCATCGAGGCGATAG-1","90m","B","3","Other",-0.955253623019008,1.8475540419253,0.23879478246792,-0.244950648685407
"CP018_90m_B_ATCCAATAGCCTGATA-1","90m","B","1","Other",-0.329634566882636,-0.532956895764183,-0.0895440586155229,0.0962466539917707
"CP018_90m_B_ATCCAATAGCTAGGAG-1","90m","B","3","Other",-0.966970237744356,-0.384452109455403,0.353580702043202,-0.217636396146113
"CP018_90m_B_ATCCACAAGGCTAAGG-1","90m","B","5","Other",0.00838795027831374,-0.840703797250715,-0.256099465096296,0.00470074339215679
"CP018_90m_B_ATCCCAAAGAAACCGG-1","90m","B","6","Other",0.0357602427138735,-0.287526968794876,-0.0777011120386376,-0.243119964787929
"CP018_90m_B_ATCCCAAAGCAAGCCT-1","90m","B","6","Other",-0.479547198389225,-0.370622253187799,-0.265534232424773,-0.213822690186121
"CP018_90m_B_ATCCGACAGCACCAAC-1","90m","B","8","Other",0.203143104282673,-0.830213632600613,-0.238978664301581,-0.222149287797951
"CP018_90m_B_ATCCTGAAGGCAAAGT-1","90m","B","4","Other",-0.0518221887550681,-0.478073877618451,-0.0772050590967093,1.6747489386379
"CP018_90m_B_ATCGATTAGGCTGTCG-1","90m","B","3","HIV-Specific TCR",-0.635806985016154,1.43766838299538,0.275004500901569,-0.28149266264256
"CP018_90m_B_ATCGGTCAGATCTCGA-1","90m","B","3","Other",-1.01912397597136,1.07348088838057,0.706774753273807,-0.193669160189186
"CP018_90m_B_ATCGTTGAGACGGCAA-1","90m","B","5","Other",0.165108771537417,-0.829774347571133,-0.210624384341698,-0.223305474396261
"CP018_90m_B_ATCTGCAAGACCCCAG-1","90m","B","6","Other",-0.390190885582998,1.23238499474074,-0.249950019973133,-0.193373876557629
"CP018_90m_B_ATCTTCCAGCCTAGTA-1","90m","B","0","Other",-0.191361172070165,-0.840153838798973,-0.14925337655146,-0.0692753053533037
"CP018_90m_B_ATGAGGTAGATTAACC-1","90m","B","2","Other",-0.485890252709571,-0.103875408932028,0.0910749152591694,-0.300360229176507
"CP018_90m_B_ATGAGGTAGGCGTAGA-1","90m","B","4","Other",-1.36423153722248,1.18769882417534,0.505674607392072,0.366036984457366
"CP018_90m_B_ATGCATTAGACATAAG-1","90m","B","4","Other",-0.136265260042351,-0.165990445863659,0.222289962850966,0.363183018594149
"CP018_90m_B_ATGCATTAGCTGCATA-1","90m","B","0","Other",-0.0716151357955945,-0.702731075591501,-0.1616998710081,-0.146009783080644
"CP018_90m_B_ATGCGGAAGCTACGCG-1","90m","B","2","Other",0.149901034759333,-0.608975690825835,0.0827502365940769,-0.158871179678805
"CP018_90m_B_ATGGCGAAGCTGTGCG-1","90m","B","0","Other",0.719298457325164,-0.847774579952302,-0.268535100562189,-0.10777901153202
"CP018_90m_B_ATGGGATAGAGACGCA-1","90m","B","4","HIV-Specific TCR",-0.512691691828463,-0.1653185788104,0.353583124083475,1.17796673209099
"CP018_90m_B_ATGGGCAAGAGGTATA-1","90m","B","0","Other",0.247585131173608,-0.882369529352764,-0.247665241282491,-0.244644658397339
"CP018_90m_B_ATGGGGCAGACATAAG-1","90m","B","3","Other",-0.889663739286869,0.219266008800551,-0.261497535213947,-0.296256595738771
"CP018_90m_B_ATGGGGCAGCCATTAG-1","90m","B","2","HIV-Specific TCR",0.453041075851785,-0.683335690458654,-0.160261940347056,-0.186983779068287
"CP018_90m_B_ATGGGGCAGCTAAACT-1","90m","B","2","HIV-Specific TCR",0.163820427726048,-0.22474096825629,0.321360586196666,-0.160667604710644
"CP018_90m_B_ATGGGTGAGGTAAGTA-1","90m","B","1","Other",-0.0732800351201841,-0.777027956185135,-0.232475760534776,-0.235743972341086
"CP018_90m_B_ATGGGTGAGGTAGAGT-1","90m","B","3","HIV-Specific TCR",-0.86490410498252,1.13281511806389,0.220903634772293,-0.277245363728858
"CP018_90m_B_ATGGTGGAGGCCATCG-1","90m","B","3","HIV-Specific TCR",-1.0890782492713,1.66054920165746,-0.0580096924924408,-0.215858550644511
"CP018_90m_B_ATGGTTTAGGTGTCCG-1","90m","B","3","Other",-0.0894289042542233,0.347221114567637,-0.239447991102577,-0.262037475354404
"CP018_90m_B_ATGTTCGAGAGCTTAT-1","90m","B","0","Other",0.73501867079492,-0.826800315968185,-0.266874220111108,-0.235383594975487
"CP018_90m_B_ATGTTCGAGGTACCCG-1","90m","B","0","Other",0.593914454155376,-0.720568648679153,-0.228822549888623,-0.228841537365474
"CP018_90m_B_ATTAACCAGACAGGAT-1","90m","B","4","Other",-0.242250298427427,-0.487083338141933,0.0985503550794296,0.533391186306744
"CP018_90m_B_ATTAACCAGGCGTTTA-1","90m","B","3","Other",-0.321091028832857,1.52919114163787,-0.232879822660797,-0.253356006601888
"CP018_90m_B_ATTAAGGAGCCCATTT-1","90m","B","2","Other",0.184026644536985,-0.474348465444418,0.103763556912829,0.332127860477851
"CP018_90m_B_ATTACCGAGACCCGTG-1","90m","B","2","Other",0.0105945539554964,-0.850265267908869,0.346204496851511,-0.190095958675481
"CP018_90m_B_ATTCAACAGGCTATGC-1","90m","B","3","Other",-0.910692706564452,-0.00290394242118619,0.130705479951886,-0.31313345533288
"CP018_90m_B_ATTGAAGAGACTGATT-1","90m","B","2","Other",-0.722903804913265,-0.775801838298814,0.134201692796291,-0.305283999382415
"CP018_90m_B_ATTGGTTAGATAGGGT-1","90m","B","3","Other",-0.649346493457522,0.724663365002005,0.0818975966031393,0.108561391629439
"CP018_90m_B_CAAACTTAGACATTCG-1","90m","B","2","HIV-Specific TCR",0.0953036863993095,-0.730729859491831,-0.102680704844546,-0.187895528727845
"CP018_90m_B_CAAAGCGAGCTTGTAG-1","90m","B","2","Other",-0.237827749510932,0.397909749243067,0.294016330382845,-0.307151520146636
"CP018_90m_B_CAAAGGTAGATCCCAA-1","90m","B","0","Other",0.25064760600525,-0.671439563305022,-0.21221333297527,0.0110653858483659
"CP018_90m_B_CAAAGTAAGCCTCGTC-1","90m","B","0","Other",0.545807656167216,-0.812065063161738,-0.230178680899169,0.0181554624465568
"CP018_90m_B_CAACAGGAGACGAAGT-1","90m","B","0","Other",0.398503178829295,-0.821935407458897,-0.143979202286021,-0.0482677371190233
"CP018_90m_B_CAACATTAGCCAAAGG-1","90m","B","6","Other",-0.415925592452422,-0.111826023400225,-0.0357497511824165,-0.249128545886021
"CP018_90m_B_CAACGAGAGCCGATTA-1","90m","B","2","Other",0.373764143421869,-0.46987198836455,-0.0145326317075867,-0.285565569546087
"CP018_90m_B_CAACGTCAGACAGCAG-1","90m","B","0","Other",0.638678406067169,-0.653107777657335,-0.0850354523525837,0.255633857902536
"CP018_90m_B_CAAGACGAGCGTCAAC-1","90m","B","3","Other",-0.839824233665416,0.957833619526774,0.0715216502077278,-0.093102450567038
"CP018_90m_B_CAAGGGCAGCATGTAT-1","90m","B","4","HIV-Specific TCR",-0.651294190803809,-0.929386626425359,-0.246757983479642,0.796876499172327
"CP018_90m_B_CAAGTAAAGCAACAGG-1","90m","B","4","Other",-0.175162601803654,0.60075981213441,-0.0181930820660323,0.635341313182543
"CP018_90m_B_CAATAGAAGAGTTTAC-1","90m","B","2","Other",0.514877142161585,-0.863304927609776,-0.121464804071984,-0.167378985457561
"CP018_90m_B_CAATATCAGGGAATTA-1","90m","B","4","Other",-1.24154869549342,0.556598009720715,0.247762988795975,1.22235045175332
"CP018_90m_B_CAATGCCAGCGCTGCA-1","90m","B","4","Other",-0.769390099841289,-0.700576527561053,-0.132678248422407,0.506538547811048
"CP018_90m_B_CAATGTTAGATCACAT-1","90m","B","0","Other",-0.338342329790423,-0.774481442589719,-0.209145136436078,0.015940437229193
"CP018_90m_B_CAATTACAGCTGACGT-1","90m","B","2","Other",0.0794128407660493,-0.285675349923212,0.127088481380958,-0.0690593402246072
"CP018_90m_B_CAATTGTAGCAGCCCA-1","90m","B","3","Other",-0.394312924999695,1.69458105778403,-0.117475439620423,-0.249563218152329
"CP018_90m_B_CACAAGGAGGCACGAA-1","90m","B","2","HIV-Specific TCR",0.300189725110141,-0.752600184740527,-0.174348790301435,-0.289731153093046
"CP018_90m_B_CACAATTAGAGGAGTT-1","90m","B","6","Other",-0.610720400876847,0.183645371555654,0.00534909533846448,-0.23628617894732
"CP018_90m_B_CACAGCTAGCGCCACA-1","90m","B","3","Other",-0.535742269279634,0.309112085616546,-0.0521727916850494,-0.064201507175024
"CP018_90m_B_CACAGGAAGACAGCGA-1","90m","B","5","Other",0.268287714137402,-0.704796157827485,-0.282815232599584,-0.259469563127155
"CP018_90m_B_CACATCAAGATGGTTT-1","90m","B","0","Other",-0.0351771327435662,-0.733437720296854,-0.229030523866133,-0.0471804763274783
"CP018_90m_B_CACATCAAGCGTTGAC-1","90m","B","2","Other",0.444451261247783,-0.395428125413691,0.0190482327130256,-0.303997851709731
"CP018_90m_B_CACCAACAGGTTGCGT-1","90m","B","2","Other",0.293034512534747,-0.920353230170962,-0.181923409046841,-0.176438830246269
"CP018_90m_B_CACCACGAGCGAAACG-1","90m","B","3","Other",-0.911619444655779,2.26264340841586,0.148874857536711,0.141972865709839
"CP018_90m_B_CACCCAGAGACTAATC-1","90m","B","3","Other",-1.05127023055163,1.66441416197324,-0.216865271949944,-0.237721177414591
"CP018_90m_B_CACCGCAAGGCTCTAA-1","90m","B","0","Other",0.771532096723677,-0.672072137956001,-0.310840357097834,-0.0257278452687334
"CP018_90m_B_CACCGCAAGGGAATCG-1","90m","B","5","Other",0.18299163116346,-0.837446146732131,-0.253614406475932,-0.266322812668
"CP018_90m_B_CACCTTTAGCCATAAT-1","90m","B","6","Other",-0.697074873464562,1.67507794159487,-0.192574715644188,-0.206222098948703
"CP018_90m_B_CACGGAAAGGCCATGT-1","90m","B","2","Other",0.754148906975358,-0.623339419740769,0.433960176467156,-0.218122705970385
"CP018_90m_B_CACGTACAGGCCCACA-1","90m","B","0","Other",0.193025740253941,-0.694711964393959,0.0446820326305144,0.0883782582208794
"CP018_90m_B_CACTATGAGACCCACG-1","90m","B","4","Other",-0.805443340640952,-0.134987184294326,-0.19536800542366,0.939937868112056
"CP018_90m_B_CACTCCCAGACCTTAG-1","90m","B","0","Other",0.16952498881863,-0.701812326624504,-0.206822877705235,0.0160641989001442
"CP018_90m_B_CACTGCGAGAGTAAGC-1","90m","B","4","HIV-Specific TCR",0.129046111663892,0.159036428414505,-0.0529196378123608,0.749506387399879
"CP018_90m_B_CACTGCGAGCAGGGTA-1","90m","B","2","Other",0.158008003504272,-0.684104572226213,0.411210439887813,0.0151934345662991
"CP018_90m_B_CACTTAGAGGGTAGCA-1","90m","B","0","Other",0.423338864286012,-0.837109077190906,-0.0204827771744633,-0.239929424439433
"CP018_90m_B_CAGCCCAAGATGGCGA-1","90m","B","1","Other",0.00604187017974001,-0.633816533515138,-0.0345210329914519,-0.287203102825348
"CP018_90m_B_CAGCCCAAGCCAATAT-1","90m","B","3","Other",-1.09307950777961,2.00164956900336,0.0481009312706047,-0.200663911356347
"CP018_90m_B_CAGCCCAAGCGAAGAT-1","90m","B","0","Other",0.203689416660952,-0.829086812400904,-0.309361084802409,-0.295552991084866
"CP018_90m_B_CAGCTGTAGGGGTATG-1","90m","B","1","Other",-0.0681014312013113,-0.84284241944857,-0.146146705923288,0.0400635126836634
"CP018_90m_B_CAGGGACAGCTAAATC-1","90m","B","0","Other",0.374912864174938,-0.79497927898233,-0.224423349024365,-0.247621595882949
"CP018_90m_B_CAGGGACAGGGGCTAA-1","90m","B","2","Other",0.242275332953337,-0.209570712936639,0.162006831278468,0.419572004002103
"CP018_90m_B_CAGGGGTAGAAACCGG-1","90m","B","2","Other",0.313993466873416,-0.532086881945918,0.144634403371103,-0.275528708558165
"CP018_90m_B_CAGTCCGAGACCAGAG-1","90m","B","4","Other",-0.268212665875071,0.38131121717347,0.145752205922253,0.834484336934271
"CP018_90m_B_CAGTCCGAGATGCGAG-1","90m","B","4","Other",-0.382496279540949,0.731321565161566,-0.0898268595776436,1.47246664235325
"CP018_90m_B_CAGTCCGAGCTGTATG-1","90m","B","3","Other",-0.898808166373909,2.09905776017794,0.0544494761149907,-0.190559513039963
"CP018_90m_B_CATAATCAGCGCCTAG-1","90m","B","2","Other",0.252255577670899,-0.806254290014412,-0.140719475680898,-0.305141958555535
"CP018_90m_B_CATAGCCAGATCCGAC-1","90m","B","3","Other",-0.896242103042572,-0.343591778582818,0.161606117335975,-0.243876201855281
"CP018_90m_B_CATAGCCAGCGTATAT-1","90m","B","3","Other",-0.851198491243469,2.87620219275256,-0.189926185841965,0.25730384874184
"CP018_90m_B_CATAGGGAGATAGTGA-1","90m","B","1","Other",-0.996144246436918,-0.21418923252156,-0.283804096985825,-0.0568232259133464
"CP018_90m_B_CATCACAAGCGGATAG-1","90m","B","3","Other",0.0234064443869251,0.0248768884848519,-0.208909515256254,-0.269557677967794
"CP018_90m_B_CATCACAAGGTCACGT-1","90m","B","3","Other",-0.329372495765993,2.16412509160714,0.331501733788767,-0.218682269021469
"CP018_90m_B_CATCGCGAGCATTACG-1","90m","B","1","Other",-0.617874490594749,-0.679214349578006,0.00424666206033253,0.0981593835865531
"CP018_90m_B_CATCGCGAGCGTTATG-1","90m","B","0","Other",0.275450944163214,-0.83608956924436,-0.229637078136527,-0.221417431378917
"CP018_90m_B_CATCTAGAGGCTTCCC-1","90m","B","2","Other",0.389291272596703,-0.60047837827918,0.15032738129939,-0.240758110983297
"CP018_90m_B_CATCTTCAGCAAGACG-1","90m","B","3","Other",-0.212190365094572,0.953348945490047,-0.117061294429857,-0.236430195988924
"CP018_90m_B_CATGCCGAGGCCCACA-1","90m","B","3","Other",-0.976710058574203,2.18940497479941,0.206527025872226,-0.205380491353802
"CP018_90m_B_CATGGAGAGGGACATG-1","90m","B","2","Other",0.122176351660492,-0.702863754798217,-0.0354846236247484,-0.21056186819004
"CP018_90m_B_CATTAACAGCATCTAG-1","90m","B","3","Other",-0.00205992639022612,0.727425155626552,-0.110769195694797,-0.219241320899156
"CP018_90m_B_CATTAACAGCTAATAC-1","90m","B","2","HIV-Specific TCR",0.0323533915462433,-0.926054196939438,0.0289763402102732,-0.049211500420164
"CP018_90m_B_CATTACGAGCACAAGG-1","90m","B","3","Other",-0.575027386400587,2.12992402384001,0.238795354291611,0.189793958330494
"CP018_90m_B_CATTCGAAGGGGCTTT-1","90m","B","0","Other",0.436291591734787,-0.814777945941713,-0.198772807067699,-0.188473337714159
"CP018_90m_B_CATTTCCAGCCGCTAG-1","90m","B","1","Other",-0.598127453437817,0.0425631330575469,0.00494590218644614,-0.248622095007276
"CP018_90m_B_CCAAACCAGGTGCTAC-1","90m","B","0","Other",0.297884761553848,-0.738989949033441,-0.230344069289047,0.146743189371973
"CP018_90m_B_CCAAGCTAGCACCTCC-1","90m","B","2","HIV-Specific TCR",-0.174210652464889,-0.748599207805257,0.0654580390892081,-0.10719461843105
"CP018_90m_B_CCAATATAGCACCTTT-1","90m","B","3","Other",-0.706373697984065,1.87833833518567,-0.203228473522645,-0.187656948171866
"CP018_90m_B_CCACTAAAGATAACGA-1","90m","B","0","Other",0.634700207071476,-0.811170017851235,-0.10668063051383,0.128207516966953
"CP018_90m_B_CCACTAAAGCTATGTG-1","90m","B","0","Other",0.209460061400198,-0.792611826646554,-0.217785011219312,-0.108223500102849
"CP018_90m_B_CCACTAAAGGCAACGA-1","90m","B","0","Other",0.32215081702832,-0.77366599652723,-0.225809674580694,-0.203715563065083
"CP018_90m_B_CCAGCATAGACGTCAC-1","90m","B","3","Other",-0.955444744112775,1.20212758859983,0.383930739567907,-0.189539842168635
"CP018_90m_B_CCATACAAGCCATAAT-1","90m","B","2","Other",0.374537850926129,-0.617059601939,-0.00953223233886963,0.0679422325349018
"CP018_90m_B_CCATATGAGCAAAGTA-1","90m","B","2","Other",0.0210109000512586,-0.921141317708773,0.0200090009874557,-0.2274734717305
"CP018_90m_B_CCATATGAGCGCCTAG-1","90m","B","4","Other",-0.357525954328701,1.39971373594261,0.12771690707475,0.317318256145627
"CP018_90m_B_CCATCAAAGATCCGTA-1","90m","B","2","HIV-Specific TCR",-0.273785217306906,0.0502779846442521,0.426532736304641,-0.0356599454801092
"CP018_90m_B_CCATCGGAGCCCAACG-1","90m","B","3","Other",-0.0055306692960142,0.738802078995618,-0.172881177759264,-0.0381980582742059
"CP018_90m_B_CCATGCGAGCACTAGC-1","90m","B","2","Other",0.11159761817273,-0.330948356537907,0.273342148469386,-0.17671310795696
"CP018_90m_B_CCATGGTAGAAAGTCA-1","90m","B","0","Other",0.054559004922244,-0.728791928715156,-0.238493582405244,-0.0480062461179647
"CP018_90m_B_CCATGGTAGGTCATGC-1","90m","B","3","Other",-0.551375391747581,-0.284515263603792,0.709012381652551,-0.0164532573202059
"CP018_90m_B_CCATTAGAGGCGTCCA-1","90m","B","3","Other",-0.79188526234856,-0.177250928781578,0.376802786976862,0.106821204032109
"CP018_90m_B_CCCAACGAGATGGGTG-1","90m","B","1","Other",-0.373913771568399,-0.0375350138792671,-0.158165810595391,-0.058101688653901
"CP018_90m_B_CCCACAGAGGTTGCGT-1","90m","B","2","Other",0.381700507964861,-0.699280649939051,-0.0150553663384607,-0.0640088051101863
"CP018_90m_B_CCCACGAAGATTGCAT-1","90m","B","0","Other",0.048220615017142,-0.790754003709796,-0.101557589643913,-0.238308374666418
"CP018_90m_B_CCCAGCAAGCACAAGG-1","90m","B","1","Other",-0.52503984597127,-0.792218727641537,-0.198318192105159,-0.176543727104273
"CP018_90m_B_CCCAGCAAGGCTCATA-1","90m","B","1","Other",-0.53631579186469,-0.276225332649417,-0.0886153469021229,-0.206280839821452
"CP018_90m_B_CCCATTTAGATACAGA-1","90m","B","2","Other",0.0776897121584874,-0.862059746606414,0.0634986033082861,-0.312053616657793
"CP018_90m_B_CCGATACAGGCTTACA-1","90m","B","4","HIV-Specific TCR",-0.104743942250261,0.205823332561886,-0.00468820240485379,0.25027249250011
"CP018_90m_B_CCGCAATAGACGATGG-1","90m","B","8","Other",0.590179371605115,-0.703801785878326,-0.221739589892966,-0.182177786426859
"CP018_90m_B_CCGGTATAGCCATGCG-1","90m","B","2","Other",0.190939693326701,0.227623705277356,0.241826415882022,-0.337564697602162
"CP018_90m_B_CCGTCAGAGAGGCTGA-1","90m","B","3","HIV-Specific TCR",-0.590510316308343,2.01572138752375,-0.00150904700924961,-0.183160175993178
"CP018_90m_B_CCGTGATAGACGGCAA-1","90m","B","3","Other",-0.938166984906996,0.426871463447435,0.463944965419637,-0.0112522181207474
"CP018_90m_B_CCGTGATAGCCATAAT-1","90m","B","0","Other",0.233709602535123,-0.81452374661865,-0.190299707131978,-0.213961186575193
"CP018_90m_B_CCGTTAAAGCACTATG-1","90m","B","2","Other",-0.59881303976873,0.0858303812899046,0.0516983235140713,-0.142073172719277
"CP018_90m_B_CCGTTAAAGGTATGGG-1","90m","B","3","Other",0.248484718018207,1.60268931735277,0.10806301977942,0.0388802331506217
"CP018_90m_B_CCTAGACAGGTAGTGG-1","90m","B","6","Other",-0.320351179552139,-0.378051593781553,-0.251701647010888,-0.270178233808815
"CP018_90m_B_CCTATGAAGGGAAATC-1","90m","B","2","HIV-Specific TCR",0.519334719625528,-0.813954248873813,0.013226183239178,-0.267358223355419
"CP018_90m_B_CCTATTCAGCCGATAC-1","90m","B","2","Other",-0.378034013064959,-0.32775092339456,0.206375805440474,0.0768837501119903
"CP018_90m_B_CCTATTCAGGTATTGT-1","90m","B","0","Other",0.501700635653006,-0.854734218700928,-0.287947769231609,-0.254135964797818
"CP018_90m_B_CCTCACCAGAAACGGT-1","90m","B","1","Other",0.256512551788843,-0.704545120782369,-0.139567551784595,-0.0688746109547479
"CP018_90m_B_CCTCATTAGACGCTGT-1","90m","B","1","Other",-0.345185007350697,-0.886498221849818,-0.0912829875973023,-0.263235741469038
"CP018_90m_B_CCTCGAGAGCGGTGTT-1","90m","B","2","Other",-0.0251629811169185,-0.79330674324099,-0.0885696250376032,-0.134418627886013
"CP018_90m_B_CCTCGTCAGGTAAATG-1","90m","B","2","Other",-0.396586097083524,-0.964808116886779,-0.0672251254851482,0.11396985806882
"CP018_90m_B_CCTGATAAGCAGCGAA-1","90m","B","4","Other",-1.05201496993242,-0.520319960221128,0.192227956137842,0.297668301014319
"CP018_90m_B_CCTGATAAGCCTTATC-1","90m","B","4","HIV-Specific TCR",-0.616544688469347,0.112158865159336,0.109035530315817,0.385725247866065
"CP018_90m_B_CCTGCAGAGGCATGGA-1","90m","B","0","Other",0.00546676303238858,-0.701773228834009,-0.00361963892752631,-0.00785994448311345
"CP018_90m_B_CCTGCGAAGAAAGTGC-1","90m","B","2","Other",0.504189105097399,-0.664602344295426,-0.0377564052695714,-0.0287812387054265
"CP018_90m_B_CCTGGCAAGGTATATC-1","90m","B","5","Other",0.732008922193431,-0.687493203400067,-0.274951129425049,-0.22387959270031
"CP018_90m_B_CCTGGTGAGGTCCACG-1","90m","B","2","Other",0.521738308141712,-0.317748950874196,0.0874289045667894,-0.364204634230569
"CP018_90m_B_CCTTCATAGGTGCCCA-1","90m","B","1","Other",0.308248602038282,-0.271235903009539,-0.0897698455210488,-0.0707283443113146
"CP018_90m_B_CCTTTACAGAATGCGG-1","90m","B","0","Other",0.318353244357269,-0.821372742380577,-0.217187270320902,-0.211884750176529
"CP018_90m_B_CCTTTACAGCGCTCGA-1","90m","B","0","Other",0.34436757352105,-0.7822833855568,-0.229781935213617,-0.238265883009367
"CP018_90m_B_CCTTTCGAGCCTAATG-1","90m","B","4","Other",-0.802724648934736,1.33413681749583,0.473280425317219,0.620840930289049
"CP018_90m_B_CGAAACGAGGTCATCA-1","90m","B","3","Other",-0.624637700735831,1.75218038095296,0.0774784670914668,-0.285996364853556
"CP018_90m_B_CGAACAGAGAAGCGGC-1","90m","B","1","HIV-Specific TCR",0.375714948504108,-0.392391796810245,0.0771275483046558,0.119705731891313
"CP018_90m_B_CGAACAGAGAGGCAGC-1","90m","B","0","Other",0.147625507687473,-0.842454687445141,-0.239243772889509,-0.236814194357279
"CP018_90m_B_CGAACGAAGGCCCCAA-1","90m","B","0","Other",0.268587578782171,-0.838536899946374,-0.108137778203553,-0.058237684510045
"CP018_90m_B_CGAAGATAGACGTATT-1","90m","B","2","Other",-0.00368076901642755,-0.948555865472537,0.27389885232264,-0.254980508576493
"CP018_90m_B_CGAAGCAAGGGTAAGT-1","90m","B","0","Other",0.856292045579321,-0.826176488575715,-0.125343626754564,0.198529797259793
"CP018_90m_B_CGAAGTGAGCGTTAGC-1","90m","B","3","Other",-0.44363151011938,1.51756851251455,0.164901672889084,-0.00727005523576074
"CP018_90m_B_CGAAGTGAGGTTGGAG-1","90m","B","0","Other",0.105793066842779,-0.823227148798123,-0.235042382577776,-0.249295533062776
"CP018_90m_B_CGAATTTAGCCTTAAG-1","90m","B","2","Other",-0.150421870930856,-0.784019924821294,-0.111385775266511,-0.0530690586823377
"CP018_90m_B_CGACAGAAGAGAGGAA-1","90m","B","0","Other",0.576700795684709,-0.428648256623807,-0.182919219259722,-0.200029085933025
"CP018_90m_B_CGACCATAGAGACTTT-1","90m","B","3","Other",-1.03842477724489,1.0884538228281,0.420615404180036,-0.23260445105785
"CP018_90m_B_CGACGTTAGCCGATAC-1","90m","B","2","Other",0.0308934896997168,-0.805126888368901,-0.0512374723630436,-0.159316308481263
"CP018_90m_B_CGATTATAGCGATTAT-1","90m","B","4","Other",-1.07025361414852,-0.338647611934136,-0.25032930202547,0.599337012483657
"CP018_90m_B_CGATTGCAGCAATGCC-1","90m","B","5","Other",0.344037312638976,-0.790514344409536,-0.215331424326701,-0.163585805399017
"CP018_90m_B_CGATTTGAGCTACTGA-1","90m","B","4","Other",-0.206254399574851,0.315534843173902,-0.0535842647340539,0.801945297055244
"CP018_90m_B_CGCACATAGCAAGGGC-1","90m","B","4","Other",-0.132840545856042,-0.773761505667176,-0.228200137011065,0.538631911581889
"CP018_90m_B_CGCACATAGCACTGCG-1","90m","B","3","Other",-0.990512373999741,0.841107740319007,-0.241082714512895,-0.0813769097369534
"CP018_90m_B_CGCAGTTAGCTAGCCG-1","90m","B","2","HIV-Specific TCR",0.127670322799756,-0.111829341187998,0.070193108508018,-0.240541847916482
"CP018_90m_B_CGCAGTTAGGTTAGTT-1","90m","B","3","Other",-0.77173070926255,1.96905446266511,0.0413496431945884,-0.141826398788684
"CP018_90m_B_CGCAGTTAGGTTGCCG-1","90m","B","0","Other",0.830120060510561,-0.681584570413531,-0.273494134905912,-0.239792461852367
"CP018_90m_B_CGCATTAAGATCCGTA-1","90m","B","4","Other",-0.129928353308967,-0.00402645705062254,-0.111263023486932,1.89558852310854
"CP018_90m_B_CGCCACAAGAATCTGT-1","90m","B","3","Other",0.0789023797156914,0.990102098630706,0.189459338774011,-0.24624406323135
"CP018_90m_B_CGCCACAAGACAAGCG-1","90m","B","3","Other",-0.978255992735699,1.90894540417543,0.216764191078127,-0.165297099668792
"CP018_90m_B_CGCCTAGAGGGTAAGT-1","90m","B","1","Other",-0.55591908245405,0.161028571199401,0.0829712928133993,-0.214196589728108
"CP018_90m_B_CGCGATTAGCGGTCCA-1","90m","B","4","Other",-0.675987536209458,-0.855085122142869,-0.0867389864314766,1.06486455758788
"CP018_90m_B_CGCTCGAAGAAACCAA-1","90m","B","4","Other",-0.805222534302169,0.6047396993905,0.212489974550013,0.0179063092670678
"CP018_90m_B_CGCTCGAAGGCGCTTG-1","90m","B","0","Other",0.408956044688604,-0.738177103220435,-0.15801353618002,-0.239412141059574
"CP018_90m_B_CGCTGATAGCCATGCG-1","90m","B","2","Other",0.0460470143960627,0.17169851183096,0.62197117801246,-0.344839067251924
"CP018_90m_B_CGCTGCAAGACAGTTT-1","90m","B","2","HIV-Specific TCR",0.44513626954437,-0.767796755123455,-0.32697215148137,-0.187539852283506
"CP018_90m_B_CGCTGTGAGAAGGTGT-1","90m","B","6","Other",-0.0470064998586992,-0.888143645381415,-0.110579815456493,-0.302078186402042
"CP018_90m_B_CGGCATTAGCTTGAAT-1","90m","B","4","Other",-0.453611453858782,0.949374307790862,0.339512854694172,1.1737494034488
"CP018_90m_B_CGGCATTAGGTATATC-1","90m","B","4","Other",-0.964552586885108,1.02764554373101,0.689562927851213,0.205983548779262
"CP018_90m_B_CGGCTTGAGACATCCA-1","90m","B","5","Other",-0.0279972698363513,-0.769717405749875,-0.107614453189582,-0.198788539227836
"CP018_90m_B_CGGGGATAGCTTGAAT-1","90m","B","4","Other",-0.301458352818428,-0.606451473716279,0.0879608394023776,1.30869086155517
"CP018_90m_B_CGGTGTTAGCCGATAC-1","90m","B","1","Other",-0.830634514457867,-0.629285990433774,0.196721056651547,-0.16541679709521
"CP018_90m_B_CGGTGTTAGCGATTCA-1","90m","B","2","HIV-Specific TCR",0.192289264083643,-0.954688164611116,-0.0792992473057069,-0.129687097352926
"CP018_90m_B_CGGTGTTAGGCATACC-1","90m","B","2","HIV-Specific TCR",0.366322515734703,-0.796525744052327,0.0316311642168463,-0.18126147837058
"CP018_90m_B_CGGTTCGAGCTAGTAT-1","90m","B","1","Other",-0.0051356493905732,-0.833535507760975,0.0162629993335237,-0.323425467479839
"CP018_90m_B_CGGTTCGAGGCGAATG-1","90m","B","3","HIV-Specific TCR",-0.762816385843946,2.22782193030985,0.11196473278488,-0.188908238647138
"CP018_90m_B_CGGTTTAAGGCGTCAT-1","90m","B","2","HIV-Specific TCR",0.346340736884453,-0.572820273005318,0.141815814983214,0.0097005009733086
"CP018_90m_B_CGTACCGAGCACCTCC-1","90m","B","2","HIV-Specific TCR",0.197014964807241,-0.754297746772093,-0.205670597400513,0.00273148677052187
"CP018_90m_B_CGTACCGAGCCCAGCA-1","90m","B","4","Other",-0.94871773074508,0.944244567017827,0.294302115629913,-0.195098830514219
"CP018_90m_B_CGTCAACAGCTCGGCA-1","90m","B","2","Other",0.388406451608755,-0.530627915823107,0.10659641848502,-0.104450054987795
"CP018_90m_B_CGTCTCCAGCCATGAC-1","90m","B","0","Other",0.189105947218431,-0.819136044906379,-0.14964340906531,-0.254470879716992
"CP018_90m_B_CGTGCATAGAATTCCG-1","90m","B","2","Other",-0.670005851252083,-0.116364071918335,-0.178419131767704,0.0667398028241342
"CP018_90m_B_CGTGCATAGCGACAAG-1","90m","B","4","Other",-0.493472181977505,-0.768452959630435,0.0127146747110353,0.386681112608664
"CP018_90m_B_CGTTAATAGCTGTAGC-1","90m","B","0","Other",0.533032942869465,-0.818437946217858,-0.203209022133297,-0.261511088745605
"CP018_90m_B_CGTTACAAGCGGGTTT-1","90m","B","2","HIV-Specific TCR",0.213297942536679,-0.881942125877287,0.193710049286277,0.0349126388747777
"CP018_90m_B_CGTTATGAGGCGTGAA-1","90m","B","2","Other",0.110987562452923,-0.455627828289089,-0.286683270360516,-0.288613789816985
"CP018_90m_B_CGTTCAAAGGCTACAC-1","90m","B","4","Other",-0.931593969924761,-0.0439270876717016,-0.0391675691976726,0.877858960579282
"CP018_90m_B_CGTTGACAGAGAGGTT-1","90m","B","2","Other",-0.036782764906772,-0.466554988136812,0.0373566945689529,-0.329800815828406
"CP018_90m_B_CGTTGACAGGCCCCAA-1","90m","B","6","Other",-1.01975883351581,0.437341001414383,0.0440712659550583,0.19140286873655
"CP018_90m_B_CGTTTAGAGAATATCC-1","90m","B","3","Other",-0.902972409677925,-0.264925946937272,0.433365658601871,-0.247643578893468
"CP018_90m_B_CTAAACTAGGCATCGT-1","90m","B","3","Other",-0.519569792201819,1.592125618909,-0.0461150709010804,-0.218388665885643
"CP018_90m_B_CTAAGCCAGCGTTATG-1","90m","B","4","Other",-0.419450545545387,0.338778630355661,0.132929319261459,0.85726784464471
"CP018_90m_B_CTAATCGAGGCAACAG-1","90m","B","2","HIV-Specific TCR",-0.305151359866359,-0.808013154632884,0.163739554881349,-0.23664652067118
"CP018_90m_B_CTACACAAGGGTACGA-1","90m","B","2","Other",0.313568951851421,-0.918618341270196,0.105566336234766,0.0782503649935355
"CP018_90m_B_CTACACAAGGTTGATT-1","90m","B","3","Other",-1.14136530878966,1.12984370858512,-0.00309222417172525,-0.216087970780208
"CP018_90m_B_CTACGCGAGACGAGGC-1","90m","B","0","Other",0.334082317708406,-0.796645959340253,-0.120359040298778,0.021884673637148
"CP018_90m_B_CTACGCGAGATCCGAC-1","90m","B","2","Other",-0.601075503775965,-0.812046454535166,-0.068136248744887,-0.209945163988645
"CP018_90m_B_CTAGCCGAGCCGCAAT-1","90m","B","3","HIV-Specific TCR",-0.517933389991304,0.918350174077531,0.398787106769209,0.116217604382628
"CP018_90m_B_CTAGCGTAGCTAGATT-1","90m","B","4","Other",-0.502135164410584,-0.451881670584279,0.104006355519094,0.368222026203784
"CP018_90m_B_CTAGGAGAGAACTAGA-1","90m","B","2","Other",0.87216750276915,-0.855752212850164,-0.0269890718068008,-0.300890914413249
"CP018_90m_B_CTAGGAGAGAAGGCGC-1","90m","B","3","HIV-Specific TCR",-0.965924713751897,0.128842314946304,0.748470536974849,-0.236769746463814
"CP018_90m_B_CTATAACAGCCTGATA-1","90m","B","4","Other",-0.26137593507104,-0.810224859772339,0.0593914536964896,0.957018579283649
"CP018_90m_B_CTATAGTAGATGGTAA-1","90m","B","4","Other",-0.783865093423381,0.55003689720473,0.364570189370577,1.45573897754788
"CP018_90m_B_CTATCAGAGCGCACAT-1","90m","B","2","Other",0.392694819359666,-0.818661461648946,0.200032815738058,-0.169277180034021
"CP018_90m_B_CTATGGCAGGTATGTT-1","90m","B","7","Other",0.495073362495916,-0.813556133134453,-0.220333496070768,0.11234044508481
"CP018_90m_B_CTATTGGAGCCACTTT-1","90m","B","1","Other",-0.481152831493947,-0.695719460954816,-0.196638493648364,-0.18946957838666
"CP018_90m_B_CTCACCCAGATTGAAG-1","90m","B","2","Other",0.281317195973203,-0.881954892253468,-0.105474527810955,0.153739699151313
"CP018_90m_B_CTCAGCGAGCTCTCAT-1","90m","B","0","Other",0.586161342416013,-0.845023762223047,-0.162339604381475,0.0609270636973552
"CP018_90m_B_CTCAGTAAGAGCCCAT-1","90m","B","4","Other",-0.361801928197223,0.165944212726576,0.0576573305599278,0.845543422426324
"CP018_90m_B_CTCATGAAGATCCGAC-1","90m","B","4","Other",-0.795083094577358,0.330652373435868,-0.165108627158576,1.2006000881756
"CP018_90m_B_CTCGAGTAGACATCAT-1","90m","B","0","Other",0.387673586881407,-0.600405058356595,-0.104424404368411,-0.256668399611558
"CP018_90m_B_CTCGGCAAGACAACGG-1","90m","B","1","Other",-0.350206558585966,-0.667638839524093,-0.0212497051131571,-0.28509782132075
"CP018_90m_B_CTCGTGGAGAATTCGT-1","90m","B","0","Other",0.360792876744307,-0.798216790122115,-0.123947957471491,-0.190007828772435
"CP018_90m_B_CTCGTGGAGCATATGT-1","90m","B","2","Other",0.39632276571874,-0.651932510963916,-0.0758426253940516,-0.0253101890306839
"CP018_90m_B_CTCTAGAAGACTGTTG-1","90m","B","3","Other",-1.16360068182222,2.03159029955209,0.0144530081540764,-0.202470115288139
"CP018_90m_B_CTCTCATAGGTTCTAG-1","90m","B","0","Other",0.741183159433174,-0.785033638478376,-0.294645274304029,-0.297110513833004
"CP018_90m_B_CTCTCCAAGAGAATCA-1","90m","B","1","Other",-0.461324431294797,-0.618587679589782,-0.265209402248178,-0.263000691564708
"CP018_90m_B_CTCTCCAAGAGGCTGA-1","90m","B","0","Other",0.817201003736823,-0.780436196531798,-0.292355212313638,-0.258507201712737
"CP018_90m_B_CTCTCCAAGATCGTAT-1","90m","B","1","Other",-0.54057430196515,-0.857231118240457,0.240249876635063,0.0319735564830588
"CP018_90m_B_CTCTGGGAGCTATCGA-1","90m","B","7","Other",0.430672074050049,-0.721897348336975,-0.242808567646375,-0.269351488643553
"CP018_90m_B_CTCTGGGAGGTAAGTA-1","90m","B","0","Other",0.211976932442869,-0.869347960160737,-0.143159229667927,0.374922685046931
"CP018_90m_B_CTGAATTAGAATGCCC-1","90m","B","2","Other",0.068632500018676,-0.874095947008247,0.131193898069523,-0.103973552174829
"CP018_90m_B_CTGACACAGACCAGAG-1","90m","B","5","Other",0.346484280769785,-0.775192778126756,-0.223119357929634,-0.0273905547920184
"CP018_90m_B_CTGACACAGGTTGCCG-1","90m","B","2","Other",0.101510470050296,-0.907668258849813,-0.0190438904428678,-0.284328323965545
"CP018_90m_B_CTGACCGAGAATGATG-1","90m","B","1","Other",-0.46052817510272,-0.135026605605301,-0.0766160843437272,-0.313224037339837
"CP018_90m_B_CTGACCGAGCATCTAG-1","90m","B","2","Other",-0.309414924843373,-0.463812269179583,0.308619314508386,0.245194381039807
"CP018_90m_B_CTGCACGAGCAATCCA-1","90m","B","1","Other",0.0129460699832553,-0.317702594140863,-0.000620901652377853,-0.22612483562261
"CP018_90m_B_CTGCAGTAGCAGGCTT-1","90m","B","1","Other",-0.469499327269202,-0.0913356920356028,-0.274564030581747,-0.221885193817991
"CP018_90m_B_CTGCATAAGGTTGCGT-1","90m","B","0","Other",0.519699619454154,-0.768286072121774,-0.2539530107695,-0.225070088740598
"CP018_90m_B_CTGCGATAGCCATGAC-1","90m","B","6","Other",-0.461765875178206,0.836261414671526,-0.114638742539984,-0.0278795251803288
"CP018_90m_B_CTGCTAAAGGCGATAG-1","90m","B","1","Other",-0.0649618950056414,-0.733551153144447,-0.137337309378791,-0.013892930982235
"CP018_90m_B_CTGGCATAGACTTGTG-1","90m","B","3","Other",-1.15371522111879,2.3242279931706,0.253423989705143,-0.232241099132569
"CP018_90m_B_CTGGCATAGCCATCAA-1","90m","B","2","Other",0.380477377257726,-0.632023720217997,0.0382777734206201,0.309954327287805
"CP018_90m_B_CTGGGTTAGATGCATT-1","90m","B","1","Other",-0.139557479399436,-0.887037310036682,0.104589434702267,-0.303841486925955
"CP018_90m_B_CTGGTTAAGACCTGCG-1","90m","B","5","Other",0.142915889959293,-0.819956840976639,-0.231753089324382,-0.264372915701095
"CP018_90m_B_CTGTAATAGCATTTCC-1","90m","B","3","Other",-1.05332284185845,0.274502119439625,0.22177098171704,-0.213376109330437
"CP018_90m_B_CTGTACAAGAACTGAA-1","90m","B","0","Other",0.104315914086613,-0.866411135952551,-0.192710162509138,-0.189714022108917
"CP018_90m_B_CTGTATGAGCTGTAAT-1","90m","B","6","Other",-0.394732621884167,1.07619416184038,-0.270331249521113,0.0966294547543082
"CP018_90m_B_CTGTGCGAGAAGCGAT-1","90m","B","2","HIV-Specific TCR",0.504850668522781,-0.66917512614099,0.130206581978263,-0.322056733116204
"CP018_90m_B_CTGTGCGAGCGATTAT-1","90m","B","5","Other",0.253855603394929,-0.81838487473,-0.241198153384484,-0.297501591018899
"CP018_90m_B_CTTAAGTAGGCCCACA-1","90m","B","0","Other",0.483979529556585,-0.809608088155647,-0.215107511162895,0.0974187507015468
"CP018_90m_B_CTTAGTGAGCCAGAGA-1","90m","B","4","Other",-0.641364541785031,0.246883150641384,0.403088022195124,0.798777111598955
"CP018_90m_B_CTTGTAGAGAACCATT-1","90m","B","0","Other",0.59389493208311,-0.862419957656089,-0.27755037102826,-0.15835863783438
"CP018_90m_B_CTTGTCTAGGGATGAT-1","90m","B","1","Other",-0.325677395173178,-0.618323911736195,-0.0110261064345656,-0.251564945768726
"CP018_90m_B_GCAATCCAGGGGTGTA-1","90m","B","2","Other",-0.191403738979207,-0.637712230591839,0.357354808070902,-0.313276839069538
"CP018_90m_B_GCAATCCAGGTTAGTT-1","90m","B","0","Other",0.560242283344681,-0.909935933838708,-0.305676654994534,-0.313312336951064
"CP018_90m_B_GCAATTTAGAGCAGCA-1","90m","B","1","Other",-0.474519713154388,-0.911812833341691,-0.279196564044115,8.70512759377218e-05
"CP018_90m_B_GCACAAGAGGCAGTGA-1","90m","B","3","Other",-0.938864474784223,2.77235118240451,-0.174218777310517,-0.196274114582194
"CP018_90m_B_GCACCATAGAGCAACG-1","90m","B","1","Other",-0.190134076915779,-0.821283243075463,-0.314551191790618,-0.283273758346051
"CP018_90m_B_GCACCATAGAGGTGAT-1","90m","B","0","Other",0.349378225230121,-0.683667946907653,-0.174982909161088,-0.175058427868405
"CP018_90m_B_GCACCCAAGGGGTTAG-1","90m","B","4","Other",-0.548882441052229,-0.253494472180101,0.0686682952291177,1.49257111611069
"CP018_90m_B_GCACGAAAGCATGTAT-1","90m","B","3","Other",-0.919499953327016,1.00274549467803,-0.194296218940887,-0.24579411563203
"CP018_90m_B_GCACGAAAGGCAAGGC-1","90m","B","3","HIV-Specific TCR",-0.699538665643343,1.2708895193154,0.292685345572786,-0.187861206697443
"CP018_90m_B_GCAGGGTAGACCCGCA-1","90m","B","3","HIV-Specific TCR",-0.988193424994781,0.309497985352388,-0.25589394502368,-0.25899863265996
"CP018_90m_B_GCAGGGTAGCTGAATT-1","90m","B","3","Other",-0.852224162458582,1.36818377040318,-0.14725839392126,-0.248501170602604
"CP018_90m_B_GCATACCAGCTAGGTC-1","90m","B","4","Other",0.067607805628745,0.144463712653793,0.0131021303619117,1.04563716178127
"CP018_90m_B_GCATACCAGGTCGTAC-1","90m","B","4","Other",-0.50807768595884,1.47772000053142,0.242663701211603,0.681604927371091
"CP018_90m_B_GCATCACAGCTCCTCA-1","90m","B","0","Other",0.17000737057553,-0.79075764920578,0.00244402788810158,-0.16787416990876
"CP018_90m_B_GCATCCGAGACGCCCA-1","90m","B","0","Other",0.612502693136659,-0.838703403675657,-0.241719978912604,-0.282391628993885
"CP018_90m_B_GCATCCGAGGTATATC-1","90m","B","3","Other",-0.781202784132004,1.7516384834729,0.0708033870038441,-0.216548500428585
"CP018_90m_B_GCATCGTAGAGTCCCG-1","90m","B","3","Other",-0.762547442614141,1.96317757097957,0.0480893685493472,-0.20364379394478
"CP018_90m_B_GCATCGTAGGCACCAT-1","90m","B","2","Other",0.22969529700079,-0.811187365529447,-0.0377712107648124,-0.0355823393411495
"CP018_90m_B_GCATGGAAGCAGCCAT-1","90m","B","0","Other",0.507807106879435,-0.73972060588473,-0.203656100353358,0.0562505704452279
"CP018_90m_B_GCCACATAGCATCTAG-1","90m","B","4","HIV-Specific TCR",-0.363161505050069,-0.749956046018345,0.3928931553501,0.390435043710716
"CP018_90m_B_GCCACATAGCCTTAGA-1","90m","B","0","Other",0.499276688915797,-0.848561451669203,-0.250645245310356,-0.26251709622129
"CP018_90m_B_GCCACATAGGTCCGCA-1","90m","B","4","Other",-0.802694497830598,-0.425396056452745,-0.155464520350159,0.61363072488898
"CP018_90m_B_GCCATTAAGAAACCAA-1","90m","B","2","Other",0.180958210441827,-0.827820822519667,-0.0353380006661415,-0.160779702385134
"CP018_90m_B_GCCCAATAGCGTATAT-1","90m","B","4","Other",-0.899451003803019,0.879772697373329,0.0890205124684805,0.459325103724203
"CP018_90m_B_GCCCCAAAGCCATAGC-1","90m","B","3","Other",-0.935313172133279,1.93034055766237,0.291650497730491,0.323469931409155
"CP018_90m_B_GCCCCAAAGGTCCACG-1","90m","B","4","Other",-0.501517249491759,0.633862478028363,0.12213096994012,0.755601670743198
"CP018_90m_B_GCCCGTAAGAACATAG-1","90m","B","8","Other",0.17760513738661,-0.81167081733423,-0.214015741112537,-0.234455399862844
"CP018_90m_B_GCCTCGAAGCAATATC-1","90m","B","2","HIV-Specific TCR",0.0225219531653575,-0.176282915423585,0.0235065845974279,-0.158433610015564
"CP018_90m_B_GCCTGCAAGATCGGAG-1","90m","B","2","Other",0.221558663864904,-0.424764441396862,0.165406397833669,0.43463737730754
"CP018_90m_B_GCGAAGCAGGCCATTA-1","90m","B","2","Other",0.263358274394244,-0.847022044395978,0.132347496042107,-0.236109504096444
"CP018_90m_B_GCGGATAAGAACGGGC-1","90m","B","0","Other",0.163984907300169,-0.758309115134799,-0.2278840342118,-0.0649287137269302
"CP018_90m_B_GCGGATAAGCTGTAAT-1","90m","B","3","Other",-1.04528578547725,1.37756026898035,0.453625134202519,-0.246883273632024
"CP018_90m_B_GCGGGATAGGGTTGTC-1","90m","B","4","Other",-0.218646957952373,-0.675485526952834,-0.0335946987485349,0.877140690575428
"CP018_90m_B_GCGTAGAAGCCATTGA-1","90m","B","0","Other",0.530690537259447,-0.858108482372161,-0.173323414374695,-0.256924238671112
"CP018_90m_B_GCGTAGAAGCTGTAAT-1","90m","B","0","Other",0.602774127371442,-0.810910769644288,-0.254393344208865,0.152086863707614
"CP018_90m_B_GCGTCATAGGTGTCCG-1","90m","B","4","Other",-0.574870295382908,-0.173172183282305,0.0728425119666914,0.671990589689131
"CP018_90m_B_GCGTGAAAGAACACCC-1","90m","B","2","HIV-Specific TCR",0.634057590084581,-0.798621936567345,-0.173560020388917,-0.3008201224714
"CP018_90m_B_GCGTGAAAGAAGCGTG-1","90m","B","3","HIV-Specific TCR",-1.11927727324296,0.910742085799703,-0.240966068550172,0.275711982175325
"CP018_90m_B_GCGTGAAAGGTTGTGC-1","90m","B","0","Other",0.258427601334414,-0.662319273620336,-0.201679893499599,-0.181210247880658
"CP018_90m_B_GCGTGTTAGCTCGTTT-1","90m","B","2","HIV-Specific TCR",0.377957302556568,-0.758522564611701,-0.12912046566547,0.0196839412575218
"CP018_90m_B_GCGTTACAGCGTACAC-1","90m","B","0","Other",0.0600970439321247,-0.685792857198379,-0.208477587571319,-0.211228349768591
"CP018_90m_B_GCGTTACAGGGACGGT-1","90m","B","2","Other",0.0661784061968262,0.711243486562188,0.407027974297857,-0.308676549755581
"CP018_90m_B_GCTAGAGAGCGATGGA-1","90m","B","2","Other",0.424178622076401,-0.780436326264303,0.0272531060000764,0.0303335979604875
"CP018_90m_B_GCTATGCAGACTAATC-1","90m","B","1","Other",-0.714357432833894,-0.721172549338987,-0.254428471481276,-0.268539683715616
"CP018_90m_B_GCTCAACAGGCAGGGT-1","90m","B","0","Other",0.0843844143442143,-0.81442813461967,-0.249574170006876,-0.0860587636516119
"CP018_90m_B_GCTCAGTAGCAGGAGC-1","90m","B","7","Other",0.306343326233756,-0.848287398771068,-0.256332844415083,-0.214734964517716
"CP018_90m_B_GCTCGATAGGTGAGAT-1","90m","B","4","Other",-0.525271610378595,-0.74290581832009,-0.150132451205786,0.208138551846908
"CP018_90m_B_GCTCGTGAGAGGCCAA-1","90m","B","2","Other",-0.153432002308871,-0.649862488431385,0.109960930095126,-0.146574018541261
"CP018_90m_B_GCTCGTGAGAGTCAGG-1","90m","B","2","Other",0.239466916502571,-0.755975246447673,0.123302900030877,-0.229948414280075
"CP018_90m_B_GCTGGTTAGAGTATTC-1","90m","B","0","Other",0.451249072043643,-0.722322400585169,-0.248787048520637,-0.227569787417743
"CP018_90m_B_GCTGTCGAGCCGTAAC-1","90m","B","2","Other",-0.162467734605004,-0.607988398895258,-0.0300651961196962,-0.21730162167884
"CP018_90m_B_GCTGTTAAGACGCCCA-1","90m","B","3","Other",-0.693706284198913,1.77212912917092,0.248502583206931,0.184941476446977
"CP018_90m_B_GCTTACAAGAAGGCAT-1","90m","B","0","Other",0.447994870682978,-0.773201401773616,-0.139583820034672,-0.0260331754067403
"CP018_90m_B_GCTTATGAGAAAGCGT-1","90m","B","4","Other",-0.831776480319544,-0.29724379749462,0.10861420006827,0.716665236028091
"CP018_90m_B_GCTTATGAGCCAAACC-1","90m","B","5","Other",0.217746587915326,-0.823945472786746,-0.195721980686488,-0.230153817974806
"CP018_90m_B_GCTTGACAGGTATAGA-1","90m","B","2","Other",0.2345312438615,-0.910058985559651,-0.154625026092299,-0.332136929651918
"CP018_90m_B_GCTTGTAAGGGAGCTA-1","90m","B","4","Other",-0.757787581999505,0.731053349864139,0.180047038707388,0.963995891692081
"CP018_90m_B_GCTTTAGAGAAGTGTA-1","90m","B","3","Other",-0.906899308264161,1.04651127066691,0.0612033503104764,-0.176309024679531
"CP018_90m_B_GCTTTAGAGCGTGAGA-1","90m","B","2","Other",-0.3328394508007,-0.384279344591353,0.329762926228266,-0.058487157760761
"CP018_90m_B_GCTTTAGAGGTTCTAG-1","90m","B","2","HIV-Specific TCR",0.0956595264235525,-0.86805845023745,-0.143168281912338,-0.0606804787156181
"CP018_90m_B_GGAAATCAGGTTAGTT-1","90m","B","2","Other",-0.014504384520887,-0.741529189679759,0.392655635497884,-0.289026839835305
"CP018_90m_B_GGAATCGAGATCGTAT-1","90m","B","3","Other",-0.951784590868988,1.33396426973478,0.0253237787478433,-0.237080548406734
"CP018_90m_B_GGAATGTAGCGTAGCT-1","90m","B","2","HIV-Specific TCR",0.380285523474433,0.343469190539094,0.283878918412931,0.138842440164976
"CP018_90m_B_GGAATTAAGCTTAGCA-1","90m","B","3","Other",-0.721952357558343,1.76535902480046,-0.00444672185558487,-0.23683272651559
"CP018_90m_B_GGACACAAGCGGATTC-1","90m","B","4","HIV-Specific TCR",-0.838014714135705,-0.0960665473770096,-0.015133129757855,0.576676102271106
"CP018_90m_B_GGACACAAGGGAGCTA-1","90m","B","2","Other",0.553037191310717,-0.748185265098761,-0.0358515871952022,-0.174427682001679
"CP018_90m_B_GGACATGAGATCGTTG-1","90m","B","1","Other",-0.413430269777666,-0.748765035772711,-0.197742739944607,-0.248724890224253
"CP018_90m_B_GGACATGAGCTGCATA-1","90m","B","1","Other",-0.176686657417032,-0.837420624006498,-0.249173394462185,-0.224109958275031
"CP018_90m_B_GGACGACAGCAAGCGA-1","90m","B","4","Other",-0.639279678938724,-0.440726300983523,0.111375880075102,0.207279795894151
"CP018_90m_B_GGACGACAGCATGGTC-1","90m","B","3","Other",-0.807990073306345,2.64009389092358,0.293880973409939,-0.177015170357684
"CP018_90m_B_GGAGAGGAGAGTGCAG-1","90m","B","4","HIV-Specific TCR",-0.0143481423560259,-0.893774497953749,0.367268773048892,1.35915654962415
"CP018_90m_B_GGAGATTAGCACCATA-1","90m","B","4","Other",0.0151766715400303,0.100112145312681,0.033073695299474,0.503763395551537
"CP018_90m_B_GGAGCGTAGCTAGTAT-1","90m","B","4","Other",0.227441066060603,0.180749305323631,0.128589824874481,0.334011279463052
"CP018_90m_B_GGAGCTAAGCACAGGA-1","90m","B","2","Other",-0.0671157497247699,0.267737793359083,0.117406502181985,-0.334731912870709
"CP018_90m_B_GGAGCTAAGGCCTATA-1","90m","B","2","Other",0.630332814298843,-0.477764427487785,0.131704699635084,-0.267843739381731
"CP018_90m_B_GGAGGTCAGGGACGAC-1","90m","B","3","Other",-1.18463102973134,2.10388480275416,0.132522549323322,-0.249130802487234
"CP018_90m_B_GGAGTATAGCACCATA-1","90m","B","0","Other",0.690244688108823,-0.585961779954317,-0.222816461024763,0.00137544312240248
"CP018_90m_B_GGATTAAAGAAGGGCC-1","90m","B","6","Other",-0.298945615213416,-0.51596038380294,-0.0669931216225246,0.0454499443999646
"CP018_90m_B_GGCCTTGAGCTATAGT-1","90m","B","5","Other",0.549461166418596,-0.857497998647836,-0.266768462027771,-0.0746296163297662
"CP018_90m_B_GGCGAGTAGAACCCGT-1","90m","B","1","Other",0.0232696421523562,-0.827234945504706,-0.0899749458942758,-0.246773758381906
"CP018_90m_B_GGCGAGTAGAGCGGTA-1","90m","B","4","Other",-0.364343145495958,-0.799438432511773,0.489333048694447,0.64360610612702
"CP018_90m_B_GGCGGATAGCCATCAA-1","90m","B","3","Other",-1.0083208021726,2.09678327020928,0.338954324487827,0.313931508621045
"CP018_90m_B_GGCGTAAAGAGTTAGA-1","90m","B","2","Other",0.547341298776283,-0.838385273673122,0.164847849114829,-0.165834039302405
"CP018_90m_B_GGCGTAAAGCATGTTG-1","90m","B","2","Other",0.0128842643900937,-0.79641605252504,-0.0017377185074639,-0.172833311982966
"CP018_90m_B_GGCTAGAAGCATCGAC-1","90m","B","2","HIV-Specific TCR",0.00521962015755451,-0.279974151265273,0.537780921762272,-0.181935091273341
"CP018_90m_B_GGGCATAAGCATTGCA-1","90m","B","2","Other",0.135163488776312,-0.844923120332314,0.04501888836142,-0.130570588281431
"CP018_90m_B_GGGCTAAAGGCGGTTT-1","90m","B","3","Other",-0.833602201265041,0.873191503378306,0.0466234439116735,-0.256429789726852
"CP018_90m_B_GGGCTTTAGAACTTCG-1","90m","B","1","Other",0.0227379355696196,-0.803265639432774,-0.103632459725374,-0.319218779842392
"CP018_90m_B_GGGCTTTAGATGGTTT-1","90m","B","2","Other",-0.389813496796158,-0.813432867305962,0.0565601738237695,-0.20348433448305
"CP018_90m_B_GGGGCATAGAGTACGG-1","90m","B","1","Other",-0.204220180326397,-0.846247098727141,-0.256673817669101,-0.244792122957625
"CP018_90m_B_GGGTATGAGCATTAGT-1","90m","B","2","Other",0.0380143494656533,-0.720750947009016,0.436266665120859,-0.0972906831642225
"CP018_90m_B_GGGTTAGAGCAAAGGT-1","90m","B","3","HIV-Specific TCR",-0.947304127268571,0.609615682744689,0.103163683372505,-0.212211246724625
"CP018_90m_B_GGGTTTCAGCGCCTAG-1","90m","B","2","Other",0.372330503331356,0.0907486457231935,0.592264260232966,-0.274750126286103
"CP018_90m_B_GGTAAGTAGGCACCCA-1","90m","B","1","Other",-0.570945390337773,0.401378041939394,0.681825769304832,-0.186411949229733
"CP018_90m_B_GGTACAGAGACAGCGA-1","90m","B","2","Other",0.539955942236913,-0.624629758107977,0.186286584636277,-0.179891725246958
"CP018_90m_B_GGTAGTGAGCCAAATT-1","90m","B","7","Other",0.480726840618079,-0.564935709578157,-0.218899231620552,-0.187740642261266
"CP018_90m_B_GGTCTGTAGACAGACG-1","90m","B","2","Other",0.301999558060729,-0.476403824692551,0.0966022593016634,-0.340071984673068
"CP018_90m_B_GGTGAATAGGTGTCGT-1","90m","B","4","Other",-0.224999447157259,-0.81920897165278,-0.193150735840896,0.675837424681349
"CP018_90m_B_GGTGATGAGCGGCCTA-1","90m","B","2","Other",0.530373913145785,-0.453677628865022,-0.140540454003025,-0.15583282012765
"CP018_90m_B_GGTGTTCAGACAACCC-1","90m","B","6","Other",-1.02765999361583,1.24659456450942,-0.0446357875658787,0.0164868989848381
"CP018_90m_B_GGTTAGGAGGTCACGT-1","90m","B","8","Other",0.272477570638128,-0.820657723928499,-0.243527206189308,-0.0311085865216475
"CP018_90m_B_GGTTCCGAGACCCGTG-1","90m","B","3","Other",-0.498162039839315,0.928689952659402,-0.0235389084366531,-0.141120697797104
"CP018_90m_B_GGTTCCGAGGGGTTGA-1","90m","B","3","HIV-Specific TCR",-0.778891529997576,1.98678505539056,0.306447719713311,-0.230686858017221
"CP018_90m_B_GGTTCGTAGAACGGCA-1","90m","B","4","Other",-0.231021840727748,0.357999652300952,0.141396133070968,0.152250650316597
"CP018_90m_B_GGTTGTCAGAGAAGGA-1","90m","B","0","Other",0.362025437834956,-0.877645854788369,-0.307775423390028,-0.163058239780335
"CP018_90m_B_GGTTGTCAGCGACAAG-1","90m","B","2","Other",-0.682868038361178,0.245965710932633,0.592663219213023,-0.166641922681141
"CP018_90m_B_GGTTTCAAGATCTGCA-1","90m","B","4","Other",-0.153543134923829,0.0356250907523548,0.087373484509999,0.628316072163211
"CP018_90m_B_GTAACCCAGAACGTGG-1","90m","B","2","Other",0.0704158716577967,-0.650876696951427,0.209451724476915,-0.0197214829201045
"CP018_90m_B_GTAACCCAGCAACCCG-1","90m","B","7","Other",-0.0289570921360174,-0.852620920914464,-0.224979462941806,-0.260997948971362
"CP018_90m_B_GTAAGACAGCAGGCTT-1","90m","B","1","Other",-0.711330442683515,0.0628412968314114,-0.0138084390843435,-0.299601916825927
"CP018_90m_B_GTAAGCGAGCCATCGG-1","90m","B","0","Other",0.453264264918245,-0.835373283004942,-0.236223993435975,-0.200458638925631
"CP018_90m_B_GTAATAGAGCCGCTAG-1","90m","B","2","Other",0.346153524704053,-0.758390289072504,0.463682157431247,-0.280779953814061
"CP018_90m_B_GTAATGAAGCGTCTAA-1","90m","B","2","Other",0.120342723413993,-0.717630934015822,-0.0502584670939071,-0.172872160356295
"CP018_90m_B_GTACCCGAGCCCATGG-1","90m","B","4","Other",-0.157213914153131,0.75875625355167,-0.0464635268392276,1.59136856903229
"CP018_90m_B_GTAGCAGAGATGTGAA-1","90m","B","1","Other",0.376180397684346,-0.749354338702632,-0.140900631964928,-0.0656763223866921
"CP018_90m_B_GTAGGATAGCACCACG-1","90m","B","4","Other",-0.774036853496692,0.841776516410632,0.499264250961024,1.03654646901456
"CP018_90m_B_GTAGTAAAGACACCGT-1","90m","B","0","Other",0.313099676297894,-0.805376088498009,-0.207800791684728,-0.197444141503262
"CP018_90m_B_GTATACTAGCATTCAG-1","90m","B","3","Other",-0.211659897756944,0.964437562552145,-0.209434416710383,-0.209000931057732
"CP018_90m_B_GTATAGAAGCACTACA-1","90m","B","8","Other",0.367846296249867,-0.709877914043739,-0.209218397147652,-0.237928246442603
"CP018_90m_B_GTATAGAAGCGCACAT-1","90m","B","6","Other",-1.00113551226832,0.193429320510348,0.156348302635291,0.272491280823331
"CP018_90m_B_GTATATCAGCAACATT-1","90m","B","3","Other",-1.06204430406038,1.84255691298663,-0.240314406968574,-0.186691825696605
"CP018_90m_B_GTATCCAAGCGACAGA-1","90m","B","5","Other",0.401649678053647,-0.780435060358275,-0.187787445404814,0.051470859116981
"CP018_90m_B_GTATCCAAGCGCTGCA-1","90m","B","2","Other",0.114207777541534,-0.337212371160094,0.222775907453993,-0.307605336214062
"CP018_90m_B_GTATTGTAGGCTTATG-1","90m","B","3","HIV-Specific TCR",-1.09544350903155,2.17443974247916,0.262410045162094,-0.194795511625514
"CP018_90m_B_GTCACGTAGGCATCAC-1","90m","B","2","Other",0.346188261582096,-0.940129580509728,-0.128356018977698,-0.0866590880110244
"CP018_90m_B_GTCCACGAGGGCTAAG-1","90m","B","2","Other",-1.08179284072231,-0.786416326528234,-0.14395486920678,-0.20668872021642
"CP018_90m_B_GTCCATAAGAGTTGGG-1","90m","B","2","HIV-Specific TCR",0.353356450406441,-0.196518491558031,0.0682802749721823,-0.0805253650819897
"CP018_90m_B_GTCCGCAAGGCTAAGG-1","90m","B","2","Other",0.259024433710553,-0.796711824257019,-0.038424795403884,-0.127120819764912
"CP018_90m_B_GTCCTAAAGAGACTTT-1","90m","B","4","HIV-Specific TCR",0.171475204065962,-0.301180377911243,0.292709160839239,1.5287401678652
"CP018_90m_B_GTCCTAAAGATACGAA-1","90m","B","2","HIV-Specific TCR",0.404782400532294,-0.848880848934781,-0.103601180995593,-0.238529793639837
"CP018_90m_B_GTCCTTTAGGGCCTTG-1","90m","B","1","Other",0.0992515830933138,-0.686438863275965,-0.199469566261491,-0.198282599756365
"CP018_90m_B_GTCCTTTAGGTCCGCA-1","90m","B","0","Other",0.540760917378208,-0.693601915763687,-0.279154501538734,0.151629509560777
"CP018_90m_B_GTCGCCAAGACCCTAA-1","90m","B","6","Other",0.313297918166336,0.43174261033935,-0.1665252444988,-0.329487010331392
"CP018_90m_B_GTCGCCAAGGCTTGCG-1","90m","B","7","Other",0.422056816259599,-0.741700333749137,-0.131603614311723,-0.246852271083219
"CP018_90m_B_GTCGGTTAGCACGGTT-1","90m","B","2","Other",0.494738528710294,-0.767375140120349,-0.0833731507727098,-0.246825884155506
"CP018_90m_B_GTCGTACAGCCACTTT-1","90m","B","2","HIV-Specific TCR",0.348893569371295,-0.419595321683645,0.0937918138328449,-0.143069036936389
"CP018_90m_B_GTCGTACAGCTCTGGG-1","90m","B","2","HIV-Specific TCR",0.43990866902516,-0.326137179113347,0.180171838702344,-0.321018989532314
"CP018_90m_B_GTCTAGCAGAACCAGG-1","90m","B","2","Other",0.213016829962359,-0.867830486032812,0.220260637661285,-0.345629793460155
"CP018_90m_B_GTCTCCCAGACAGTTT-1","90m","B","0","Other",0.208786738707479,-0.802013682626433,-0.278312860975743,-0.247202802152524
"CP018_90m_B_GTCTGGTAGCTTGGGT-1","90m","B","4","Other",-0.492144203928303,-0.992032996967348,-0.257921598566899,1.2741066738208
"CP018_90m_B_GTGAGATAGCCATTAG-1","90m","B","4","Other",-0.478119078416657,0.618279513376009,0.326435444245553,0.309722302424971
"CP018_90m_B_GTGAGTGAGAGCGTAG-1","90m","B","2","Other",0.401341341322825,-0.416526207026738,0.239573912896082,-0.216336117021767
"CP018_90m_B_GTGCCATAGCATCTAG-1","90m","B","0","Other",0.268983898817728,-0.742579239497061,-0.229736208424714,-0.0612102880093241
"CP018_90m_B_GTGCCCAAGCTGTACA-1","90m","B","5","Other",0.366892482632285,-0.840074884894687,-0.160955319430571,-0.256062934662803
"CP018_90m_B_GTGCTACAGAACGGGC-1","90m","B","0","Other",0.686418012323477,-0.880662291158976,-0.315871939550762,-0.314670271185449
"CP018_90m_B_GTGGGTAAGACCCGTG-1","90m","B","4","Other",-0.198850178260789,-0.269669069836914,-0.202250997918423,1.28382385570787
"CP018_90m_B_GTTAATCAGAGCCTGT-1","90m","B","3","Other",-1.13507010236802,1.72930134906293,-0.205283274471294,-0.198145893684536
"CP018_90m_B_GTTAATCAGCAAGACG-1","90m","B","4","Other",-0.0168330544823767,-0.175140947693972,0.222166172246719,0.294349362801576
"CP018_90m_B_GTTAGCCAGAATCTGT-1","90m","B","6","Other",-0.66059124255709,0.182896759179119,-0.0505646453434185,-0.215886237090959
"CP018_90m_B_GTTAGGGAGCAAGTAA-1","90m","B","2","HIV-Specific TCR",-0.217196035936578,-0.878871532956843,0.0164555507530914,-0.259906066293546
"CP018_90m_B_GTTAGGGAGCTCCTCA-1","90m","B","7","Other",-0.204603250025989,-0.748356509356091,-0.185972169329164,-0.134814360272997
"CP018_90m_B_GTTATGTAGAGTAAGC-1","90m","B","4","Other",-0.445620473312347,-0.883763640173041,-0.0530944054116424,1.76001348986585
"CP018_90m_B_GTTCATGAGAGAAGCT-1","90m","B","0","Other",0.76532850027434,-0.882947193042545,-0.305839082633384,-0.314321043501255
"CP018_90m_B_GTTCGACAGGCGATAG-1","90m","B","4","HIV-Specific TCR",-0.103246956390845,-0.512458072077133,0.44005244512103,1.45544158081477
"CP018_90m_B_GTTGGAGAGGTAGAAC-1","90m","B","2","Other",0.164311973166847,-0.665880122214271,0.515035084798342,-0.149028064847093
"CP018_90m_B_GTTGGTCAGACGACGA-1","90m","B","3","Other",-1.14854328144982,1.55349646152046,-0.234947861391114,-0.290310942407891
"CP018_90m_B_GTTGTATAGATCACAT-1","90m","B","3","Other",-0.979796356342422,0.853922624764528,0.360931446455854,0.106902922480449
