"Module","rho","p_value","p_adj"
"Exhaustion",0.703050478092452,0.000544981518607616,0.00381487063025331
"Stemness",-0.293947829202448,0.208411205765444,0.291775688071621
"Cytotoxicity",-0.0651533848232229,0.784927754796608,0.784927754796608
"Stress_IFN",0.440921743803671,0.0516619320867,0.1205445082023
"TypeI_IFN_Memory",0.322736534124337,0.16518018908103,0.289065330891803
"Inflammatory_Chemokines",0.533348638552895,0.0154482062293721,0.0540687218028024
"Terminal_Differentiation",-0.260613539292892,0.267098555996084,0.311614981995431
