"p_val","avg_log2FC","pct.1","pct.2","p_val_adj","cluster","gene"
0,0.514639160813195,1,0.999,0,"0","RPL32"
0,0.55954285420729,1,1,0,"0","RPS8"
5.10657358711564e-293,0.542120863051911,1,1,7.26256895559587e-289,"0","RPS12"
1.53564791697339e-189,0.525890376843449,1,0.985,2.18399846751956e-185,"0","EEF1B2"
3.4627589256573e-164,0.610513760852318,0.997,0.975,4.92473574406982e-160,"0","GIMAP7"
2.50587537067768e-99,0.569159365888073,0.995,0.775,3.56385595217779e-95,"0","SELL"
1.24544081910029e-92,0.59144245944449,0.975,0.893,1.77126593292444e-88,"0","TXNIP"
1.01634040093877e-90,0.981243812241861,0.671,0.4,1.44543931821511e-86,"0","S100B"
5.10066816963275e-81,0.764456644101747,0.808,0.576,7.25417027085169e-77,"0","LINC00861"
7.2300991608947e-79,0.842278648189594,0.768,0.565,1.02826470266244e-74,"0","SNHG25"
2.29760612749485e-69,0.580955835153776,0.898,0.77,3.26765543452318e-65,"0","STAT1"
2.4335736549062e-55,1.33369995407092,0.287,0.112,3.4610284520076e-51,"0","NOG"
9.92361388711247e-53,0.635140805258404,0.722,0.556,1.41133636702514e-48,"0","CD55"
1.29779600074519e-47,0.625645568426818,0.724,0.576,1.8457254722598e-43,"0","GBP1"
8.69312947518379e-43,0.788186030690404,0.505,0.316,1.23633687396064e-38,"0","FOS"
3.48151608934162e-41,0.822948990018296,0.454,0.28,4.95141218226165e-37,"0","FCER1G"
2.19482999327211e-37,0.685925179426135,0.607,0.467,3.1214872164316e-33,"0","MYC"
8.66139248731182e-34,0.984383870191881,0.323,0.176,1.23182323954549e-29,"0","IFI44L"
5.14163053113373e-32,0.592126227389812,0.64,0.524,7.31242694137839e-28,"0","TMEM204"
1.92959414355999e-31,0.519968018884552,0.619,0.461,2.74426879097101e-27,"0","MAL"
4.61438334027928e-31,0.76414953631814,0.433,0.285,6.5625759865452e-27,"0","MX2"
4.5061362495361e-29,0.728588736925842,0.51,0.383,6.40862697409024e-25,"0","TOB1"
6.36923486008528e-27,1.06166486923492,0.265,0.145,9.05832581801329e-23,"0","ITGA6"
2.60201972063614e-26,0.799423205745176,0.462,0.349,3.70059244668872e-22,"0","CHMP7"
3.93884722726969e-25,0.569594460485461,0.558,0.443,5.60182852662295e-21,"0","LDLRAP1"
4.12196906009192e-22,0.809320005545736,0.261,0.151,5.86226439726273e-18,"0","SCML1"
1.18661375478904e-20,0.537350103435253,0.474,0.362,1.68760208206098e-16,"0","DCTN6-DT"
3.66624917818028e-20,0.507847494278167,0.539,0.442,5.21413958120799e-16,"0","FAM117B"
1.26960661919344e-18,0.615939813127049,0.456,0.359,1.80563453381691e-14,"0","BEX2"
5.42693575947362e-18,0.695829202854533,0.442,0.364,7.71818803712338e-14,"0","CLUAP1"
7.69163793483366e-18,0.502190312408172,0.512,0.416,1.09390474709204e-13,"0","ACTN1"
2.2103798781982e-17,0.620187443974126,0.384,0.28,3.14360226277348e-13,"0","FBLN5"
3.36000191061116e-17,0.581193578989074,0.474,0.392,4.7785947172712e-13,"0","MARCKSL1"
3.09634338421391e-16,0.541783087193575,0.502,0.423,4.40361956102903e-12,"0","DPH5-DT"
3.80778346501047e-16,0.535434958598387,0.479,0.396,5.41542964393789e-12,"0","AKTIP"
4.34041715232405e-16,0.653948840985668,0.43,0.354,6.17294127403526e-12,"0","HAPLN3"
2.2968206918639e-14,0.543626370663024,0.486,0.419,3.26653838796883e-10,"0","IL6ST"
1.43951181329748e-13,0.512075424486908,0.498,0.44,2.04727370087168e-09,"0","ARHGEF18"
3.23744389285642e-13,0.649704476475003,0.385,0.318,4.6042927044204e-09,"0","LINS1"
1.16125800285969e-12,0.761887860368956,0.297,0.226,1.65154113166705e-08,"0","EIF4EBP3"
1.66082407114111e-12,0.793084867976646,0.317,0.248,2.36202399397689e-08,"0","CHI3L2"
1.85542659479752e-12,0.667368607948434,0.293,0.215,2.63878770312104e-08,"0","CALHM6"
5.28187346599322e-11,0.50189614765388,0.446,0.381,7.51188044333555e-07,"0","BEX3"
1.44501311820141e-09,0.673335080053864,0.278,0.218,2.05509765670604e-05,"0","PDK1-AS1"
1.46513327419991e-09,0.609084072268931,0.369,0.323,2.08371254256712e-05,"0","TBC1D4"
2.83877061730894e-09,0.538267728265483,0.266,0.197,4.03729957193678e-05,"0","NT5E"
4.2695401065769e-09,0.617294108445367,0.316,0.262,6.07213993957367e-05,"0","CMTM8"
4.33788429871531e-08,0.568681373701447,0.263,0.207,0.000616933904963291,"0","PDK1"
5.04666070431335e-08,0.538668749850753,0.339,0.29,0.000717736085367445,"0","GSTM2"
0.00391027315983912,0.522816017754127,0.252,0.236,1,"0","MAGEF1"
0.00785078091939705,0.508610188984231,0.268,0.258,1,"0","MAGEH1"
2.34539556779977e-91,2.40525854176237,0.48,0.163,3.33562157652483e-87,"1","LINC02964"
4.05842233902938e-80,1.15765657672555,0.941,0.84,5.77188825056759e-76,"1","GBP5"
1.98540408346913e-76,0.594337192302072,0.998,0.985,2.8236416875098e-72,"1","SARAF"
3.94673740318542e-72,1.02615328860823,0.931,0.798,5.6130499348103e-68,"1","STAT1"
1.35301133597968e-66,3.35187039775346,0.311,0.089,1.9242527220303e-62,"1","H1-0"
6.43211120229942e-63,0.737763545856409,0.964,0.909,9.14774855191023e-59,"1","LEPROTL1"
1.1917243521281e-61,0.991664147312837,0.872,0.701,1.69487037359658e-57,"1","NELL2"
9.47179277804409e-61,1.18209489454346,0.787,0.547,1.34707836889343e-56,"1","LRRN3"
1.15222174297619e-60,0.910792683157292,0.923,0.838,1.63868976286074e-56,"1","GBP2"
1.86304138389878e-57,0.755026792691385,0.971,0.774,2.64961745618084e-53,"1","CCR7"
2.99926811394057e-56,0.710250962351377,0.966,0.886,4.26555911164628e-52,"1","CAMK4"
7.23566821376395e-54,0.665345925246283,0.989,0.842,1.02905673336151e-49,"1","IL7R"
1.24146869174714e-53,0.756803956244442,0.967,0.881,1.76561677340278e-49,"1","PDE3B"
3.17355950544763e-47,0.503836457760719,0.998,0.989,4.51343632864763e-43,"1","BTG1"
6.94288610404017e-46,0.644775502597367,0.959,0.906,9.87417261716594e-42,"1","PDCD4"
1.39311333427437e-42,0.702261981974935,0.943,0.928,1.98128578400501e-38,"1","H1-10"
1.73174100500327e-42,0.686230684966197,0.902,0.872,2.46288205731565e-38,"1","ANKRD12"
2.22533104863008e-42,0.776679380984446,0.89,0.842,3.16486581736171e-38,"1","GPR171"
5.09187669637908e-42,0.591267686553145,0.995,0.83,7.24166703759033e-38,"1","SELL"
3.15570400742204e-40,0.784102387298933,0.849,0.741,4.48804223935563e-36,"1","PIK3IP1"
2.66422433445079e-39,0.566728345757427,0.951,0.914,3.78905984845592e-35,"1","PRMT2"
3.6453973218716e-38,0.529177007281714,0.987,0.965,5.18448407116578e-34,"1","STK17A"
1.35036280933399e-37,0.962311204707152,0.761,0.657,1.9204859874348e-33,"1","GBP4"
4.69024857205779e-37,0.642876555946975,0.918,0.859,6.67047151918058e-33,"1","GIMAP5"
4.85968527816049e-36,1.14446021574333,0.607,0.434,6.91144440259984e-32,"1","GPR155"
5.99156392692021e-36,0.627571580196917,0.923,0.879,8.52120221686592e-32,"1","SMCHD1"
2.31926693745224e-35,0.584737512258831,0.905,0.879,3.29846143844458e-31,"1","KIF2A"
5.8376721928366e-35,0.769754710077978,0.846,0.763,8.30233739265221e-31,"1","ABLIM1"
1.68295935905251e-33,0.607565469239569,0.889,0.813,2.39350480044447e-29,"1","PRKCQ-AS1"
1.91814973291511e-33,1.3021073481236,0.48,0.277,2.72799255015187e-29,"1","TNFSF13B"
2.34048041966744e-33,0.925320746542093,0.728,0.597,3.32863125285104e-29,"1","CD55"
7.21248834881555e-33,1.36732926591364,0.48,0.303,1.02576009296855e-28,"1","MAP3K1"
1.86932499579705e-32,1.03587838202014,0.664,0.527,2.65855400902257e-28,"1","SATB1-AS1"
6.75766655472788e-32,0.622620946183534,0.912,0.849,9.61075337413399e-28,"1","RIPOR2"
6.76562078225268e-32,0.578672189134277,0.928,0.899,9.62206587651976e-28,"1","CYTIP"
1.47859240872466e-31,0.723447530416898,0.8,0.71,2.10285412368821e-27,"1","ERAP2"
3.94203572154339e-31,0.68866769156188,0.792,0.686,5.606363203179e-27,"1","MGAT4A"
3.96684230224414e-31,0.570329559561693,0.913,0.869,5.64164312225162e-27,"1","CDC42SE2"
8.85157118590871e-30,0.566579560595584,0.921,0.871,1.25887045405994e-25,"1","ATM"
1.3012473537127e-29,0.572216665345498,0.917,0.875,1.85063398645021e-25,"1","EPB41"
2.48603526239439e-29,0.701961573352373,0.869,0.846,3.5356393501773e-25,"1","RESF1"
9.52630277358161e-29,0.653121706857799,0.876,0.812,1.35483078045878e-24,"1","FOXP1"
1.63580919783036e-28,0.980152826654244,0.633,0.519,2.32644784115433e-24,"1","SERINC5"
6.08729662309842e-28,0.932006723185015,0.65,0.537,8.65735325737057e-24,"1","LPIN2"
1.46280285855008e-27,0.790899728915558,0.72,0.631,2.08039822542993e-23,"1","TRIM22"
2.18350330665225e-26,0.586554602170402,0.928,0.907,3.10537840272083e-22,"1","PCED1B-AS1"
2.95457637355743e-25,0.780698196765865,0.73,0.645,4.20199851847338e-21,"1","PCED1B"
3.57261836781058e-25,0.820975337610582,0.66,0.538,5.08097784270021e-21,"1","S1PR1"
9.70049029799867e-25,0.778817588141291,0.779,0.726,1.37960373018137e-20,"1","COA1"
2.57713555778839e-24,0.66710594116997,0.805,0.75,3.66520219028665e-20,"1","ZFP36L1"
2.58983509334772e-24,0.581485745823484,0.885,0.842,3.68326346975913e-20,"1","TPR"
3.10349954733509e-24,0.510750546904514,0.869,0.839,4.41379705621997e-20,"1","N4BP2L2"
3.28374844705232e-24,0.536300053183335,0.827,0.729,4.67014704139781e-20,"1","MRPS6"
1.78638425021324e-23,0.812711048982718,0.661,0.571,2.54059568065328e-19,"1","SLC38A2"
3.46196634864645e-23,0.784953335231777,0.656,0.566,4.92360854104497e-19,"1","RCAN3"
1.32191564131466e-22,0.781366242721834,0.72,0.672,1.8800284250777e-18,"1","XRN1"
1.78977839461287e-22,1.3347472716965,0.311,0.163,2.54542283281843e-18,"1","SERPINF1"
2.14114630800728e-22,1.18281936511715,0.457,0.308,3.04513827924795e-18,"1","ANK3"
2.94432867738962e-22,0.556669449803196,0.831,0.775,4.18742424498351e-18,"1","LINC00869"
1.04667612155248e-21,0.506418636128929,0.846,0.8,1.48858278007193e-17,"1","SNHG32"
2.63293036833044e-21,0.671279987925864,0.779,0.72,3.74455356983955e-17,"1","NEAT1"
7.13958088381187e-21,0.537983313097302,0.864,0.838,1.01539119329572e-16,"1","KRT10"
1.32204204638355e-19,0.529964339563807,0.812,0.783,1.88020819836668e-15,"1","USP15"
2.01541353891559e-19,0.595255156482394,0.759,0.666,2.86632113504576e-15,"1","TC2N"
1.32173853074568e-17,1.36664972257873,0.293,0.17,1.87977653842651e-13,"1","ENSG00000290109"
2.65937082096635e-17,0.567519007273076,0.841,0.77,3.78215718157835e-13,"1","PLAC8"
3.67401340624253e-17,0.677682739724749,0.691,0.617,5.22518186635812e-13,"1","GBP1"
7.28226608181563e-17,0.797850499957211,0.571,0.489,1.03568388215582e-12,"1","SNHG1"
8.39635365730723e-17,0.621819138388855,0.697,0.662,1.19412941714223e-12,"1","ITK"
1.78132985072048e-15,0.667010643459995,0.622,0.547,2.53340731369466e-11,"1","GABPB1-AS1"
1.85663170485006e-15,0.871981976852628,0.519,0.409,2.64050161063775e-11,"1","SOCS1"
3.27494800184352e-15,0.855634370453604,0.517,0.441,4.65763104822185e-11,"1","DYRK2"
4.87908406678106e-15,0.514836727965031,0.704,0.625,6.93903335977603e-11,"1","SNHG25"
7.61752503549102e-15,0.801261409707365,0.527,0.44,1.08336441054753e-10,"1","DPH5-DT"
1.36260980525567e-14,0.734491082312489,0.602,0.548,1.93790366503461e-10,"1","SATB1"
1.61452391612555e-14,0.611477698938089,0.658,0.616,2.29617591351376e-10,"1","ZNF800"
2.18575538347287e-14,0.671454878384427,0.622,0.565,3.10858130637511e-10,"1","PAG1"
2.32210182328776e-14,0.522664247379595,0.782,0.752,3.30249321307985e-10,"1","DDX3X"
3.20899332888499e-14,0.567497843979398,0.707,0.682,4.56383031234023e-10,"1","TGFBR2"
6.52120403655682e-14,0.680141998451417,0.573,0.472,9.27445638079111e-10,"1","ARMH1"
9.84862211485779e-14,1.01802474174464,0.432,0.34,1.40067103717507e-09,"1","ENSG00000290067"
1.10017123423664e-13,0.699781015339147,0.717,0.685,1.56466352933135e-09,"1","TALAM1"
1.24731837386297e-13,0.78224978447901,0.548,0.502,1.77393619130792e-09,"1","USP25"
1.25196533472873e-13,0.53916207085936,0.727,0.694,1.7805450990512e-09,"1","RBL2"
1.33266384596676e-13,0.687973804053775,0.588,0.505,1.89531452173393e-09,"1","MYC"
3.1350125085578e-13,0.885839164841833,0.483,0.401,4.4586147896709e-09,"1","BTG1-DT"
3.24683777889236e-13,0.792103542448572,0.534,0.448,4.61765268914072e-09,"1","FAAH2"
3.67973019836111e-13,1.05695631321926,0.373,0.274,5.23331228810917e-09,"1","TMEM140"
6.17094063730087e-13,0.925467628942421,0.452,0.377,8.7763117743693e-09,"1","LRIF1"
7.55525754938323e-13,0.787393746314083,0.54,0.462,1.07450872867328e-08,"1","AQP3"
8.33193896629542e-13,0.639705161086379,0.561,0.508,1.18496835978654e-08,"1","NPAT"
1.18114401560451e-12,0.518815691711782,0.715,0.647,1.67982301899274e-08,"1","LINC00861"
1.22964860212452e-12,0.745612436528239,0.457,0.362,1.74880624194149e-08,"1","TIMP1"
2.21213311833984e-12,0.631071817547691,0.622,0.561,3.14609572090293e-08,"1","SNHG3"
4.86771936101142e-12,0.56826099047455,0.653,0.608,6.92287047523044e-08,"1","SNRK"
5.9069859521559e-12,0.685391756781964,0.512,0.44,8.40091542115612e-08,"1","ACTN1"
6.83515778781107e-12,0.697076137391211,0.54,0.481,9.7209614058249e-08,"1","SAMD9L"
8.5020180569478e-12,0.580908178143913,0.646,0.632,1.20915700805912e-07,"1","WAC"
2.04671679203575e-11,0.529020225050739,0.578,0.487,2.91084062163324e-07,"1","PASK"
3.76807331570069e-11,0.93495627320762,0.388,0.305,5.35895386958951e-07,"1","APBA2"
4.66474255174618e-11,1.07265503345873,0.283,0.189,6.63419685709341e-07,"1","PLAG1"
9.01298600020539e-11,0.920652348325362,0.416,0.334,1.28182686894921e-06,"1","RUNX2"
9.2280828108872e-11,0.716481338268711,0.525,0.468,1.31241793736438e-06,"1","FAM117B"
1.36314755454383e-10,0.778369095466361,0.481,0.417,1.93866845207224e-06,"1","AKTIP"
2.56571137604411e-10,0.650458346285027,0.561,0.528,3.64895471900993e-06,"1","SUPT3H"
2.85913572091671e-10,0.699111047143215,0.468,0.407,4.06626282228774e-06,"1","NPC2"
3.107625726634e-10,0.821754550215679,0.414,0.335,4.41966530841888e-06,"1","PCMTD2"
3.52118886752679e-10,0.700915428181587,0.517,0.479,5.00783480739659e-06,"1","MEF2A"
3.96333187539458e-10,0.627909065971611,0.509,0.463,5.63665059318618e-06,"1","TAP2"
5.82476438858044e-10,0.734753216931584,0.486,0.439,8.2839799134391e-06,"1","IMMP2L"
8.01077117044426e-10,1.02637854054684,0.34,0.265,1.13929187586058e-05,"1","PARP12"
8.2529470404572e-10,0.799300451563088,0.368,0.288,1.17373412809382e-05,"1","ABHD13"
9.05503521063538e-10,0.55939763740527,0.592,0.56,1.28780710765656e-05,"1","TMEM204"
9.94743546132597e-10,0.532414561056521,0.717,0.68,1.41472427130978e-05,"1","MAML2"
1.08281061543451e-09,0.594880212806214,0.591,0.549,1.53997325727096e-05,"1","TESPA1"
1.10908326755502e-09,0.831848964813006,0.432,0.373,1.57733822311675e-05,"1","HAPLN3"
1.11538076766536e-09,1.07838102128927,0.264,0.178,1.58629452777367e-05,"1","SCML1"
1.16470001442169e-09,0.504503914953457,0.638,0.61,1.65643636051053e-05,"1","CLK1"
1.32721251284501e-09,0.813017918859101,0.442,0.386,1.88756163576818e-05,"1","LINC00649"
1.73524067610582e-09,0.666578364073919,0.352,0.259,2.4678592895577e-05,"1","MXI1"
2.3038335369495e-09,0.718741215970428,0.493,0.435,3.27651205624958e-05,"1","IL6ST"
2.38740697081602e-09,0.604185058195351,0.535,0.482,3.39537019389454e-05,"1","ENSG00000268027"
2.41780891445739e-09,0.609116250973645,0.565,0.535,3.43860783814131e-05,"1","LINC-PINT"
3.09672640400496e-09,0.915300122194686,0.357,0.281,4.40416429177585e-05,"1","TMEM63A"
3.55082113569645e-09,0.704881723943264,0.473,0.416,5.04997781918749e-05,"1","DANCR"
3.79205978558811e-09,0.592300284619457,0.591,0.57,5.39306742706341e-05,"1","ZEB1"
3.86370921643711e-09,0.904428626342915,0.375,0.308,5.49496724761686e-05,"1","SLC5A3"
4.30343306441653e-09,0.748704426333133,0.444,0.383,6.12034250421319e-05,"1","CLUAP1"
7.4511332575068e-09,0.865931357247555,0.38,0.319,0.000105970017188262,"1","PARP11"
7.52670095976042e-09,0.618719428979991,0.507,0.454,0.000107044741049713,"1","MHENCR"
1.80800783848072e-08,0.62174836792007,0.453,0.385,0.000257134874788728,"1","STMN3"
1.88268147475516e-08,0.53648383527294,0.556,0.523,0.000267754959339679,"1","BTG2"
2.05920505597237e-08,0.767820228555762,0.48,0.442,0.000292860143060391,"1","LRRC8C"
2.25934626800493e-08,0.656948568948005,0.45,0.39,0.000321324226235661,"1","CREBRF"
2.84982016152027e-08,0.570077098456184,0.609,0.617,0.000405301423371413,"1","HIF1A"
2.99087378747122e-08,0.677381989991921,0.507,0.481,0.000425362070054156,"1","MAPKAPK5-AS1"
3.73249779798092e-08,0.545879862247431,0.628,0.619,0.000530835836828847,"1","TAP1"
7.54853471218787e-08,0.735740852233657,0.452,0.406,0.00107355260676736,"1","SLC16A7"
8.06622705328716e-08,0.548848406925808,0.475,0.43,0.0011471788115185,"1","NLRP1"
8.81013120862857e-08,0.579919522342375,0.52,0.493,0.00125297686049116,"1","CCDC66"
1.09380139132464e-07,0.883030831744907,0.198,0.329,0.0015556043387419,"1","HSPH1"
1.19377263427263e-07,0.808955932439305,0.381,0.325,0.00169778344046253,"1","P2RY8"
1.26573416053998e-07,0.800013896570732,0.385,0.332,0.00180012712311995,"1","TRANK1"
1.31521565287812e-07,0.605695675807927,0.524,0.509,0.00187049970152326,"1","PLCL2"
2.03907275850252e-07,0.643234764780134,0.506,0.484,0.00289996927714228,"1","BIRC2"
2.16684982932084e-07,0.686999592628337,0.476,0.447,0.00308169382726009,"1","C1GALT1"
3.69073877485189e-07,0.627241305561119,0.54,0.531,0.00524896868559436,"1","DIP2A"
3.77513762245367e-07,0.736799768522312,0.416,0.377,0.00536900072665361,"1","THUMPD3-AS1"
4.16154125810797e-07,0.715008662910146,0.381,0.328,0.00591854397728116,"1","KCNA3"
5.67412356663172e-07,0.82523358104289,0.365,0.311,0.00806973853646363,"1","MIR181A1HG"
8.18703950691512e-07,0.669728296285729,0.448,0.412,0.0116436075867347,"1","BTN3A3"
1.09725334700717e-06,0.615815996328227,0.476,0.453,0.015605137101136,"1","MORC3"
1.25700863707328e-06,0.96195790815375,0.304,0.25,0.0178771768364561,"1","LEF1-AS1"
1.27729921266402e-06,0.909672558990098,0.324,0.273,0.0181657494025077,"1","ADPRM"
1.32139925058333e-06,0.775217941167846,0.372,0.326,0.0187929401417961,"1","ZNF862"
1.37869755413344e-06,0.610073644792907,0.484,0.464,0.0196078366148858,"1","PIGC"
1.41278513190477e-06,0.687313713624178,0.427,0.394,0.0200926301459497,"1","IPCEF1"
1.56578053901476e-06,0.594959206607924,0.511,0.498,0.022268530825868,"1","MDM4"
1.72363038303494e-06,0.753987582129066,0.376,0.336,0.0245134713075229,"1","LRRC8D"
2.07459156476253e-06,0.512337322013249,0.578,0.578,0.0295048412340528,"1","FOXN3"
2.21300811564438e-06,0.698197587793739,0.39,0.343,0.0314734014206944,"1","GIMAP8"
2.63844081006151e-06,0.626272633816574,0.475,0.462,0.0375239052006948,"1","TMEM106B"
2.73951159714973e-06,0.814861757741657,0.309,0.252,0.0389613339346635,"1","LINC02328"
2.80012373023274e-06,0.568712324051481,0.538,0.531,0.03982335969137,"1","KAT6A"
4.36357068529495e-06,0.586016809191263,0.465,0.448,0.0620587022862648,"1","MPRIP"
4.62497460852274e-06,0.669239043991837,0.417,0.388,0.0657763888824104,"1","THAP7"
5.95783708999324e-06,0.660134733526006,0.252,0.191,0.0847323590938838,"1","LTA"
5.97397790053897e-06,0.611021670268185,0.448,0.416,0.0849619137014653,"1","MARCKSL1"
6.19881433870962e-06,0.543577856052174,0.504,0.493,0.0881595375251282,"1","RICTOR"
6.90950762310177e-06,0.54846820440391,0.462,0.436,0.0982670174157534,"1","RETREG1"
7.12866955820996e-06,0.702608504798787,0.383,0.347,0.101383938456862,"1","EBLN3P"
7.22353778040954e-06,0.905383705072798,0.303,0.256,0.102733154312984,"1","ABRAXAS1"
1.11779231927233e-05,0.793243572496528,0.265,0.209,0.15897242364691,"1","TANC2"
1.53929675315935e-05,0.689379220893844,0.334,0.285,0.218918784234323,"1","MX1"
1.76391194757457e-05,0.656663491277741,0.347,0.302,0.250863557184056,"1","ADA2"
2.16944148342777e-05,0.943392705229279,0.319,0.275,0.308537967773097,"1","LINC01619"
2.41180112591704e-05,0.679557376580987,0.272,0.214,0.343006356127922,"1","NT5E"
2.60475545082734e-05,0.745276788452221,0.372,0.339,0.370448320216665,"1","EZH1"
2.65409911111889e-05,0.803556232024458,0.296,0.244,0.377465975583329,"1","EIF4EBP3"
2.68056053836837e-05,0.825875890140561,0.34,0.306,0.381229319766749,"1","AGPAT5"
2.86986590596272e-05,0.810740397636697,0.311,0.268,0.408152329146018,"1","RPS6KA5"
3.00473295395703e-05,0.622593952548815,0.426,0.409,0.427333120711768,"1","POLE4"
3.14475567020374e-05,0.915915990612045,0.298,0.254,0.447247151416376,"1","YPEL2"
3.16838219467562e-05,0.92754160173224,0.286,0.246,0.450607315726766,"1","ENSG00000290879"
3.21507861514893e-05,0.679470772189806,0.304,0.249,0.457248480646481,"1","SCGB3A1"
3.63496824610601e-05,0.514074262599404,0.406,0.37,0.516965183961197,"1","PATL2"
3.68529531656757e-05,0.740503924522228,0.354,0.32,0.52412269992224,"1","LGALS3BP"
4.26016210794253e-05,0.5145912636583,0.507,0.518,0.605880254991587,"1","MAGED2"
4.32954173506796e-05,0.84488657125633,0.355,0.326,0.615747425561366,"1","KDSR"
4.61597600288504e-05,0.673102387820271,0.408,0.39,0.65648410713031,"1","TASOR2"
5.03394972934478e-05,0.524530775439437,0.481,0.471,0.715928330507415,"1","WHAMM"
5.98288362427265e-05,0.586176705545455,0.426,0.408,0.850885709044057,"1","SMAD4"
6.94496966705524e-05,0.57129624274853,0.437,0.427,0.987713586048597,"1","RIF1"
7.96376795201641e-05,0.531150848464623,0.458,0.457,1,"1","ZNF131"
7.97497365164226e-05,0.501178812080262,0.514,0.535,1,"1","CDK5RAP3"
9.54532012303644e-05,0.727817231216165,0.327,0.293,1,"1","ERCC6L2"
0.000105972794274365,0.515552777410627,0.489,0.504,1,"1","PUM2"
0.000123826240436864,0.554722347816798,0.442,0.421,1,"1","CDC14A"
0.000126730749294597,0.606927982284156,0.362,0.338,1,"1","EIF4E3"
0.000128397046944313,0.611427927214233,0.465,0.474,1,"1","FOXJ3"
0.000151654083416637,0.875725601980653,0.28,0.247,1,"1","BANP"
0.000156580031136002,0.585471905437375,0.39,0.369,1,"1","NUP107"
0.0001630569894679,0.680293069292949,0.332,0.299,1,"1","RFX3"
0.000236984375157443,0.656384501110404,0.396,0.384,1,"1","KLHL24"
0.000244614856397364,0.586465809060998,0.442,0.443,1,"1","TAB2"
0.000301343930930518,0.578222227346264,0.403,0.383,1,"1","ABCB1"
0.000303662206663142,0.555281489463195,0.437,0.444,1,"1","PCGF5"
0.000322681351247006,0.624033544073258,0.399,0.392,1,"1","ATR"
0.000379460688361681,0.687857978883629,0.36,0.346,1,"1","TRABD2A"
0.000425506426381396,0.526630144717542,0.445,0.442,1,"1","GIMAP6"
0.000448768981037512,0.597752445005628,0.354,0.324,1,"1","ZNF506"
0.000523046612674932,0.762194471820218,0.283,0.25,1,"1","JAK2"
0.000536035637565657,0.623930531986849,0.368,0.358,1,"1","QTRT1"
0.000591253876321199,0.560050473529663,0.268,0.22,1,"1","IFI44L"
0.000635938710413486,0.507519209198427,0.447,0.448,1,"1","SPATA13"
0.000659591938522244,0.628130448669734,0.422,0.416,1,"1","FHIT"
0.000748713052933754,0.510003946154902,0.404,0.39,1,"1","CDC25B"
0.000798373935748778,0.512994214854376,0.414,0.414,1,"1","EIF3B"
0.000884424260041942,0.863343280801284,0.295,0.273,1,"1","PPM1A"
0.000985029770097808,0.852283744595117,0.295,0.265,1,"1","SLC38A4-AS1"
0.00113971800061621,0.656200218143894,0.383,0.387,1,"1","ARID1B"
0.00119815349041163,0.57177440063264,0.368,0.343,1,"1","ILF3-DT"
0.00121880371853879,0.608086957323012,0.378,0.37,1,"1","OTULINL"
0.0012544934046946,0.547970442249742,0.393,0.383,1,"1","PPAN"
0.00130176761981927,0.507373355649742,0.398,0.377,1,"1","LINC01550"
0.0014128756815016,0.52062434525488,0.478,0.503,1,"1","AAK1"
0.00143328531873718,0.808864609358937,0.295,0.272,1,"1","KIAA0040"
0.00144745017713373,0.505602577351836,0.409,0.419,1,"1","PPP6R3"
0.00150285685323958,0.706740568416944,0.342,0.333,1,"1","ELK4"
0.00155368777450208,0.642654160697288,0.331,0.312,1,"1","ZNF83"
0.00158221171872903,0.582175607002521,0.376,0.368,1,"1","ZNF302"
0.00159868454794913,0.87416130840589,0.311,0.301,1,"1","ZNF107"
0.00168833220456836,0.52064204842261,0.432,0.439,1,"1","KLHDC2"
0.00182157536552354,0.709022558189665,0.295,0.265,1,"1","PLCL1"
0.00185524508467424,0.505129955604878,0.434,0.437,1,"1","WDR43"
0.00201644715504608,0.542020322342386,0.408,0.417,1,"1","WIPI2"
0.00210932242788604,0.578991505212089,0.303,0.267,1,"1","CHI3L2"
0.00267321403841956,0.607240499036696,0.35,0.345,1,"1","WASHC4"
0.00286633936028104,0.509431875633693,0.394,0.394,1,"1","FAM118A"
0.00292585759973528,0.669369020324104,0.36,0.356,1,"1","XPO6"
0.0034364308601114,0.545836165413653,0.342,0.329,1,"1","OAS2"
0.00357309399673772,0.664580129303848,0.332,0.32,1,"1","ZBTB44"
0.00367156837830092,0.508534027459368,0.345,0.331,1,"1","ZNF91"
0.00391697245528753,0.61061689197859,0.363,0.369,1,"1","EXOC2"
0.00424975785949348,0.606720868883774,0.38,0.384,1,"1","MLLT10"
0.00475459255085852,0.511305617998731,0.365,0.363,1,"1","MAT2A"
0.00507633746575264,0.600163915060679,0.363,0.361,1,"1","CWF19L2"
0.00536360507289035,0.768124565537275,0.326,0.317,1,"1","H2AC6"
0.00696120838004564,0.671785248507065,0.27,0.253,1,"1","IFRD2"
0.00696169673606531,0.569475984148988,0.399,0.407,1,"1","PAXBP1"
0.00708082962838082,0.594013685265811,0.354,0.356,1,"1","MTAP"
0.00749561556567278,0.500243855774201,0.367,0.368,1,"1","ZBED5"
0.00798123521634465,0.619317505361904,0.296,0.277,1,"1","ANKRD49"
0.00803566746536377,0.760563072957534,0.29,0.263,1,"1","RGS1"
0.00821282301086854,0.645745365360315,0.28,0.263,1,"1","TPRG1L"
0.00920332851227542,0.546499752338039,0.347,0.343,1,"1","ATOSA"
0.00986936312280135,0.576614461902508,0.393,0.403,1,"1","TRIM44"
4.14280078549872e-188,3.68644935683595,0.468,0.064,5.89189127713629e-184,"2","ZNF683"
1.22814870689465e-179,4.00791174569244,0.397,0.045,1.74667309094557e-175,"2","RTKN2"
2.02515038727075e-162,2.58711658935864,0.687,0.201,2.88016888077646e-158,"2","TRGC2"
9.01682357616309e-161,3.61624237436637,0.435,0.067,1.28237264900192e-156,"2","FCRL3"
2.40579425476552e-140,1.86385831169228,0.826,0.307,3.42152058912752e-136,"2","CXCR3"
3.02645570018574e-121,1.68906320362615,0.662,0.203,4.30422529680415e-117,"2","KLRD1"
1.06062957949805e-119,3.659833116162,0.42,0.089,1.50842738796213e-115,"2","IFNG-AS1"
7.55347661350185e-117,2.75011582237949,0.384,0.07,1.07425544397223e-112,"2","CPNE7"
6.01461211755163e-101,2.01562471559732,0.727,0.375,8.55398135358193e-97,"2","IKZF2"
1.19194442931989e-98,2.77505460595392,0.542,0.185,1.69518336737875e-94,"2","KLRC2"
4.30047389995525e-91,1.13191166806177,0.99,0.984,6.11613398051635e-87,"2","IL32"
1.71723255083748e-88,1.52284753882992,0.832,0.543,2.44224813380107e-84,"2","CLDND1"
1.89447426998249e-88,0.543509875588839,0.685,0.242,2.6943213067691e-84,"2","CST7"
9.69134621750786e-88,2.38031378867392,0.569,0.228,1.37830325905397e-83,"2","NCR3"
9.79147925402738e-86,1.27369762453676,0.834,0.477,1.39254417950777e-81,"2","CD99"
4.12956354338212e-82,1.88210174654731,0.786,0.538,5.87306527139806e-78,"2","TRG-AS1"
6.69853897998543e-82,2.85331271975083,0.448,0.145,9.52666213733528e-78,"2","KLRC3"
5.41089256488765e-80,2.33588515684604,0.25,0.039,7.69537140578321e-76,"2","FCRL6"
1.7075248861326e-74,1.75549587893612,0.695,0.383,2.42844189305778e-70,"2","LYAR"
4.11720947789205e-73,2.76224346040046,0.29,0.062,5.85549531945807e-69,"2","TRGV2"
9.00665821098654e-68,1.60839440730098,0.716,0.413,1.28092693076651e-63,"2","ITM2C"
4.6835959002391e-66,0.934450708221624,0.906,0.586,6.66101008932005e-62,"2","CLIC1"
2.15104786684155e-64,0.626356877607511,0.992,0.96,3.05922027622205e-60,"2","CYBA"
2.24124803430044e-63,1.3494285510338,0.803,0.578,3.18750295438209e-59,"2","AOAH"
1.65926169391461e-62,0.989631512435616,0.948,0.885,2.35980198108536e-58,"2","IFITM2"
4.47747996002404e-62,1.40176133562248,0.844,0.627,6.36787199914619e-58,"2","CTSW"
1.68905812801393e-60,1.85090546497967,0.481,0.198,2.40217846966141e-56,"2","STOM"
3.3135242407424e-58,0.691327427537597,0.987,0.985,4.71249417518384e-54,"2","CD52"
9.49163785942856e-58,1.21829438544864,0.908,0.843,1.34990073636793e-53,"2","CD7"
3.48484399661017e-56,1.25994005017946,0.775,0.626,4.95614513197898e-52,"2","PITPNC1"
2.0986179519128e-54,1.1706703077148,0.666,0.358,2.98465445121039e-50,"2","CCL5"
2.66725673728132e-52,0.854831887035656,0.91,0.79,3.79337253176149e-48,"2","HCST"
2.8526582260471e-52,1.78762359134312,0.534,0.275,4.05705052908418e-48,"2","ARID5B"
2.69582352058796e-50,1.96641890027847,0.395,0.151,3.8340002109802e-46,"2","SLAMF7"
1.62833161633306e-48,1.0172615943482,0.905,0.823,2.31581322474888e-44,"2","PPP2R5C"
9.29202740069553e-48,0.518943842957087,1,0.995,1.32151213692692e-43,"2","MT-CYB"
4.0537294337278e-46,1.02834246060419,0.739,0.491,5.76521400064768e-42,"2","CD63"
9.87891089365185e-46,2.07646455299307,0.422,0.19,1.40497870729517e-41,"2","VAV3"
1.65760993339027e-42,1.98358420667196,0.399,0.18,2.35745284726765e-38,"2","MATK"
2.8538776515255e-42,2.03508886012453,0.345,0.135,4.05878479599957e-38,"2","ENSG00000273118"
6.4739567468064e-41,0.595651581618074,0.977,0.967,9.20726128530806e-37,"2","STK17A"
3.41991388701348e-40,2.34391265680635,0.281,0.098,4.86380153011057e-36,"2","CXXC5"
1.63449846799911e-38,1.34200651188244,0.607,0.415,2.32458372118833e-34,"2","C4orf48"
6.78498719760497e-37,0.65835009222363,0.927,0.869,9.64960879243379e-33,"2","NUCB2"
7.05569012226328e-37,1.48478244013153,0.494,0.266,1.00346024918828e-32,"2","TOX"
3.01361778089138e-34,0.529205161129636,0.971,0.935,4.28596720798372e-30,"2","TAGLN2"
3.39128867439855e-34,1.06885448664926,0.739,0.571,4.82309075272962e-30,"2","PVRIG"
3.82677570314477e-34,0.877550418885684,0.84,0.711,5.4424404050125e-30,"2","EZR"
1.48409228062497e-33,0.926583438366688,0.737,0.574,2.11067604150483e-29,"2","NHERF1"
4.8348056169771e-33,1.1679286203449,0.634,0.466,6.87606054846483e-29,"2","PTPN22"
5.07482035651219e-33,0.831971928154232,0.555,0.307,7.21740951103164e-29,"2","ID3"
2.34489306008448e-32,1.50785435130933,0.389,0.19,3.33490691005214e-28,"2","GLIPR2"
3.0623041166287e-32,0.790198839754139,0.88,0.82,4.35520891466933e-28,"2","ELF1"
2.02744784943074e-31,0.541559586062849,0.962,0.918,2.88343633146039e-27,"2","RAC2"
2.39552257000849e-31,2.79191302836367,0.284,0.115,3.40691219906608e-27,"2","XCL1"
1.58660965862845e-29,0.899079885461243,0.729,0.549,2.25647625650138e-25,"2","CKLF"
2.00902594955164e-29,1.5739960905925,0.458,0.262,2.85723670545234e-25,"2","DUSP2"
5.01660217653078e-29,2.28796452728979,0.347,0.165,7.13461161546207e-25,"2","XCL2"
8.47698468743394e-29,2.55660286223187,0.366,0.193,1.20559676224685e-24,"2","GZMK"
1.32004852754935e-27,0.807052743800071,0.823,0.731,1.87737301588069e-23,"2","IFITM3"
5.20804569935485e-27,1.35215189419089,0.458,0.267,7.40688259362247e-23,"2","KLRC4"
5.52591553861084e-27,0.985657442286005,0.613,0.465,7.85895707901234e-23,"2","CASK"
7.43115683381331e-27,1.58702839784099,0.363,0.187,1.05685912490493e-22,"2","GCSAM"
1.06493395374843e-25,0.686504729443821,0.786,0.688,1.51454906902101e-21,"2","PRKCH"
1.46846417047659e-25,0.687581614542728,0.958,0.906,2.08844974325181e-21,"2","LTB"
2.48930766619404e-25,1.61488061539375,0.326,0.162,3.54029336286116e-21,"2","ENSG00000254777"
4.19834659811995e-25,1.43469210667011,0.263,0.111,5.97088853184619e-21,"2","TRGV9"
5.72059667599138e-25,0.944692105419219,0.601,0.451,8.13583259259494e-21,"2","DHRS7"
7.75449169337704e-25,1.44783764905796,0.412,0.24,1.10284380863208e-20,"2","KLRG1"
9.98134127692047e-25,0.628657053179352,0.962,0.937,1.41954635640363e-20,"2","TRBC2"
2.12270158171874e-24,0.723210762332961,0.815,0.725,3.01890618952039e-20,"2","TRAC"
1.91610331857536e-23,0.900651636784632,0.628,0.474,2.72508213967788e-19,"2","CFLAR"
4.95470961534822e-23,1.54402139516805,0.263,0.118,7.04658801494823e-19,"2","DAPK2"
9.87150254590218e-23,0.849425293975301,0.649,0.473,1.40392509207821e-18,"2","PPP1R18"
1.65898322353365e-22,0.948178066301115,0.525,0.34,2.35940594050956e-18,"2","CLIC3"
3.00382700124782e-22,0.582803380031268,0.872,0.8,4.27204276117465e-18,"2","S100A4"
8.86337035929383e-22,0.929818934462297,0.584,0.43,1.26054853249877e-17,"2","GCHFR"
2.12840050195163e-21,1.55343812965742,0.319,0.171,3.02701119387561e-17,"2","BAZ2B"
4.29810392124466e-21,1.02079388334339,0.548,0.408,6.11276339679416e-17,"2","ITGB2"
8.41556230474228e-21,1.30064875909497,0.414,0.263,1.19686127098045e-16,"2","TRERF1"
3.00099365308367e-20,1.32943147263278,0.353,0.201,4.26801317341559e-16,"2","RAB37"
3.54225955676612e-20,0.985512693989479,0.595,0.476,5.03780154163278e-16,"2","CCDC69"
3.86165801941815e-20,1.71521248583218,0.315,0.177,5.4920500352165e-16,"2","MMP25-AS1"
3.87762611604751e-20,1.07823737922169,0.594,0.461,5.51475986224278e-16,"2","SH2D1A"
3.11111312346746e-19,1.71019534692127,0.351,0.212,4.42462508419542e-15,"2","PDE4DIP"
1.07950215547502e-18,1.35526658898779,0.382,0.241,1.53526796551658e-14,"2","CD84"
1.29657484181932e-18,0.522190080963488,0.987,0.984,1.84398874003543e-14,"2","IFITM1"
2.18552724169031e-18,1.45682789221081,0.37,0.236,3.10825684313196e-14,"2","IL2RB"
8.53763164577303e-18,1.05781735533525,0.527,0.415,1.21422197266184e-13,"2","AKT3"
2.21798846345334e-17,1.45106386672549,0.26,0.131,3.15442319272334e-13,"2","KIAA1671"
7.34449640477127e-17,0.532978697035202,0.784,0.72,1.04453427868657e-12,"2","LCP2"
8.430668051702e-17,0.946522211400019,0.485,0.355,1.19900961031306e-12,"2","SPINT2"
9.48632624929361e-17,0.852867222801717,0.552,0.435,1.34914531917454e-12,"2","NCOA7"
1.22430159285028e-16,0.992039353646421,0.387,0.236,1.74120172535167e-12,"2","HOPX"
2.29425364808265e-16,1.46039369026114,0.359,0.231,3.26288753830314e-12,"2","ITGB2-AS1"
2.57069344945181e-16,1.4612039610038,0.277,0.155,3.65604022381037e-12,"2","SLAMF1"
5.18698769292191e-16,0.617669032246164,0.676,0.578,7.37693389687354e-12,"2","NT5C"
7.90736645992665e-16,0.887497329896998,0.567,0.461,1.12458565793077e-11,"2","STT3B"
3.38465896778866e-15,0.79456733508067,0.594,0.495,4.81366198398903e-11,"2","ANTKMT"
4.02841498092642e-15,0.883346277014081,0.504,0.39,5.72921178587356e-11,"2","MXD4"
1.09183964405907e-14,0.941954672703214,0.496,0.381,1.55281434178081e-10,"2","REL"
1.59734730244109e-14,0.526880610997914,0.763,0.688,2.27174733353172e-10,"2","CAST"
2.26981555168789e-14,0.923749778950013,0.492,0.381,3.22813167761052e-10,"2","RASSF1"
3.12478189922257e-14,0.803169820449512,0.517,0.41,4.44406481707434e-10,"2","ITGAL"
3.89532153034782e-14,0.856011358692294,0.492,0.376,5.53992628046067e-10,"2","TSPOAP1-AS1"
4.0609027983119e-14,1.40913242225471,0.342,0.227,5.77541595975919e-10,"2","CD9"
7.56774183952063e-14,0.870648528618192,0.552,0.468,1.07628424441662e-09,"2","TNKS2"
1.14591565032111e-13,0.833563882196329,0.54,0.449,1.62972123788668e-09,"2","NIN"
2.19068916493065e-13,1.50658606576478,0.263,0.156,3.11559813036437e-09,"2","CALHM2"
2.51167811178294e-13,0.911794631742892,0.37,0.25,3.5721086105777e-09,"2","MYO1F"
3.49836289023242e-13,1.22096527771687,0.393,0.293,4.97537170248854e-09,"2","BICDL1"
6.10925501399243e-13,0.5367805044306,0.676,0.614,8.68858248090004e-09,"2","PTPRCAP"
7.02688785556922e-13,0.740776754476181,0.563,0.462,9.99363990819054e-09,"2","ARAP2"
8.13300610601422e-13,0.71419339670538,0.489,0.372,1.15667612839734e-08,"2","APMAP"
1.16438968450756e-12,0.612887957063498,0.643,0.558,1.65599500930666e-08,"2","OPTN"
2.10387940041027e-12,0.528905207396795,0.615,0.479,2.99213728326348e-08,"2","PYHIN1"
2.31545173205344e-12,0.675112270709783,0.584,0.489,3.29303545332641e-08,"2","MACF1"
2.37481204155111e-12,0.510797026373402,0.697,0.622,3.37745768549399e-08,"2","TLN1"
3.61359695043008e-12,0.740280887916212,0.592,0.498,5.13925758290166e-08,"2","LIME1"
5.95618277554766e-12,1.10136238999597,0.307,0.197,8.47088314338388e-08,"2","EPHA4"
8.40309122151854e-12,1.06513896942101,0.298,0.19,1.19508763352437e-07,"2","MPST"
8.57118804090037e-12,0.996123421937273,0.38,0.271,1.21899436317685e-07,"2","PDLIM2"
1.0629754158528e-11,0.734819519840919,0.538,0.442,1.51176363642585e-07,"2","ANXA6"
1.1597789816419e-11,0.50029983888121,0.595,0.475,1.64943766769112e-07,"2","JPT1"
1.71075467946381e-11,0.601567532939497,0.616,0.564,2.43303530513343e-07,"2","CNPY3"
2.07939155297268e-11,0.654639249245648,0.561,0.436,2.95731066663774e-07,"2","LYST"
2.32223895425275e-11,0.665555900598517,0.532,0.435,3.30268824073827e-07,"2","RUNX3"
2.72415890947875e-11,0.513626919980276,0.7,0.639,3.87429880106068e-07,"2","CANX"
2.91264480753375e-11,0.518165182297867,0.674,0.613,4.1423634452745e-07,"2","TSTD1"
6.24121071192295e-11,0.788235696448111,0.672,0.616,8.87624987449682e-07,"2","NFKBIA"
6.55830134218337e-11,0.616220890745693,0.769,0.701,9.32721616885318e-07,"2","TRBC1"
6.71419665711784e-11,0.760780733896563,0.498,0.404,9.548930485753e-07,"2","TRAF5"
7.14291638710779e-11,0.719691896137373,0.552,0.463,1.01586556857447e-06,"2","XBP1"
1.02932035509332e-10,1.03201136906039,0.324,0.225,1.46389940901372e-06,"2","LPGAT1"
1.0308364033423e-10,0.759145758853234,0.426,0.306,1.46605553283342e-06,"2","LINC01871"
1.05591476771166e-10,0.705312478198276,0.508,0.422,1.50172198263952e-06,"2","TPST2"
1.07389714136892e-10,0.770996429256425,0.456,0.355,1.52729651445488e-06,"2","TMX4"
1.15289902941467e-10,0.751147499764187,0.527,0.453,1.63965299963355e-06,"2","ELOVL5"
1.49832125335028e-10,0.54254962146675,0.573,0.468,2.13091248651476e-06,"2","SIRPG"
1.53358387651894e-10,0.815405558535623,0.502,0.423,2.18106298918524e-06,"2","IRF2BP2"
1.91650445817737e-10,1.20808958320987,0.256,0.16,2.72565264041985e-06,"2","NIBAN1"
3.43011022491611e-10,0.535051879373217,0.716,0.675,4.8783027618757e-06,"2","OGT"
3.91443618833505e-10,0.567338707169859,0.777,0.713,5.56711114705011e-06,"2","MT-ND6"
4.62817939296931e-10,0.861346711112158,0.508,0.432,6.58219673268095e-06,"2","CMC1"
9.09260784229893e-10,0.985137297735456,0.357,0.261,1.29315068733175e-05,"2","TSPAN32"
9.4334013025823e-10,0.553136531554431,0.792,0.735,1.34161833325326e-05,"2","MRPS6"
2.03945235334036e-09,0.991195013761606,0.288,0.195,2.90050913692065e-05,"2","GABARAPL1"
2.36902163974018e-09,0.663694090060102,0.531,0.462,3.36922257603849e-05,"2","JAML"
2.63505537692011e-09,1.21527785504336,0.334,0.251,3.74757575705577e-05,"2","ARFIP1"
3.3219304222064e-09,0.547262418211785,0.702,0.632,4.72444944646195e-05,"2","HSPB1"
3.7244057945727e-09,1.1681499268853,0.282,0.195,5.2968499210413e-05,"2","ZNF92"
4.42364519566140e-09,0.861064904000121,0.462,0.384,6.29130819726964e-05,"2","BIRC3"
7.01804268176581e-09,0.792408791716082,0.437,0.353,9.98106030200734e-05,"2","ARFGAP3"
8.5005681671618e-09,0.695916585212464,0.492,0.417,0.000120895080473375,"2","TRADD"
1.50273062492691e-08,0.931198537394675,0.372,0.292,0.000213718349477105,"2","DZIP3"
1.51319335180583e-08,0.735252002053528,0.532,0.483,0.000215206358493825,"2","NINJ1"
1.6067062248126e-08,0.691098959374372,0.525,0.463,0.000228505759292848,"2","PARVG"
1.79262060385054e-08,0.754257487145652,0.469,0.39,0.000254946502279624,"2","RGS19"
2.04579947148857e-08,0.584626357919721,0.647,0.628,0.000290953600835105,"2","CCSER2"
3.34104427274363e-08,1.24336399594998,0.275,0.194,0.000475163316469599,"2","RRAS2"
3.53033575278513e-08,1.08926415785155,0.281,0.2,0.000502084350761101,"2","PLEKHF2"
3.66900795311897e-08,0.510455204234715,0.592,0.529,0.000521806311092579,"2","LY9"
5.26290723310226e-08,0.652167862778639,0.51,0.442,0.000748490666691803,"2","CUL3"
6.19087864419331e-08,0.68805336618422,0.427,0.351,0.000880466760777173,"2","CARD19"
7.04378695766615e-08,0.826050701407413,0.349,0.269,0.00100176738111928,"2","STARD3NL"
9.89526735897924e-08,1.15168081540519,0.311,0.234,0.00140730492379403,"2","LINC02273"
1.13130355673722e-07,0.989440462012831,0.311,0.231,0.00160893991839167,"2","LAIR1"
1.53269644973824e-07,0.750675740450369,0.462,0.402,0.00217980089081773,"2","CDC42EP3"
1.9417821121888e-07,0.595734707819706,0.532,0.499,0.00276160251995492,"2","TTC1"
2.0446113919472e-07,0.620186252258834,0.45,0.379,0.00290784632162731,"2","LRIF1"
2.06428254297033e-07,0.888171187490514,0.267,0.187,0.00293582263261241,"2","LSR"
2.43832479714897e-07,0.508010842933647,0.662,0.627,0.00346778552650527,"2","SUSD3"
3.46182786549247e-07,1.04201348843956,0.275,0.201,0.0049234115903034,"2","TBK1"
4.7832191183059e-07,0.705480713255193,0.448,0.393,0.00680269423005465,"2","UNC119"
4.91433766583638e-07,0.616265958951804,0.5,0.45,0.00698917102835249,"2","ADD1"
5.05692889116973e-07,0.900547013874298,0.372,0.308,0.00719196426902159,"2","CSNK1G3"
5.21869734821269e-07,0.550878004956868,0.532,0.471,0.00742203136862809,"2","PPP3CC"
5.48693429154786e-07,0.545313485923294,0.504,0.443,0.00780351794943936,"2","CMTM3"
6.46892507527617e-07,0.581097966591849,0.576,0.536,0.00920010524205777,"2","IKZF3"
7.15882291513669e-07,0.677289386092397,0.464,0.407,0.0101812779499074,"2","B3GNT2"
7.63245543882943e-07,0.514232202146963,0.466,0.411,0.0108548781251032,"2","LYPLA2"
7.73268338238301e-07,1.11600839246998,0.26,0.19,0.0109974223064251,"2","RUFY3"
1.17225923925993e-06,0.541892900333429,0.584,0.542,0.0166718709007547,"2","PIK3R1"
1.23804338324366e-06,0.607496897479048,0.441,0.388,0.0176074529964913,"2","EPS15"
1.29345792857909e-06,0.517738119941282,0.55,0.491,0.0183955586602518,"2","GADD45B"
1.29414959589078e-06,0.910417152446825,0.336,0.271,0.0184053955527587,"2","FBXO34"
1.87081574647422e-06,0.844496656906488,0.3,0.225,0.0266067415463564,"2","DOK2"
2.03439369706689e-06,0.749328172486682,0.366,0.304,0.0289331471596853,"2","CMIP"
2.3353941770383e-06,0.669885003518824,0.41,0.357,0.0332139759858387,"2","HACD4"
2.36709421008685e-06,0.993800500083907,0.263,0.194,0.0336648138558552,"2","UBASH3B"
3.08055805198689e-06,0.539384999746805,0.525,0.482,0.0438116966153575,"2","BIRC2"
3.55012107898707e-06,1.00848813463283,0.252,0.186,0.0504898219853541,"2","TATDN3"
5.81772025423404e-06,0.63004829498884,0.437,0.385,0.0827396174557165,"2","TGFB1"
6.55068834874216e-06,0.553805794479265,0.437,0.386,0.0931638896958111,"2","MAPK1"
6.95206153006442e-06,0.552921119573591,0.542,0.509,0.0988722190805762,"2","TNRC6C"
7.06642629319741e-06,0.568553125721169,0.485,0.446,0.100498714741854,"2","PRRC2B"
7.58088742189469e-06,0.69815937402818,0.382,0.317,0.107815380914186,"2","MAP3K1"
7.69610621834641e-06,0.563224066289215,0.468,0.42,0.109454022637323,"2","WWP1"
7.84176125444038e-06,0.601028844576937,0.42,0.36,0.111525528560651,"2","SELENOS"
8.10985686482124e-06,1.10632282937371,0.258,0.198,0.115338384331488,"2","NEDD9"
8.42296660740905e-06,0.690093463023418,0.395,0.334,0.119791431090571,"2","LRRC8D"
9.45022053000138e-06,0.608459860251382,0.45,0.394,0.13440103637768,"2","MAP4"
1.74675618259057e-05,0.782948060188424,0.349,0.295,0.24842366428803,"2","SERPINB6"
2.04905097565224e-05,0.518147241013501,0.54,0.511,0.291416029757261,"2","IGFLR1"
2.24681697739335e-05,0.840453709027448,0.311,0.249,0.319542310524882,"2","UPP1"
2.51416324532783e-05,0.520153219590732,0.51,0.474,0.357564296750525,"2","ARHGAP9"
2.63993136150517e-05,0.910839292868242,0.3,0.241,0.375451038233265,"2","EDEM1"
2.71826294745975e-05,0.817404469953928,0.3,0.241,0.386591356387726,"2","TP53I13"
2.9037413060454e-05,0.635362491761252,0.351,0.293,0.412970088545777,"2","PPP1R16B"
3.24477825805277e-05,0.827554679353001,0.279,0.222,0.461472363860264,"2","TCIRG1"
3.28692531466596e-05,0.860325477791716,0.311,0.254,0.467466518251792,"2","GPHN"
3.33461788017003e-05,0.547334597225045,0.466,0.417,0.474249354917782,"2","KAT6B"
3.42592139224447e-05,0.71668509345807,0.384,0.34,0.487234540405008,"2","HERPUD1"
3.47126307823069e-05,0.815636560481446,0.309,0.253,0.493683034985968,"2","DUSP23"
4.40623946257671e-05,0.712568402879777,0.412,0.374,0.626655376367659,"2","RAB6A"
4.59348141335813e-05,0.638317311905111,0.441,0.413,0.653284926607793,"2","DEGS1"
4.82361542401689e-05,0.528459842755484,0.416,0.36,0.686014585603682,"2","MYO9B"
4.94515038254105e-05,0.508185910527989,0.548,0.521,0.703299287404988,"2","M6PR"
6.04032286529092e-05,0.532316116684806,0.462,0.425,0.859054717901675,"2","CDK9"
6.2958915516133e-05,0.764045838726457,0.357,0.313,0.895401696470444,"2","MAN2A1"
7.51456296548647e-05,0.520845179356946,0.426,0.378,1,"2","TBC1D5"
7.88133272923361e-05,0.802286993203766,0.294,0.241,1,"2","AKAP7"
0.000105682165731875,0.589482892301351,0.38,0.333,1,"2","RIN3"
0.00011672504346774,0.82624793821019,0.281,0.228,1,"2","DENND6B"
0.000117916721158986,0.578554552332345,0.405,0.366,1,"2","CDR2"
0.00012395514471607,0.622642531382255,0.384,0.34,1,"2","VOPP1"
0.000124016085570075,0.89467681477899,0.256,0.203,1,"2","FAM131B-AS2"
0.000124391268070939,0.535191270219865,0.424,0.386,1,"2","HELZ"
0.000127706764084068,0.668394605385291,0.405,0.372,1,"2","CTSA"
0.000128291487469086,0.685497937481826,0.355,0.307,1,"2","LASP1"
0.000143028845792625,0.587662997245318,0.395,0.348,1,"2","IL10RA"
0.000173287443730215,0.61513406872273,0.41,0.375,1,"2","SDCCAG8"
0.000189051340767719,0.957343147558822,0.298,0.258,1,"2","LPP"
0.00019083667802189,0.931271483779133,0.302,0.25,1,"2","SCGB3A1"
0.000215944511178646,0.82232970894011,0.265,0.215,1,"2","PIK3CG"
0.000224432413047444,0.759487926856441,0.326,0.278,1,"2","S100PBP"
0.000259195003818759,0.582241989958691,0.29,0.236,1,"2","GYG1"
0.000325395201346721,0.523459818771046,0.443,0.408,1,"2","NCK1"
0.000334205009832032,0.535381297078637,0.519,0.491,1,"2","PTPN2"
0.000365684160309582,0.588377696333918,0.361,0.319,1,"2","METRN"
0.000397223032966067,0.933917511413385,0.258,0.212,1,"2","FBXL12"
0.000434854422399075,0.760982082196189,0.288,0.24,1,"2","CRELD2"
0.000457169303489656,0.572293506700756,0.305,0.252,1,"2","SLC35D2"
0.000562623194455858,0.581943795238344,0.389,0.358,1,"2","GNA13"
0.00058546664261125,0.672262317082918,0.319,0.279,1,"2","CBL"
0.000626411924665564,0.573535722425645,0.416,0.382,1,"2","ABCB1"
0.000687185332103441,0.759929045122733,0.345,0.311,1,"2","ATP6V0A2"
0.000762793256935849,0.514032715064166,0.376,0.34,1,"2","CCDC115"
0.00086586013319851,0.563959928882698,0.353,0.322,1,"2","SOS2"
0.000902900855062418,0.667563260028291,0.292,0.244,1,"2","OSTM1"
0.00110464575813388,0.68532294783836,0.277,0.235,1,"2","ST8SIA4"
0.00110548828166059,0.540436780090682,0.399,0.375,1,"2","AP3S1"
0.00113429299689211,0.515924374170777,0.38,0.339,1,"2","HAGHL"
0.00126637415405651,0.627834968773871,0.368,0.34,1,"2","MCPH1"
0.00136873846307004,0.575038053827721,0.365,0.332,1,"2","MIR142HG"
0.00138518792502798,0.715798341262666,0.326,0.288,1,"2","AHI1"
0.00140190186461505,0.525897767601184,0.374,0.335,1,"2","PYM1"
0.0015758057557001,0.726408344296145,0.319,0.287,1,"2","PSD4"
0.00157991384709666,0.697646725819291,0.282,0.244,1,"2","MAPKAPK2"
0.00163129762013122,0.569509486559284,0.342,0.299,1,"2","ITPKB"
0.00172579905799695,0.502940421143094,0.378,0.351,1,"2","STX8"
0.00175175047982868,0.547908367808066,0.336,0.298,1,"2","CLN3"
0.00177734076843983,0.719235741963182,0.263,0.224,1,"2","SLA2"
0.00185314005844609,0.774910050341377,0.275,0.239,1,"2","MOB3A"
0.00203237672421899,0.755566342992391,0.3,0.266,1,"2","TMEM216"
0.0021685662188345,0.653803833727427,0.265,0.225,1,"2","CBFA2T2"
0.00229725983114422,0.728348031305033,0.277,0.235,1,"2","UBE2E2"
0.00246549829111264,0.514902335263114,0.517,0.512,1,"2","TANK"
0.00272450241624715,0.762971486976807,0.263,0.229,1,"2","MANBA"
0.00331466390149717,0.693610385267567,0.305,0.273,1,"2","PSTPIP1"
0.00352890243401217,0.702466637229037,0.281,0.245,1,"2","WASHC2C"
0.00376065831956507,0.813062593544172,0.355,0.309,1,"2","SMC4"
0.00396199584709399,0.680310212931615,0.288,0.255,1,"2","RAB9A"
0.00397315062129845,0.634155919138394,0.317,0.285,1,"2","PRKAR2A"
0.00435304906627625,0.672350790927086,0.273,0.237,1,"2","FHIP2A"
0.00457482089627617,0.511108883376153,0.338,0.305,1,"2","SMIM29"
0.00469259271340897,0.579757369542709,0.385,0.384,1,"2","PRKAR1A"
0.00474661981908468,0.534657609202215,0.37,0.349,1,"2","TMEM9B"
0.00535796610139496,0.551071265794512,0.334,0.308,1,"2","TYMP"
0.00546487898631118,0.799000709893519,0.254,0.221,1,"2","BCL3"
0.00547827626448124,0.697248835722826,0.269,0.237,1,"2","SIPA1"
0.00554333994786855,0.507140957744922,0.405,0.384,1,"2","TCEAL8"
0.0058269293526356,0.591214407911397,0.326,0.297,1,"2","DNAJC10"
0.00708985357833928,0.591870756998805,0.269,0.234,1,"2","TMED7"
0.0072749051471309,0.576449520409747,0.317,0.287,1,"2","ZNF585A"
0.00838001842687943,0.883275988662457,0.277,0.252,1,"2","NSF"
0.00866129332238317,0.578091053060055,0.344,0.325,1,"2","SFI1"
0.00901404133338069,0.578737233410536,0.321,0.294,1,"2","ALKBH6"
0.00901975246707857,0.524878891803275,0.349,0.321,1,"2","NBPF19"
0.00903178362850022,0.559095177074314,0.286,0.253,1,"2","CCPG1"
0.00913591899495844,0.565990417599754,0.334,0.312,1,"2","ECHDC2"
0,3.03794853922435,0.966,0.177,0,"3","CAPG"
0,3.62539950977871,0.901,0.145,0,"3","CD79A"
0,4.39429087837944,0.706,0.067,0,"3","GNG8"
0,4.34222082642553,0.657,0.051,0,"3","ENSG00000266088"
2.83913477406973e-294,4.08943145807154,0.609,0.058,4.03781747568197e-290,"3","SUOX"
1.80979909992572e-292,2.78703655625648,0.892,0.154,2.57389627991436e-288,"3","RAB37"
2.24960864432188e-289,3.19515622394265,0.786,0.116,3.19939341395458e-285,"3","HAVCR2"
3.39705689338281e-285,3.70069107303411,0.591,0.054,4.83129431376903e-281,"3","FGFR1"
3.8089475127277e-276,2.72174488728048,0.954,0.221,5.41708515260133e-272,"3","CD38"
2.74207337109407e-273,3.22928709643908,0.667,0.078,3.89977674836999e-269,"3","LAYN"
6.67286132362781e-266,3.33110691407925,0.632,0.071,9.49014337446347e-262,"3","ITGAX"
2.3050014619735e-263,4.01282685664528,0.556,0.052,3.27817307921871e-259,"3","C20orf204"
9.10136698439269e-257,3.9211478128777,0.515,0.044,1.29439641252033e-252,"3","IGFBP4"
4.58499257953989e-256,2.49764302523249,0.869,0.157,6.52077644662164e-252,"3","RHOC"
7.06039438479208e-253,4.23616131623272,0.418,0.024,1.00412928940513e-248,"3","PTGIR"
1.20337003717585e-251,2.37979038612675,0.924,0.19,1.7114328668715e-247,"3","MYL6B"
7.20911837049417e-238,2.8729038211087,0.954,0.274,1.02528081465168e-233,"3","ID3"
5.00332702752042e-236,2.52228435260264,0.715,0.109,7.11573169853954e-232,"3","EVA1B"
3.01816048120147e-228,2.76901891514323,0.63,0.083,4.29242783636473e-224,"3","CTLA4"
3.69273585211373e-227,3.24502676677093,0.568,0.066,5.25180892887615e-223,"3","MT1E"
1.88685878116942e-221,3.09112802646796,0.605,0.08,2.68349055857915e-217,"3","SRGAP3"
5.97912316093325e-218,2.97735529913245,0.6,0.081,8.50350895947927e-214,"3","MYB"
4.62520569459461e-217,3.3068638503106,0.501,0.052,6.57796753885246e-213,"3","SMIM24"
2.73846489787931e-210,2.10033539747199,0.814,0.166,3.89464477776395e-206,"3","LGALS1"
4.87752329328362e-196,2.16995658553919,0.857,0.191,6.93681362770797e-192,"3","CD82"
1.184789757469e-193,2.43543700079471,0.72,0.135,1.68500799307242e-189,"3","DBN1"
1.12954259849306e-192,1.95891696072245,0.777,0.147,1.60643548357684e-188,"3","MPST"
6.12109940929795e-187,2.99818082225202,0.469,0.053,8.70542757990354e-183,"3","MYO1E"
2.69816424150806e-186,2.75654937252316,0.48,0.056,3.83732918427276e-182,"3","SPACA9"
2.16364723872582e-185,1.37318448537537,1,0.915,3.07713910291586e-181,"3","RAC2"
6.82344288508559e-184,1.88324399374629,0.821,0.178,9.70430047116872e-180,"3","DOK2"
9.63276605267863e-184,1.91152390410264,0.954,0.305,1.36997198801195e-179,"3","CXCR3"
4.39896045183164e-182,1.97461445339437,0.998,0.766,6.25620155459496e-178,"3","UCP2"
2.47048447415006e-178,0.911783078984775,1,1,3.51352301913621e-174,"3","TMSB4X"
5.57649913149178e-178,2.0571610707418,0.952,0.435,7.93089706480761e-174,"3","SIRPG"
1.47607534257292e-176,2.14754569437361,0.857,0.226,2.0992743522072e-172,"3","DDIT4"
3.41398033579907e-175,2.91985511447679,0.453,0.053,4.85536283357344e-171,"3","TIMD4"
2.23574582057638e-174,2.15321018041012,0.784,0.183,3.17967770602372e-170,"3","DENND6B"
1.79783186657719e-173,2.37862159271106,0.678,0.127,2.55687648064608e-169,"3","CD79B"
4.39668889841564e-168,1.09718856436073,0.998,0.998,6.25297095132672e-164,"3","MT-CO2"
1.96433238386104e-163,1.69565734543019,0.989,0.445,2.79367351632717e-159,"3","PPP1R18"
2.95369585026013e-163,2.50468604187768,0.487,0.066,4.20074623823996e-159,"3","STAP1"
7.99696581976434e-163,1.43267839903792,1,0.951,1.13732847888688e-158,"3","ACTG1"
3.14311221365331e-162,1.50791775989312,1,0.959,4.47013419025774e-158,"3","GAPDH"
1.0542842495134e-161,1.09039085146633,0.995,0.996,1.49940305965796e-157,"3","MT-ND4"
8.62244517590967e-161,2.55231046751441,0.494,0.072,1.22628415291787e-156,"3","NCF4"
4.17629615655376e-156,1.15314496051173,1,0.999,5.93952839385075e-152,"3","ACTB"
1.30901726988014e-155,3.88413886931834,0.338,0.032,1.86168436122353e-151,"3","ZG16B"
6.65132053238463e-155,0.960167733383828,1,0.999,9.45950806115742e-151,"3","TMSB10"
1.62043343538577e-154,1.89156004357615,0.777,0.195,2.30458043180564e-150,"3","ITGB2-AS1"
6.03976465522064e-154,2.17287146679559,0.499,0.075,8.58975329265479e-150,"3","LINC00426"
1.41416853033601e-153,2.00134260927638,0.894,0.288,2.01123048384387e-149,"3","PTPN7"
1.5047952820413e-153,2.13232297333121,0.818,0.233,2.14011985011913e-149,"3","SESN3"
1.92481228266547e-151,0.879778094632259,1,0.998,2.73746802840683e-147,"3","MT-CO1"
1.05865069746657e-149,1.06767592504893,0.993,0.996,1.50561302193696e-145,"3","MT-CO3"
7.08606483257906e-149,3.33007533784992,0.372,0.043,1.00778014048939e-144,"3","NTRK1"
6.7055944444451e-148,1.53317853619152,0.816,0.203,9.53669641888983e-144,"3","PTMS"
1.61314937170347e-147,2.02750559452815,0.648,0.131,2.29422103643667e-143,"3","AFF3"
2.4572651018498e-147,1.53536069348867,0.998,0.584,3.49472242785079e-143,"3","CLIC1"
8.2786623711145e-146,3.47442961351753,0.32,0.029,1.1773913624199e-141,"3","STAC3"
2.51153777410207e-144,1.72786452252356,0.901,0.298,3.57190902232796e-140,"3","FUT8"
1.04345793173057e-141,1.17772454926295,0.998,0.984,1.48400587050721e-137,"3","CD52"
1.43109659705433e-140,2.91554824457008,0.352,0.039,2.03530558033067e-136,"3","ENSG00000291105"
1.63429079625101e-137,0.65579434206794,0.568,0.096,2.32428837042819e-133,"3","PCLAF"
1.57723876793597e-136,1.41163240124433,0.991,0.753,2.24314897575854e-132,"3","COTL1"
3.12962163869932e-136,0.763115339148327,1,0.994,4.45094789455817e-132,"3","ARHGDIB"
5.58592705922828e-136,0.973484180437583,0.993,0.936,7.94430546363446e-132,"3","GMFG"
9.09676374357557e-136,3.3025887523452,0.398,0.056,1.29374173961132e-131,"3","ENTPD1"
1.68958237310101e-134,1.4825619249415,0.963,0.754,2.40292405102426e-130,"3","CD27"
3.31589921791764e-133,2.95761411729786,0.363,0.046,4.71587186772246e-129,"3","SERPINE2"
1.41228351494641e-132,2.32942781151224,0.407,0.057,2.00854961495678e-128,"3","APOBR"
5.58052893616801e-132,2.05939249977053,0.418,0.061,7.93662825301814e-128,"3","HEXIM2"
1.17017344207123e-131,1.68467090426019,0.86,0.271,1.6642206693137e-127,"3","MT1F"
3.93085477111311e-131,1.5901163027621,0.676,0.153,5.59046165547706e-127,"3","PLIN3"
1.37910819570887e-128,3.7789975343492,0.29,0.028,1.96136767593715e-124,"3","LCT-AS1"
6.44771335860641e-128,2.24438300117404,0.423,0.064,9.16993793861003e-124,"3","LAPTM4B"
3.44251204823687e-127,0.887721537059623,1,0.999,4.89594063500248e-123,"3","PFN1"
2.88361292125524e-126,2.49306947995423,0.448,0.075,4.1010742966092e-122,"3","FXYD2"
5.83485101240385e-126,1.56558221745676,0.936,0.386,8.29832510984075e-122,"3","SIT1"
8.63384227798129e-125,1.41933326941391,0.674,0.156,1.2279050487745e-120,"3","ORAI3"
9.97862062931811e-125,1.44531391907064,0.982,0.739,1.41915942590162e-120,"3","IL16"
7.0026266269861e-123,2.3454916765684,0.483,0.09,9.95913558889963e-119,"3","IRF4"
1.41243068530848e-122,0.831736301938616,0.706,0.176,2.00875892064572e-118,"3","KLRC2"
1.63070491511783e-122,2.05532632163565,0.584,0.129,2.31918853028058e-118,"3","TNIP3"
1.36567559309363e-121,1.81266172646284,0.752,0.202,1.94226382849777e-117,"3","ACP5"
1.36611922480584e-121,1.65728684096656,0.933,0.4,1.94289476151887e-117,"3","NFATC3"
1.895821677778e-121,1.20550538482733,0.708,0.173,2.69623759013587e-117,"3","LAG3"
3.2129453949987e-121,0.98923208255093,0.998,0.922,4.56945094076716e-117,"3","CORO1A"
8.65374834601957e-120,1.89689118300065,0.517,0.101,1.2307360897709e-115,"3","NDFIP2"
9.86656908531409e-120,2.1436542798427,0.46,0.083,1.40322345531337e-115,"3","RAB13"
3.49618203039643e-119,1.18229866560082,0.989,0.696,4.97227008362981e-115,"3","BBLN"
4.44015339825968e-119,1.55297869195462,0.664,0.16,6.31478616300492e-115,"3","MYO1G"
1.48668001606721e-118,1.98625572888304,0.478,0.09,2.11435631885079e-114,"3","PDLIM7"
3.83513342523453e-118,2.01589346690666,0.467,0.084,5.45432675736855e-114,"3","MEAK7"
4.32909409897978e-117,1.25345377238668,0.706,0.169,6.15683762756904e-113,"3","CDK2AP1"
1.2648702095739e-116,1.53262374567132,0.805,0.237,1.79889841205601e-112,"3","SEC14L1"
3.06670267010787e-116,1.34842335277804,0.766,0.211,4.36146453742742e-112,"3","PTPRJ"
3.74235311749729e-116,0.779596362635876,0.998,0.961,5.32237460370464e-112,"3","ARPC3"
4.12376200471604e-116,1.45378484699244,0.782,0.223,5.86481432310715e-112,"3","ORAI2"
1.04955483171905e-115,1.5720503468325,0.913,0.406,1.49267688167083e-111,"3","LYST"
1.35702991174318e-115,1.66388047289734,0.683,0.182,1.92996794048114e-111,"3","BCL3"
1.79372362094317e-115,1.08874589399503,1,0.808,2.55103373370537e-111,"3","LSP1"
4.50366952426655e-115,1.31769228820254,0.834,0.247,6.40511879741188e-111,"3","CCDC57"
4.97007196409511e-115,1.53825449869264,0.795,0.237,7.06843634733607e-111,"3","DHRS3"
6.04374198020844e-115,2.17164054527411,0.455,0.085,8.59540984425245e-111,"3","ENSG00000235978"
9.14419193130629e-113,1.60413437093434,0.754,0.213,1.30048697647038e-108,"3","HSH2D"
1.75909928976498e-112,1.48256172132114,0.591,0.136,2.50179100990375e-108,"3","PCBD1"
2.43699484870268e-112,1.58241632549156,0.517,0.107,3.46589407382495e-108,"3","GSTZ1"
2.95616013142742e-112,1.87072618374483,0.483,0.096,4.20425093891608e-108,"3","SAMD10"
4.42147372565318e-112,0.598775706520068,1,0.997,6.28821993262396e-108,"3","PPIA"
1.8237898207878e-111,1.2760929603106,0.982,0.659,2.59379388312441e-107,"3","CNN2"
2.55360123176729e-111,2.07718464620631,0.356,0.05,3.63173167181943e-107,"3","CACNA1C-AS1"
2.69568556650332e-111,0.646965615354123,0.616,0.144,3.83380401268103e-107,"3","XCL2"
3.45847860012847e-111,0.946283593980123,0.998,0.889,4.9186482651027e-107,"3","ARPC1B"
3.61991099672168e-111,1.48425869141391,0.825,0.264,5.14823741953757e-107,"3","GIHCG"
2.89317162283125e-110,1.48107597462746,0.949,0.514,4.1146686819906e-106,"3","SUPT4H1"
3.86806119660611e-109,2.81823103359937,0.285,0.033,5.50115663381322e-105,"3","ENSG00000272369"
4.21006131424952e-109,0.97719808675106,0.998,0.854,5.98754920112566e-105,"3","SLC25A5"
3.5971069990624e-108,1.53713841226474,0.651,0.17,5.11580557406654e-104,"3","TNFRSF1B"
6.4951267564009e-108,2.56523881499609,0.34,0.05,9.23736927295336e-104,"3","GRK3"
2.10088628591762e-107,1.75199780029246,0.43,0.078,2.98788047583204e-103,"3","BIVM"
2.7499712993867e-107,2.91496554012289,0.278,0.032,3.91100918198776e-103,"3","LINC01281"
4.60558165402949e-107,1.43337306195609,0.68,0.184,6.55005822836075e-103,"3","PDE4DIP"
7.95575490951567e-107,1.20271558855438,0.68,0.174,1.13146746323132e-102,"3","GALM"
8.25868500682549e-107,0.902243619521139,0.993,0.855,1.17455018167072e-102,"3","CAPZB"
9.21993972295347e-107,1.23899750572951,0.855,0.255,1.31125982739844e-102,"3","COMMD4"
9.35966654022416e-107,1.8039462669028,0.478,0.099,1.33113177535068e-102,"3","LINC00539"
1.57802853437994e-106,2.42092989759117,0.299,0.037,2.24427218159515e-102,"3","CBLL1-AS1"
2.67571232150487e-106,2.35349853168222,0.393,0.068,3.80539806364423e-102,"3","CD72"
1.15604757480983e-105,1.18194204915577,0.995,0.591,1.64413086089454e-101,"3","VAMP5"
2.85245073758523e-105,1.25289167816771,0.634,0.159,4.05675543899372e-101,"3","FHL3"
7.77371764536135e-105,1.744528525591,0.434,0.083,1.10557812352329e-100,"3","KLRC1"
8.63882010995195e-105,3.21666585068706,0.255,0.027,1.22861299603737e-100,"3","RAMP1"
1.17570921912471e-104,1.59755975571027,0.68,0.181,1.67209365143916e-100,"3","WARS1"
1.45959207211514e-104,1.75687762377678,0.593,0.147,2.07583184496216e-100,"3","RFLNB"
2.01826861540339e-104,0.851799682815109,0.995,0.855,2.8703816248267e-100,"3","UQCRH"
9.62240840330276e-104,1.79985493464391,0.361,0.057,1.36849892311772e-99,"3","METTL7A"
1.13459755256178e-103,1.27515007801392,0.69,0.184,1.61362463925336e-99,"3","RPS6KA1"
2.12475258033212e-103,1.522244803217,0.524,0.117,3.02182311974834e-99,"3","NBL1"
2.29610861461837e-103,2.60537831815696,0.269,0.031,3.26552567171024e-99,"3","ARAP3"
5.61233780728074e-103,1.3065497522703,0.52,0.113,7.98186682951467e-99,"3","CAPN12"
6.56286695746199e-103,1.36306332519616,0.68,0.184,9.33370938690245e-99,"3","IL4R"
7.03638990612863e-103,1.15234951360052,0.88,0.289,1.00071537244961e-98,"3","TPM4"
7.06924757097662e-103,1.41197795736982,0.8,0.255,1.00538838954429e-98,"3","INPP5D"
2.03691554530908e-102,1.6709502503296,0.402,0.072,2.89690128853858e-98,"3","TNFRSF14-AS1"
3.55196990049207e-102,0.983978809559421,0.979,0.876,5.05161159247982e-98,"3","RGS10"
4.10847883932871e-102,1.2751436319924,0.805,0.239,5.84307860529329e-98,"3","SHMT2"
8.51065529781411e-102,1.78225480848773,0.579,0.146,1.21038539645512e-97,"3","BCL2L11"
1.29245177526561e-101,0.862530875347283,0.989,0.868,1.83812491478275e-97,"3","EIF3F"
1.58599596271652e-101,0.988489361952189,0.993,0.867,2.25560345817543e-97,"3","SEPTIN6"
3.72067709453239e-101,2.35906322893008,0.467,0.1,5.29154696384396e-97,"3","STAG3"
9.44639216162451e-101,1.50444781058083,0.501,0.109,1.34346589322624e-96,"3","NECAB3"
1.2650556222081e-100,2.24729796501579,0.437,0.088,1.79916210590435e-96,"3","INPP5F"
1.62200151272215e-100,1.13054736119849,0.968,0.865,2.30681055139345e-96,"3","TCF7"
2.29906469617539e-100,1.5000050318824,0.761,0.242,3.26972981090064e-96,"3","HDAC7"
3.82116068482121e-100,1.28613178953052,0.874,0.3,5.43445472595273e-96,"3","SPN"
5.19367753647555e-100,2.07670739855397,0.366,0.063,7.38644819237553e-96,"3","PDE4A"
9.48291929346187e-100,1.42809740745895,0.57,0.137,1.34866078191615e-95,"3","SMCO4"
1.05390137427378e-99,1.3768305121447,0.805,0.264,1.49885853449217e-95,"3","GPRIN3"
1.71662651144109e-99,1.28216357717176,0.736,0.214,2.44138622457152e-95,"3","ZDHHC24"
1.78825867247541e-99,1.45284898857638,0.687,0.187,2.54326148399453e-95,"3","HLA-DMA"
2.48056852137939e-99,1.21809587799119,0.966,0.57,3.52786455110577e-95,"3","CALM3"
3.16440567778879e-99,0.999178861549585,0.984,0.785,4.50041775495121e-95,"3","HCST"
3.93529629976431e-99,1.72590785182811,0.694,0.214,5.5967783975248e-95,"3","TTN"
5.31660152573735e-99,1.17388243936826,0.648,0.172,7.56127068990366e-95,"3","PAM"
1.62187035571026e-98,1.64738470986224,0.389,0.068,2.30662401989114e-94,"3","TASL"
1.63453611017973e-98,0.990205246149147,0.749,0.217,2.32463725589762e-94,"3","MYO1F"
1.83249919497119e-98,1.34670278751402,0.586,0.146,2.60618035508803e-94,"3","CDK5"
2.70219334589153e-97,1.22112758846726,0.736,0.213,3.84305937652693e-93,"3","IFI27L2"
2.73059462131484e-97,1.5880193093372,0.874,0.365,3.88345167043396e-93,"3","FMNL1-DT"
3.56262157031679e-97,1.36061306221653,0.91,0.377,5.06676039730454e-93,"3","ITGB2"
1.55038058784193e-95,0.720615025001227,1,0.988,2.20495127202879e-91,"3","MYL6"
1.59022829058974e-95,2.00768737056355,0.315,0.047,2.26162267487673e-91,"3","BMERB1"
3.6832993391267e-95,1.1502719063238,0.814,0.258,5.238388320106e-91,"3","IKBKE"
7.06084464569232e-95,1.3039636185306,0.857,0.323,1.00419332551036e-90,"3","SPINT2"
1.42794510038798e-94,1.06330533395736,0.708,0.209,2.03082352177178e-90,"3","HOPX"
5.53013847641394e-94,1.10001519225544,0.818,0.258,7.8649629411559e-90,"3","PTRHD1"
6.12306803761225e-93,1.35963320588732,0.524,0.126,8.70822736309215e-89,"3","APOBEC3F"
1.05730937501909e-92,1.06936274278929,0.938,0.349,1.50370539315216e-88,"3","APOBEC3C"
1.45812577619262e-92,1.63983143222675,0.602,0.167,2.07374647890114e-88,"3","BHLHE40"
3.93159340866401e-92,1.90881838513949,0.536,0.133,5.59151214580195e-88,"3","CTSZ"
6.36899199933864e-92,0.847959510540931,1,0.908,9.05798042145942e-88,"3","TPM3"
8.00532938310171e-92,2.08723416893124,0.333,0.055,1.13851794486472e-87,"3","CD70"
2.60533756669808e-91,1.63319699886925,0.347,0.059,3.705311087358e-87,"3","ENSG00000236935"
2.71007130817622e-91,1.44050216025168,0.409,0.08,3.85426341448822e-87,"3","CASTOR1"
5.36633652817202e-91,1.16516977388938,0.572,0.146,7.63200381036625e-87,"3","ASL"
1.3648575078042e-90,1.09302892472049,0.977,0.544,1.94110034759913e-86,"3","SEC11A"
2.4361324388753e-90,1.5906940411183,0.434,0.093,3.46466755456845e-86,"3","MGST2"
3.25241300038309e-90,1.25191782637318,0.818,0.291,4.62558176914483e-86,"3","KDM5B"
3.57102709318345e-90,1.21084321688453,0.577,0.148,5.0787147319255e-86,"3","DLGAP4"
4.00703649236051e-90,1.41306616594594,0.432,0.091,5.69880729943512e-86,"3","ACP2"
5.72564409112326e-90,1.75740467183233,0.713,0.275,8.14301102639549e-86,"3","CPA5"
1.0297691512179e-89,1.73989681111623,0.384,0.075,1.4645376868621e-85,"3","DUSP4"
1.04206314717765e-89,0.830427905046205,0.995,0.888,1.48202220791605e-85,"3","GPSM3"
1.22343497101521e-89,1.32464397599321,0.607,0.165,1.73996921577783e-85,"3","CCDC28B"
2.7655654302495e-89,1.12798233446365,0.885,0.324,3.93318715490085e-85,"3","CHCHD5"
4.03508273528124e-89,2.24701737968222,0.271,0.036,5.73869466611698e-85,"3","GPA33"
5.0073156177219e-89,1.10696377308193,0.832,0.28,7.12140427152408e-85,"3","LIMS1"
6.19054995129737e-89,2.05354764389863,0.32,0.053,8.80420014073512e-85,"3","ICA1L"
1.30835827006758e-88,1.79314449475852,0.343,0.061,1.86074713169012e-84,"3","SPATA20"
1.52815336074742e-88,1.17266987968245,0.825,0.294,2.17333970965497e-84,"3","PYM1"
5.7775459562243e-88,1.05323561427415,0.453,0.103,8.21682585894219e-84,"3","XCL1"
7.77182475527599e-88,1.39392618976772,0.88,0.385,1.10530891669535e-83,"3","PIM2"
9.80942859148025e-88,1.09841992894411,0.844,0.295,1.39509693428032e-83,"3","H2AJ"
3.15105282120803e-87,1.3640080620841,0.48,0.112,4.48142732232206e-83,"3","PDE6G"
3.18137365154684e-87,1.47069500997582,0.483,0.112,4.52454960722992e-83,"3","CCDC141"
5.1304634850579e-87,0.811979623820004,1,0.925,7.29654516844935e-83,"3","LAPTM5"
6.92556139966866e-87,1.38676207966428,0.554,0.144,9.84953342260876e-83,"3","HVCN1"
8.03629421943689e-87,1.0602147231066,0.989,0.616,1.14292176388831e-82,"3","POLD4"
2.10846253784679e-86,1.51759340809922,0.453,0.103,2.99865542132571e-82,"3","TVP23C"
2.36303699250762e-86,1.05619607995929,0.586,0.149,3.36071121074433e-82,"3","CDCA7"
7.59177410180155e-86,1.03713444838328,0.772,0.244,1.07970211275822e-81,"3","RAB33A"
1.08807438303995e-85,1.02166543244643,0.428,0.093,1.54745938755941e-81,"3","APOBEC3H"
1.31039518573762e-85,1.66625054255905,0.543,0.145,1.86364403315604e-81,"3","P2RX5"
1.45079147312511e-85,0.784945001268677,0.993,0.938,2.06331563307853e-81,"3","GYPC"
1.61651894749887e-85,1.03142093163984,0.972,0.986,2.29901324713289e-81,"3","IL32"
2.87552403063079e-85,1.67347117269982,0.49,0.122,4.08957027636311e-81,"3","MTSS1"
3.55188385182642e-85,1.48682718200204,0.391,0.078,5.05148921406753e-81,"3","NAALADL1"
4.6582226799682e-85,0.763971881948655,0.694,0.199,6.62492429545077e-81,"3","GYG1"
9.4417108791059e-85,0.855902586541501,0.993,0.742,1.34280012122644e-80,"3","PPP1CA"
1.72092039897605e-84,1.29263636399193,0.455,0.105,2.44749299142374e-80,"3","RASSF2"
1.80188616603365e-84,2.2970604715126,0.262,0.037,2.56264250533305e-80,"3","TM6SF1"
2.18053117271827e-84,1.01470325038464,0.986,0.587,3.10115143383993e-80,"3","FKBP1A"
3.80638872341773e-84,0.753816376525494,1,0.872,5.4134460424447e-80,"3","ATP5MC3"
5.83988824557729e-84,2.496036137688,0.301,0.05,8.30548906286002e-80,"3","TNFRSF4"
6.8635694101327e-84,1.08156870934455,0.71,0.22,9.76136841509073e-80,"3","SNX20"
1.07678764409855e-83,2.13443290503361,0.333,0.062,1.53140738743695e-79,"3","IKZF4"
1.28864997047133e-83,0.887586116718125,0.991,0.921,1.83271798800433e-79,"3","FXYD5"
1.73249763189538e-83,1.27196388061647,0.411,0.087,2.46395813208161e-79,"3","SBNO1-AS1"
1.91440124532441e-83,1.08481255950106,0.687,0.209,2.72266145110037e-79,"3","IL2RB"
5.64717329219011e-83,1.07731556623107,0.926,0.405,8.03140985615277e-79,"3","CMTM3"
5.85429183378731e-83,0.887902956909238,0.995,0.882,8.32597384601231e-79,"3","IFITM2"
9.69519182586101e-83,1.21376768816861,0.89,0.378,1.37885018147395e-78,"3","CD5"
1.25453894582027e-82,1.6905966773593,0.356,0.068,1.78420528874558e-78,"3","COL6A2"
1.32170913130568e-82,1.48259367839486,0.407,0.087,1.87973472654294e-78,"3","DAPP1"
1.34959199890134e-82,1.13287526870927,0.943,0.43,1.91938974083748e-78,"3","ETHE1"
1.97159066908757e-82,1.75160471592852,0.356,0.067,2.80399624957635e-78,"3","ENSG00000267568"
3.15494711922044e-82,1.05984097039997,0.986,0.674,4.48696579295531e-78,"3","MSN"
3.2250129579885e-82,0.531086723793965,0.998,0.997,4.58661342885124e-78,"3","MT-ND4L"
4.10569984157077e-82,1.38035356079179,0.595,0.175,5.83912631468194e-78,"3","GPKOW"
4.44060734804146e-82,0.518513899253937,1,0.992,6.31543177038457e-78,"3","ATP5F1E"
5.84758404534116e-82,1.10482872895157,0.506,0.127,8.3164340292842e-78,"3","AGMAT"
7.77285196290647e-82,1.02336401805086,0.568,0.154,1.10545500616456e-77,"3","PTPRE"
8.39329949751964e-82,1.25515332032855,0.425,0.094,1.19369505453724e-77,"3","ERICH6-AS1"
1.18514004526069e-81,1.5309223958791,0.379,0.078,1.68550617236975e-77,"3","SP2-DT"
1.50255331856294e-81,1.24322533713694,0.402,0.084,2.13693132966022e-77,"3","AK1"
1.50260564915785e-81,1.10029136693105,0.963,0.482,2.13700575423229e-77,"3","TMEM256"
1.90664523886662e-81,0.999578115078196,0.703,0.215,2.71163085871611e-77,"3","TMED3"
2.71616270959501e-81,1.18204773307084,0.908,0.402,3.86292660558602e-77,"3","ZYX"
6.28262287818231e-81,1.27792127665163,0.48,0.118,8.93514625735089e-77,"3","ARRB1"
7.99364142587386e-81,0.954072881069418,0.903,0.355,1.13685568358778e-76,"3","MXD4"
8.10767106057173e-81,1.24473423390126,0.614,0.185,1.15307297823451e-76,"3","ENSG00000258181"
9.04424879454732e-81,0.91332307532889,0.674,0.204,1.28627306356052e-76,"3","MOSPD3"
1.21233952398147e-80,1.18908925096946,0.89,0.384,1.72418927100645e-76,"3","FMNL1"
1.86984715613316e-80,1.07767514998671,0.949,0.449,2.65929662545258e-76,"3","IGBP1"
2.1791117511554e-80,0.601046300667383,1,0.969,3.09913273249321e-76,"3","ATP5MC2"
2.55306210054679e-80,1.0615704054993,0.593,0.168,3.63096491939764e-76,"3","CYTH4"
2.89144863725969e-80,1.10875463765524,0.922,0.416,4.11221825191073e-76,"3","TXN2"
6.90796743633269e-80,1.17243985849282,0.462,0.112,9.82451128795235e-76,"3","C2orf74-DT"
1.04685923626058e-79,1.14844881372254,0.561,0.156,1.48884320580979e-75,"3","MMP25-AS1"
1.14073094908275e-79,0.844962718811705,0.991,0.729,1.62234755578548e-75,"3","COX5A"
1.57670668522883e-79,0.61234787549172,1,0.99,2.24239224773244e-75,"3","CFL1"
2.32606212488497e-79,1.76497816771981,0.382,0.081,3.3081255540114e-75,"3","AFAP1L2"
3.07465653903254e-79,0.97018057632057,0.807,0.281,4.37277652981208e-75,"3","TPGS1"
5.66066409394659e-79,1.15826593909128,0.903,0.388,8.05059647441084e-75,"3","SASH3"
8.38476955109399e-79,1.32200181040455,0.883,0.391,1.19248192555659e-74,"3","PTPN6"
1.01460457259199e-78,1.01335955613468,0.982,0.559,1.44297062314032e-74,"3","DYNLL1"
6.52996378594018e-78,1.13943065605727,0.885,0.37,9.28691449636412e-74,"3","SPTBN1"
9.71100397093806e-78,1.12014695209099,0.655,0.2,1.38109898474681e-73,"3","ABTB3"
9.86428457120903e-78,1.10460584159898,0.956,0.505,1.40289855171735e-73,"3","RCSD1"
1.47683100093068e-77,0.845907664904917,0.986,0.73,2.10034904952362e-73,"3","VAMP8"
1.54077543649053e-77,1.0506692444357,0.575,0.163,2.19129082577683e-73,"3","RASA4"
1.61227784469221e-77,0.990102757038371,0.51,0.132,2.29298155072127e-73,"3","TNFAIP8L1"
1.92911233777824e-77,1.37979573313806,0.483,0.125,2.74358356678822e-73,"3","PCK2"
2.2430731180065e-77,1.69424637212293,0.372,0.08,3.19009858842884e-73,"3","DUS2"
1.25614907963672e-76,1.7948376040163,0.32,0.06,1.78649522105935e-72,"3","SULT1A1"
2.04403734065111e-76,0.966788827846019,0.566,0.159,2.90702990587401e-72,"3","SPNS3"
2.30102832950087e-76,1.16296509555472,0.657,0.209,3.27252249021613e-72,"3","APOLD1"
2.41570533194474e-76,1.01352619062588,0.931,0.393,3.43561612309181e-72,"3","MPG"
2.69122119618205e-76,2.4647499264973,0.278,0.047,3.82745478521011e-72,"3","TP53I3"
3.07414638031879e-76,2.30608417863755,0.301,0.055,4.37205098208938e-72,"3","TSPAN2"
4.88400085417233e-76,0.800555479133914,0.989,0.777,6.94602601480388e-72,"3","SEPTIN1"
5.58574023207395e-76,1.21751695215507,0.469,0.118,7.94403975805557e-72,"3","SMIM3"
7.78870506331122e-76,0.832158578801311,0.968,0.903,1.10770963410412e-71,"3","CD2"
1.37312970020377e-75,1.04281917922293,0.97,0.511,1.9528650596298e-71,"3","GSTO1"
1.73636119593941e-75,1.46121478293268,0.375,0.081,2.46945289286503e-71,"3","TRAF3IP2"
2.54220601556177e-75,1.15047774065252,0.414,0.096,3.61552539533195e-71,"3","ARHGAP10"
3.47860977217422e-75,1.0374365164625,0.876,0.343,4.94727881798618e-71,"3","TSPOAP1-AS1"
8.81210828131794e-75,0.548850592767648,0.841,0.289,1.25325803976904e-70,"3","C12orf75"
1.62692260368329e-74,1.00044839201534,0.584,0.17,2.31380932695838e-70,"3","ST20"
2.04534263848329e-74,0.957969740330251,0.972,0.574,2.90888630045093e-70,"3","ANXA11"
2.80760386226714e-74,1.51610686101359,0.333,0.067,3.99297421291633e-70,"3","ENSG00000275964"
3.05837291152596e-74,1.10571468729843,0.572,0.166,4.34961795477222e-70,"3","CAPN1"
5.09041334969305e-74,0.637926703434601,0.993,0.997,7.23958586593345e-70,"3","MT-ATP6"
5.27101781731654e-74,1.05520186623074,0.715,0.239,7.49644153978758e-70,"3","DENND1C"
9.32021694940447e-74,0.800623247401699,0.756,0.255,1.3255212545443e-69,"3","PHACTR2"
1.10045028472246e-73,1.4732442687056,0.446,0.11,1.56506039493229e-69,"3","NCF1"
1.57012718605525e-73,2.29588080752519,0.251,0.039,2.23303488400778e-69,"3","ELAPOR1"
1.93886669118123e-73,0.641521584504558,1,0.976,2.75745620819794e-69,"3","HNRNPA1"
2.0332412379486e-73,1.68520627140848,0.389,0.091,2.8916756886105e-69,"3","TSPAN4"
2.2223901362351e-73,1.11937064443682,0.887,0.378,3.16068325175357e-69,"3","ITGAL"
4.08347691495612e-73,1.42870669627916,0.483,0.131,5.8075208684506e-69,"3","PGM2L1"
4.14026769565742e-73,1.22124979068824,0.501,0.137,5.88828871676398e-69,"3","RAB11FIP1"
5.86160077604355e-73,1.08800125008339,0.538,0.152,8.33636862368914e-69,"3","ATP2A3"
5.92689073027216e-73,1.70767804382336,0.37,0.084,8.42922399659307e-69,"3","PARVB"
6.0672625463444e-73,1.29006242266197,0.361,0.077,8.62886079341101e-69,"3","NAPA-AS1"
8.61704091579742e-73,1.01946276536176,0.572,0.169,1.22551555904471e-68,"3","HNRNPLL"
1.44681151895444e-72,1.19286372659474,0.448,0.115,2.05765534225701e-68,"3","CHP1"
1.45070354723925e-72,1.66112768475685,0.326,0.067,2.06319058488366e-68,"3","LINC00888"
2.40561298697298e-72,1.0209833169699,0.766,0.267,3.42126279007297e-68,"3","STK16"
2.41776106131523e-72,1.06444216729028,0.52,0.146,3.43853978140252e-68,"3","GSTM4"
2.5202885185774e-72,1.07530147693009,0.621,0.192,3.58435433112078e-68,"3","COX10"
3.09748097310362e-72,2.44141794363476,0.257,0.042,4.40523743994796e-68,"3","NAPSA"
4.77423636517618e-72,0.604815443395372,1,0.994,6.78991895855357e-68,"3","SH3BGRL3"
4.88866652985752e-72,1.17842078300243,0.692,0.235,6.95266153876337e-68,"3","EHD1"
8.44081722016906e-72,1.66293392658272,0.292,0.053,1.20045302505244e-67,"3","TAMALIN"
9.3213935509687e-72,1.07206333091215,0.841,0.349,1.32568859081877e-67,"3","SH2D2A"
1.01128697207882e-71,0.971839263618549,0.625,0.193,1.4382523316905e-67,"3","GPX7"
1.07845549087669e-71,1.7517582687864,0.278,0.049,1.53377939912483e-67,"3","SYNGR3"
1.16172744532509e-71,0.844069131726908,0.761,0.258,1.65220877274134e-67,"3","SERPINB6"
1.56718990821446e-71,0.914296728417735,0.979,0.672,2.22885748746261e-67,"3","TSPO"
1.76852648754221e-71,0.958243162572074,0.97,0.542,2.51519837058254e-67,"3","HMGA1"
2.01301750222029e-71,0.972522887996592,0.671,0.218,2.8629134916577e-67,"3","MGAT4B"
2.3519414574391e-71,1.69464131369863,0.457,0.124,3.34493114076988e-67,"3","LGALS9"
2.86681958289667e-71,0.905822798435712,0.508,0.139,4.07719081079565e-67,"3","PLAAT3"
6.65927144070822e-71,1.14491854893552,0.487,0.133,9.47081584297523e-67,"3","DDAH2"
7.78028700354767e-71,1.14950529822634,0.395,0.093,1.10651241764455e-66,"3","GCNA"
8.14021507328168e-71,0.985984304888884,0.503,0.139,1.15770138772212e-66,"3","USB1"
8.65977899923452e-71,1.52860903197995,0.382,0.087,1.23159376927113e-66,"3","ZC3H12D"
9.60959354205833e-71,0.852292853017969,0.591,0.174,1.36667639355154e-66,"3","ITPR1"
9.90105732931958e-71,1.1993798926293,0.425,0.107,1.40812837337583e-66,"3","GLMP"
1.03709922793493e-70,1.13329033181874,0.409,0.101,1.47496252196905e-66,"3","APOBEC3D"
1.04652551685851e-70,0.895545904612544,0.639,0.202,1.48836859007617e-66,"3","ST8SIA4"
1.05648417404868e-70,0.888924511074225,0.63,0.195,1.50253179233204e-66,"3","STX6"
1.10778084031809e-70,0.567938442946045,0.995,0.984,1.57548591110038e-66,"3","LIMD2"
1.15911450480966e-70,1.03592612699575,0.462,0.122,1.6484926487403e-66,"3","AGPAT2"
1.22480902287554e-70,1.17796775090864,0.494,0.137,1.7419233923336e-66,"3","LFNG"
1.28223742576994e-70,0.997276589054692,0.903,0.373,1.82359806693e-66,"3","CNIH1"
1.38277121970899e-70,0.711461952213363,0.922,0.4,1.96657722867013e-66,"3","ITM2C"
1.56397877640273e-70,1.11569497203696,0.754,0.269,2.22429061579996e-66,"3","ADGRE5"
1.85257716083012e-70,1.12972965855895,0.577,0.177,2.6347352381326e-66,"3","TTC7A"
3.03997774029717e-70,1.02907854028,0.522,0.149,4.32345634225063e-66,"3","NUDT18"
4.68333085756108e-70,1.00313043127432,0.497,0.135,6.66063314562336e-66,"3","CERS4"
6.67556849525072e-70,0.861313820399474,0.582,0.173,9.49399351394558e-66,"3","TTC24"
6.86053495108847e-70,0.9749467116076,0.598,0.183,9.75705280743802e-66,"3","NCALD"
7.67001355996627e-70,1.37276297994089,0.356,0.08,1.0908293284984e-65,"3","CHST2"
9.77907406766646e-70,0.968508931227715,0.871,0.346,1.39077991390352e-65,"3","TGFB1"
1.29862163473084e-69,1.42770772598515,0.303,0.058,1.8468996889142e-65,"3","ABAT"
1.52617964324074e-69,0.916663327607144,0.89,0.338,2.17053268861697e-65,"3","HINT2"
1.72597051278659e-69,0.903906252341574,0.752,0.255,2.45467526328509e-65,"3","SIPA1L1"
1.84780682975563e-69,0.926334188947204,0.956,0.478,2.62795087327846e-65,"3","PGLS"
2.10220002664608e-69,1.28947509537636,0.359,0.081,2.98974887789605e-65,"3","STX11"
2.23000304748337e-69,0.96375210950562,0.745,0.258,3.17151033413085e-65,"3","PPM1M"
2.75990632663797e-69,0.944163732674906,0.694,0.231,3.92513877774452e-65,"3","TSPAN32"
3.1301483267589e-69,0.833612912688215,0.669,0.216,4.45169695031651e-65,"3","MYD88"
4.46399949070787e-69,0.932711072026187,0.772,0.274,6.34870007568473e-65,"3","SYTL1"
4.70826451505432e-69,0.9546758423679,0.632,0.202,6.69609379331025e-65,"3","FBRS"
4.77057611773213e-69,0.838326583525312,0.8,0.287,6.78471335463864e-65,"3","TNFSF12"
5.07396864416193e-69,1.3692315418269,0.37,0.086,7.2161982057271e-65,"3","ELF4"
5.70817454227027e-69,1.06778805160233,0.414,0.102,8.11816583401677e-65,"3","KCNMB4"
7.45170471618666e-69,0.866669541892416,0.637,0.201,1.05978144473607e-64,"3","GIPC1"
1.02338732420388e-68,0.864159086051307,0.745,0.253,1.45546145248276e-64,"3","DCAF11"
1.48913280282012e-68,1.73673641586704,0.494,0.141,2.11784467217077e-64,"3","GRN"
2.08544069321115e-68,0.969582895921614,0.857,0.343,2.9659137538849e-64,"3","NCKAP1L"
2.21317431647781e-68,1.00807550873499,0.855,0.34,3.14757651289474e-64,"3","PFDN4"
4.09786342506453e-68,0.835723156632368,0.621,0.194,5.82798136312678e-64,"3","NUDT2"
4.92036651285183e-68,1.07902198183064,0.984,0.764,6.99774525457787e-64,"3","ITGA4"
7.0589881397787e-68,1.02887240409649,0.676,0.23,1.00392929323933e-63,"3","ABCC1"
7.24521202220405e-68,0.962321891528066,0.591,0.181,1.03041405379786e-63,"3","RNPEP"
8.10744142665822e-68,2.35773495774491,0.315,0.065,1.15304031969933e-63,"3","HLA-DMB"
8.24679225283249e-68,0.926909975557243,0.818,0.312,1.17285879419784e-63,"3","UBE2F"
9.80730958110526e-68,0.969119252568671,0.915,0.398,1.39479556862479e-63,"3","RHOF"
1.10398909057996e-67,0.944120346820204,0.439,0.111,1.57009328462281e-63,"3","C11orf21"
1.20250310712401e-67,1.44278567037645,0.338,0.075,1.71019991895177e-63,"3","PCTP"
1.36100767616085e-67,0.773814032525368,0.991,0.798,1.93562511703596e-63,"3","PARK7"
1.37143273310459e-67,0.691522783648565,0.671,0.216,1.95045163302135e-63,"3","CDK6"
1.82960226124069e-67,1.60450886476273,0.301,0.061,2.60206033593652e-63,"3","MIR3142HG"
2.14546505762752e-67,0.91703239504156,0.533,0.156,3.05128040495786e-63,"3","MAP3K14"
2.16239191394853e-67,1.09917505566622,0.457,0.125,3.07535378001759e-63,"3","AKIP1"
2.21310192814702e-67,1.04289009434721,0.703,0.24,3.14747356221069e-63,"3","GRINA"
2.23436664109328e-67,0.88148519325617,0.743,0.258,3.17771623696287e-63,"3","COMMD1"
3.63394930644605e-67,1.26491986907665,0.379,0.09,5.16820270362757e-63,"3","FURIN"
4.82010788680864e-67,0.944871763449719,0.961,0.525,6.85515743661924e-63,"3","TWF2"
4.9031834104299e-67,0.915772957473092,0.655,0.214,6.9733074463134e-63,"3","RDX"
5.39408066862865e-67,1.2353197608986,0.301,0.058,7.67146152692367e-63,"3","C16orf86"
6.24027227051504e-67,0.899490316906161,0.798,0.291,8.87491522312649e-63,"3","CAT"
6.26798495346797e-67,0.87993419867652,0.614,0.198,8.91432820082215e-63,"3","DUSP16"
7.83166308213568e-67,0.790810675384226,0.607,0.188,1.11381912354134e-62,"3","HDGFL2"
8.34184475418265e-67,0.825346557202104,0.669,0.212,1.18637716093986e-62,"3","CSRP1"
8.87688107446576e-67,0.701718914144744,0.991,0.833,1.26247002641052e-62,"3","COX8A"
9.19646348252036e-67,0.789699894161931,0.685,0.23,1.30792103648404e-62,"3","SLC38A4-AS1"
1.057579968946e-66,1.00663167841656,0.692,0.237,1.50409023183501e-62,"3","SH3BP1"
1.08602957368796e-66,0.799828259247218,0.664,0.219,1.54455125969902e-62,"3","THAP4"
1.26961764619985e-66,1.11769682191609,0.451,0.123,1.80565021642543e-62,"3","ARHGAP1"
1.43461138404766e-66,0.885231009062292,0.729,0.25,2.04030431039258e-62,"3","PSD4"
1.73441458961408e-66,1.02179175058838,0.614,0.199,2.46668442934915e-62,"3","EOLA2"
1.95071516062507e-66,0.806341043383908,0.692,0.229,2.77430710144097e-62,"3","TFPT"
1.98374986778231e-66,0.764221652510945,0.602,0.189,2.82128906196e-62,"3","TOLLIP"
2.59738840463693e-66,0.875204308528265,0.543,0.159,3.69400578907464e-62,"3","MAPKAPK3"
3.32163012037273e-66,0.991714060490711,0.726,0.257,4.7240223571941e-62,"3","BATF"
4.14089522027272e-66,1.19778820175116,0.883,0.438,5.88918118227186e-62,"3","S1PR4"
4.28593874391729e-66,1.13938485062448,0.451,0.123,6.09546208159917e-62,"3","LRRC41"
4.36251615567228e-66,1.11134897645768,0.386,0.092,6.20437047659712e-62,"3","LNCRNA-IUR"
4.79383611892173e-66,1.40768570844535,0.446,0.122,6.81779372833048e-62,"3","KCNN4"
4.89674564866285e-66,1.24659270909035,0.508,0.147,6.96415166152831e-62,"3","C16orf74"
6.62367452146434e-66,0.70342208666382,0.995,0.789,9.42018990442658e-62,"3","TRAPPC1"
6.99337304992322e-66,0.757767366633817,0.993,0.751,9.9459751516008e-62,"3","CAP1"
7.63416243271898e-66,0.964510293865876,0.913,0.41,1.08573058118129e-61,"3","ZNF580"
9.58872576678297e-66,0.841434369613966,0.811,0.3,1.36370857855187e-61,"3","MYG1"
1.00356800402028e-65,2.0629810137313,0.306,0.065,1.42727441531764e-61,"3","SLC27A2"
1.04050579668478e-65,0.720981465027926,0.628,0.198,1.4798073440451e-61,"3","MVB12A"
1.59620372852767e-65,1.80087546878321,0.345,0.081,2.27012094271205e-61,"3","GK"
1.63902229257267e-65,0.91079632444222,0.522,0.154,2.33101750449685e-61,"3","TRPV2"
1.83821054181095e-65,0.906500513620023,0.602,0.191,2.61430303256353e-61,"3","PTPA"
1.84331969000766e-65,0.989670269926593,0.584,0.184,2.6215692631289e-61,"3","RFX5"
1.94429662852155e-65,0.824728076612738,0.582,0.179,2.76517866508334e-61,"3","COX15"
1.97415804292776e-65,1.80123752582808,0.26,0.047,2.80764756865186e-61,"3","PTP4A3"
2.06289864995701e-65,2.54043185162529,0.267,0.051,2.93385445996885e-61,"3","VDR"
2.06536435064408e-65,1.11363739994589,0.409,0.104,2.93736117948601e-61,"3","PITPNM2"
2.57554342072382e-65,0.766704526869039,0.644,0.209,3.66293785295342e-61,"3","NME7"
2.80558743553328e-65,0.889777006378471,0.936,0.43,3.99010645081543e-61,"3","PYCARD"
3.34275139412716e-65,0.918450646295308,0.602,0.187,4.75406103272765e-61,"3","G6PD"
3.60919435434354e-65,0.991834598368431,0.74,0.272,5.13299621074738e-61,"3","RNF125"
3.64602848048393e-65,2.08302723272344,0.384,0.096,5.18538170494424e-61,"3","LGALS3"
4.37394383605418e-65,1.04307708764784,0.506,0.149,6.22062292363625e-61,"3","SEL1L3"
4.75087241811469e-65,0.83719374801326,0.641,0.206,6.75669075304272e-61,"3","CD151"
5.58842275879334e-65,0.722517007694328,0.768,0.259,7.94785484755588e-61,"3","RPL26L1"
6.79897659503877e-65,0.91771695223283,0.708,0.244,9.66950451346414e-61,"3","BAK1"
8.34402061698574e-65,0.888914047965291,0.871,0.338,1.18668661214771e-60,"3","VPS25"
1.14451183200081e-64,0.97544051041159,0.972,0.622,1.62772472747155e-60,"3","SEPTIN9"
1.55610385405491e-64,0.917039575498373,0.743,0.275,2.21309090123689e-60,"3","PRKAR1B"
2.10766647187978e-64,0.950771066465574,0.621,0.204,2.99752325630743e-60,"3","LAIR1"
2.30116368022116e-64,1.43216112255885,0.457,0.131,3.27271498601054e-60,"3","RGS3"
2.57962987881394e-64,1.14712403571197,0.441,0.121,3.66874961364919e-60,"3","HYCC1"
2.9652073836545e-64,0.719189496328476,0.756,0.256,4.21711794103343e-60,"3","MRPS18A"
3.30522961720283e-64,0.828057389744676,0.708,0.247,4.70069756158586e-60,"3","CCNB1IP1"
7.3744405215629e-64,0.820129307731176,0.683,0.232,1.04879293097668e-59,"3","UROS"
8.00280474378683e-64,0.929294277556519,0.437,0.116,1.13815889066136e-59,"3","RASA4B"
8.87556657221108e-64,0.852204507573484,0.483,0.138,1.26228307789986e-59,"3","CALHM2"
1.00230838721217e-63,1.05833995575776,0.439,0.118,1.42548298829315e-59,"3","FGGY"
1.3208524792665e-63,0.816469564979295,0.782,0.29,1.87851639601282e-59,"3","ATXN1"
1.33265664030877e-63,0.880755970947747,0.864,0.355,1.89530427384713e-59,"3","RGS19"
1.36728833272306e-63,0.759088130824082,0.995,0.995,1.94455746679874e-59,"3","MT-CYB"
1.62558675713161e-63,1.107742390476,0.614,0.208,2.31190948599258e-59,"3","TSPAN5"
1.66960379342008e-63,0.856496924821843,0.864,0.342,2.37451051500204e-59,"3","TCEAL8"
1.72454486999665e-63,1.3231537722809,0.329,0.072,2.45264771410924e-59,"3","AEBP1"
2.8763792901398e-63,0.997180516576603,0.377,0.091,4.09078662643682e-59,"3","RENBP"
3.10162764862636e-63,0.698060129663404,0.993,0.902,4.41113484187641e-59,"3","EEF2"
5.14280634582127e-63,0.950105736167699,0.83,0.337,7.31409918502701e-59,"3","VASP"
5.55710834188904e-63,1.64091344924706,0.315,0.068,7.9033194838346e-59,"3","IL2RA"
6.93402756070775e-63,1.06725118196034,0.405,0.105,9.86157399683856e-59,"3","EXD3"
8.4282058446094e-63,0.742778140828861,0.667,0.224,1.19865943522035e-58,"3","LPP"
1.83341180771833e-62,0.764705322116899,0.616,0.201,2.607478272937e-58,"3","CSTPP1"
2.05918793630067e-62,0.819356955053098,0.653,0.216,2.92857708300681e-58,"3","SH2D3C"
2.17876711597897e-62,1.05599816782309,0.766,0.305,3.09864259234529e-58,"3","VOPP1"
2.90956412603162e-62,0.835168374485118,0.51,0.152,4.13798210004216e-58,"3","CHRNB1"
4.31725332162107e-62,0.891109358872234,0.811,0.308,6.13999767400949e-58,"3","PRKCSH"
5.2301485290163e-62,0.768584095681606,0.651,0.218,7.43831723796698e-58,"3","DYRK4"
5.5613732634461e-62,0.837531685252007,0.674,0.231,7.90938505527305e-58,"3","DELE1"
5.8580415917674e-62,0.899737364294249,0.487,0.142,8.3313067518116e-58,"3","PHTF1"
6.89367455135598e-62,1.70250023601865,0.322,0.073,9.80418394693848e-58,"3","ATP8B4"
7.95650143292821e-62,1.13170456541292,0.363,0.089,1.13157363379105e-57,"3","GLYCTK"
8.6255295613611e-62,0.99991681970657,0.508,0.154,1.22672281421678e-57,"3","IL21R"
9.06803035007116e-62,0.964358980425359,0.795,0.311,1.28965527638712e-57,"3","TRAF1"
1.00423841494281e-61,1.25996689248057,0.485,0.147,1.42822787373167e-57,"3","PDE7B"
1.11029271107717e-61,0.916551548694336,0.922,0.479,1.57905829369396e-57,"3","DECR1"
1.51727991525124e-61,0.98909084354114,0.899,0.423,2.15787549547032e-57,"3","ARHGEF6"
1.52015547667814e-61,0.884747573139592,0.533,0.165,2.16196511893165e-57,"3","ABHD17B"
2.00071069808871e-61,0.900916603840166,0.908,0.457,2.84541075482176e-57,"3","LDLRAD4"
2.50948837848344e-61,0.913843222736356,0.892,0.392,3.56899437187914e-57,"3","DBNL"
2.67647620282166e-61,0.884669073411668,0.448,0.125,3.80648445565296e-57,"3","NUDT16"
3.20408082461818e-61,0.762059136704643,0.644,0.219,4.55684374877198e-57,"3","CD84"
3.38332654848759e-61,0.694612023653522,0.993,0.759,4.81176701725906e-57,"3","BRK1"
3.70287546166244e-61,0.834138233304141,0.503,0.151,5.26622948157632e-57,"3","ACOT2"
4.08513423153489e-61,1.89017218701202,0.28,0.058,5.80987790408892e-57,"3","QPRT"
4.84511710361857e-61,0.780547928172824,0.48,0.141,6.89072554476633e-57,"3","SLC25A20"
4.93011481295521e-61,0.726061935091229,0.993,0.694,7.0116092869849e-57,"3","ARF5"
7.09194928997138e-61,0.968505965937151,0.457,0.131,1.00861702801973e-56,"3","NBPF14"
7.41166169729622e-61,0.849645516959128,0.977,0.671,1.05408652658947e-56,"3","SRGN"
1.01732948266422e-60,0.897014799256982,0.543,0.169,1.44684599024506e-56,"3","MSRB2"
1.47114493097317e-60,1.76772904208857,0.269,0.054,2.09226232083004e-56,"3","CBR3"
1.87542243927765e-60,0.834218255894082,0.793,0.293,2.66722579314067e-56,"3","TADA3"
1.99186730070201e-60,0.957472590294211,0.425,0.117,2.8328336750584e-56,"3","VAMP1"
2.16500148920409e-60,1.58340784110467,0.326,0.078,3.07906511794605e-56,"3","MZB1"
2.19116072146308e-60,1.12100183392772,0.503,0.156,3.11626877806479e-56,"3","INPP4B"
2.45340496721348e-60,0.811761191704673,0.639,0.213,3.48923254437101e-56,"3","AP1S1"
4.94004373767935e-60,0.963146675606909,0.943,0.506,7.02573020372757e-56,"3","C17orf49"
5.19727764790952e-60,0.779292688171502,0.547,0.172,7.39156827085691e-56,"3","DCAF12"
5.31339937102872e-60,0.774904182607013,0.513,0.157,7.55671658547705e-56,"3","DOK1"
5.68186554789151e-60,0.670487334127392,0.648,0.21,8.08074918221131e-56,"3","NABP2"
6.38630912693381e-60,0.881919536416377,0.432,0.12,9.08260884032527e-56,"3","KDM4A"
6.3953140194266e-60,0.651933932305944,0.51,0.151,9.09541559842851e-56,"3","VNN2"
6.57651134926423e-60,0.806074433958109,0.657,0.225,9.35311444092358e-56,"3","ARMCX6"
7.72191435916158e-60,1.7116920707087,0.269,0.055,1.09821066015996e-55,"3","NRROS"
7.91756841992522e-60,1.62709073067141,0.251,0.047,1.12603658068176e-55,"3","VWA5A"
8.65296459231615e-60,0.897960316502707,0.763,0.296,1.2306246243192e-55,"3","MIR142HG"
1.0123737553509e-59,1.04210048839875,0.434,0.125,1.43979795486005e-55,"3","ARHGAP18"
1.09234660966421e-59,0.856847785463298,0.524,0.162,1.55353534826444e-55,"3","CEACAM21"
1.10969618498808e-59,0.833272849647216,0.628,0.213,1.57820991429004e-55,"3","ARHGEF2"
2.38656788254849e-59,0.878065448059728,0.841,0.339,3.39417684256047e-55,"3","FERMT3"
2.80579840252095e-59,0.737784894994431,0.825,0.316,3.99040648806529e-55,"3","PRCP"
3.28288875716049e-59,0.751849548048313,0.8,0.307,4.66892439043364e-55,"3","TMEM156"
3.30165653937793e-59,1.00628055413848,0.759,0.309,4.69561593030329e-55,"3","RASGRP2"
3.61832293741395e-59,0.786528113292091,0.982,0.686,5.14597888159012e-55,"3","GNAI2"
4.1660848992737e-59,1.4587381721668,0.303,0.068,5.92500594374706e-55,"3","ARID3A"
4.22768718997819e-59,0.770801610162844,0.526,0.164,6.01261672158698e-55,"3","PCYT1A"
4.64482706531509e-59,0.555808172764104,1,0.907,6.60587305229112e-55,"3","COX6B1"
6.64822101942259e-59,1.04138338497648,0.692,0.26,9.45509993382281e-55,"3","SNX9"
7.00708752132134e-59,0.959509834749298,0.602,0.204,9.96547987282321e-55,"3","BCL2A1"
9.0034915398252e-59,1.79020670502543,0.285,0.063,1.28047656679394e-54,"3","GALNT6"
9.3642425992923e-59,1.02604140702611,0.487,0.149,1.33178258247135e-54,"3","SLC16A3"
1.01888389615182e-58,0.667203160832246,0.556,0.177,1.44905667710712e-54,"3","PDZD11"
1.06558990945784e-58,0.599270905132702,0.559,0.178,1.51548196923094e-54,"3","CD58"
1.10258828164704e-58,0.842585318199469,0.529,0.165,1.56810105415842e-54,"3","BCKDK"
1.10278249023688e-58,0.850315309588425,0.621,0.211,1.56837725761489e-54,"3","ARF3"
1.15675993188136e-58,0.979871433382692,0.545,0.176,1.64514397512167e-54,"3","IFT80"
1.34796884382983e-58,0.871345803288437,0.92,0.429,1.91708128969479e-54,"3","LAMTOR2"
1.7623867997707e-58,1.03554244476641,0.766,0.31,2.50646650663388e-54,"3","FLNA"
1.97143698304871e-58,0.888869699765034,0.92,0.457,2.80377767729188e-54,"3","IFNAR2"
2.07088100380654e-58,0.733614660103521,0.986,0.79,2.94520696361366e-54,"3","S100A4"
2.22097774705616e-58,0.979805679718623,0.685,0.257,3.15867455186327e-54,"3","POU2F2"
2.64482569116082e-58,1.7944290851496,0.283,0.061,3.76147109796892e-54,"3","SGK1"
3.56091448223672e-58,0.583651611042952,0.506,0.152,5.06433257663707e-54,"3","LINC00324"
4.26044637300246e-58,0.850998759468178,0.524,0.164,6.0592068316841e-54,"3","UNC13D"
4.51082094676239e-58,0.720373409514559,0.966,0.839,6.41528955048547e-54,"3","CD7"
4.79000823214242e-58,0.909943880838888,0.428,0.122,6.81234970775294e-54,"3","CTNNBIP1"
5.63498585901965e-58,0.698936188982692,0.66,0.22,8.01407688869774e-54,"3","SLC35D2"
5.80558841919316e-58,0.831840109150874,0.782,0.305,8.25670784977651e-54,"3","TNIP1"
6.85481169383167e-58,0.884914440052347,0.729,0.273,9.7489131909674e-54,"3","LASP1"
7.7447035812598e-58,1.51569761260552,0.303,0.069,1.10145174332677e-53,"3","HISLA"
7.8763348669873e-58,0.8920785461652,0.485,0.146,1.12017234478293e-53,"3","SLC39A8"
8.21826267575431e-58,0.786440846442847,0.641,0.219,1.16880131774578e-53,"3","PAK1"
9.10345630896994e-58,0.854228674523615,0.809,0.317,1.2946935562617e-53,"3","GATD3"
9.52562181445299e-58,0.861887665395816,0.446,0.13,1.3547339344515e-53,"3","ACY1"
1.20611309356916e-57,0.847305250938857,0.485,0.148,1.71533404167406e-53,"3","SYT11"
1.34704187062422e-57,0.721645172823314,0.531,0.167,1.91576294840176e-53,"3","HSCB"
1.542095732862e-57,0.797457251255818,0.655,0.229,2.19316855127634e-53,"3","SPTLC2"
1.66093641450377e-57,1.03273569288454,0.754,0.312,2.36218376870727e-53,"3","CBLL1"
3.98647890629867e-57,0.790141122470243,0.674,0.24,5.66957030053797e-53,"3","PRORP"
4.37488275240891e-57,1.5100382032701,0.317,0.076,6.22195825047595e-53,"3","TNFRSF18"
4.77836743118042e-57,0.786549491457517,0.462,0.135,6.79579416062479e-53,"3","ERCC6"
5.09721115501622e-57,1.03354680317589,0.434,0.127,7.24925370466407e-53,"3","PPCDC"
5.1495212923459e-57,0.881326345854866,0.949,0.608,7.32364918197434e-53,"3","DENND2D"
6.49624644259254e-57,0.99805537158914,0.74,0.301,9.23896169065511e-53,"3","JARID2"
6.81854525212621e-57,1.16571451985444,0.276,0.058,9.69733505757389e-53,"3","HECW2-AS1"
8.20115101593251e-57,0.795737108425633,0.703,0.261,1.16636769748592e-52,"3","PPP6R2"
8.44113432012491e-57,1.08498866018835,0.453,0.138,1.20049812300816e-52,"3","DGKH"
8.67775932814143e-57,0.869361978777764,0.469,0.143,1.23415093164827e-52,"3","CCDC88B"
8.72826960869081e-57,1.21102079517603,0.315,0.073,1.24133450374801e-52,"3","CHRM3-AS2"
8.8731298521451e-57,0.907270255239171,0.982,0.869,1.26193652757208e-52,"3","S100A10"
9.33844176706791e-57,1.01870047629093,0.444,0.131,1.3281131881124e-52,"3","KLHL42"
9.82932833283242e-57,0.756091061096239,0.621,0.213,1.39792707549543e-52,"3","N4BP2"
1.05061819470632e-56,0.845073516385202,0.945,0.531,1.49418919651132e-52,"3","SERPINB1"
1.24902521071766e-56,0.797419702374304,0.839,0.325,1.77636365468265e-52,"3","SHKBP1"
1.2997065203575e-56,0.859183587307111,0.936,0.47,1.84844261325244e-52,"3","OSTF1"
1.8132091752078e-56,0.824226673825062,0.805,0.326,2.57874608898053e-52,"3","DNM2"
1.83056930895182e-56,1.21175660976034,0.313,0.074,2.60343567119128e-52,"3","MYO18A"
1.87621259463594e-56,0.747806942573277,0.575,0.192,2.66834955209123e-52,"3","DEDD"
2.07008478104872e-56,0.804403164020811,0.869,0.359,2.94407457560749e-52,"3","TXNDC17"
2.4796948916449e-56,0.700342276883412,0.63,0.208,3.52662207489737e-52,"3","HAUS4"
2.65019989211876e-56,0.756062474400893,0.634,0.218,3.7691142865713e-52,"3","ACO2"
3.37028612549084e-56,0.801131216271089,0.754,0.291,4.79322092767308e-52,"3","MKNK2"
3.86753977585454e-56,0.864059532520115,0.818,0.334,5.50041506922032e-52,"3","CTSA"
4.73003575693294e-56,0.860459583009514,0.513,0.163,6.72705685351002e-52,"3","LHPP"
6.04459846119344e-56,0.9336376788726,0.345,0.088,8.59662793150932e-52,"3","CLSTN3"
6.54571328614567e-56,0.773716123734764,0.851,0.327,9.30931343555637e-52,"3","GET3"
7.12401582851245e-56,1.19186076157781,0.354,0.093,1.01317753113104e-51,"3","CREB3L2"
7.76595418193715e-56,0.674164015298172,0.621,0.212,1.1044740037551e-51,"3","DALRD3"
7.93980578050555e-56,0.868266218714299,0.501,0.156,1.1291991781035e-51,"3","MPP1"
8.6490940216012e-56,0.888580591237716,0.455,0.137,1.23007415175212e-51,"3","PGPEP1"
8.90086734041414e-56,0.702649595731038,0.74,0.274,1.2658813531537e-51,"3","ATP6V1D"
9.32898625107056e-56,0.707230865470786,0.989,0.8,1.32676842462725e-51,"3","ATP5IF1"
1.30820500287754e-55,0.749928750875173,0.595,0.202,1.86052915509244e-51,"3","PAPSS1"
1.5272206145587e-55,0.800155844430903,0.683,0.238,2.17201315802539e-51,"3","PGD"
2.02556769545754e-55,0.773138674161908,0.786,0.319,2.88076237647972e-51,"3","CORO1B"
2.22917813877757e-55,0.929465147107437,0.455,0.137,3.17033714896946e-51,"3","BMP2K"
2.68309750272423e-55,0.733803349598735,0.434,0.127,3.8159012683744e-51,"3","STK19"
3.49336477794696e-55,1.01276871788397,0.444,0.133,4.96826338719617e-51,"3","LIMA1"
4.55189267722574e-55,1.16668518249451,0.326,0.081,6.47370176555045e-51,"3","GOLIM4"
4.73233515720281e-55,0.720413775393247,0.655,0.233,6.73032706057383e-51,"3","NAA60"
4.78333123320127e-55,0.826724245463039,0.618,0.22,6.80285367985885e-51,"3","RGL4"
6.0162279103767e-55,1.26173354342372,0.453,0.141,8.55627933413774e-51,"3","SLAMF1"
6.61692402343198e-55,0.938730660413249,0.816,0.354,9.41058934612497e-51,"3","ARID5A"
6.81241838575865e-55,0.680334342432663,0.816,0.321,9.68862142822595e-51,"3","HACD4"
7.8059505629005e-55,1.19647406597152,0.492,0.159,1.11016228905571e-50,"3","CPNE2"
7.88280222068875e-55,0.716231474629559,0.982,0.682,1.12109213182635e-50,"3","ARPC4"
7.91544615351458e-55,0.616040399695363,0.561,0.184,1.12573475195284e-50,"3","FBXL12"
7.93696037568659e-55,0.804391374487709,0.761,0.292,1.12879450463015e-50,"3","ATP6V0D1"
9.17789488022258e-55,0.652112908960805,0.641,0.223,1.30528020986526e-50,"3","XPNPEP1"
9.66343724955949e-55,1.37044152490188,0.274,0.06,1.37433404563235e-50,"3","CHPF"
1.18164340812343e-54,0.802208913166645,0.975,0.561,1.68053325503315e-50,"3","CAPNS1"
1.49191763337035e-54,0.617497285074644,1,0.843,2.12180525817932e-50,"3","NDUFA4"
1.49868756768129e-54,0.856573323873332,0.979,0.729,2.13143345875633e-50,"3","S100A11"
1.72593260212232e-54,1.15042892952407,0.308,0.073,2.45462134673837e-50,"3","ENSG00000247134"
1.78771396118458e-54,0.667469412469556,0.664,0.234,2.54248679559671e-50,"3","RILPL2"
1.85648066696877e-54,0.761614386664435,0.66,0.24,2.64028680456299e-50,"3","NOA1"
1.98114790203828e-54,0.847288585886891,0.832,0.353,2.81758854627885e-50,"3","PTDSS1"
2.16900312943161e-54,0.697682075124228,0.876,0.354,3.08475625067764e-50,"3","CARHSP1"
3.33236862270922e-54,0.809208817362078,0.885,0.401,4.73929465521706e-50,"3","ITGAE"
4.07282856653766e-54,1.0591072350427,0.857,0.449,5.79237678732986e-50,"3","ARMH1"
4.12026763216263e-54,0.664472886733692,0.618,0.212,5.8598446264617e-50,"3","SLC35B2"
4.44695377229657e-54,0.817471733312042,0.607,0.218,6.32445765496018e-50,"3","KCNQ5"
4.78123870946738e-54,0.804782205137324,0.963,0.571,6.79987769260451e-50,"3","TKT"
5.68031902621391e-54,1.05107600310428,0.338,0.087,8.07854971908142e-50,"3","ZSWIM8"
7.1668558109201e-54,1.20014769070655,0.326,0.082,1.01927023342906e-49,"3","LINC00467"
7.20373506215426e-54,0.548611097609044,0.72,0.253,1.02451520053958e-49,"3","PHF19"
8.86828827540888e-54,0.736108017550273,0.501,0.158,1.26124795852865e-49,"3","LRRC28"
1.01687355212596e-53,0.711022021085998,0.628,0.218,1.44619756583354e-49,"3","ZDHHC3"
1.03785367381471e-53,1.12645890376671,0.961,0.762,1.47603549489928e-49,"3","PLAC8"
1.10472851238704e-53,0.558888744454618,0.995,0.871,1.57114489031685e-49,"3","EIF3H"
1.25769540965739e-53,0.61162297283514,0.634,0.22,1.78869441161474e-49,"3","ACOT13"
1.35968945346153e-53,0.681048499610059,0.566,0.193,1.93375034071299e-49,"3","COQ5"
1.42098187481616e-53,0.88825039607714,0.414,0.121,2.02092042236355e-49,"3","TRAK1"
1.61100748411609e-53,0.723682075693361,0.697,0.259,2.2911748439099e-49,"3","ABCD2"
1.61271456447315e-53,0.727416657292338,0.621,0.212,2.29360265359371e-49,"3","OXCT1"
1.81982347130333e-53,0.761720248634481,0.572,0.193,2.5881529408876e-49,"3","SMARCD2"
1.84556259607516e-53,0.695465799957325,0.566,0.19,2.62475912413809e-49,"3","MARCHF2"
2.05613000383129e-53,0.696648473711922,0.616,0.215,2.92422809144886e-49,"3","RHBDD2"
2.3403014068126e-53,0.794731533495846,0.828,0.351,3.32837666076889e-49,"3","WBP1"
2.55699047522358e-53,0.911865694538647,0.933,0.59,3.63655185386297e-49,"3","CBLB"
3.14704362090067e-53,0.94884117247919,0.795,0.347,4.47572543764494e-49,"3","VMP1"
3.33355460970955e-53,0.733042802643946,0.54,0.178,4.74098136592892e-49,"3","RCC1L"
3.63677171130171e-53,0.827768392986161,0.393,0.111,5.17221672781329e-49,"3","MLLT11"
4.02608868192144e-53,0.607295366233212,0.777,0.294,5.72590332342867e-49,"3","GTF2H5"
4.09429425339477e-53,1.16329760661173,0.349,0.093,5.82290528717804e-49,"3","TESC"
4.30897100619591e-53,0.719675647990766,0.552,0.185,6.12821856501183e-49,"3","ASMTL"
5.42633742923431e-53,0.711869645126777,0.538,0.177,7.71733709185704e-49,"3","MAP2K3"
5.58003974829504e-53,0.683273555206726,0.294,0.07,7.93593253002521e-49,"3","TNFRSF9"
5.99560614241764e-53,0.79822491443092,0.517,0.168,8.52695105574637e-49,"3","HIPK2"
6.13821306143461e-53,0.687917092720088,0.609,0.217,8.7297666159723e-49,"3","LACTB"
7.51295178932134e-53,0.783054751289593,0.708,0.267,1.06849200347728e-48,"3","ESYT1"
7.71870782535334e-53,0.99855738696313,0.326,0.084,1.09775462692175e-48,"3","FAHD2B"
8.31280822493325e-53,0.669164937182666,0.991,0.815,1.18224758575001e-48,"3","ARPC5"
1.11555547985005e-52,0.737495390449819,0.566,0.192,1.58654300344275e-48,"3","MAP4K2"
1.2118257857219e-52,0.642345696243786,0.995,0.758,1.72345863245369e-48,"3","ATP5F1C"
1.26388861622175e-52,0.856390592121223,0.379,0.105,1.79750238999057e-48,"3","DHX32"
1.68781965463268e-52,0.831089360326775,0.437,0.134,2.4004171128186e-48,"3","GSE1"
2.3763524851392e-52,0.796682361194712,0.375,0.105,3.37964850436498e-48,"3","FIG4"
2.6321819450588e-52,1.7066246825095,0.92,0.454,3.74348916226262e-48,"3","CTSD"
2.76021724520218e-52,0.721091715824152,0.43,0.129,3.92558096612654e-48,"3","TRIP4"
2.83285550853077e-52,1.80043152630871,0.26,0.059,4.02888710423246e-48,"3","SLC35F2"
3.12900168351075e-52,0.860715945995878,0.487,0.158,4.45006619428899e-48,"3","GMIP"
3.14358346684496e-52,0.824933912178927,0.784,0.329,4.4708044065469e-48,"3","SLC12A6"
3.2002915948448e-52,0.802488890896642,0.31,0.074,4.55145470618828e-48,"3","TP53INP1"
3.61379481539413e-52,0.760618321862572,0.726,0.278,5.13953898645354e-48,"3","NIPSNAP1"
3.67690555052183e-52,1.53631909799845,0.303,0.075,5.22929507395214e-48,"3","TST"
3.94548780763814e-52,0.837123221067219,0.547,0.186,5.61127276002296e-48,"3","AGK"
4.16065386577818e-52,0.726585023343386,0.522,0.174,5.91728192790973e-48,"3","PEX19"
4.77662985419942e-52,0.862961338951653,0.366,0.101,6.79332297864242e-48,"3","DHTKD1"
4.82768747614514e-52,0.737940069264884,0.485,0.156,6.86593712857362e-48,"3","FAHD2A"
4.96100442759866e-52,1.38044530501566,0.285,0.067,7.05554049693082e-48,"3","GGT1"
5.12900643353154e-52,0.817276493770368,0.545,0.187,7.29447294976856e-48,"3","MAN2B1"
5.23167928647391e-52,0.958740008433368,0.324,0.082,7.44049428122319e-48,"3","RGL2"
5.91060292059006e-52,0.923056243555269,0.382,0.11,8.40605947366319e-48,"3","GBA1"
5.98762911051915e-52,1.32774019100931,0.267,0.059,8.51560612098033e-48,"3","NICN1"
6.21739558518744e-52,0.777946769187234,0.938,0.558,8.84238000125357e-48,"3","NHERF1"
7.12632385600384e-52,0.797200592700967,0.814,0.336,1.01350577880087e-47,"3","RFTN1"
7.13123292115534e-52,0.664732681484473,0.552,0.187,1.01420394604671e-47,"3","TM7SF2"
7.60406752979349e-52,0.954793164802111,0.389,0.112,1.08145048408723e-47,"3","MAPK13"
8.32248654710089e-52,0.642792204816118,0.561,0.186,1.18362403672869e-47,"3","NCAPD2"
8.98260571990772e-52,0.714073782651417,0.464,0.146,1.27750618548528e-47,"3","ACADS"
9.24185635086818e-52,0.706781262610198,0.731,0.279,1.31437681022047e-47,"3","PPIL3"
1.09681302395608e-51,0.725248614903498,0.524,0.174,1.55988748267034e-47,"3","G6PC3"
1.18331723667223e-51,1.20809807980522,0.31,0.077,1.68291377399524e-47,"3","IZUMO4"
1.44503238012565e-51,0.533373306354704,0.545,0.179,2.0551250510147e-47,"3","ACOT9"
1.44634780004301e-51,1.85938758523288,0.257,0.057,2.05699584122117e-47,"3","AHI1-DT"
1.5693153602579e-51,0.69636484290533,0.563,0.193,2.23188030535879e-47,"3","SPIN1"
1.57711727524114e-51,1.00280446867723,0.349,0.095,2.24297618884795e-47,"3","PAOX"
1.67262826690094e-51,0.692180743907945,0.989,0.858,2.37881192118652e-47,"3","ETS1"
1.70759614897398e-51,0.972466727658275,0.361,0.098,2.42854324307079e-47,"3","ZC3H3"
1.77712066684407e-51,0.579271804198806,0.634,0.226,2.52742101238564e-47,"3","BRCC3"
1.78185401969382e-51,0.813124413289184,0.366,0.101,2.53415278680855e-47,"3","MYL5"
1.79443072756159e-51,0.617931451183161,0.653,0.237,2.55203938073809e-47,"3","ACOT8"
1.90621842528897e-51,0.624858962415643,0.713,0.265,2.71102384444598e-47,"3","BCKDHA"
1.93399924401646e-51,0.998516831280101,0.326,0.086,2.75053372484021e-47,"3","CASP9"
1.94590356841218e-51,0.649010055357146,0.598,0.208,2.7674640549958e-47,"3","ELP6"
2.04604185614934e-51,0.977244972906306,0.434,0.134,2.90988072781559e-47,"3","TLE3"
2.10782865952037e-51,0.724629901380135,0.699,0.264,2.99775391956987e-47,"3","MYADM"
2.23917847602524e-51,0.577704752145248,0.602,0.209,3.1845596286031e-47,"3","MOB3A"
2.28455865309484e-51,0.939038286792961,0.343,0.091,3.24909931643149e-47,"3","ACP6"
2.5167633929821e-51,0.642942028620435,0.467,0.148,3.57934089749914e-47,"3","IFT27"
2.72284390901232e-51,0.708415339289839,0.595,0.211,3.87242860739732e-47,"3","INO80B"
2.8844716112115e-51,0.716239118046335,0.469,0.149,4.102295525465e-47,"3","RIDA"
3.06706657306044e-51,0.693015416220051,0.664,0.246,4.36198208020656e-47,"3","TNFRSF1A"
3.76292056516986e-51,0.68237308828508,0.506,0.166,5.35162562778457e-47,"3","DUSP22"
3.99962836935015e-51,0.849158291488368,0.869,0.383,5.68827146688978e-47,"3","QARS1"
4.40784725122985e-51,0.789395405517736,0.931,0.478,6.26884036069909e-47,"3","CD63"
4.88067918512575e-51,0.742333746462636,0.697,0.269,6.94130193708584e-47,"3","IVD"
5.1988717300356e-51,0.974499126522801,0.322,0.083,7.39383537445662e-47,"3","SLC35A2"
5.61449144144071e-51,1.04604632544524,0.768,0.346,7.98492972801698e-47,"3","CARS1"
6.76320113488981e-51,0.649021228490755,0.618,0.219,9.61862465404029e-47,"3","MRPL45"
7.21803669290995e-51,0.716733613726917,0.703,0.264,1.02654917846565e-46,"3","CASP3"
8.40346579934163e-51,0.647820781711631,0.497,0.162,1.19514090598237e-46,"3","WDR13"
8.40534967977456e-51,1.95719033214267,0.269,0.064,1.19540883145754e-46,"3","SLC1A4"
1.17157591754663e-50,0.926362015304693,0.405,0.121,1.66621526993482e-46,"3","PNPLA4"
1.20982341504148e-50,0.598770014935183,0.984,0.884,1.720610860872e-46,"3","CLEC2D"
1.37738550340851e-50,0.704221081782018,0.474,0.148,1.95891766294758e-46,"3","CCNG2"
1.40596421002957e-50,1.05393290073672,0.285,0.067,1.99956229950405e-46,"3","ENSG00000258561"
1.69174247202723e-50,1.07926612302631,0.349,0.097,2.40599614371713e-46,"3","EEF2K"
1.71910412614843e-50,0.76660561835048,0.559,0.189,2.4449098882083e-46,"3","SNX10"
1.94174864722133e-50,1.76724570434944,0.329,0.09,2.76155492607818e-46,"3","CD83"
2.00476800935488e-50,1.28931723654547,0.31,0.081,2.85118106290451e-46,"3","GDAP1"
2.06716412411641e-50,0.549496677027989,0.552,0.188,2.93992081731835e-46,"3","ST6GALNAC6"
2.52223877097147e-50,1.20307370589059,0.269,0.063,3.58712798007563e-46,"3","KCNK6"
3.56989276020572e-50,0.577036446218241,0.69,0.256,5.07710148356458e-46,"3","FAM104A"
3.80466229554515e-50,0.820951923068308,0.386,0.113,5.41099071672431e-46,"3","ABHD8"
3.95236759678959e-50,0.716152026474295,0.533,0.179,5.62105719615415e-46,"3","ACAT1"
3.98856178411242e-50,0.673642983046882,0.556,0.192,5.67253256936469e-46,"3","PELI1"
4.86194153383778e-50,0.72887764156098,0.487,0.16,6.9146532494241e-46,"3","FUOM"
4.8627766688807e-50,0.670659471777955,0.503,0.17,6.91584097848214e-46,"3","H2BC12"
5.19447918040341e-50,0.667834284562637,0.657,0.249,7.38758829036974e-46,"3","IBTK"
6.62385420854661e-50,1.16423547790451,0.434,0.137,9.42044545539499e-46,"3","REC8"
6.65813956558866e-50,0.671312544308158,0.968,0.597,9.4692060901802e-46,"3","PGAM1"
6.97449288008887e-50,0.942042489701264,0.336,0.089,9.91912377406239e-46,"3","SMG9"
7.81084929638297e-50,1.13211431424262,0.262,0.059,1.11085898693159e-45,"3","SLFN12"
8.09190426099782e-50,1.68913898473963,0.393,0.122,1.15083062399911e-45,"3","FXYD7"
8.54902651830384e-50,0.720128162574841,0.434,0.136,1.21584255143317e-45,"3","MSRB1"
9.02253679373002e-50,0.767756258900202,0.485,0.158,1.28318518280428e-45,"3","ADAT2"
9.07975872413404e-50,0.572435033790992,0.685,0.259,1.29132328574634e-45,"3","ACYP2"
9.67803352205773e-50,1.07310521263376,0.292,0.071,1.37640992750705e-45,"3","ABCG1"
9.93961082588214e-50,0.708239751027494,0.563,0.196,1.41361145165696e-45,"3","TCIRG1"
1.05410713060689e-49,0.712702519661938,0.591,0.212,1.49915116114912e-45,"3","CSMD1"
1.39956543660158e-49,0.727746964123732,0.823,0.337,1.99046196393477e-45,"3","NDUFS4"
1.41060004835303e-49,0.538176931319525,0.598,0.209,2.00615538876768e-45,"3","CHMP1A"
1.53264036779813e-49,0.927104790746715,0.386,0.114,2.1797211310825e-45,"3","ANXA4"
3.35063582757228e-49,0.623952109233377,0.515,0.173,4.7652742739733e-45,"3","SCYL1"
3.38373033579782e-49,0.727165585251237,0.784,0.325,4.81234128357166e-45,"3","ADA"
3.88694140282025e-49,0.623658158027038,0.676,0.254,5.52800806309096e-45,"3","DTD1"
3.98435403635875e-49,0.963250738757423,0.349,0.098,5.66654831050941e-45,"3","SARS2"
5.33204004413089e-49,0.680632157154889,0.584,0.209,7.58322735076294e-45,"3","PTPN18"
6.24472075704161e-49,0.633249384676258,0.678,0.252,8.88124186066458e-45,"3","MTMR14"
6.39348573667062e-49,0.670114804989118,0.462,0.149,9.09281541469296e-45,"3","GRK5"
6.46219078122335e-49,0.846780339756734,0.524,0.185,9.19052772905585e-45,"3","BCL2"
7.27232356090246e-49,0.760412294162149,0.474,0.155,1.03426985683155e-44,"3","TOMM34"
7.34581648718563e-49,0.616227518738216,0.991,0.772,1.04472202080754e-44,"3","GNG5"
7.64176874771359e-49,0.854543968268561,0.515,0.178,1.08681235129983e-44,"3","SIAH2"
8.455608578806e-49,1.1334051307114,0.34,0.095,1.20255665207779e-44,"3","ENG"
8.8689190931619e-49,0.975315171807885,0.393,0.12,1.26133767342949e-44,"3","BCL2L1"
9.03865364608584e-49,0.730520643912313,0.756,0.317,1.28547732154633e-44,"3","SLA"
9.25134475559621e-49,0.55744405379471,0.589,0.211,1.31572625114089e-44,"3","NOPCHAP1"
9.42459323005762e-49,0.576120976265942,0.637,0.234,1.3403656491788e-44,"3","GFER"
9.43560699070847e-49,0.667943016650649,0.389,0.114,1.34193202621856e-44,"3","DTX2"
1.09249090834047e-48,0.679274751884019,0.554,0.193,1.55374056984181e-44,"3","TECPR1"
1.12561659666637e-48,0.737515877753559,0.878,0.362,1.60085192377891e-44,"3","HSD17B10"
1.2227902127399e-48,0.720348914364723,0.437,0.135,1.73905224055868e-44,"3","PADI4"
1.23641502171243e-48,0.723724211869944,0.444,0.141,1.75842944387942e-44,"3","SIRT6"
1.24625045977576e-48,0.550049302157849,0.524,0.178,1.77241740389308e-44,"3","EML2"
1.28347480811944e-48,0.764991488633951,0.89,0.44,1.82535787210747e-44,"3","ARHGAP9"
1.33638937988548e-48,0.757523598567362,0.972,0.594,1.90061297607313e-44,"3","CSK"
1.54486545256608e-48,0.513854329878266,0.648,0.237,2.19710764663948e-44,"3","TTC9C"
1.57534143671109e-48,0.767779486940497,0.834,0.369,2.24045059129051e-44,"3","PLSCR3"
1.71955982720706e-48,0.681780952571665,0.828,0.336,2.44555798625388e-44,"3","ITPA"
2.21964471171289e-48,0.740870094368536,0.86,0.373,3.15677870899808e-44,"3","SYPL1"
2.32636489299005e-48,0.770230305878822,0.936,0.513,3.30855615081045e-44,"3","WAS"
2.44946721873153e-48,0.755133575979964,0.43,0.135,3.48363227847998e-44,"3","PITPNM1"
2.6979933957047e-48,0.665536387052197,0.816,0.331,3.83708620737122e-44,"3","HADHB"
2.72284039991887e-48,0.610929030186346,0.779,0.307,3.87242361676462e-44,"3","MRPL40"
2.74699327907578e-48,0.616881779694879,0.993,0.748,3.90677384150157e-44,"3","NDUFB4"
2.98875383241395e-48,1.21841033943261,0.308,0.082,4.25060570045912e-44,"3","C4orf33"
3.27870581192222e-48,0.653862144503709,0.579,0.206,4.66297540571579e-44,"3","STAM"
3.54491086929117e-48,0.721162735980003,0.736,0.295,5.0415722383059e-44,"3","RFXANK"
3.57296934935486e-48,0.638381969873978,0.722,0.284,5.08147700865248e-44,"3","FLOT2"
3.60140798603022e-48,0.686796006013728,0.593,0.217,5.12192243773218e-44,"3","VAV1"
4.2445614363317e-48,0.689643492811823,0.513,0.177,6.03661527475095e-44,"3","ASCC1"
4.40393288561742e-48,0.705121442599202,0.903,0.393,6.2632733499251e-44,"3","DCTN2"
4.59859434918186e-48,0.719208911708597,0.43,0.137,6.54012088340644e-44,"3","TEN1"
5.21673762076599e-48,0.65383768472914,0.674,0.256,7.41924424425338e-44,"3","EIF2D"
6.52156246488542e-48,0.856584502070596,0.952,0.783,9.27496613756005e-44,"3","CCR7"
6.75961370844311e-48,0.561880763233771,0.609,0.222,9.61352261614779e-44,"3","SNAP29"
8.14441076561652e-48,0.727850296635373,0.883,0.405,1.15829809908598e-43,"3","NOB1"
8.1550592618202e-48,1.02699794075834,0.292,0.072,1.15981252821607e-43,"3","PARP3"
8.52739355468786e-48,0.71827261289164,0.97,0.627,1.21276591134771e-43,"3","MZT2A"
8.9354268102605e-48,0.801203705541957,0.922,0.52,1.27079640095525e-43,"3","TESPA1"
9.04598421046879e-48,0.846472736265087,0.359,0.103,1.28651987441287e-43,"3","INPPL1"
1.07680856197051e-47,0.585530348333816,0.572,0.197,1.53143713683446e-43,"3","GOT2"
1.17087355098211e-47,0.648444999236288,0.745,0.281,1.66521636420676e-43,"3","MRPL37"
1.17334224061911e-47,1.14733794201285,0.276,0.067,1.66872733460849e-43,"3","ZNF512B"
1.25832969252273e-47,0.567859263574636,0.625,0.228,1.78959648870582e-43,"3","DFFA"
1.36329423018258e-47,0.894913514987723,0.361,0.105,1.93887705416566e-43,"3","CPT2"
1.54205722161871e-47,0.615391047210629,0.674,0.253,2.19311378058613e-43,"3","RMDN1"
1.57589929698427e-47,0.642229602477844,0.492,0.165,2.24124398017103e-43,"3","SGTA"
1.65740023596039e-47,0.628463011733124,0.772,0.3,2.35715461558286e-43,"3","MRPS11"
2.13457504263831e-47,0.619591135918586,0.694,0.266,3.0357926256402e-43,"3","NFU1"
2.29266967349125e-47,0.709389529551644,0.393,0.119,3.26063480963926e-43,"3","ALDH6A1"
2.31751652812392e-47,0.620385116520119,0.455,0.148,3.29597200629783e-43,"3","NIPSNAP3A"
2.54387960020862e-47,0.699507727175712,0.641,0.242,3.6179055674167e-43,"3","SMG6"
3.31023072126566e-47,0.809598340493803,0.434,0.139,4.70781013178402e-43,"3","INTS6L"
3.31789955483623e-47,0.760243236010398,0.789,0.342,4.71871674688808e-43,"3","CRTC3"
3.4355168616832e-47,0.848860725850432,0.324,0.088,4.88599208068584e-43,"3","C20orf96"
3.44609362173101e-47,0.772253147238263,0.92,0.463,4.90103434882585e-43,"3","WDR1"
3.56765653926387e-47,0.795138740383736,0.901,0.477,5.07392113014108e-43,"3","NFKB1"
3.68586191268803e-47,1.29444530887291,0.31,0.085,5.24203281222492e-43,"3","STARD4"
5.0797099026728e-47,0.600281502130671,0.703,0.269,7.22436342358125e-43,"3","POLR2A"
5.11619865502336e-47,0.984404394420248,0.49,0.169,7.27625772717422e-43,"3","RRBP1"
5.14558615304718e-47,0.513659565681293,0.464,0.152,7.3180526268637e-43,"3","MXRA7"
5.18873514329069e-47,1.21941172362105,0.251,0.057,7.37941912078801e-43,"3","GPR55"
6.63457200263317e-47,0.705848319293902,0.894,0.455,9.4356883021449e-43,"3","PRKCB"
7.65306100635152e-47,0.645070753027259,0.559,0.199,1.08841833632331e-42,"3","HERC2"
7.67962113984903e-47,0.706897063096015,0.437,0.141,1.09219571850933e-42,"3","GOT1"
8.23001941674498e-47,0.823995523850925,0.88,0.427,1.17047336144947e-42,"3","CMTM7"
8.75805821494323e-47,0.646495014163685,0.515,0.177,1.24557103932923e-42,"3","PDXK"
9.80580349609213e-47,0.937185965631155,0.361,0.108,1.39458137321422e-42,"3","LXN"
9.8942568420264e-47,0.617861034948006,0.536,0.187,1.40716120807299e-42,"3","RELL2"
1.00664661885344e-46,0.540908686027618,0.52,0.18,1.43165282133336e-42,"3","TBK1"
1.13777829879472e-46,0.567017802824062,0.4,0.122,1.61814829654585e-42,"3","PDK2"
1.27725226297087e-46,1.20857183006883,0.276,0.068,1.81650816839718e-42,"3","NAB2"
1.32333268836735e-46,1.04069993646771,0.301,0.079,1.88204374939605e-42,"3","TKFC"
1.36249169904837e-46,0.527991492882362,0.556,0.196,1.93773569438659e-42,"3","PIGT"
1.3919008479663e-46,0.591055608730384,0.446,0.144,1.97956138597767e-42,"3","ANKRD39"
1.47084508970318e-46,0.830803066913489,0.347,0.1,2.09183588657586e-42,"3","ST3GAL2"
1.51879074555107e-46,0.718960485464232,0.421,0.133,2.16002419832273e-42,"3","TBC1D9B"
1.57773385545977e-46,0.749673793427807,0.825,0.342,2.24385308923489e-42,"3","ATOX1"
1.72170324111033e-46,0.585595573224185,0.653,0.248,2.44860634950711e-42,"3","NIT1"
2.1570739480212e-46,0.642052519482221,0.917,0.457,3.06779056887575e-42,"3","GPI"
2.16213458083148e-46,0.538149517961612,0.584,0.213,3.07498780085854e-42,"3","ZNF791"
2.35235168409426e-46,1.08450735292806,0.253,0.059,3.34551456511886e-42,"3","SVIL-AS1"
2.55804952868608e-46,0.688867155467293,0.892,0.385,3.63805803969734e-42,"3","FIBP"
3.39029747044908e-46,0.505365260987673,0.57,0.203,4.82168106247268e-42,"3","PARP15"
3.53610975163204e-46,0.576152494875591,0.384,0.114,5.02905528877109e-42,"3","POLL"
3.64372920440279e-46,0.722539284433638,0.839,0.386,5.18211167450165e-42,"3","ZC3H7A"
3.79202057171432e-46,0.659408680777283,0.372,0.111,5.3930116570921e-42,"3","SMUG1"
4.73278651660935e-46,0.724367130844544,0.641,0.248,6.73096898392182e-42,"3","WDR7"
5.26380086501556e-46,0.831814756186141,0.317,0.087,7.48617759022512e-42,"3","TTLL3"
5.68292705856987e-46,0.678434992710393,0.839,0.359,8.08225886269807e-42,"3","TSC22D4"
5.69331263724438e-46,0.543496087953347,0.563,0.202,8.09702923268896e-42,"3","ATG10"
5.73223871719057e-46,0.877437611653527,0.347,0.099,8.15238990358843e-42,"3","SPRY1"
5.76010524670529e-46,0.747426133354215,0.402,0.126,8.19202168186427e-42,"3","KCTD17"
6.36528399477369e-46,0.526470896056816,0.595,0.217,9.05270689736715e-42,"3","DNTTIP1"
6.64503678594476e-46,0.888353777104886,0.453,0.152,9.45057131697064e-42,"3","GM2A"
7.39898863717593e-46,0.753649927783699,0.94,0.591,1.05228416397916e-41,"3","DGKA"
8.03915750521418e-46,0.661803273262225,0.821,0.346,1.14332898039156e-41,"3","GNG10"
8.05724962453684e-46,0.719194700625266,0.94,0.468,1.14590204160163e-41,"3","NDUFB5"
8.09480785039741e-46,0.935755264420262,0.372,0.113,1.15124357248352e-41,"3","ELK1"
8.31226078703934e-46,1.21996300869856,0.262,0.063,1.18216972913273e-41,"3","LAT2"
8.59658452167324e-46,0.593854979717349,0.453,0.149,1.22260625067237e-41,"3","MCCC1"
9.08452282582634e-46,0.601842078226343,0.529,0.186,1.29200083628902e-41,"3","COG4"
9.23926487708156e-46,0.564814724725035,0.52,0.182,1.31400825081854e-41,"3","NTHL1"
9.96716451655969e-46,0.621979080133232,0.517,0.181,1.41753013754512e-41,"3","TRAF7"
1.03344259111623e-45,0.576290169420617,0.414,0.13,1.4697620530855e-41,"3","ZNF490"
1.15043679174251e-45,0.622382929915388,0.395,0.121,1.6361512052162e-41,"3","UBXN6"
1.17240561138626e-45,0.679918592614592,0.575,0.21,1.66739526051354e-41,"3","SIPA1"
1.18752432228277e-45,0.784495288113871,0.977,0.755,1.68889709115056e-41,"3","SLFN5"
1.22300193633483e-45,0.677886648292464,0.92,0.424,1.73935335385539e-41,"3","DCTN3"
1.39295599305123e-45,1.01959911695089,0.315,0.087,1.98106201331746e-41,"3","XXYLT1"
1.39305440652009e-45,0.732762215085159,0.368,0.11,1.98120197695287e-41,"3","MLYCD"
1.52551312226657e-45,0.501541793317053,0.664,0.253,2.16958476248752e-41,"3","ANKRD13A"
1.61321859741527e-45,0.621799038132635,0.478,0.161,2.294319489244e-41,"3","PDE6B"
1.7712635100074e-45,0.539857811864948,0.46,0.15,2.51909096393253e-41,"3","B3GALT4"
1.79468501009212e-45,0.584572011598781,0.699,0.274,2.55240102135301e-41,"3","CMIP"
1.99897242859754e-45,0.514511256421598,0.621,0.228,2.84293858795141e-41,"3","MAP4K1"
2.04387881498926e-45,0.644563212620022,0.823,0.36,2.90680445067773e-41,"3","UNC119"
2.25427818014348e-45,0.552973744777121,0.793,0.328,3.20603442780006e-41,"3","JOSD2"
2.3082945782607e-45,0.629778480538551,0.411,0.131,3.28285654920237e-41,"3","IDNK"
2.56472273635529e-45,0.684204932817405,0.591,0.221,3.64754867564449e-41,"3","HECTD4"
2.80728394107075e-45,0.655571637410749,0.453,0.151,3.99251922099082e-41,"3","VPS35L"
2.8196529228038e-45,0.636030567532133,0.703,0.281,4.01011038681156e-41,"3","GATA3"
2.88912862166209e-45,0.864233044484636,0.952,0.764,4.10891872572782e-41,"3","FCMR"
3.16026586974288e-45,0.694018322059753,0.802,0.332,4.49453011994832e-41,"3","SURF4"
3.17102202524933e-45,0.70676842318004,0.88,0.415,4.5098275243096e-41,"3","CLINT1"
3.64743312659901e-45,0.671654695033565,0.359,0.106,5.18737939264911e-41,"3","AP5S1"
3.6554590231295e-45,0.696628142422811,0.968,0.517,5.19879382269478e-41,"3","SNRPF"
3.86460460278247e-45,0.594453475206205,0.726,0.286,5.49624066607724e-41,"3","UROD"
4.04101984175071e-45,0.695675603848458,0.329,0.091,5.74713841893786e-41,"3","PRR7"
4.22530570559836e-45,0.603742511855319,0.8,0.32,6.00922977450199e-41,"3","CD2BP2"
5.30866413173641e-45,0.730312718295552,0.43,0.141,7.54998212815553e-41,"3","GFI1"
5.68013131050483e-45,0.631762922771644,0.754,0.304,8.07828274979997e-41,"3","HDAC3"
5.98262505431508e-45,0.512886369565633,0.563,0.202,8.50848935224691e-41,"3","TRUB2"
6.24756017507517e-45,1.00005853346635,0.464,0.16,8.88528008099191e-41,"3","SQLE"
6.74466617203064e-45,0.662478255200025,0.605,0.215,9.59226422986197e-41,"3","AHCY"
7.80518262349941e-45,0.623895563573247,0.471,0.16,1.11005307271409e-40,"3","RIC8B"
8.320961160399e-45,0.61884203486044,0.667,0.263,1.18340709623195e-40,"3","ARRDC2"
8.69341149697008e-45,0.658899775272328,0.395,0.122,1.23637698309908e-40,"3","CCDC22"
8.9118369631857e-45,0.699457287261916,0.772,0.327,1.26744145290427e-40,"3","RBM38"
9.4105815489657e-45,0.610051419374741,0.646,0.249,1.3383729078939e-40,"3","S100PBP"
9.67238678760565e-45,0.783813428768681,0.869,0.439,1.37560684893327e-40,"3","SNRPA"
9.73292978664655e-45,0.742170141346032,0.382,0.116,1.38421727425687e-40,"3","CCDC106"
1.01982220990562e-44,0.664082965035574,0.439,0.146,1.45039114692778e-40,"3","DCAKD"
1.25311365723369e-44,0.666536223511479,0.414,0.132,1.78217824331775e-40,"3","SPPL2B"
1.42704237963723e-44,0.959353385660779,0.313,0.088,2.02953967232006e-40,"3","TRIM41"
1.56226464517295e-44,0.582134267635253,0.506,0.179,2.22185277836497e-40,"3","CEP250-AS1"
1.66229578515309e-44,0.638866212619216,0.869,0.367,2.36411706564472e-40,"3","MRPS15"
1.73243818650271e-44,0.613860847224637,0.409,0.132,2.46387358884415e-40,"3","ZNF236-DT"
1.87125084071951e-44,0.766967075191043,0.333,0.095,2.66129294567128e-40,"3","POMT1"
2.08415704786421e-44,1.05026546494051,0.338,0.101,2.96408815347248e-40,"3","LIMK1"
2.09053063200398e-44,0.681589180091409,0.818,0.339,2.97315266483606e-40,"3","GRHPR"
2.24749064218934e-44,0.63108869192211,0.703,0.272,3.19638119132167e-40,"3","MTHFD2"
2.25916810479505e-44,0.694391214098175,0.338,0.098,3.21298887863953e-40,"3","ZDHHC21"
2.44933164016609e-44,0.609339436100252,0.462,0.158,3.48343945864421e-40,"3","CCDC43"
2.85178308179382e-44,1.21997086960604,0.264,0.066,4.05580589892717e-40,"3","TEC"
3.69571416684898e-44,0.881826460462769,0.926,0.527,5.25604468809262e-40,"3","SAT1"
3.89328153712134e-44,0.722524870100985,0.545,0.2,5.53702500209396e-40,"3","NREP"
3.91590457944257e-44,0.61427219907747,0.756,0.307,5.56919949288322e-40,"3","RPUSD3"
3.9188715829893e-44,0.76557377421061,0.913,0.492,5.57341916532738e-40,"3","TNIK"
4.02195032989869e-44,0.508977268168287,0.582,0.213,5.72001775918191e-40,"3","CCDC7"
4.08302015340958e-44,0.73037162700212,0.391,0.123,5.8068712621791e-40,"3","BPNT1"
4.29309780844057e-44,0.626388544143372,0.421,0.137,6.10564370316418e-40,"3","MDC1"
4.9268712731383e-44,0.52771006830416,0.621,0.233,7.00699632465729e-40,"3","DESI1"
5.89098318942208e-44,0.528247980872078,0.579,0.213,8.37815629199608e-40,"3","RAB43"
6.0950603155345e-44,0.591777452845597,0.876,0.395,8.66839478075316e-40,"3","DNAJC4"
6.68224142960416e-44,0.539832266689705,0.77,0.315,9.50348376118304e-40,"3","STX8"
6.82521338025421e-44,0.800172310622272,0.947,0.611,9.70681846939754e-40,"3","HSPB1"
7.2889507917197e-44,0.760560735419664,0.347,0.102,1.03663458159838e-39,"3","PNPO"
7.49472227973303e-44,0.643116653122592,0.625,0.242,1.06589940262363e-39,"3","PHKB"
8.93697086453496e-44,0.714757254384333,0.874,0.413,1.27101599635416e-39,"3","ANXA6"
1.05461874922464e-43,0.530103511998384,0.701,0.281,1.49987878514729e-39,"3","SAMSN1"
1.07020731936566e-43,0.681543853979836,0.975,0.691,1.52204884960185e-39,"3","EVI2B"
1.15683727158296e-43,0.955491891713622,0.864,0.483,1.64525396764528e-39,"3","MAL"
1.1776546861185e-43,0.548101603252073,0.713,0.285,1.67486049459773e-39,"3","NLRC3"
1.43587136364744e-43,1.22645606434983,0.257,0.065,2.04209625337939e-39,"3","ADAP1"
1.47684080944013e-43,0.581617709244472,0.524,0.184,2.10036299918575e-39,"3","TRIB2"
1.62432399026946e-43,0.546003022482646,0.749,0.293,2.31011357896123e-39,"3","ACAA2"
1.69622035736734e-43,0.598027366387122,0.398,0.127,2.41236459224784e-39,"3","VIPAS39"
1.74877154465978e-43,0.537485787904314,0.715,0.281,2.48710289081514e-39,"3","BLMH"
1.97576262790746e-43,0.678068115687295,0.938,0.591,2.80992960941e-39,"3","PTPRCAP"
1.98541912887254e-43,0.620561645511763,0.554,0.199,2.82366308508253e-39,"3","ANXA2"
2.00893204507351e-43,0.661751771598149,0.674,0.282,2.85710315450355e-39,"3","GMDS-DT"
2.03709312811696e-43,0.651038681366105,0.554,0.205,2.89715384680794e-39,"3","KEAP1"
2.15680694042166e-43,0.528385305440409,0.533,0.193,3.06741083066769e-39,"3","DNASE2"
2.64482622845172e-43,0.975441894262958,0.333,0.098,3.76147186210404e-39,"3","NBPF10"
2.91210196138713e-43,0.521189657068046,0.464,0.158,4.14159140948478e-39,"3","FASTKD1"
3.00596113116773e-43,1.12513862148068,0.315,0.091,4.27507792074675e-39,"3","ABCB10"
3.09253095772097e-43,0.615069029652062,0.478,0.167,4.39819752807076e-39,"3","PGM2"
3.59256760075025e-43,0.563545404274113,0.423,0.139,5.109349641787e-39,"3","LPCAT3"
3.90011734148342e-43,0.888728456693758,0.301,0.083,5.54674688305772e-39,"3","MARK4"
4.04838040673378e-43,0.565115645019687,0.651,0.256,5.75760661445678e-39,"3","VPS26B"
4.31392769950875e-43,0.521028437355771,0.451,0.153,6.13526797424134e-39,"3","RFNG"
4.47026395612412e-43,0.571758610073346,0.657,0.251,6.35760939839973e-39,"3","RPA1"
4.47542377069858e-43,0.726949254222565,0.372,0.116,6.36494768668752e-39,"3","CPLANE1"
4.61755746908363e-43,0.619091166399982,0.897,0.406,6.56709023253074e-39,"3","CLTB"
4.76197730667499e-43,1.07318135700845,0.28,0.074,6.77248412555318e-39,"3","ZFAND2A-DT"
4.91068029429263e-43,0.526468732441968,0.434,0.144,6.98396951454297e-39,"3","SIRT3"
5.071660676027e-43,0.637995907197969,0.478,0.166,7.2129158134456e-39,"3","ST6GALNAC4"
5.46477404843212e-43,0.687655278094708,0.94,0.515,7.77200165168016e-39,"3","SMDT1"
6.35566277903716e-43,0.973849362622422,0.301,0.085,9.03902360434666e-39,"3","GNGT2"
6.63200921639171e-43,0.66916982804395,0.963,0.588,9.43204350755229e-39,"3","OXA1L"
7.45480031718217e-43,0.619112304299675,0.786,0.343,1.06022170110965e-38,"3","TMC8"
7.85914323917166e-43,0.558980784431233,0.602,0.227,1.11772735147499e-38,"3","ALAS1"
8.15722784584591e-43,0.701709359184979,0.791,0.336,1.1601209442362e-38,"3","CHMP4B"
9.47097857241965e-43,0.607167077459184,0.52,0.188,1.34696257256952e-38,"3","UBA7"
1.09800937820221e-42,0.506888508235049,0.602,0.228,1.56158893767918e-38,"3","PIGP"
1.10924410042068e-42,0.727253630628622,0.94,0.491,1.57756695961829e-38,"3","CHMP2A"
1.32707069033242e-42,1.00340556545731,0.336,0.1,1.88735993579076e-38,"3","ENSG00000287100"
1.34113954990172e-42,0.664670467602726,0.766,0.33,1.90736866787022e-38,"3","SLC25A46"
1.48218512960435e-42,0.550938194698422,0.703,0.283,2.10796369132331e-38,"3","RNF10"
1.61122561740135e-42,0.61017949639031,0.694,0.274,2.2914850730682e-38,"3","RCC2"
1.62135449589559e-42,0.765977369558373,0.359,0.111,2.3058903640627e-38,"3","SLC35E1"
1.66585080709971e-42,0.570960921145269,0.83,0.331,2.36917301785721e-38,"3","MTCH2"
1.82479016041779e-42,0.516830607257929,0.63,0.244,2.59521656614618e-38,"3","NKAPD1"
1.89838489985973e-42,0.657584738928666,0.434,0.148,2.6998830045805e-38,"3","TARS2"
1.92327556383654e-42,0.643220147029168,0.977,0.667,2.73528250688833e-38,"3","NDUFC2"
1.93028783199712e-42,0.661854030101916,0.91,0.428,2.7452553546663e-38,"3","SUCLG1"
2.04205167004964e-42,1.79600418430035,0.257,0.068,2.90420588514459e-38,"3","SLCO4A1"
2.06036375197585e-42,0.527283611016231,0.68,0.267,2.93024932806006e-38,"3","SLX9"
2.08907732832303e-42,0.639914667872401,0.972,0.572,2.97108577634102e-38,"3","LSM2"
2.10487910336945e-42,0.678276216610841,0.363,0.112,2.99355906081204e-38,"3","MED25"
2.20783151244682e-42,0.616959693261941,0.464,0.161,3.13997797700186e-38,"3","CHTF8"
2.74791085741236e-42,0.819798260822836,0.48,0.173,3.90807882141186e-38,"3","EHBP1L1"
2.94181528663401e-42,0.529025970995075,0.499,0.178,4.18384970065089e-38,"3","POC1B"
3.15735470288929e-42,0.697152005759518,0.901,0.416,4.49038985844914e-38,"3","OLA1"
3.68947805316084e-42,0.653886056134021,0.462,0.162,5.24717568720535e-38,"3","RAB35"
3.7158662485238e-42,0.628220800204773,0.434,0.147,5.28470497865054e-38,"3","ENSG00000290833"
3.79741325300489e-42,0.515994469085969,0.533,0.193,5.40068112842356e-38,"3","TM7SF3"
4.56185964085902e-42,0.595878825572824,0.421,0.141,6.4878767812297e-38,"3","PLPP5"
4.80249461617846e-42,0.527025784521091,0.667,0.268,6.83010784312901e-38,"3","ZNF433-AS1"
5.10183011928581e-42,1.02012962477511,0.262,0.067,7.25582279564827e-38,"3","FBXL8"
5.70891167008751e-42,0.657033465713368,0.899,0.451,8.11921417719846e-38,"3","NBDY"
6.72251225439746e-42,0.773213316463347,0.349,0.108,9.56075692820406e-38,"3","ITPK1"
6.78696481258774e-42,0.659655311143585,0.306,0.087,9.65242135646228e-38,"3","ATPAF2"
6.98307266423521e-42,0.558903300345993,0.446,0.151,9.93132594307532e-38,"3","LINC02245"
8.14943142251342e-42,0.600114601004304,0.384,0.123,1.15901213690986e-37,"3","MCTP2"
9.52937288062405e-42,0.585117507487611,0.556,0.208,1.35526741108235e-37,"3","PKIA"
1.34871845771006e-41,0.65358560746561,0.324,0.097,1.91814739055524e-37,"3","TTC38"
1.36990782522521e-41,0.995856712896503,0.271,0.071,1.9482829090353e-37,"3","GGACT"
1.42520487242169e-41,0.594605695585291,0.563,0.214,2.02692636955813e-37,"3","GBF1"
1.52903584402773e-41,1.31968167371402,0.262,0.069,2.17459477737623e-37,"3","ENSG00000291015"
1.53820731015996e-41,1.98326592073636,0.257,0.069,2.1876384365095e-37,"3","TOX2"
1.63373409761381e-41,0.633409260804146,0.892,0.411,2.32349663362636e-37,"3","ZNHIT3"
1.69642921318102e-41,0.782566893503916,0.313,0.09,2.41266162698604e-37,"3","PUS10"
1.75589524907981e-41,0.633169056872345,0.379,0.121,2.4972342232413e-37,"3","RGP1"
1.76934011355353e-41,0.70111121150738,0.929,0.494,2.51635550949583e-37,"3","TXNL1"
1.80007963712398e-41,0.571329140933307,0.508,0.185,2.56007325991772e-37,"3","PML"
1.8020072442427e-41,0.651533919800826,0.938,0.49,2.56281470276197e-37,"3","VDAC1"
2.03401540549347e-41,0.665879528587535,0.32,0.091,2.89277670969281e-37,"3","CORO2A"
2.06731925000436e-41,0.623825282976469,0.352,0.108,2.94014143735621e-37,"3","PPARA"
2.17656513886494e-41,0.547410399179575,0.995,0.777,3.09551094049371e-37,"3","HIGD2A"
2.17844496796803e-41,0.762525505914458,0.352,0.109,3.09818443344413e-37,"3","MBOAT7"
2.38187068076362e-41,0.944262903630163,0.294,0.081,3.38749648218202e-37,"3","MICAL1"
2.72278212703799e-41,0.711566949537251,0.377,0.12,3.87234074107343e-37,"3","LIMS2"
3.07355007608445e-41,0.577099565134825,0.984,0.78,4.3712029182073e-37,"3","ABRACL"
3.44445866329623e-41,0.680315846227181,0.533,0.2,4.8987091109399e-37,"3","ACSL4"
3.53793270169177e-41,0.689164480951419,0.945,0.546,5.03164788834604e-37,"3","BIN1"
3.80924590782264e-41,0.637726435156777,0.453,0.16,5.41750953010536e-37,"3","FAS"
3.84451460589139e-41,0.85411779838452,0.324,0.098,5.46766867249873e-37,"3","TMED8"
4.06649613113919e-41,0.632367774761399,0.894,0.425,5.78337079770616e-37,"3","UBL7"
4.12820884842322e-41,1.11696076020104,0.324,0.098,5.87113862422751e-37,"3","DPP3"
4.20670336913247e-41,0.665523685322375,0.662,0.269,5.9827735315802e-37,"3","OTUD5"
4.23688425286707e-41,0.733187121494784,0.324,0.097,6.02569678442754e-37,"3","RWDD2B"
4.84400506043789e-41,0.990707093475478,0.308,0.091,6.88914399695477e-37,"3","FHOD1"
4.86247868049567e-41,0.620192673627058,0.439,0.153,6.91541717940094e-37,"3","PIGS"
5.09327354367326e-41,0.634559509940398,0.779,0.341,7.24365363381211e-37,"3","EEIG1"
5.94849011996724e-41,0.585395745579674,0.508,0.185,8.45994264861741e-37,"3","PRKD2"
7.25805968609804e-41,0.651727631613333,0.924,0.486,1.03224124855686e-36,"3","NSMCE1"
8.56779936664984e-41,0.570831396679597,0.455,0.159,1.21851242592494e-36,"3","KANSL3"
9.33492684335213e-41,0.594977346044902,0.733,0.305,1.32761329566154e-36,"3","SQOR"
9.54243468002267e-41,0.625855307687807,0.857,0.387,1.35712506019282e-36,"3","NDUFA10"
1.02655745771442e-40,0.681353677188718,0.874,0.431,1.45997001636145e-36,"3","TCF12"
1.10254353814228e-40,0.535187344925585,0.46,0.162,1.56803741994595e-36,"3","ALDOC"
1.21528604370429e-40,0.748055884106956,0.343,0.105,1.72837981135624e-36,"3","CES2"
1.34046388349211e-40,0.587677960415603,0.766,0.329,1.90640773510248e-36,"3","VHL"
1.3487143434147e-40,0.570112796910318,0.671,0.266,1.91814153920439e-36,"3","APEH"
1.40688933694282e-40,0.525437162533499,0.653,0.262,2.00087801500008e-36,"3","LAMP2"
1.43418699909021e-40,0.628908649495362,0.853,0.402,2.0397007501061e-36,"3","UBE2H"
1.48703971629844e-40,0.638223671756716,0.991,0.698,2.11486788451964e-36,"3","DBI"
1.65804364225886e-40,0.55581411461917,0.66,0.265,2.35806966802055e-36,"3","HDAC8"
1.8452890264211e-40,0.879657249617369,0.264,0.07,2.62437005337609e-36,"3","MICALL1"
1.86459296859031e-40,0.564634646507636,0.563,0.215,2.65182411992913e-36,"3","PITPNA"
1.95438656415781e-40,0.588855496376994,0.434,0.149,2.77952857154524e-36,"3","GEMIN8"
2.07579321784696e-40,0.519382833806086,0.738,0.303,2.95219311442195e-36,"3","CTDSP1"
2.1326515258152e-40,0.583838881112214,0.356,0.111,3.03305700001438e-36,"3","PMS2P4"
2.30378542126249e-40,0.686839677469032,0.306,0.088,3.27644362611951e-36,"3","TEP1"
2.5329691538391e-40,0.690328467424338,0.952,0.598,3.60238873058997e-36,"3","POLR2E"
2.80225855041199e-40,0.603661154544676,0.428,0.148,3.98537211039594e-36,"3","PPP2R5D"
2.82944198585691e-40,0.789495496070557,0.31,0.09,4.0240323922857e-36,"3","ENSG00000227486"
2.87094743945618e-40,0.547660018857026,0.414,0.138,4.08306144839457e-36,"3","LTBP4"
3.7320966315316e-40,0.606726309617919,0.816,0.359,5.30778782936425e-36,"3","SPAG7"
3.73357977944786e-40,0.685225024486182,0.366,0.116,5.30989716233074e-36,"3","EXT1"
3.7744342448939e-40,0.622014007950617,0.278,0.075,5.3680003830881e-36,"3","FRAT1"
3.88860974619416e-40,0.976447246965134,0.257,0.066,5.53038078103733e-36,"3","PROCR"
4.13224855665797e-40,0.657277706355666,0.301,0.086,5.87688389727897e-36,"3","ODF3B"
4.96773203481184e-40,0.949011578137884,0.32,0.096,7.0651084999094e-36,"3","SLC25A15"
5.20913825665682e-40,0.839117144156523,0.28,0.078,7.40843642861733e-36,"3","ATN1"
5.37895430850836e-40,0.587179681980109,0.478,0.175,7.64994881756058e-36,"3","CHMP6"
5.90412024418816e-40,0.664579837959624,0.71,0.295,8.3968398112844e-36,"3","CD59"
6.25037028117001e-40,0.654692758719734,0.89,0.421,8.88927661387998e-36,"3","COPZ1"
6.83064995233133e-40,0.599630005580008,0.402,0.135,9.71455036220561e-36,"3","AGPAT1"
8.1904273128131e-40,0.722527497707697,0.775,0.377,1.16484257242828e-35,"3","IKZF2"
9.89859686550811e-40,0.522832962905753,0.768,0.325,1.40777844621256e-35,"3","ASAP1"
9.91429381332906e-40,0.547864408736074,0.575,0.224,1.41001086613166e-35,"3","ATP10A"
1.0581695697214e-39,0.924989146521068,0.292,0.084,1.50492876205777e-35,"3","FSD1"
1.10610838423885e-39,0.657529430167746,0.432,0.151,1.57310734406449e-35,"3","COX10-DT"
1.18949129603659e-39,0.559944409640309,0.807,0.335,1.69169452122323e-35,"3","MRPL11"
1.18985202947059e-39,0.702021071560905,0.671,0.279,1.69220755631307e-35,"3","FAM89B"
1.27435894872441e-39,0.542581075835194,0.554,0.208,1.81239329687585e-35,"3","PIGX"
1.65413006757443e-39,0.560037033909234,0.439,0.154,2.35250378210435e-35,"3","AMFR"
1.81656225044016e-39,0.683222961744429,0.349,0.111,2.58351483257599e-35,"3","ENSG00000291175"
2.25617454164467e-39,0.589134802497543,0.428,0.148,3.20873143312705e-35,"3","INPP5B"
2.28079469894809e-39,0.576202748846883,0.715,0.296,3.24374622084397e-35,"3","FAM120A"
2.60735250680001e-39,0.526859175899501,0.995,0.757,3.70817673517097e-35,"3","TBCA"
2.70737192267616e-39,0.678858205677977,0.285,0.08,3.85042434843003e-35,"3","ZNF286A"
2.72667261922629e-39,0.550232692862352,0.703,0.292,3.87787379906362e-35,"3","KCNAB2"
2.90750500666611e-39,0.809847514382236,0.324,0.1,4.13505362048055e-35,"3","PTPN9"
3.31769686614164e-39,0.502520703754689,0.713,0.292,4.71842848302664e-35,"3","MVP"
3.3250295284876e-39,0.721464522758635,0.811,0.399,4.72885699541506e-35,"3","CD6"
3.4522893881022e-39,0.898547539997232,0.361,0.118,4.90984596775895e-35,"3","PLEC"
3.55946632220634e-39,0.65907059698734,0.841,0.384,5.06227300344186e-35,"3","ECHS1"
4.97072349732445e-39,0.774929722837154,0.437,0.155,7.06936295789483e-35,"3","TFRC"
5.20825789862234e-39,0.50598072197638,0.393,0.132,7.40718438342069e-35,"3","ACAD8"
5.62949642393607e-39,0.855393218752348,0.846,0.427,8.00626981412187e-35,"3","STK26"
5.79474740342363e-39,0.835495625778062,0.253,0.064,8.24128975714909e-35,"3","OLFM2"
6.63034639595642e-39,0.589133024038654,0.545,0.209,9.42967864432923e-35,"3","GTF3C1"
7.79056937162547e-39,1.1403386229622,0.687,0.277,1.10797477603257e-34,"3","CTSB"
7.82786162092181e-39,0.698232720594689,0.779,0.372,1.1132784797275e-34,"3","CD28"
9.5816524419846e-39,0.542564588943861,0.989,0.783,1.36270261029905e-34,"3","CUTA"
9.69524957455753e-39,0.960194865227866,0.251,0.066,1.37885839449357e-34,"3","LIPE-AS1"
1.17795715855645e-38,0.571086703531559,0.913,0.477,1.67529067089898e-34,"3","IGFLR1"
1.38695208973555e-38,0.697952436729115,0.94,0.628,1.9725232620219e-34,"3","PCED1B"
1.4196899922652e-38,0.710924559358072,0.91,0.445,2.01908310699957e-34,"3","CIAO2A"
1.46523921204318e-38,0.726674562591264,0.333,0.104,2.08386320736781e-34,"3","MED12"
1.6507747092143e-38,0.537033674919503,0.37,0.121,2.34773179144457e-34,"3","PLEKHM2"
1.69212544234335e-38,0.770452197553349,0.308,0.093,2.40654080410071e-34,"3","ENSG00000276256"
1.77727659966289e-38,0.64683825145727,0.945,0.492,2.52764278004056e-34,"3","MACROH2A1"
1.78715680996642e-38,0.746820181884752,0.329,0.102,2.54169441513425e-34,"3","TIPARP"
1.93136005156765e-38,0.636916331213639,0.857,0.41,2.74678026533951e-34,"3","CAMK2D"
2.11344313287965e-38,0.541131643831202,0.432,0.153,3.00573882358144e-34,"3","MON1B"
2.14663115163864e-38,0.745975451635674,0.297,0.088,3.05293882386047e-34,"3","CLPB"
2.39861460113288e-38,0.556645519487021,0.752,0.319,3.41130968573118e-34,"3","USP22"
2.50624203158822e-38,0.58960330139972,0.411,0.144,3.56437741732476e-34,"3","MEF2D"
2.68731660504938e-38,0.54983480408435,0.474,0.174,3.82190167570123e-34,"3","TIFA"
2.74876827374884e-38,0.614813017015343,0.425,0.15,3.90929823892561e-34,"3","KDM4B"
2.84172019263153e-38,0.882449729986731,0.336,0.106,4.04149445796056e-34,"3","CCDC34"
2.90707823121637e-38,0.604390400634892,0.315,0.095,4.13444666043592e-34,"3","TRIM34"
3.02620988075701e-38,0.576797401314777,0.846,0.379,4.30387569241262e-34,"3","COMMD7"
3.04169567361708e-38,0.594372499727648,0.476,0.174,4.32589958701821e-34,"3","SCLY"
3.87249101871748e-38,0.567649880355632,0.772,0.34,5.50745672682e-34,"3","CRYBB2P1"
4.28548954458387e-38,0.567603167427922,0.761,0.335,6.09482323030718e-34,"3","PLIN2"
4.52962127135605e-38,0.668169359680539,0.294,0.086,6.44202737212257e-34,"3","SLC25A23"
4.82790782329502e-38,0.503280200410209,0.756,0.326,6.86625050629018e-34,"3","CCDC28A"
4.94730190724156e-38,0.531241835040944,0.738,0.308,7.03605277247895e-34,"3","NIT2"
5.02704519384011e-38,0.714251670637248,0.285,0.082,7.1494636746794e-34,"3","PLAGL1"
5.06471924211819e-38,0.815932399954746,0.349,0.113,7.20304370614049e-34,"3","ZMIZ1"
5.06667220942188e-38,0.714535812394032,0.377,0.128,7.2058212162398e-34,"3","AP2A1"
5.14039205474657e-38,0.587954825170482,0.977,0.719,7.31066558026058e-34,"3","SMAP2"
5.81604167324135e-38,0.669424769214251,0.336,0.104,8.27157446768385e-34,"3","SNN"
5.82516288875831e-38,0.591440781622757,0.977,0.663,8.28454666039206e-34,"3","CCT8"
5.96344320119114e-38,0.767349092414879,0.285,0.082,8.48120892073404e-34,"3","GHDC"
6.1807736402144e-38,0.585241983149276,0.48,0.177,8.79029627111291e-34,"3","PFKL"
6.22648175268889e-38,0.919978722130806,0.264,0.073,8.85530234867414e-34,"3","CCNE1"
6.67935477138059e-38,0.538018578937828,0.398,0.136,9.49937835585748e-34,"3","ZER1"
6.68192150145193e-38,0.705900103033071,0.317,0.097,9.50302875936494e-34,"3","PRXL2B"
7.35185216053743e-38,0.535911325182276,0.989,0.743,1.04558041427163e-33,"3","EIF3M"
8.0116633201866e-38,0.686028172739327,0.322,0.099,1.13941875739694e-33,"3","TRIM66"
8.12648995674947e-38,0.810686915712972,0.34,0.109,1.15574940164891e-33,"3","NRM"
8.16852690371285e-38,0.64075938626465,0.37,0.125,1.16172789624604e-33,"3","GPN2"
8.21932437991774e-38,0.650359549624788,0.892,0.432,1.1689523133119e-33,"3","NUDT5"
8.63683064906926e-38,0.649345941756386,0.37,0.122,1.22833005491063e-33,"3","TRAPPC14"
9.12395407258294e-38,0.633395719619338,0.595,0.258,1.29760874820275e-33,"3","KLRC4"
9.5729650738388e-38,0.531045508958712,0.451,0.163,1.36146709280135e-33,"3","EIPR1"
9.69380416456125e-38,0.521178593455329,0.361,0.118,1.3786528282839e-33,"3","ESS2"
1.15793072155293e-37,0.638228076665379,0.322,0.1,1.64680907219257e-33,"3","MAP3K11"
1.34112066292614e-37,0.518977898664393,0.469,0.173,1.90734180681355e-33,"3","RCOR1"
1.34850498637016e-37,0.552894482192401,0.814,0.37,1.91784379161564e-33,"3","ITPR2"
1.3674328048702e-37,0.679233444334964,0.963,0.705,1.9447629350864e-33,"3","LCP2"
1.51082307597044e-37,0.867153639669688,0.251,0.068,2.14869257864517e-33,"3","TBC1D22B"
1.63384644245041e-37,0.537685290045432,0.474,0.174,2.32365641045297e-33,"3","BBC3"
1.64807507168977e-37,0.977464480327267,0.271,0.078,2.34389236695719e-33,"3","SLC43A1"
1.66103228731615e-37,0.508754364174663,0.722,0.3,2.36232011902102e-33,"3","CLTC"
1.66515164600609e-37,0.530993990724534,0.713,0.302,2.36817867094986e-33,"3","BABAM2"
1.67686217983777e-37,0.535552530878595,0.814,0.36,2.38483339216527e-33,"3","ISY1"
1.81423740066484e-37,0.50906207505729,0.998,0.799,2.58020843122554e-33,"3","CSNK2B"
1.85855591651822e-37,0.88698522307775,0.329,0.105,2.64323822447221e-33,"3","AGFG2"
1.99598378113412e-37,0.542341653859785,0.274,0.076,2.83868813352895e-33,"3","URB1-AS1"
2.33618527763786e-37,0.588432168492258,0.77,0.342,3.32252270185657e-33,"3","GRK6"
2.54677017152712e-37,0.515800490943723,0.825,0.376,3.62201653794586e-33,"3","TRAF5"
2.59953494379684e-37,0.560316951523881,0.986,0.73,3.69705859706787e-33,"3","ATP5F1A"
2.82088653494635e-37,0.512246786488578,0.559,0.218,4.0118648300007e-33,"3","AGAP2"
2.82997370781372e-37,0.649496646828119,0.844,0.4,4.02478860725267e-33,"3","GRK2"
2.91777247518176e-37,0.66117711183141,0.303,0.092,4.1496560142035e-33,"3","ENSG00000262202"
2.961525963796e-37,0.682466017702972,0.363,0.122,4.21188222571068e-33,"3","THG1L"
3.36385617023881e-37,1.10581363336703,0.338,0.112,4.78407624531364e-33,"3","TRAF4"
3.46867332444834e-37,0.580297056056751,0.906,0.442,4.93314720203043e-33,"3","IDH2"
3.73190910822873e-37,0.561055937764021,0.857,0.387,5.3075211337229e-33,"3","LYPLA1"
3.87600623538862e-37,0.651122840579347,0.469,0.176,5.5124560679697e-33,"3","PXK"
3.92254291249126e-37,0.767120386095735,0.271,0.077,5.57864053014508e-33,"3","PHLPP1"
4.00778272013113e-37,0.803249722516439,0.616,0.262,5.69986858457049e-33,"3","AHI1"
4.14676581888364e-37,0.547644146935114,0.386,0.132,5.89753034761631e-33,"3","YIPF1"
4.29819644688852e-37,0.507696898476007,0.572,0.226,6.11289498676486e-33,"3","DDX49"
4.50254628685904e-37,0.770794751920777,0.333,0.108,6.40352132917092e-33,"3","PXMP4"
4.64190295280806e-37,0.577368902695083,0.414,0.147,6.60171437948362e-33,"3","NIBAN1"
4.75317939947141e-37,0.518049382027613,0.6,0.243,6.75997174192823e-33,"3","CHFR"
5.3009541767672e-37,0.756626409293689,0.368,0.125,7.53901703019831e-33,"3","AP1B1"
5.48638430578782e-37,0.664300618805334,0.361,0.121,7.80273575969143e-33,"3","PRKACA"
5.63152711162252e-37,0.662081571532855,0.317,0.099,8.00915785814954e-33,"3","LINC01806"
5.85587960442863e-37,0.546902828544751,0.478,0.179,8.3282319734184e-33,"3","BORCS5"
5.86634153886982e-37,0.630441418441363,0.887,0.444,8.34311093658066e-33,"3","WASHC3"
5.88449177556868e-37,0.640727785100868,0.731,0.331,8.36892420321378e-33,"3","AGFG1"
6.07127184862927e-37,0.54972762088919,0.37,0.123,8.63456282312055e-33,"3","DTX3"
6.57599034849668e-37,0.568434075458081,0.368,0.123,9.35237347363197e-33,"3","FAM222B"
7.08088759340833e-37,0.584488503238503,0.968,0.648,1.00704383353453e-32,"3","PRDX6"
7.11878791291106e-37,0.589601857771892,0.432,0.155,1.01243401697421e-32,"3","CENPV"
7.64528386600061e-37,0.581452920580633,0.83,0.394,1.08731227142261e-32,"3","IP6K2"
8.13990286597411e-37,0.94569163354223,0.386,0.135,1.15765698559884e-32,"3","ENSG00000273118"
9.37747587849434e-37,0.682740281011965,0.818,0.411,1.33366461943947e-32,"3","MT1X"
9.58169008938135e-37,0.596447122847931,0.841,0.385,1.36270796451182e-32,"3","CMTM6"
1.02075008796694e-36,0.594770463160041,0.91,0.447,1.45171077510658e-32,"3","MRPS36"
1.10351993104059e-36,0.574001111229078,0.701,0.292,1.56942604592592e-32,"3","IRAG2"
1.2835634937879e-36,0.529472602193782,0.377,0.129,1.82548400086515e-32,"3","ALG1"
2.04805232209674e-36,0.56671734159368,0.329,0.105,2.91274001248599e-32,"3","KLHL12"
2.25594353575637e-36,0.5811765281074,0.956,0.581,3.20840289655271e-32,"3","CLPP"
2.83967417382017e-36,0.697497000497804,0.441,0.163,4.03858461000705e-32,"3","ENSG00000234961"
2.95348071668157e-36,0.643692720952424,0.66,0.271,4.20044027526453e-32,"3","SMS"
3.3945411540009e-36,0.629722270968645,0.703,0.301,4.82771642922008e-32,"3","PDHA1"
3.80597331945844e-36,0.521462333654724,0.828,0.362,5.4128552549338e-32,"3","MRPL28"
3.95880805251344e-36,0.535039458340842,0.515,0.199,5.63021681228461e-32,"3","MTA2"
4.04224441566254e-36,0.642617671590995,0.269,0.076,5.74888000795526e-32,"3","ZNF529-AS1"
4.38188367452786e-36,0.642149166761679,0.31,0.098,6.23191496191352e-32,"3","QSOX1"
5.06987301596927e-36,0.543075944241495,0.809,0.366,7.21037340331149e-32,"3","CTBP1"
5.42024191069514e-36,0.593525428772408,0.651,0.281,7.70866804539063e-32,"3","MID1IP1"
5.9880462122489e-36,0.547570061083384,0.66,0.279,8.51619932306039e-32,"3","CD226"
6.21585668030528e-36,0.539759218823624,0.391,0.137,8.84019137073017e-32,"3","PYGB"
6.24308286826882e-36,0.724575802927052,0.451,0.17,8.87891245525191e-32,"3","TCTN3"
7.35007586690215e-36,0.604303317112772,0.267,0.076,1.04532778979082e-31,"3","ENSG00000291117"
7.6196714449379e-36,0.559211728265356,0.775,0.339,1.08366967289907e-31,"3","GSTM1"
7.65358107139613e-36,0.730465098765698,0.347,0.117,1.08849229997396e-31,"3","WSB2"
1.00934507511793e-35,0.546362984729663,0.32,0.101,1.43549056583272e-31,"3","MRPL45P2"
1.01940158305837e-35,0.724082426485187,0.276,0.081,1.44979293142562e-31,"3","ENSG00000237356"
1.13710690912698e-35,0.510803018964158,0.4,0.141,1.61719344616038e-31,"3","TRIOBP"
1.20414896101882e-35,0.50883791401054,0.848,0.392,1.71254065236097e-31,"3","TEX264"
1.37843968871904e-35,0.61468000377872,0.467,0.177,1.96041692529621e-31,"3","UBASH3B"
1.40574895773287e-35,0.552974702456133,0.37,0.127,1.99925616768769e-31,"3","ZMIZ2"
1.46126612142424e-35,0.510637669683701,0.618,0.255,2.07821267788955e-31,"3","CTDSP2"
1.56189677316522e-35,0.694431887670569,0.306,0.096,2.22132959079557e-31,"3","PPP1R9B"
1.64446884640367e-35,0.528440837344577,0.407,0.146,2.3387635933553e-31,"3","STK11"
1.79276276829412e-35,0.826485846467449,0.262,0.076,2.5496672090679e-31,"3","AKAP5"
1.83906662240007e-35,0.77750864726319,0.352,0.118,2.61552055037738e-31,"3","CCDC50"
2.0105034244631e-35,0.583907046110378,0.349,0.118,2.85933797027142e-31,"3","SH3BP2"
2.04020449724846e-35,0.510189437521038,0.386,0.134,2.90157883598676e-31,"3","ACBD4"
2.27910943853531e-35,0.888397414385681,0.257,0.074,3.24134944348492e-31,"3","CREB3L4"
2.56010963809744e-35,0.606653802386657,0.329,0.107,3.64098792730217e-31,"3","IDH1"
2.57405036008167e-35,0.729758078770913,0.271,0.08,3.66081442210816e-31,"3","HS1BP3"
2.62823493618183e-35,0.597006475062859,0.922,0.48,3.7378757262378e-31,"3","ETFB"
2.74741398764176e-35,0.548483303268861,0.377,0.13,3.90737217322411e-31,"3","NOTCH2"
3.0402327067795e-35,0.56486552995908,0.393,0.141,4.32381895558181e-31,"3","TXNDC11"
3.20159545880094e-35,1.02485606968163,0.94,0.525,4.55330906150669e-31,"3","PSAP"
4.47724581941502e-35,0.678333112521363,0.846,0.427,6.36753900437205e-31,"3","AKNA"
4.61236097923043e-35,0.789717386001141,0.421,0.157,6.55969978466152e-31,"3","NFATC1"
4.85259585863162e-35,0.504292403846232,0.989,0.789,6.90136183014589e-31,"3","TAF10"
5.26755686107792e-35,0.769056854586447,0.326,0.108,7.49151936782502e-31,"3","NF2"
5.28268456311679e-35,0.563700729265529,0.485,0.187,7.51303398566471e-31,"3","AKT1"
5.38439250999222e-35,0.594969448860152,0.961,0.592,7.65768302771094e-31,"3","EIF3I"
5.39154424027836e-35,0.520385995739297,0.616,0.257,7.66785421852389e-31,"3","PPP6R1"
5.54170597908075e-35,0.527846264389402,0.975,0.72,7.88141424344864e-31,"3","PSMB4"
6.00282071176932e-35,0.585014569959672,0.729,0.331,8.53721161627833e-31,"3","PLCG1"
6.15438310435753e-35,0.565017838547095,0.368,0.127,8.75276365101728e-31,"3","INPP1"
6.75136855643638e-35,0.642909233251186,0.931,0.516,9.60179636096382e-31,"3","TXN"
6.90764869528714e-35,0.57796377059941,0.391,0.139,9.82405797443737e-31,"3","PCBD2"
7.26146158630386e-35,0.523196698187843,0.411,0.149,1.03272506680413e-30,"3","LRRC61"
7.91580435492985e-35,0.650095092159369,0.333,0.11,1.12578569535812e-30,"3","AIG1"
9.01412389364071e-35,0.558415695880579,0.832,0.397,1.28198870015358e-30,"3","DPH5"
9.64426317957384e-35,0.50506219092724,0.448,0.169,1.37160710939899e-30,"3","CCDC6"
1.01959661011912e-34,0.517998283624964,0.775,0.35,1.45007029891141e-30,"3","MGMT"
1.02442496919453e-34,1.32296308724847,0.251,0.073,1.45693719118846e-30,"3","FDXR"
1.03267818472931e-34,0.826412571860972,0.264,0.078,1.46867491432202e-30,"3","UEVLD"
1.06150619165592e-34,0.797477677352557,0.253,0.072,1.50967410577304e-30,"3","RIPK3"
1.09415952947757e-34,0.512845307277023,0.28,0.084,1.556113682823e-30,"3","LAX1"
1.13938202768426e-34,0.68086687249119,0.306,0.096,1.62042911977256e-30,"3","INF2"
1.27423922720712e-34,0.579314665252069,0.421,0.155,1.81222302893396e-30,"3","PBX3"
1.36712617316959e-34,0.830609161572515,0.274,0.083,1.94432684348179e-30,"3","DNASE1L1"
1.36774111821032e-34,0.844482960933988,0.276,0.083,1.94520141831871e-30,"3","PABPC1L"
1.46283854272569e-34,0.588643411108905,0.405,0.148,2.08044897546448e-30,"3","PRKAB1"
1.57322046239514e-34,0.862365605449281,0.255,0.075,2.23743414161837e-30,"3","WIPI1"
1.8479953391552e-34,0.916121306867116,0.285,0.089,2.62821897134652e-30,"3","FAIM"
2.01263840098617e-34,0.556075283274281,0.972,0.625,2.86237433388253e-30,"3","ERGIC3"
2.08607867337094e-34,0.581549832982595,0.867,0.433,2.96682108926815e-30,"3","ACAA1"
2.6751388810433e-34,0.568214420975758,0.841,0.405,3.80458251661979e-30,"3","TSPAN14"
3.02721656087964e-34,0.536344882305045,0.883,0.454,4.30530739288302e-30,"3","CFLAR"
3.76770018189206e-34,0.52650057541802,0.825,0.363,5.35842319868689e-30,"3","URM1"
4.23600067809548e-34,0.556007934858773,0.961,0.592,6.02444016438739e-30,"3","UFC1"
5.2320686238801e-34,0.61253745644624,0.929,0.5,7.44104799688228e-30,"3","DDOST"
5.92085015850528e-34,0.558450045843911,0.943,0.502,8.42063309542621e-30,"3","CASP4"
5.98279543936294e-34,0.600263085065481,0.329,0.11,8.50873167386197e-30,"3","SPHK2"
6.55873206669477e-34,0.539689661390811,0.315,0.102,9.3278287452533e-30,"3","ZBTB17"
6.88838189903562e-34,0.678355679459774,0.269,0.08,9.79665673680846e-30,"3","RECQL5"
9.91636405349554e-34,0.570146776424118,0.303,0.097,1.41030529568814e-29,"3","TTLL1"
1.07258044885161e-33,0.645732352719756,0.862,0.431,1.52542391435676e-29,"3","ACADVL"
1.42002414662696e-33,0.607818812053581,0.906,0.469,2.01955834133286e-29,"3","MFNG"
1.48131715475969e-33,0.582841682676424,0.869,0.465,2.10672925749923e-29,"3","MACF1"
1.60173607927321e-33,0.614072470652259,0.876,0.435,2.27798905194236e-29,"3","GRSF1"
1.78423457543876e-33,0.832019813966452,0.267,0.081,2.537538413189e-29,"3","CARM1"
1.85381352750021e-33,0.68640895364141,0.267,0.08,2.63649359881079e-29,"3","TFE3"
1.85973877496677e-33,0.561747770692875,0.285,0.086,2.64492048575774e-29,"3","CTSF"
2.38088403851432e-33,0.533878114942377,0.857,0.392,3.38609327957506e-29,"3","STOML2"
3.00565633999802e-33,0.560240428356687,0.913,0.455,4.27464444674519e-29,"3","ETFA"
3.20806035736877e-33,0.687600641413364,0.292,0.093,4.56250344024986e-29,"3","NOTCH1"
3.60046311771361e-33,0.558987540613004,0.963,0.589,5.1205786460123e-29,"3","HADHA"
3.6561001636419e-33,0.58243831177062,0.343,0.117,5.19970565273151e-29,"3","SLC44A1"
3.70405978693745e-33,0.650084967315247,0.359,0.127,5.26791382898245e-29,"3","CPOX"
3.85322970425011e-33,0.601420940985173,0.264,0.078,5.48006328538451e-29,"3","KLC4"
4.46026796802109e-33,0.508380755315974,0.733,0.316,6.34339310411959e-29,"3","SMARCB1"
5.57630292587701e-33,0.576710071055243,0.31,0.1,7.93061802118229e-29,"3","RIC3"
6.51040266299175e-33,0.698524675719368,0.271,0.084,9.25909466730686e-29,"3","GBA2"
7.56118057185219e-33,0.5454175099248,0.361,0.129,1.07535110092882e-28,"3","EIF4ENIF1"
8.74828780776367e-33,0.620137339275385,0.326,0.111,1.24418149202015e-28,"3","RANBP10"
9.88799498692557e-33,0.509156967119525,0.572,0.237,1.40627064704056e-28,"3","FLII"
1.10537554847064e-32,0.503797486135306,0.368,0.131,1.57206510503494e-28,"3","MAVS"
1.17138968206958e-32,0.51838365660876,0.285,0.088,1.66595040583935e-28,"3","SEC31B"
1.62865272260856e-32,0.596961134487632,0.31,0.104,2.31626990209389e-28,"3","RAD51D"
1.66219513816999e-32,0.647184129010996,0.297,0.097,2.36397392550536e-28,"3","CCDC117"
1.88783429590322e-32,0.982623068224572,0.257,0.078,2.68487793563356e-28,"3","FANCL"
2.14052656872963e-32,0.540871588876427,0.303,0.099,3.04425688604728e-28,"3","ENSG00000289161"
2.35026197629313e-32,0.605674768978651,0.956,0.654,3.34254258268408e-28,"3","OGT"
2.35984317183225e-32,0.575228677319834,0.903,0.506,3.35616895897982e-28,"3","PECAM1"
2.39816538690837e-32,0.743442001650968,0.271,0.083,3.41067081326109e-28,"3","EPHX2"
2.44624307134318e-32,0.621658248090796,0.301,0.1,3.47904689606427e-28,"3","C9orf64"
3.42706455521156e-32,0.532120684463246,0.294,0.095,4.87397121042188e-28,"3","KLHL18"
3.62711564176514e-32,0.543145751334557,0.726,0.347,5.15848386571838e-28,"3","LINC01550"
4.14272537494582e-32,0.55392007350199,0.864,0.442,5.89178402824795e-28,"3","AP1M1"
4.32416840557507e-32,0.72259369937092,0.418,0.158,6.14983230640886e-28,"3","LST1"
4.91393143364576e-32,0.618782711376573,0.315,0.107,6.988593284931e-28,"3","SIMC1"
5.9719455657585e-32,0.612580573410816,0.924,0.559,8.49330098362174e-28,"3","PACS1"
6.45531956581427e-32,0.514033369766408,0.359,0.129,9.18075548650106e-28,"3","CRTAP"
6.54201379824841e-32,0.571363164596436,0.947,0.533,9.30405202386889e-28,"3","AP2S1"
6.6253312518988e-32,0.70531408921267,0.274,0.087,9.42254610645047e-28,"3","CHD1L"
7.48834332059621e-32,0.5573809778076,0.926,0.486,1.06499218705519e-27,"3","CUEDC2"
9.42591266859046e-32,0.559700791590585,0.982,0.642,1.34055329972694e-27,"3","RHOG"
1.00803272839728e-31,0.542548780083732,0.963,0.554,1.43362414632661e-27,"3","RALY"
1.07068039911879e-31,0.673299547490052,0.933,0.533,1.52272166362675e-27,"3","MYH9"
1.59813171910733e-31,0.521915899784534,0.984,0.683,2.27286293091445e-27,"3","MDH2"
1.66331061286434e-31,0.526813589520666,0.883,0.441,2.36556035361566e-27,"3","NUCB1"
1.667810994505e-31,0.506839655444876,0.283,0.09,2.37196079638502e-27,"3","DNAL4"
1.90900409152604e-31,0.660626967007499,0.389,0.145,2.71498561896833e-27,"3","APP"
2.16236125192732e-31,0.506000562739562,0.975,0.712,3.07531017249103e-27,"3","TRAC"
2.16548253304402e-31,0.78928576383518,0.292,0.098,3.0797492584952e-27,"3","ENSG00000284634"
2.43248622226129e-31,0.831848126533326,0.315,0.11,3.4594819053e-27,"3","ZDHHC12-DT"
2.73228069101762e-31,0.529533944790127,0.929,0.524,3.88584959876526e-27,"3","DEF6"
2.83983859602748e-31,0.560963896807866,0.92,0.556,4.03881845127029e-27,"3","MCL1"
2.97336246790577e-31,0.528913223199241,0.915,0.492,4.22871610185559e-27,"3","SCP2"
3.80095798825513e-31,1.17638541938885,0.752,0.474,5.40572245089644e-27,"3","PASK"
3.8990170916897e-31,0.668522319554827,0.28,0.09,5.54518210780109e-27,"3","PAWR"
4.39079579324924e-31,0.64285046913623,0.269,0.085,6.24458977715907e-27,"3","RPSA2"
4.67289488404686e-31,0.753888101800723,0.283,0.093,6.64579110409145e-27,"3","GADD45A"
6.02789789202196e-31,0.536089671847378,0.331,0.117,8.57287638203363e-27,"3","CCDC97"
6.51730080579783e-31,0.516720623152325,0.368,0.137,9.26890520600568e-27,"3","GPR137"
6.75640076477137e-31,0.555010213192657,0.94,0.562,9.60895316765784e-27,"3","SDHC"
6.94167103517978e-31,0.640721158277488,0.26,0.081,9.87244454623268e-27,"3","MROH1"
7.55458579461512e-31,0.523492476711939,0.754,0.347,1.07441319171016e-26,"3","LTA4H"
1.24648650927383e-30,0.537312172005317,0.936,0.543,1.77275311348925e-26,"3","FAM32A"
1.26836410315812e-30,0.513972426070235,0.968,0.684,1.80386742751147e-26,"3","EID1"
1.28961314536102e-30,0.549579268520269,0.956,0.545,1.83408781533244e-26,"3","NDUFA7"
1.62476186163614e-30,0.578253818412174,0.267,0.085,2.31073631961891e-26,"3","MECR"
1.77543257735987e-30,0.561067338420782,0.917,0.477,2.52502021152121e-26,"3","MRPL52"
2.05181228023574e-30,0.543221695937882,0.269,0.086,2.91808742495127e-26,"3","ADAM8"
2.1966817496903e-30,0.55740141954217,0.322,0.112,3.12412078440955e-26,"3","CLN6"
2.29717295433604e-30,0.680902288153236,0.257,0.081,3.26703937565672e-26,"3","LPAR5"
2.325117173224e-30,0.608999980664803,0.407,0.159,3.30678164375917e-26,"3","HIVEP1"
2.85694441260915e-30,0.511347683376699,0.989,0.923,4.06314634361274e-26,"3","ENSG00000289901"
2.91361232895222e-30,0.507516248304733,0.86,0.44,4.14373945423585e-26,"3","RAB8B"
2.92395541074023e-30,0.529469223567388,0.278,0.091,4.15844938515476e-26,"3","TRAF3IP1"
3.68039273378971e-30,0.550217825000468,0.954,0.56,5.23425454599572e-26,"3","CAPZA1"
4.34196907637366e-30,0.545510440918811,0.264,0.083,6.17514842041863e-26,"3","GALNS"
4.59541167647766e-30,0.595167337738494,0.784,0.398,6.53559448628653e-26,"3","IRF2BP2"
6.84384369374845e-30,0.509421887639229,0.34,0.124,9.73331450124905e-26,"3","UBFD1"
1.00999719813342e-29,0.612349731233902,0.292,0.099,1.43641801518535e-25,"3","SPATS2"
1.18511359855199e-29,0.631851882376696,0.313,0.11,1.68546855986064e-25,"3","BRPF1"
1.23706388467e-29,0.502906598836265,0.299,0.102,1.75935225677767e-25,"3","GPATCH3"
1.34508663177835e-29,0.748808542793312,0.255,0.079,1.91298220771517e-25,"3","COL18A1"
1.54781011153292e-29,0.507327037992316,0.972,0.632,2.20129554062212e-25,"3","NDUFB3"
1.7566993511808e-29,0.974312993437942,1,0.935,2.49837781724933e-25,"3","CD74"
2.03882897118228e-29,0.525136298574295,0.956,0.586,2.89962256281544e-25,"3","UQCRC2"
2.25565551433264e-29,0.556807711401035,0.434,0.173,3.20799327248388e-25,"3","LSR"
2.41260863051573e-29,0.532681492086445,0.894,0.464,3.43121199431947e-25,"3","PPP1R7"
2.43858781402831e-29,0.675287904968891,0.28,0.093,3.46815958911107e-25,"3","PHC1"
2.54111520254059e-29,0.63389436514626,0.28,0.094,3.61397404105322e-25,"3","KCTD9"
2.91826875112682e-29,0.549412833127103,0.949,0.608,4.15036181785257e-25,"3","PKM"
2.94131685454213e-29,0.515719767927011,0.264,0.085,4.18314083052982e-25,"3","FLYWCH1"
3.24777948127652e-29,0.630692498471007,0.579,0.264,4.61899197827146e-25,"3","NFKB2"
4.5927903113708e-29,0.503016320185759,0.975,0.741,6.53186638083155e-25,"3","EIF3L"
4.7039440179667e-29,0.52743652567383,0.637,0.281,6.68994918235225e-25,"3","TYMP"
1.32926589704505e-28,0.507597513671344,0.274,0.092,1.89048195877747e-24,"3","GATB"
1.76822708648096e-28,0.801688387626753,0.253,0.083,2.51477256239322e-24,"3","NACC1"
2.05696466020329e-28,0.627439290329466,0.267,0.088,2.92541513974112e-24,"3","BAG3"
2.52154844373754e-28,0.861703299649823,0.94,0.764,3.58614619668353e-24,"3","MT2A"
5.61986351975521e-28,0.699796661016431,0.274,0.093,7.99256989779586e-24,"3","LIMK2"
6.69632072060741e-28,0.563010285179421,0.262,0.086,9.52350732884785e-24,"3","LIPC"
7.47420617487435e-28,0.513538295002741,0.94,0.556,1.06298160219063e-23,"3","ZNHIT1"
9.42193526674724e-28,0.55162168747934,0.315,0.115,1.33998763363679e-23,"3","ABHD2"
9.91573990117021e-28,0.52640732559277,0.943,0.603,1.41021652874443e-23,"3","GRB2"
9.9245217623176e-28,0.512576453879421,0.297,0.105,1.41146548503681e-23,"3","SRF"
9.93852757713693e-28,0.510106655263024,0.993,0.945,1.41345739202041e-23,"3","S100A6"
1.82975322508365e-27,0.504276407769305,0.779,0.39,2.60227503671396e-23,"3","FKBP5"
1.8525733048835e-27,0.629351414609184,0.308,0.112,2.63472975420531e-23,"3","VAT1"
2.85114755012795e-27,0.506820755635933,0.899,0.459,4.05490204579197e-23,"3","RAB1B"
3.05273424382782e-27,0.607599984344676,0.294,0.106,4.34159864157192e-23,"3","MSRA"
3.29190275920431e-27,0.508658782165846,0.938,0.522,4.68174410414038e-23,"3","PRDX3"
3.85023343388493e-27,0.538456993169004,0.274,0.094,5.47580198967115e-23,"3","RAPGEF2"
4.99873393150226e-27,0.598561351901608,0.313,0.115,7.10919939738252e-23,"3","EPB41L2"
1.60065809769515e-26,0.533666112111398,0.255,0.086,2.27645594654205e-22,"3","DHX57"
1.72920678138854e-26,0.509386850666574,0.952,0.616,2.45927788449078e-22,"3","GNB2"
2.21472286122914e-26,0.7492285948114,0.733,0.447,3.14977885324009e-22,"3","AQP3"
2.26244787128543e-26,0.627312874338362,0.276,0.098,3.21765336254214e-22,"3","RABEP2"
2.63006800369215e-26,0.527979713050473,0.26,0.088,3.74048271485098e-22,"3","SMPD2"
7.03021681456354e-26,0.552889073561881,0.29,0.104,9.99837435367226e-22,"3","PATZ1"
1.14207865444085e-25,0.536040084570664,0.285,0.104,1.62426426234578e-21,"3","TBX21"
1.25402606437088e-25,0.503200432193488,0.287,0.104,1.78347586874826e-21,"3","NFE2L3"
3.40560661915808e-25,0.519033905384607,0.878,0.478,4.84345373376662e-21,"3","PIK3CD"
9.84680858415822e-25,0.510036087639553,0.892,0.496,1.40041311683898e-20,"3","VCP"
1.20182703408072e-24,0.501021213566852,0.338,0.134,1.70923840786959e-20,"3","CYSTM1"
1.9001135812799e-24,0.604751670334306,0.28,0.104,2.70234153529628e-20,"3","LARS2"
2.71777644840698e-24,0.508017946362705,0.253,0.089,3.8652216649244e-20,"3","CHKA"
3.62486365637763e-24,0.960258101306644,0.301,0.118,5.15528109210027e-20,"3","CYB561A3"
5.44750597303921e-24,0.621977324495044,0.308,0.121,7.74744299485636e-20,"3","RMI1"
6.69821457759679e-24,0.546029586581776,0.26,0.093,9.52620077225816e-20,"3","CCDC88A"
7.28606021217782e-23,0.560417901463952,0.878,0.459,1.03622348337593e-18,"3","CTSS"
1.21875025010683e-20,0.544823687196731,0.892,0.591,1.73330660570193e-16,"3","LITAF"
1.26260592399636e-19,0.799535398425604,1,0.993,1.79567814510763e-15,"3","FTH1"
1.00097484470833e-18,0.50898213393626,0.986,0.801,1.42358642414419e-14,"3","CSTB"
1.02230657661157e-18,0.511957005164143,0.954,0.84,1.45392441325698e-14,"3","SELL"
1.87151548435426e-18,0.577096589431685,0.874,0.716,2.66166932184864e-14,"3","LINC02446"
5.08009914056229e-18,0.589820612033691,0.538,0.297,7.22491699770769e-14,"3","LINC01871"
3.30625333743538e-15,0.686746125917348,0.34,0.16,4.7021534965006e-11,"3","RALGPS2"
3.59113176108049e-15,1.24280802572231,0.444,0.222,5.10730759060867e-11,"3","HLA-DPA1"
1.40049913586403e-14,0.93408419432698,0.285,0.136,1.99178987102582e-10,"3","TMEM120A"
2.37891873386807e-13,0.54579354314923,0.285,0.137,3.38329822330717e-09,"3","IER3"
8.5122782541062e-13,0.914304289071018,0.517,0.323,1.21061621329898e-08,"3","FCER1G"
1.14665414443121e-06,0.628863381254986,0.434,0.264,0.0163077152421007,"3","HLA-DPB1"
0.000279247337920708,0.81951267580004,0.545,0.488,1,"3","S100B"
0,4.33510984000689,1,0.224,0,"4","CST7"
0,4.38876488626754,0.993,0.266,0,"4","NKG7"
0,6.68560124969671,0.644,0.033,0,"4","GZMH"
0,2.41637124797201,0.62,0.051,0,"4","CCL4"
2.4544912477801e-298,4.57505602789916,0.672,0.08,3.49077745259286e-294,"4","PLEK"
4.59932752823821e-294,3.8062810009033,0.734,0.103,6.54116361066038e-290,"4","HLA-DRB1"
2.30418249910975e-288,4.48038032713654,0.504,0.033,3.27700835023389e-284,"4","CCL4L2"
7.95931883209341e-286,3.40207092997199,0.998,0.335,1.13197432430032e-281,"4","CCL5"
4.02200582240893e-278,3.54660109920827,0.884,0.193,5.72009668062998e-274,"4","KLRD1"
1.14835763227667e-268,4.42527027659123,0.772,0.139,1.63319422462388e-264,"4","GNLY"
3.39344673223403e-265,3.45235071124392,0.836,0.187,4.82615994258324e-261,"4","HLA-DPA1"
1.80128850035694e-252,3.61675005358753,0.855,0.227,2.56179250520764e-248,"4","HLA-DPB1"
3.04340333993832e-215,6.18529091301829,0.306,0.012,4.32832823006028e-211,"4","FCGR3A"
3.55720656339195e-208,4.58051092886939,0.442,0.042,5.05905917445603e-204,"4","F2R"
7.68563314438577e-206,2.92816132535722,0.838,0.236,1.09305074579454e-201,"4","GZMA"
2.00305598711225e-189,4.09718926008478,0.594,0.11,2.84874622487105e-185,"4","ZEB2"
8.59817562050705e-187,2.80403819136742,0.869,0.313,1.22283253674851e-182,"4","ANXA1"
6.59460891054325e-177,5.11393099922271,0.435,0.053,9.3788527925746e-173,"4","ENSG00000290036"
6.64553526904207e-176,3.73963076639352,0.634,0.143,9.45128025963163e-172,"4","C1orf21"
6.05662565023682e-175,4.97990508833878,0.309,0.02,8.61373299976681e-171,"4","S1PR5"
1.21801227431952e-172,2.78156322366105,0.886,0.373,1.73225705653722e-168,"4","LYAR"
1.71372688871738e-168,2.24396024345813,0.938,0.475,2.43726238113386e-164,"4","CD99"
2.35743075217052e-167,4.14163245104759,0.363,0.034,3.35273801573692e-163,"4","FCRL6"
6.28673097103001e-162,1.9060831800656,0.675,0.16,8.94098878699889e-158,"4","GZMB"
7.79363344390704e-161,4.76220539177658,0.318,0.025,1.10841054839246e-156,"4","PPP2R2B"
6.88081101009815e-142,2.8680852182934,0.591,0.139,9.78588941856159e-138,"4","SLAMF7"
1.30077982538555e-139,4.73721143113614,0.276,0.021,1.84996906766332e-135,"4","ENSG00000274767"
4.27802173516038e-137,1.23931809414813,0.993,0.961,6.08420251174509e-133,"4","CYBA"
6.86412471501011e-137,3.47807676405753,0.496,0.097,9.76215816968739e-133,"4","TIGIT"
2.14728264336545e-132,4.55339241785497,0.344,0.043,3.05386537539434e-128,"4","ENSG00000289137"
7.39836111037941e-126,1.06046926193975,0.998,0.994,1.05219491711816e-121,"4","SH3BGRL3"
8.28514460824094e-125,1.65790900282068,0.948,0.674,1.17831326618403e-120,"4","SRGN"
7.27782536724057e-124,2.59304521011199,0.672,0.214,1.03505232372895e-119,"4","HOPX"
1.98174942778083e-122,3.83984104580458,0.632,0.219,2.8184440361899e-118,"4","FGFBP2"
6.57018345176558e-120,2.78884251700589,0.672,0.241,9.34411490510101e-116,"4","PRF1"
6.68485741240247e-116,2.15241650451442,0.841,0.462,9.5072042119188e-112,"4","PYHIN1"
3.73729409962116e-112,0.516782091725347,1,1,5.31517966848122e-108,"4","B2M"
9.44359634618757e-110,2.40641948450444,0.748,0.344,1.3430682723548e-105,"4","APOBEC3G"
3.52565266023708e-107,4.18697993082316,0.302,0.04,5.01418321338918e-103,"4","TGFBR3"
1.21116054846577e-106,2.14194378109399,0.734,0.3,1.72251253202802e-102,"4","C12orf75"
3.19886268807004e-106,3.21689220251569,0.485,0.126,4.54942251497322e-102,"4","OASL"
5.76899440350657e-99,1.6062938777318,0.912,0.73,8.20466384066705e-95,"4","CRIP1"
4.53599013610618e-96,2.5199292190895,0.641,0.25,6.45108517157022e-92,"4","DUSP2"
4.28719264122535e-95,2.56686483539104,0.361,0.069,6.09724537435069e-91,"4","HLA-DRA"
2.30265883977089e-91,3.33927108419663,0.311,0.052,3.27484140192216e-87,"4","HLA-DRB5"
3.09466487573359e-91,3.01026530581642,0.416,0.098,4.40123238626832e-87,"4","EOMES"
2.72574527902069e-90,0.548777788974845,1,0.999,3.87655493582322e-86,"4","HLA-A"
3.26986588739694e-89,1.70685473329255,0.869,0.577,4.65040326505593e-85,"4","AOAH"
9.369954852204e-89,0.956732384188717,0.993,0.984,1.33259497908045e-84,"4","CD52"
1.43113721227152e-86,2.66006783923667,0.561,0.207,2.03536334329255e-82,"4","AHNAK"
7.44123068972093e-83,0.780372783272135,0.995,0.992,1.05829182869211e-78,"4","OAZ1"
1.07943457424766e-75,2.89090904101122,0.368,0.09,1.53517185149503e-71,"4","METRNL"
1.77250010185188e-72,2.7059699477271,0.677,0.419,2.52084964485375e-68,"4","CMC1"
7.10872425480815e-70,1.10968861575446,0.922,0.592,1.01100276351881e-65,"4","CLIC1"
1.49655675419833e-69,3.30335091445938,0.304,0.065,2.12840301582087e-65,"4","LINC02084"
5.44643233299595e-69,1.23404595467427,0.924,0.791,7.74591606398684e-65,"4","HCST"
1.19052032885999e-67,2.15408336113319,0.641,0.36,1.69315801170467e-63,"4","APMAP"
2.485329825201e-66,2.54001994179067,0.47,0.172,3.53463607740086e-62,"4","CYTOR"
1.1749392389487e-64,2.77450030237948,0.316,0.077,1.67099858563284e-60,"4","HLA-DQB1"
2.97947532205453e-63,2.47218499254108,0.577,0.295,4.23740980302595e-59,"4","EFHD2"
1.88775796057121e-61,1.03140678347771,0.941,0.92,2.68476937152437e-57,"4","CD8A"
7.28093182568286e-61,2.69027975567668,0.549,0.269,1.03549412424862e-56,"4","ITGB1"
8.04679794326268e-61,0.876154036086283,0.95,0.951,1.14441560349082e-56,"4","SEPTIN7"
1.90711419374793e-60,0.643107038867422,1,0.995,2.71229780634831e-56,"4","PTPRC"
4.58339386964136e-59,1.5013568855037,0.753,0.495,6.51850276140395e-55,"4","CD63"
2.09876220744995e-56,0.900397508586761,0.969,0.947,2.98485961143532e-52,"4","S100A6"
3.57710200542937e-56,0.671927336905213,0.979,0.979,5.08735447212165e-52,"4","RPL36AL"
3.27201542943938e-55,2.02641141652641,0.525,0.226,4.65346034374869e-51,"4","TRGC2"
2.23418726552835e-54,1.23256440758495,0.819,0.729,3.17746112903443e-50,"4","FYN"
9.14050677265325e-54,1.43177159386834,0.774,0.652,1.29996287320675e-49,"4","MBP"
2.73399080007253e-53,1.36481929861045,0.777,0.602,3.88828171586315e-49,"4","LITAF"
2.74390571708075e-53,1.05768386893197,0.945,0.887,3.90238271083224e-49,"4","IFITM2"
2.3465819447797e-52,2.17037428332308,0.318,0.086,3.33730884186569e-48,"4","ZNF683"
4.85457179933407e-52,0.706464427517279,0.948,0.955,6.90417201301292e-48,"4","MYL12B"
1.47453691519966e-51,1.6921678162265,0.587,0.294,2.09708640079695e-47,"4","LINC01871"
3.43693486612072e-51,2.37040157501105,0.525,0.274,4.8880087665969e-47,"4","ZBTB38"
6.10722532016676e-51,0.673227842024404,0.99,0.991,8.68569585034116e-47,"4","CD3D"
1.11314558052067e-47,0.829410347960047,0.962,0.871,1.5831156446165e-43,"4","S100A10"
1.2581586554924e-47,1.22649931928919,0.774,0.662,1.78935323984129e-43,"4","CD81"
5.72054560258542e-46,0.81148886555784,0.955,0.94,8.13575995599699e-42,"4","PPDPF"
6.33726582517055e-46,0.800749176239547,0.952,0.95,9.01285945655756e-42,"4","EMP3"
2.09158866633549e-44,1.09635009601647,0.848,0.811,2.97465740126233e-40,"4","RABAC1"
3.5316384048902e-44,0.511371151285985,1,0.999,5.02269613943484e-40,"4","MALAT1"
3.91835630345903e-44,2.19335018939428,0.264,0.069,5.57268633477943e-40,"4","TRGV2"
9.98994389924838e-44,0.677374439497411,0.976,0.968,1.4207698213511e-39,"4","ARPC2"
2.16072497336462e-43,1.99473590235841,0.454,0.207,3.07298305711916e-39,"4","STOM"
2.66982054500317e-43,1.31501869038892,0.722,0.564,3.79701877910351e-39,"4","REEP5"
3.73102662151365e-42,2.0729576826498,0.477,0.238,5.30626606111672e-38,"4","KLRG1"
2.25056521936655e-41,1.00062350823481,0.822,0.786,3.20075385498311e-37,"4","PTP4A2"
1.45855514253716e-40,2.50083174449645,0.406,0.187,2.07435712371635e-36,"4","GABARAPL1"
3.01931302917723e-39,1.99970541496348,0.442,0.214,4.29406699009585e-35,"4","DOK2"
4.83935987479157e-39,0.779250119434469,0.891,0.912,6.88253761392857e-35,"4","CD3G"
6.32572035685223e-39,0.58207432031091,0.988,0.977,8.99643949151525e-35,"4","CALM1"
7.58630984241371e-39,2.16734590000245,0.373,0.154,1.07892498578808e-34,"4","CDC42EP3-AS1"
1.25749209237003e-38,1.12452396160532,0.772,0.638,1.78840525376866e-34,"4","CTSW"
4.39489889319068e-36,2.08142021301499,0.456,0.244,6.25042520589578e-32,"4","MYO1F"
5.34233705027924e-36,0.773015662949552,0.929,0.914,7.59787175290713e-32,"4","PLAAT4"
5.36434642242682e-36,1.59299279234674,0.584,0.393,7.62917348197542e-32,"4","SAMD3"
1.29293459391831e-35,1.04670247281413,0.777,0.686,1.83881157947062e-31,"4","KLF6"
1.52767413688994e-35,0.995668705745445,0.898,0.799,2.17265815748488e-31,"4","S100A4"
6.35388175340287e-35,1.39655613479745,0.435,0.199,9.03649062968957e-31,"4","LAG3"
6.86753812437336e-35,0.716684741501264,0.955,0.92,9.7670127204838e-31,"4","KLRK1"
1.17273680641269e-33,1.45608181255268,0.644,0.495,1.66786628608013e-29,"4","LIME1"
2.62746014576265e-33,2.74429556164115,0.252,0.084,3.73677381930365e-29,"4","PTGER2"
7.7013941170468e-32,0.671081449612438,0.938,0.934,1.0952922713264e-27,"4","YPEL3"
8.82079147560091e-32,1.94740473897572,0.489,0.31,1.25449296365996e-27,"4","CHST12"
9.23708071171947e-32,0.681483506412295,0.988,0.99,1.31369761882074e-27,"4","BTG1"
3.16007713262245e-31,1.33614724880316,0.575,0.374,4.49426169801566e-27,"4","SH2D2A"
6.29686323875328e-31,2.74930735103145,0.252,0.088,8.95539889815492e-27,"4","ZFYVE28"
5.6421708672362e-30,1.06436001749399,0.722,0.621,8.02429540738333e-26,"4","BLOC1S1"
5.90682356052651e-30,0.743815203502979,0.943,0.939,8.40068446778081e-26,"4","TRBC2"
6.51386854881789e-30,2.28716419451742,0.378,0.195,9.2640238501288e-26,"4","CD58"
8.24757814358957e-30,2.21801994718277,0.404,0.222,1.17297056358131e-25,"4","SLF1"
1.2761771048745e-29,0.987748375016122,0.772,0.761,1.81497907855251e-25,"4","GZMM"
1.55436369396136e-29,0.788742311424474,0.796,0.765,2.21061604555185e-25,"4","TMEM59"
2.43260309043499e-29,0.761345921204652,0.838,0.831,3.45964811521664e-25,"4","PPP2R5C"
1.36660526875399e-28,1.12779820701937,0.67,0.56,1.94358601322192e-24,"4","CTSC"
1.85565541532986e-28,1.52960764564478,0.413,0.212,2.63911313168213e-24,"4","ANXA2"
2.96147670056492e-28,1.2349141938425,0.667,0.582,4.21181216354342e-24,"4","IRF1-AS1"
7.77946974589338e-28,1.15500706209856,0.677,0.553,1.10639618726096e-23,"4","TRG-AS1"
4.05887370909725e-27,1.27227863159233,0.606,0.472,5.77253018907811e-23,"4","PTPN22"
1.15026510524828e-26,2.02250372637639,0.404,0.231,1.63590703268411e-22,"4","PLEKHF1"
6.7410724648861e-26,2.45295268833853,0.278,0.113,9.58715325956102e-22,"4","TRGV9"
1.37055148983426e-25,0.763235878941931,0.862,0.848,1.94919832884228e-21,"4","RESF1"
3.63751243555363e-25,1.0416051725165,0.715,0.687,5.17327018584438e-21,"4","RABGAP1L"
3.76100145976774e-25,1.88273868514961,0.368,0.196,5.34889627608168e-21,"4","GLIPR2"
4.06483015612308e-25,1.09533051997942,0.67,0.585,5.78100144803824e-21,"4","GNG2"
4.09541277116828e-25,1.33229819654288,0.577,0.463,5.82449604315553e-21,"4","ARAP2"
6.47754372149647e-25,1.19545306014929,0.625,0.525,9.21236268071227e-21,"4","GLIPR1"
1.87619333683702e-24,0.520269961119523,0.948,0.945,2.66832216364961e-20,"4","RNASEK"
2.61319425611513e-23,1.77435051904222,0.432,0.28,3.71648487104694e-19,"4","ABI3"
3.70660532033081e-23,3.01875378517054,0.252,0.109,5.27153408657447e-19,"4","APOBEC3H"
3.92556073387519e-23,2.51154458529122,0.252,0.107,5.58293247571729e-19,"4","TBX21"
4.54988812945798e-23,2.40571147313653,0.306,0.154,6.47085089771513e-19,"4","GK5"
7.37474681344128e-23,1.34099408270091,0.347,0.169,1.04883649180762e-18,"4","XCL2"
1.24398073144291e-22,1.24610904515426,0.546,0.419,1.7691893962581e-18,"4","RAB27A"
1.91512337735799e-22,1.56091811499554,0.456,0.304,2.72368846727854e-18,"4","SAMSN1"
9.08084861251439e-22,1.46695975501605,0.544,0.444,1.2914782896718e-17,"4","SYNE1"
1.28708086680522e-21,0.895462860392891,0.71,0.585,1.83048640877038e-17,"4","DYNLL1"
2.47072305087083e-21,2.43557091322954,0.311,0.167,3.51386232294849e-17,"4","MXRA7"
3.9527035811702e-21,1.30633720784605,0.565,0.463,5.62153503314025e-17,"4","IDS"
1.29442678870244e-20,0.526502262166864,0.9,0.95,1.84093377889262e-16,"4","CD48"
1.31097071768648e-20,0.773395885641383,0.789,0.801,1.86446255469372e-16,"4","CLEC2B"
2.39114693434792e-20,1.12161948550238,0.423,0.24,3.40068917002961e-16,"4","PTMS"
4.44188087436272e-20,0.886279297480215,0.71,0.706,6.31724297951866e-16,"4","YWHAQ"
6.33589034083861e-20,0.559104040920715,0.838,0.818,9.01090324274067e-16,"4","GSTP1"
7.39724112981957e-20,0.834855364225086,0.551,0.343,1.05203563348294e-15,"4","CXCR3"
1.2554197110845e-19,1.10608338990652,0.575,0.482,1.78545791310438e-15,"4","CFLAR"
1.54649482601869e-19,1.76741065324007,0.352,0.203,2.19942494156379e-15,"4","MIAT"
1.57169502423025e-19,1.0157590662589,0.608,0.504,2.23526466346026e-15,"4","ARPC5L"
1.77492171388877e-19,1.16394749828644,0.582,0.483,2.52429366149261e-15,"4","ANXA5"
6.37052339705785e-19,0.657186670648977,0.798,0.823,9.06015837529568e-15,"4","VAMP2"
8.0019504003547e-19,0.736536123492478,0.751,0.749,1.13803738593845e-14,"4","MAP1LC3B"
2.08823537901682e-18,0.69193343352756,0.758,0.794,2.96988835603772e-14,"4","TMEM50A"
4.83508698802498e-18,0.914469741162964,0.722,0.693,6.87646071436912e-14,"4","CAST"
1.27524024514454e-17,1.12815022174427,0.561,0.467,1.81364667664456e-13,"4","SH2D1A"
1.49123544901849e-17,1.49180957769,0.42,0.288,2.1208350555941e-13,"4","ACTN4"
1.56494229195171e-17,2.52482603117722,0.297,0.165,2.22566092761372e-13,"4","KLRC3"
1.62135241005994e-17,1.86717511794263,0.292,0.158,2.30588739758725e-13,"4","NIBAN1"
3.10192908409793e-17,1.7148801892064,0.39,0.265,4.41156354340408e-13,"4","NFATC2"
8.70124516585103e-17,1.6219185260602,0.375,0.247,1.23749108748733e-12,"4","IFI27L2"
1.54334784387206e-16,0.985347678917495,0.62,0.585,2.19494930355485e-12,"4","GPR174"
1.59195965893127e-16,1.62102931841774,0.373,0.247,2.26408502693206e-12,"4","CAPN2"
1.77552908707619e-16,1.35867963177517,0.463,0.357,2.52515746763976e-12,"4","TMX4"
3.92957576725912e-16,0.854289811451298,0.672,0.668,5.58864265619592e-12,"4","IQGAP1"
3.94374003125927e-16,0.549842802822839,0.86,0.881,5.60878707245693e-12,"4","LCP1"
4.06526149182231e-16,1.51570689763594,0.466,0.366,5.78161489366969e-12,"4","PATL2"
4.30230326819834e-16,0.854168838293385,0.66,0.65,6.11873570803168e-12,"4","SELENOK"
7.58504694527653e-16,2.04128004745485,0.38,0.268,1.07874537655723e-11,"4","STARD3NL"
1.60410498005345e-15,1.12887106682867,0.544,0.441,2.28135810263201e-11,"4","LYST"
2.92554335000214e-15,1.03397499414329,0.572,0.503,4.16070775237304e-11,"4","PLP2"
6.9079549307147e-15,1.51445956767588,0.397,0.277,9.82449350246244e-11,"4","KLRC4"
7.75801017080587e-15,1.17955229319691,0.515,0.43,1.10334420649201e-10,"4","TNFAIP3"
7.81770366192939e-15,1.46167154534547,0.321,0.192,1.1118338147996e-10,"4","MATK"
8.26744051544561e-15,1.03712450299159,0.551,0.485,1.17579539010667e-10,"4","STAT4"
8.65665171739035e-15,2.03464216248621,0.335,0.211,1.23114900724726e-10,"4","KLRC2"
1.01299394536164e-14,0.624345111646088,0.741,0.748,1.44067998909332e-10,"4","RAC1"
1.01425427138935e-14,0.723337921493352,0.717,0.696,1.44247242476993e-10,"4","PRKCH"
3.67825830167749e-14,1.30068253845681,0.325,0.193,5.23121895664573e-10,"4","BHLHE40"
3.71347238663796e-14,1.22483365473671,0.485,0.396,5.2813004282765e-10,"4","SLFN12L"
4.47605732362422e-14,0.648105351443516,0.717,0.715,6.36584872565836e-10,"4","RAP1A"
4.5000508454513e-14,1.15736424051662,0.47,0.349,6.39997231240084e-10,"4","CLIC3"
5.84653748251823e-14,0.733976414172265,0.639,0.561,8.31494560763743e-10,"4","CKLF"
8.3636552132267e-14,0.580108787646488,0.76,0.76,1.1894790444251e-09,"4","CIB1"
1.87051133600392e-13,1.23068394441178,0.425,0.324,2.66024122206478e-09,"4","ATXN1"
1.92305726867987e-13,1.07898276106728,0.337,0.2,2.73497204751651e-09,"4","GZMK"
3.54002725564417e-13,1.53669687344038,0.404,0.311,5.03462676297714e-09,"4","NAA50"
5.29710198512281e-13,0.571401715498828,0.865,0.913,7.53353844324166e-09,"4","CD2"
6.77852252542337e-13,0.702649726097599,0.717,0.752,9.64041473565712e-09,"4","ENSG00000289614"
8.00711108494316e-13,1.93417334660023,0.276,0.167,1.13877133850062e-08,"4","USP28"
1.56844766946436e-12,0.500390896271603,0.803,0.784,2.23064627551221e-08,"4","DEK"
1.99745574304671e-12,0.681043080426001,0.691,0.702,2.84078155776102e-08,"4","RPS27L"
3.29055749824439e-12,0.584139714372444,0.796,0.849,4.67983087400317e-08,"4","KRTCAP2"
3.83847721119601e-12,1.0797936775046,0.508,0.462,5.45908228976297e-08,"4","DHRS7"
3.93252832684504e-12,0.607860635602023,0.641,0.543,5.59284178643902e-08,"4","TXN"
4.81257269514743e-12,0.681296414403306,0.71,0.715,6.84444088703867e-08,"4","EVI2B"
6.0467188576313e-12,0.570517893545258,0.746,0.733,8.59964355932324e-08,"4","TRAC"
1.09130379818367e-11,0.609533931072722,0.762,0.769,1.55205226177682e-07,"4","SYNE2"
1.14187438448788e-11,1.07102264910154,0.437,0.347,1.62397374961867e-07,"4","SLA"
1.56399317354832e-11,1.15797266750656,0.466,0.396,2.22431109142042e-07,"4","MXD4"
1.97592222526006e-11,1.07077808472193,0.596,0.571,2.81015658876486e-07,"4","CLDND1"
2.35038202463288e-11,0.510431983029174,0.815,0.877,3.34271331543289e-07,"4","PAXX"
2.5804421728426e-11,1.3946075704097,0.425,0.353,3.66990485821675e-07,"4","CARD19"
2.81757216001144e-11,0.513035073817608,0.772,0.849,4.00715112596827e-07,"4","TRIR"
3.2500861387367e-11,1.37494960845197,0.447,0.388,4.62227250651133e-07,"4","RASSF1"
3.3061707586246e-11,1.18082822836701,0.432,0.342,4.7020360529159e-07,"4","FLNA"
6.62590162206918e-11,1.06408698126944,0.487,0.427,9.42335728690679e-07,"4","RNF19A"
7.31824014540423e-11,0.720872999109218,0.912,0.943,1.04080011347939e-06,"4","CD74"
2.81948986169232e-10,0.756056283077273,0.622,0.654,4.00987848129882e-06,"4","CYRIB"
4.41980152017247e-10,1.27062056748834,0.416,0.354,6.28584172198929e-06,"4","TSEN54"
4.94962350947371e-10,1.05165129952746,0.487,0.441,7.03935455517351e-06,"4","RUNX3"
5.75451730266644e-10,0.903210946636373,0.606,0.592,8.18407450785221e-06,"4","JUN"
6.89910152117177e-10,2.03853318430345,0.252,0.163,9.81190218341049e-06,"4","PLAAT3"
8.79122602454441e-10,0.858877152496918,0.587,0.565,1.25028816521071e-05,"4","OPTN"
1.13847648546198e-09,0.587508824089852,0.689,0.716,1.61914125762402e-05,"4","NDUFB10"
1.34136886891432e-09,1.03076110017207,0.492,0.476,1.90769480536995e-05,"4","PPP3CC"
1.52374883972999e-09,1.451127521797,0.347,0.27,2.16707559986398e-05,"4","PSTPIP1"
2.33566767071594e-09,0.84596487373786,0.513,0.443,3.32178656129221e-05,"4","ID2"
2.63595812672312e-09,0.753105319371221,0.568,0.532,3.74885964782561e-05,"4","COX17"
2.74935554602635e-09,0.600852266143839,0.651,0.704,3.91013345755867e-05,"4","DYNLRB1"
2.8536038538405e-09,0.908706266755792,0.513,0.469,4.05839540093196e-05,"4","PYCARD"
3.44474186625854e-09,1.14757853749915,0.444,0.393,4.89911188219289e-05,"4","DNAJC1"
3.58955824945253e-09,1.30715181703359,0.361,0.291,5.10506974237138e-05,"4","BATF"
3.62323687809939e-09,0.730804867679535,0.596,0.627,5.15296748803295e-05,"4","ABHD17A"
3.8573365098406e-09,1.22796098970178,0.299,0.201,5.48590398429529e-05,"4","SELENOM"
4.80158337010599e-09,0.75444044065906,0.625,0.672,6.82881186896474e-05,"4","SH3KBP1"
4.88590011788677e-09,0.530940760543454,0.72,0.767,6.94872714765857e-05,"4","SKAP1"
5.43864991262764e-09,1.14206134608901,0.428,0.355,7.73484790573903e-05,"4","UBXN11"
6.1810244382757e-09,0.632023797046888,0.61,0.588,8.7906529561157e-05,"4","NHERF1"
6.34129404480578e-09,0.768649907363132,0.542,0.482,9.01858839052278e-05,"4","JPT1"
6.82824959244101e-09,1.22776268130678,0.406,0.346,9.7111365703696e-05,"4","ATP2B4"
7.53517098206873e-09,0.999690192139088,0.473,0.436,0.000107165201706981,"4","DSTN"
9.68624168250477e-09,1.14779941577603,0.416,0.361,0.000137757729208583,"4","SELENOS"
1.34688512890605e-08,0.709090889808763,0.691,0.731,0.000191554003033019,"4","ARL4C"
1.38869864024962e-08,1.72524181427384,0.268,0.187,0.000197500720616301,"4","GGA2"
1.64910703733068e-08,0.975708411526363,0.48,0.449,0.00023453600284917,"4","IQGAP2"
1.925914223479e-08,0.607748940396011,0.753,0.817,0.000273903520863184,"4","DCXR"
1.98577342906848e-08,0.517319754150354,0.71,0.801,0.000282416697082119,"4","KMT2E"
2.13724871960625e-08,1.03896378922165,0.461,0.428,0.000303959512902401,"4","TPST2"
2.21218936485089e-08,0.872541364507994,0.525,0.52,0.000314617571469093,"4","MGST3"
3.28684794517917e-08,0.637685471907322,0.599,0.631,0.000467455514763381,"4","MTPN"
3.65111508653958e-08,0.943495857530226,0.508,0.489,0.000519261587607659,"4","CDKN2D"
4.10768713269563e-08,0.545266062430798,0.705,0.743,0.000584195264011972,"4","LRRFIP1"
5.14457804484055e-08,1.13419965372892,0.418,0.377,0.000731661889537223,"4","MRPL10"
6.14373803091686e-08,1.19215061145628,0.435,0.413,0.000873762422756996,"4","RNF166"
6.21206870804467e-08,0.560533906669284,0.665,0.71,0.000883480411658113,"4","NCOR1"
8.78667476626509e-08,0.562259170127221,0.658,0.689,0.00124964088525822,"4","SELENOW"
1.12167458014092e-07,0.555685161571341,0.648,0.699,0.00159524558787642,"4","BSG"
1.19143022260453e-07,1.55235544066642,0.295,0.224,0.00169445206258816,"4","HLA-DMA"
2.05651160396536e-07,1.61172190708402,0.287,0.222,0.00292477080315953,"4","SLA2"
2.25038015906116e-07,0.908715672670248,0.439,0.395,0.00320049066221678,"4","APOBEC3C"
2.59684786707987e-07,0.786347251999349,0.461,0.417,0.003693237036561,"4","ITGAL"
3.68551095099506e-07,0.57988930594162,0.67,0.747,0.00524153367450518,"4","ATP6V0C"
4.04738874763746e-07,1.10791190021128,0.42,0.391,0.00575619627688999,"4","EPS15"
5.52670670801584e-07,1.22008705756755,0.356,0.297,0.00786008228014013,"4","ARID5B"
6.17648831924796e-07,0.570080237412272,0.637,0.699,0.00878420168763445,"4","ISCU"
7.56340326500602e-07,1.08192121498589,0.435,0.405,0.0107566721234916,"4","CDC42EP3"
9.03721358191047e-07,1.44207816550311,0.316,0.261,0.0128527251561931,"4","TBC1D2B"
1.0999336966347e-06,0.510977853397919,0.682,0.743,0.0156432570335387,"4","TMBIM4"
1.14738219754733e-06,1.49585608724238,0.304,0.248,0.0163180696135182,"4","TBCD"
1.49233170902042e-06,1.19382253300111,0.392,0.356,0.0212239415656884,"4","CORO1B"
1.94761442407612e-06,1.0192034370533,0.428,0.405,0.0276989723392105,"4","SLC4A7"
2.09147250163848e-06,1.34107928647371,0.302,0.242,0.0297449219183025,"4","CEP78"
2.24695497853582e-06,0.504440173219861,0.546,0.486,0.0319561937047364,"4","PPP1R18"
2.83005925688808e-06,0.677316691212531,0.575,0.601,0.0402491027514623,"4","UTRN"
3.42254356979258e-06,0.585327977089324,0.561,0.602,0.0486754146495901,"4","STUB1"
3.86925185179616e-06,1.11516421230933,0.411,0.392,0.055028499836245,"4","SLAMF6"
5.16778776180715e-06,0.513608669280131,0.629,0.698,0.0734962775484213,"4","PET100"
6.39948163121979e-06,0.647120521211165,0.58,0.634,0.0910134277592078,"4","CCSER2"
6.70075706854144e-06,0.837531139931839,0.485,0.476,0.0952981670287963,"4","BCL7C"
6.7737951550757e-06,0.82011092884669,0.458,0.453,0.0963369146954866,"4","SAT2"
7.08856194666872e-06,0.975632668574711,0.418,0.398,0.100813528005523,"4","CCDC107"
9.09080426001118e-06,0.595262537227121,0.629,0.685,0.129289418185879,"4","ZFP36"
1.01564842421573e-05,0.84196702730249,0.494,0.507,0.144445518891961,"4","MFSD10"
1.04318789446895e-05,1.07291826769737,0.409,0.39,0.148362182351374,"4","MAPK1"
1.05435676422437e-05,0.577095167077059,0.575,0.622,0.14995061900799,"4","PIP4K2A"
1.14232080968988e-05,0.84074810247141,0.371,0.325,0.162460865554095,"4","SP140"
1.55206217928272e-05,0.838423855474647,0.494,0.526,0.220734283137588,"4","C18orf32"
1.77429329620749e-05,1.30922775540763,0.299,0.255,0.252339992586629,"4","RAB9A"
1.78199352673971e-05,1.08822351949824,0.359,0.313,0.253435119372921,"4","SKIL"
2.44566228494257e-05,1.08276829591823,0.378,0.35,0.347822090164532,"4","IL10RA"
2.6967586257378e-05,1.38086078993373,0.28,0.231,0.38353301175243,"4","LPGAT1"
2.8449022991763e-05,1.32102593460256,0.299,0.251,0.404602004988853,"4","UPP1"
3.21123041948286e-05,0.943290143819573,0.435,0.435,0.456701190258853,"4","ARHGAP25"
3.50704737348432e-05,0.671748852780327,0.532,0.585,0.49877227745694,"4","ARF6"
4.84868674709433e-05,1.31889472561363,0.278,0.225,0.689580229171756,"4","ENSG00000267364"
5.43773350284275e-05,0.989792500907109,0.394,0.379,0.773354458774296,"4","RASAL3"
7.82991295192819e-05,0.627746880231348,0.52,0.541,1,"4","IKZF3"
8.5281169659824e-05,0.900527852320154,0.333,0.285,1,"4","TOX"
8.94485629412475e-05,0.790105866151831,0.487,0.516,1,"4","PTPN4"
9.23464027403483e-05,1.15765435267561,0.333,0.306,1,"4","SMIM29"
9.8123223149181e-05,0.715580125966351,0.622,0.696,1,"4","CXCR4"
0.000123446979040139,0.739106934055681,0.47,0.496,1,"4","CCDC88C"
0.000126873464991545,0.578680218508407,0.603,0.67,1,"4","SPCS2"
0.00015442911561747,0.514299044415443,0.596,0.642,1,"4","PPP1R12A"
0.000156189791173428,1.08618842119901,0.257,0.208,1,"4","PAM"
0.000293301336804543,0.681741516889652,0.489,0.523,1,"4","DYNLT1"
0.000308987932295075,0.611258398195398,0.534,0.566,1,"4","MRPL41"
0.000320084180610467,0.702909558693063,0.463,0.442,1,"4","ITM2C"
0.000333012585371065,0.956819430363803,0.378,0.373,1,"4","PICALM"
0.000350075593848338,0.632144550375801,0.501,0.53,1,"4","RNF167"
0.000395371215980521,0.755885188055405,0.451,0.464,1,"4","AKNA"
0.000440707105857759,1.24128941284927,0.278,0.24,1,"4","EIF4EBP1"
0.000455562037433468,0.683682126303842,0.485,0.512,1,"4","OSTF1"
0.000475798017394405,0.512742201814096,0.591,0.633,1,"4","TLN1"
0.000607371089048682,0.534307379247324,0.563,0.631,1,"4","RAB5IF"
0.000645614531998384,1.14922265604024,0.285,0.256,1,"4","PTPRJ"
0.000673502760481554,0.68328732418063,0.468,0.508,1,"4","PTBP3"
0.000775203684517379,1.14412397520905,0.271,0.239,1,"4","GYG1"
0.00093357333907021,0.924372882419073,0.394,0.398,1,"4","TUT7"
0.000983432092880938,0.642721318461064,0.532,0.61,1,"4","CCNDBP1"
0.00105203724467763,0.536564607988198,0.53,0.61,1,"4","CCDC12"
0.00114005814642631,1.40343192104918,0.257,0.23,1,"4","RAPGEF1"
0.00115256319395657,0.552539123678048,0.558,0.607,1,"4","RNF181"
0.00118312289130155,1.16956097715482,0.283,0.254,1,"4","CCPG1"
0.00122287292968497,1.21987197442253,0.304,0.281,1,"4","STK39"
0.00137467182751501,0.596231745132962,0.542,0.602,1,"4","TTC39C"
0.00142174834030383,0.921510278055313,0.309,0.278,1,"4","RUNX1"
0.00150491220414416,0.921538161425412,0.397,0.382,1,"4","ALOX5AP"
0.00154577633065696,0.692914505170244,0.463,0.506,1,"4","FAM50A"
0.00158148158923016,0.727252568825286,0.501,0.566,1,"4","SRPK2"
0.00187713903522829,1.15649930167277,0.273,0.245,1,"4","UBL3"
0.00202176501996483,0.73857289074401,0.449,0.491,1,"4","SSBP4"
0.00215054161551242,0.92065708415326,0.375,0.38,1,"4","NCOA1"
0.00233431140711619,1.10325428595759,0.311,0.298,1,"4","PPP1R16B"
0.0024815247845836,0.887733969874152,0.385,0.403,1,"4","AMZ2"
0.00313236459796059,0.574357201462411,0.492,0.542,1,"4","MIEN1"
0.00407831578998876,0.53541405484919,0.506,0.565,1,"4","METTL23"
0.0040862926830681,0.526015375170241,0.532,0.6,1,"4","CMPK1"
0.00417725906902724,0.574875103074429,0.523,0.573,1,"4","TMEM219"
0.00456211586910406,0.581018885057298,0.494,0.555,1,"4","MAP2K2"
0.00463671178131404,0.502829110120016,0.164,0.254,1,"4","NABP2"
0.00487572266295905,0.757713537566541,0.432,0.461,1,"4","AGTPBP1"
0.00538464742021233,0.849440130012907,0.359,0.362,1,"4","ARFGAP3"
0.00589068949962758,0.846510869114395,0.447,0.492,1,"4","ZBTB7A"
0.00680334004191711,1.19032326946221,0.257,0.237,1,"4","ST8SIA4"
0.0075474226548966,0.64112360373598,0.257,0.214,1,"4","RHOC"
0.00868071658693599,0.546126466269782,0.169,0.254,1,"4","MRE11"
0.00871141394470021,0.580773138840818,0.449,0.487,1,"4","SELENOT"
0.00918305878070477,0.581370958077478,0.454,0.495,1,"4","PRKCB"
0.00976137988907236,0.89556481448298,0.268,0.248,1,"4","IL2RB"
0,7.58084906222967,0.944,0.027,0,"5","TYMS"
0,5.70160795334072,0.944,0.065,0,"5","PCLAF"
0,6.92079721787347,0.873,0.016,0,"5","TK1"
0,5.47004407705103,0.88,0.025,0,"5","CENPW"
0,5.6998489943267,0.873,0.024,0,"5","CENPU"
0,5.69733872645128,0.861,0.024,0,"5","ZWINT"
0,4.36444456214553,0.9,0.064,0,"5","CENPM"
0,6.03889616969527,0.859,0.025,0,"5","CDT1"
0,5.44031890410327,0.883,0.06,0,"5","MKI67"
0,4.14515675754708,0.937,0.12,0,"5","PTTG1"
0,5.79336227546304,0.834,0.018,0,"5","CLSPN"
0,3.96541917424781,0.863,0.054,0,"5","FANCI"
0,5.8398897984217,0.82,0.022,0,"5","ASF1B"
0,6.35683691451669,0.82,0.024,0,"5","NUSAP1"
0,4.11788972375361,0.883,0.088,0,"5","MCM5"
0,6.40871887392331,0.817,0.026,0,"5","TPX2"
0,4.01147257004122,0.861,0.071,0,"5","FEN1"
0,4.50295332477267,0.841,0.053,0,"5","MCM4"
0,6.52810440904809,0.822,0.035,0,"5","TOP2A"
0,8.04439749283887,0.8,0.016,0,"5","RRM2"
0,3.79296575430671,0.844,0.06,0,"5","GMNN"
0,7.30817023704604,0.795,0.011,0,"5","GINS2"
0,4.38687704346872,0.827,0.044,0,"5","BRCA1"
0,3.03817977940691,0.9,0.118,0,"5","MAD2L1"
0,3.38708390104357,0.895,0.114,0,"5","EZH2"
0,2.59186527769293,0.905,0.127,0,"5","SNRNP25"
0,4.99089562945855,0.802,0.026,0,"5","CDKN3"
0,3.57917257155402,0.866,0.091,0,"5","UBE2T"
0,5.14516592559553,0.827,0.052,0,"5","CENPF"
0,3.00505290779671,0.871,0.097,0,"5","ACOT7"
0,6.46773003974001,0.783,0.015,0,"5","CHEK1"
0,6.97744390062646,0.771,0.01,0,"5","MYBL2"
0,4.08915408769185,0.968,0.209,0,"5","FABP5"
0,3.15219665258386,0.91,0.152,0,"5","SMC2"
0,3.68550992532145,0.851,0.093,0,"5","HELLS"
0,3.26822985146678,0.878,0.124,0,"5","ATAD2"
0,3.61636756347551,0.8,0.047,0,"5","CENPN"
0,3.90385038755804,0.912,0.161,0,"5","LGALS1"
0,2.69593584754789,0.829,0.082,0,"5","IFI27L1"
0,4.70212259967936,0.778,0.032,0,"5","MCM2"
0,3.63568571888447,0.8,0.059,0,"5","RBBP8"
0,7.1091443067649,0.744,0.009,0,"5","KNL1"
0,5.23525970135069,0.749,0.014,0,"5","ORC6"
0,5.19737278692537,0.761,0.029,0,"5","E2F1"
0,8.0155231566346,0.734,0.006,0,"5","ASPM"
0,4.99155173422687,0.737,0.017,0,"5","NCAPH"
0,3.28118294240839,0.798,0.079,0,"5","NDFIP2"
0,7.24361473927791,0.722,0.005,0,"5","DTL"
0,3.97071859823155,0.739,0.022,0,"5","GGH"
0,2.80402389027237,0.8,0.086,0,"5","CENPP"
0,7.52567549624681,0.717,0.003,0,"5","CEP55"
0,2.78105459507475,0.807,0.094,0,"5","ATAD5"
0,7.49737763502147,0.72,0.009,0,"5","CCNB2"
0,7.53121787654047,0.715,0.005,0,"5","CCNA2"
0,6.52216610874173,0.722,0.012,0,"5","UHRF1"
0,3.04365293421539,0.778,0.069,0,"5","CCDC34"
0,4.82970683657328,0.729,0.02,0,"5","BUB1"
0,8.98163295538467,0.712,0.007,0,"5","UBE2C"
0,3.70911796659477,0.761,0.058,0,"5","TESC"
0,7.95474966632062,0.71,0.007,0,"5","BIRC5"
0,3.48863026879346,0.744,0.044,0,"5","BRCA2"
0,3.26020733823299,0.739,0.042,0,"5","TIMELESS"
0,4.17544973243885,0.729,0.032,0,"5","CHAF1A"
0,5.43705808888992,0.707,0.011,0,"5","RAD51AP1"
0,2.6273943941125,0.763,0.074,0,"5","NRM"
0,8.20801614032012,0.7,0.011,0,"5","H3C2"
0,5.64880972110818,0.705,0.016,0,"5","HMGB3"
0,4.56864618314704,0.705,0.017,0,"5","TCF19"
0,2.72004409314299,0.754,0.066,0,"5","WDR76"
0,4.60515606836474,0.712,0.026,0,"5","NUF2"
0,7.95791931888996,0.69,0.004,0,"5","CDC45"
0,5.10710582509556,0.702,0.017,0,"5","SGO1"
0,2.66348044810131,0.744,0.064,0,"5","BRI3BP"
0,7.4279081437827,0.683,0.005,0,"5","KIFC1"
0,5.79047641826676,0.698,0.02,0,"5","CENPE"
0,7.61624589098901,0.685,0.008,0,"5","CDC20"
0,3.41991673449824,0.72,0.043,0,"5","DYNC2I2"
0,6.26294383261381,0.685,0.01,0,"5","RAD51"
0,5.76441557424882,0.698,0.024,0,"5","CCNB1"
0,2.65033034746933,0.737,0.063,0,"5","KNTC1"
0,7.02628346246373,0.676,0.006,0,"5","CDK1"
0,4.81021915908631,0.683,0.013,0,"5","OIP5"
0,2.99738802030379,0.737,0.067,0,"5","SGO2"
0,7.92515997547314,0.671,0.002,0,"5","MCM10"
0,6.77896650018709,0.676,0.007,0,"5","CDCA5"
0,3.77691364290618,0.702,0.036,0,"5","CIP2A"
0,2.81304334948223,0.729,0.064,0,"5","DPP3"
0,2.73420100333551,0.724,0.061,0,"5","RFC3"
0,2.85670992663998,0.715,0.052,0,"5","DDX11"
0,5.88476604961255,0.673,0.011,0,"5","KIF15"
0,6.10003959819417,0.678,0.016,0,"5","MND1"
0,5.89446581986487,0.668,0.008,0,"5","DIAPH3"
0,3.3789119439924,0.698,0.042,0,"5","WDHD1"
0,5.93475832510367,0.661,0.009,0,"5","TROAP"
0,2.81001815633538,0.705,0.053,0,"5","FANCD2"
0,2.95736364101487,0.702,0.05,0,"5","NCAPG2"
0,7.17271000374203,0.659,0.008,0,"5","HMMR"
0,3.82246177149148,0.673,0.027,0,"5","CTNNAL1"
0,4.54398573285878,0.688,0.043,0,"5","H2AC12"
0,5.35808600459649,0.659,0.016,0,"5","CDCA8"
0,2.85248080817579,0.688,0.045,0,"5","FANCG"
0,3.63691436801754,0.683,0.043,0,"5","TST"
0,6.35421184973259,0.644,0.008,0,"5","NCAPG"
0,7.02114638768044,0.639,0.004,0,"5","CDC6"
0,4.8286506682004,0.659,0.024,0,"5","PRR11"
0,5.02098937725499,0.649,0.014,0,"5","BRIP1"
0,2.34529516909221,0.693,0.058,0,"5","ZWILCH"
0,4.75510558104865,0.654,0.02,0,"5","KIF11"
0,4.40625952951947,0.646,0.02,0,"5","PRC1"
0,5.27114657547458,0.639,0.016,0,"5","AURKA"
0,7.30464235461975,0.624,0.002,0,"5","SHCBP1"
0,4.30838323077321,0.671,0.052,0,"5","DUSP4"
0,7.26800858206225,0.622,0.004,0,"5","MELK"
0,2.88908259379806,0.676,0.058,0,"5","PARVB"
0,3.89123137332264,0.641,0.024,0,"5","PARPBP"
0,4.79869003355561,0.656,0.04,0,"5","IL2RA"
0,5.55996712542303,0.622,0.008,0,"5","ORC1"
0,3.15319425776546,0.666,0.053,0,"5","GOLIM4"
0,7.05372981750685,0.617,0.004,0,"5","FOXM1"
0,6.00679387865677,0.622,0.01,0,"5","BUB1B"
0,4.32603751020138,0.629,0.018,0,"5","POC1A"
0,10.4795516869978,0.61,0.001,0,"5","PKMYT1"
0,3.95146124632159,0.641,0.033,0,"5","SLC1A4"
0,2.94417617313541,0.641,0.036,0,"5","GEN1"
0,6.98552247819864,0.602,0.003,0,"5","GTSE1"
0,3.76758258319248,0.615,0.024,0,"5","SLC29A1"
0,3.54320334466423,0.62,0.03,0,"5","SLC43A3"
0,4.16684909142799,0.615,0.025,0,"5","C21orf58"
0,2.75162530938418,0.637,0.048,0,"5","UCK2"
0,3.06576565759034,0.632,0.047,0,"5","FANCL"
0,7.39505128927719,0.588,0.004,0,"5","ESCO2"
0,6.26936495636915,0.588,0.005,0,"5","POLQ"
0,3.19222740868636,0.627,0.045,0,"5","SLC1A5"
0,5.01094958967998,0.607,0.026,0,"5","H2AC16"
0,3.66404326623537,0.627,0.048,0,"5","ATP8B4"
0,6.83403462246184,0.588,0.011,0,"5","AURKB"
0,6.86016967712706,0.576,0.004,0,"5","SPC24"
0,5.05058286649737,0.578,0.008,0,"5","DEPDC1B"
0,6.1839281569235,0.576,0.006,0,"5","DSCC1"
0,4.47851596472981,0.578,0.01,0,"5","POLE2"
0,8.47311115272212,0.571,0.004,0,"5","DLGAP5"
0,6.78937543264768,0.571,0.006,0,"5","KIF2C"
0,4.4416735732978,0.578,0.015,0,"5","CHAF1B"
0,3.57187069471008,0.598,0.04,0,"5","SLC27A2"
0,4.29538881027162,0.573,0.017,0,"5","ECT2"
0,3.56918348580172,0.578,0.022,0,"5","DNA2"
0,3.27948467944025,0.593,0.038,0,"5","RACGAP1"
0,7.23176416873983,0.556,0.003,0,"5","CKAP2L"
0,7.71286265451953,0.554,0.003,0,"5","KIF14"
0,6.72841014378234,0.554,0.003,0,"5","SKA3"
0,3.82954671197962,0.566,0.015,0,"5","GINS4"
0,3.36227671485848,0.59,0.04,0,"5","SLCO4A1"
0,5.94741783931256,0.549,0.005,0,"5","TTK"
0,6.13002490710098,0.549,0.005,0,"5","KIF4A"
0,5.16074897972711,0.551,0.008,0,"5","MTFR2"
0,7.30878260195277,0.549,0.008,0,"5","H3C3"
0,8.58826016546997,0.541,0.001,0,"5","SPC25"
0,7.45795363546023,0.537,0.003,0,"5","CDCA2"
0,2.77369201771985,0.566,0.035,0,"5","FANCA"
0,5.25748267136004,0.537,0.008,0,"5","PAQR4"
0,2.99517825647492,0.551,0.024,0,"5","SUV39H2"
0,5.12709031559397,0.529,0.006,0,"5","PLK4"
0,6.58283723818291,0.52,0.005,0,"5","CENPA"
0,5.07626632053967,0.52,0.006,0,"5","GINS1"
0,3.17756949439801,0.529,0.023,0,"5","WEE1"
0,4.94687477819266,0.52,0.015,0,"5","MXD3"
0,2.91329681439613,0.532,0.027,0,"5","MASTL"
0,6.43315751187617,0.507,0.005,0,"5","H3C7"
0,3.54224951059254,0.524,0.023,0,"5","ENSG00000224905"
0,3.8541584967797,0.507,0.012,0,"5","PSMC3IP"
0,6.21689037751972,0.5,0.006,0,"5","NEIL3"
0,3.91048156153808,0.507,0.015,0,"5","ARHGAP11A"
0,8.30489447296834,0.493,0.002,0,"5","CDCA3"
0,3.35224877134223,0.512,0.023,0,"5","NT5DC2"
0,4.5636194814252,0.493,0.008,0,"5","STIL"
0,4.10852664565644,0.51,0.026,0,"5","H2BC9"
0,3.39157394002443,0.507,0.025,0,"5","TUBA1B-AS1"
0,5.30173974873254,0.488,0.006,0,"5","CIT"
0,7.49541500338739,0.48,0.002,0,"5","KIF23"
0,5.77922637232012,0.485,0.012,0,"5","PLK1"
0,6.4854886762475,0.473,0.003,0,"5","ANLN"
0,6.20207615795409,0.471,0.003,0,"5","EXO1"
0,5.51854719055336,0.476,0.009,0,"5","NRGN"
0,5.36210414508135,0.468,0.004,0,"5","RAD54L"
0,5.02951451188819,0.478,0.016,0,"5","CAMK1"
0,4.65327419852689,0.483,0.022,0,"5","H1-1"
0,4.73257474063031,0.468,0.008,0,"5","SPAG5"
0,8.29104876445553,0.459,0.001,0,"5","H3C8"
0,4.48229884485214,0.468,0.01,0,"5","CCNF"
0,4.28651421832301,0.463,0.008,0,"5","TRIP13"
0,3.38036975626169,0.466,0.017,0,"5","CENPO"
0,3.1249430025243,0.466,0.017,0,"5","GINS3"
0,5.86366393291072,0.446,0.003,0,"5","SKA1"
0,9.19437519851396,0.439,0,0,"5","PBK"
0,5.47261423602119,0.444,0.006,0,"5","ARHGEF39"
0,5.00178733443801,0.439,0.006,0,"5","CCNE2"
0,5.09622366696669,0.437,0.007,0,"5","DHCR24"
0,7.40084993804928,0.432,0.002,0,"5","HJURP"
0,5.7827596321031,0.424,0.006,0,"5","H2AC13"
0,4.68568880040499,0.422,0.005,0,"5","XRCC2"
0,6.50962060166842,0.417,0.002,0,"5","CDC25A"
0,4.16397625026224,0.424,0.013,0,"5","CNTLN"
0,4.09064749144608,0.415,0.006,0,"5","EME1"
0,4.67482590087118,0.42,0.012,0,"5","BMAL2"
0,3.36575899225241,0.417,0.011,0,"5","TRAIP"
0,5.5949716400658,0.41,0.004,0,"5","H2AC14"
0,4.71433148455575,0.412,0.006,0,"5","TEDC2"
0,6.07622327667508,0.407,0.004,0,"5","APOBEC3B"
0,6.96391695960717,0.402,0.002,0,"5","E2F2"
0,5.06946573689852,0.405,0.005,0,"5","RECQL4"
0,8.15376211241641,0.398,0.001,0,"5","E2F8"
0,5.47422618438419,0.402,0.005,0,"5","DMC1"
0,6.6379397500765,0.393,0.003,0,"5","MIR924HG"
0,8.47898819487747,0.39,0.001,0,"5","FAM111B"
0,7.16035264811071,0.383,0.001,0,"5","NEK2"
0,5.17810743672983,0.385,0.007,0,"5","TYMSOS"
0,5.98470650683178,0.378,0.002,0,"5","ESPL1"
0,6.31134366054287,0.376,0.001,0,"5","KIF18B"
0,4.95764757484026,0.363,0.003,0,"5","CENPI"
0,7.94118272330289,0.356,0,0,"5","DEPDC1"
0,5.88555938004766,0.354,0.003,0,"5","CDC25C"
0,8.83385223180032,0.339,0,0,"5","E2F7"
0,5.62383402728491,0.341,0.003,0,"5","WDR62"
0,4.55114140589937,0.339,0.003,0,"5","ERCC6L"
0,8.27845065489625,0.32,0,0,"5","KIF20A"
0,6.22403187599723,0.317,0.001,0,"5","HROB"
0,6.38672058835096,0.305,0.001,0,"5","TICRR"
2.22499499366349e-307,2.69422689790797,0.534,0.029,3.16438787998822e-303,"5","ZNF367"
8.23822650718743e-307,3.57178659334468,0.673,0.061,1.1716405738522e-302,"5","CD83"
2.69448726752582e-306,3.81078024442523,0.449,0.018,3.83209979187523e-302,"5","SDC4"
1.40815769232808e-305,4.26894881261662,0.417,0.013,2.00268187002899e-301,"5","FADS2"
1.5594424567417e-305,3.92854595592065,0.39,0.01,2.21783906197805e-301,"5","TONSL"
3.37302065560712e-305,3.68827898219762,0.429,0.015,4.79710997640444e-301,"5","ENSG00000290886"
4.63647742041282e-304,2.41140323690267,0.763,0.077,6.59399818731111e-300,"5","RFC5"
1.33718506684164e-302,2.92324460467437,0.439,0.016,1.90174460206218e-298,"5","SLC25A10"
2.88225154149627e-301,8.71203855986808,0.288,0,4.099138142316e-297,"5","AUNIP"
2.33173853999759e-298,2.66778320327916,0.549,0.034,3.31619855158457e-294,"5","ENSG00000267383"
1.26682716047159e-297,4.66907290149646,0.585,0.046,1.8016815876227e-293,"5","TNFRSF9"
9.56526567962363e-297,2.6041437561819,0.71,0.068,1.36037208495607e-292,"5","TUBG1"
3.03853530970099e-296,2.41141767056852,0.641,0.052,4.32140491745675e-292,"5","CENPJ"
1.27780938492491e-295,3.18481244583297,0.715,0.076,1.8173005072402e-291,"5","MIR4435-2HG"
5.18451788466886e-295,2.4945846248124,0.656,0.056,7.37342133557606e-291,"5","POLA2"
8.79052864591582e-295,6.31895039880903,0.305,0.002,1.25018898402215e-290,"5","FAM72B"
4.8820652039825e-293,2.38024876059298,0.593,0.043,6.94327313310391e-289,"5","POLE"
7.9450269973047e-293,2.62735594313761,0.568,0.039,1.12994173955667e-288,"5","KNSTRN"
1.02857614930414e-292,3.86026059454161,0.8,0.11,1.46284099954035e-288,"5","H2AC11"
1.7027873025032e-292,2.37587467735342,0.707,0.068,2.42170410162005e-288,"5","DSN1"
8.33395305071392e-292,2.44804574798219,0.69,0.065,1.18525480287253e-287,"5","CEP152"
6.65085967195277e-290,3.37317876594238,0.476,0.024,9.45885262545123e-286,"5","ARHGAP11B"
3.16786202558375e-288,2.80142793195172,0.912,0.152,4.50533337278521e-284,"5","NSD2"
1.9356172908242e-287,3.02738729775894,0.568,0.041,2.75283491101017e-283,"5","FAH"
3.80505793444993e-287,3.17648995055523,0.432,0.018,5.41155339437469e-283,"5","ATP2A1-AS1"
1.74352583016964e-286,3.32492942189316,0.639,0.06,2.47964243566726e-282,"5","AFAP1L2"
2.13379107555022e-286,2.80148550396336,0.91,0.154,3.03467766764752e-282,"5","CDK2AP1"
8.96770513840566e-286,2.46366307523185,0.615,0.049,1.27538702478405e-281,"5","DONSON"
9.81490309057603e-286,4.7302412680172,0.893,0.17,1.39587551754172e-281,"5","H1-5"
1.83711310062177e-285,4.09168575738519,0.463,0.024,2.61274225170428e-281,"5","RGS16"
3.45191851248885e-285,2.98120968032531,0.468,0.023,4.90931850846164e-281,"5","KIF18A"
5.29340180777528e-284,3.27657318068143,0.463,0.023,7.528276051018e-280,"5","MAP3K20"
7.88820180878886e-284,4.92101008030372,0.332,0.006,1.12186006124595e-279,"5","KIF24"
3.12396437961851e-283,2.70558360557612,0.883,0.136,4.44290214069344e-279,"5","RRM1"
5.04455464452675e-283,2.81906109245172,0.898,0.148,7.17436561544594e-279,"5","LMNB1"
1.46784931268139e-281,3.10202824684064,0.415,0.016,2.08757529249547e-277,"5","DDIAS"
7.4297702648634e-281,5.34452341478193,0.312,0.004,1.05666192706887e-276,"5","HASPIN"
8.55706958856165e-281,2.55665008049603,0.512,0.031,1.21698643688524e-276,"5","XRCC3"
9.42070893860448e-281,2.80381581558075,0.844,0.129,1.33981322524833e-276,"5","CDCA7"
1.20238063445799e-280,3.23801095968567,0.602,0.053,1.71002573832616e-276,"5","TNFRSF18"
4.28664634220821e-280,2.42113198026836,0.641,0.057,6.09646842788852e-276,"5","TMEM97"
1.0274167031849e-279,3.78504140149374,0.502,0.032,1.46119203526957e-275,"5","VDR"
1.05082560113147e-278,3.18126254925204,0.493,0.029,1.49448416992917e-274,"5","MSH5"
1.55567108304607e-278,2.85933564888332,0.939,0.187,2.21247541430812e-274,"5","CD82"
1.90564336486934e-275,5.66130752435051,0.302,0.004,2.71020599351718e-271,"5","TUBB6"
3.635921275969e-275,2.3167353795084,0.546,0.038,5.17100723868311e-271,"5","ZGRF1"
6.18148145835644e-275,2.43177616201559,0.702,0.074,8.79130293007453e-271,"5","COPRS"
3.5590952168791e-274,3.3798719820618,0.488,0.029,5.06174521744545e-270,"5","H3C11"
5.27930368742747e-274,4.56793030026135,0.344,0.008,7.50822570425935e-270,"5","H2AC4"
7.34580406250361e-274,4.25941193275624,0.317,0.005,1.04472025376926e-269,"5","CCDC150"
9.43552041836868e-273,2.61456901239874,0.876,0.135,1.34191971390039e-268,"5","MTHFD1"
5.59043033085773e-272,2.12809290533589,0.715,0.076,7.95071001654587e-268,"5","ZDHHC12-DT"
8.14940813158854e-272,4.62113411017309,0.339,0.008,1.15900882447452e-267,"5","PIF1"
2.95773259038881e-271,2.98507544804904,0.898,0.152,4.20648729005096e-267,"5","KPNA2"
8.22818115558787e-271,3.16375366792098,0.629,0.062,1.17021192394771e-266,"5","NCF4"
1.18587190179911e-269,3.76317783748351,0.52,0.036,1.6865470187387e-265,"5","H3C10"
4.51039132658485e-269,2.33194088071578,0.776,0.097,6.41467854466898e-265,"5","BARD1"
9.67574163517068e-269,2.53693191653789,0.866,0.135,1.37608397535397e-264,"5","KIF20B"
1.09995976606097e-268,3.62930511218206,0.417,0.019,1.56436277929191e-264,"5","CDKN2A"
1.89334905513438e-266,2.00760753134937,0.693,0.071,2.69272102621211e-262,"5","C9orf40"
3.44179975828206e-266,2.51325419470016,0.685,0.073,4.89492761622874e-262,"5","POLA1"
6.08433678334502e-266,3.03220881261189,0.395,0.015,8.65314377327328e-262,"5","IMPA2"
1.74802174119255e-265,2.96423794792755,0.915,0.193,2.48603652032405e-261,"5","DHFR"
1.8859116982732e-265,2.36221231139007,0.92,0.157,2.68214361728414e-261,"5","RHOC"
2.07564188861707e-265,2.36891671924838,0.7,0.083,2.9519778939912e-261,"5","XCL1"
4.34924797481211e-263,2.88289358225993,0.685,0.077,6.18550046977778e-259,"5","MYB"
1.98373860591203e-262,2.08928562634842,0.712,0.08,2.82127304532809e-258,"5","PXMP2"
4.17178980709615e-260,3.21192336845208,0.544,0.045,5.93311946365214e-256,"5","ENTPD1"
7.07955158348314e-259,2.76213305280594,0.878,0.169,1.00685382620297e-254,"5","MCM6"
4.08337580262582e-258,2.23887287974471,0.88,0.142,5.80737706649445e-254,"5","MPST"
9.57408559655592e-258,2.21738076664911,0.554,0.043,1.36162645354218e-253,"5","MCM8"
1.09835880330968e-257,4.33612593553817,0.437,0.025,1.56208589006702e-253,"5","NPW"
8.1941292201274e-257,2.3543965537288,0.878,0.139,1.16536905768652e-252,"5","CENPH"
1.75322381626848e-255,2.31838464592102,0.59,0.053,2.49343491149703e-251,"5","CENPS"
2.62694581508551e-255,4.0130972325088,0.334,0.009,3.73604233821461e-251,"5","CCDC74A"
4.46042443054282e-255,2.67336305078941,0.517,0.038,6.34361562511799e-251,"5","POLD1"
9.01531406278168e-254,2.35231908489687,0.798,0.113,1.28215796600881e-249,"5","POLD3"
9.73369501495283e-254,2.22369673715883,0.759,0.099,1.38432610502659e-249,"5","NBL1"
8.74320928711549e-253,2.99344197774798,0.498,0.036,1.24345922481356e-248,"5","ALCAM"
2.86556261229008e-252,2.13667847696279,0.505,0.035,4.07540314719896e-248,"5","RAD54B"
4.61804531222496e-251,2.28784487756041,0.849,0.131,6.56778404304634e-247,"5","RNASEH2A"
6.03106609496696e-251,3.29166991022012,0.88,0.167,8.57738220026201e-247,"5","H2AX"
9.22298160814846e-249,2.54990617529477,0.888,0.159,1.31169244431087e-244,"5","NCAPD2"
4.19107079765875e-248,3.88333643453351,0.354,0.013,5.96054088843027e-244,"5","H2AC17"
5.44526797862635e-248,2.62055123247904,0.978,0.28,7.74426011920239e-244,"5","C12orf75"
1.33794985665197e-247,2.45386259158952,0.459,0.028,1.90283228613044e-243,"5","SUV39H1"
1.81560763985129e-246,2.45538040190997,0.841,0.138,2.5821571853965e-242,"5","RFC2"
2.72207700914892e-246,2.78860274128102,0.912,0.198,3.8713379224116e-242,"5","PTMS"
2.89240448095717e-246,2.20298510200773,0.695,0.082,4.11357765281729e-242,"5","EPB41L2"
4.0725197593542e-246,2.61437584020325,0.888,0.171,5.79193760175354e-242,"5","ANXA2"
3.67191057927885e-245,5.54747638066913,0.256,0.002,5.22219122585038e-241,"5","FBXO43"
1.04818860763596e-244,1.81194421464597,0.688,0.079,1.49073383777987e-240,"5","PRADC1"
1.86533606213897e-244,2.2671059875083,0.666,0.076,2.65288094757404e-240,"5","PDLIM7"
9.30880588516275e-244,2.17323113095809,0.798,0.116,1.32389837298785e-239,"5","BLM"
3.09099741330865e-243,3.18786440525034,0.844,0.164,4.39601652120756e-239,"5","LAG3"
3.1595544596398e-243,3.07147449048093,0.546,0.049,4.49351835249972e-239,"5","CCNE1"
2.04444985042901e-242,3.04257164260533,0.505,0.04,2.90761657728014e-238,"5","QPRT"
2.46442518248004e-242,2.81420588518439,0.834,0.141,3.50490549452312e-238,"5","CYTOR"
1.20125883991437e-240,2.31460210766956,0.793,0.119,1.70843032212622e-236,"5","HAVCR2"
8.66540245662723e-240,2.79472536698992,0.471,0.033,1.23239353738152e-235,"5","ADCY3"
2.26100823535003e-238,3.49145202191536,0.329,0.011,3.21560591231481e-234,"5","GNB4"
2.79884098083303e-238,3.25494113701905,0.346,0.013,3.98051164294073e-234,"5","GPSM2"
4.48329394721628e-238,2.38754421833213,0.795,0.121,6.37614065173099e-234,"5","LIG1"
7.17537134028045e-237,2.27763147336363,0.929,0.186,1.02048131201469e-232,"5","DTYMK"
9.01565812941714e-237,3.82673540522005,0.5,0.042,1.28220689916571e-232,"5","CD70"
2.72245468569096e-236,2.68491017309656,0.634,0.073,3.87187505398969e-232,"5","INPP5F"
4.23986784988319e-235,2.1736003810254,0.644,0.076,6.02994005610387e-231,"5","APOBEC3H"
5.78324460038514e-235,2.15156313418555,0.698,0.087,8.22493047066775e-231,"5","CEP128"
5.35058464386288e-234,2.24322377149615,0.715,0.093,7.60960148050178e-230,"5","SAC3D1"
1.63713703324505e-233,1.82109218097933,0.72,0.091,2.32833628868111e-229,"5","RPL39L"
5.64937801984383e-233,2.42475510438568,0.883,0.163,8.03454541982189e-229,"5","CKS1B"
2.03705918709575e-232,2.07529514828083,0.744,0.102,2.89710557588757e-228,"5","CDK2"
1.83846150405816e-231,5.10331305050609,0.261,0.004,2.61465995107151e-227,"5","ZNF730"
2.92545331491045e-231,3.08110979743262,0.451,0.032,4.16057970446565e-227,"5","CTNNA1"
5.44667522500561e-231,1.8439483908499,0.771,0.108,7.74626150500297e-227,"5","KMT5A"
1.7371306856725e-230,2.05129075778043,0.702,0.088,2.47054726116343e-226,"5","MMS22L"
4.34674631075016e-230,4.12200350212434,0.795,0.151,6.18194260314888e-226,"5","GZMB"
5.53552716708767e-229,4.30610135775693,0.263,0.004,7.87262673703209e-225,"5","DERL3"
1.87870063069859e-228,2.45994413101657,0.783,0.132,2.67188803697953e-224,"5","XCL2"
2.99472697121897e-228,2.60167905072311,0.637,0.075,4.25910069846761e-224,"5","PHGDH"
6.0336788434914e-228,1.88083557097556,0.62,0.068,8.58109805121347e-224,"5","LRRCC1"
2.83353083087969e-227,3.39968764897153,0.927,0.293,4.0298475476771e-223,"5","PCNA"
5.45782675362238e-227,2.43742337003878,0.434,0.028,7.76212120900175e-223,"5","ENSG00000227598"
9.90836041345734e-227,2.28696824846337,0.517,0.046,1.4091670180019e-222,"5","CORO1C"
1.19675761041122e-226,1.66823825659409,0.737,0.1,1.70202867352684e-222,"5","ARHGAP18"
2.22689604025075e-226,3.97738836526762,0.3,0.008,3.16709154844462e-222,"5","REXO5"
2.93461876352633e-226,2.06136173293865,0.744,0.104,4.17361480548714e-222,"5","PCK2"
3.76213493238487e-226,2.14172455095647,0.89,0.17,5.35050830083776e-222,"5","SKA2"
3.80929793842514e-226,2.5297780474482,0.417,0.026,5.41758352802823e-222,"5","TMEM237"
1.89116729029413e-225,2.74752657223899,0.841,0.156,2.68961812025631e-221,"5","TNFRSF1B"
3.76487578553145e-225,2.51641969228448,0.405,0.024,5.35440634218282e-221,"5","CHTF18"
2.94470420764487e-224,2.2388146092266,0.468,0.036,4.18795832411253e-220,"5","SCD5"
3.58733813754684e-223,3.65404839125277,0.327,0.012,5.10191229921912e-219,"5","H3C12"
5.37121682598419e-223,4.5948802537058,0.263,0.005,7.63894456991472e-219,"5","FAM83D"
7.44426033060282e-223,2.43764358522975,0.868,0.171,1.05872270421833e-218,"5","TMEM106C"
9.57699595390252e-223,2.51362295923877,0.824,0.15,1.36204036456402e-218,"5","BHLHE40"
1.33913242356916e-222,1.79763184438255,0.722,0.097,1.90451413280006e-218,"5","SHMT1"
3.82967163538107e-222,1.86496409561495,0.527,0.047,5.44655899983896e-218,"5","CHAC2"
8.59037463730729e-222,4.27558839276373,0.344,0.015,1.22172308091784e-217,"5","CD109"
2.5560844960987e-221,2.93012208461772,0.441,0.032,3.63526337035157e-217,"5","INCENP"
3.59017109906387e-221,1.72110899727558,0.678,0.086,5.10594133708863e-217,"5","CGAS"
1.64019542134006e-220,1.91394099863874,0.649,0.079,2.33268592822984e-216,"5","AGFG2"
1.80123889124136e-220,3.85558714923667,0.998,0.629,2.56172195112346e-216,"5","TUBA1B"
2.15633576445974e-220,2.3543688758459,0.998,0.959,3.06674072421465e-216,"5","GAPDH"
4.65649453091454e-220,2.65896586979339,0.854,0.191,6.62246652186665e-216,"5","CAPG"
3.07164800618115e-219,1.7512785790904,0.583,0.061,4.36849779439083e-215,"5","SPINDOC"
1.6378961315548e-218,2.35873806421664,0.493,0.043,2.32941587829724e-214,"5","SPAG1"
2.74132909351004e-218,2.45361382414323,0.393,0.023,3.89871823678998e-214,"5","EFCAB11"
2.0677189171175e-217,3.89485953953703,0.971,0.451,2.94070984392451e-213,"5","HMGB2"
3.77917660740942e-217,1.63139987948736,0.741,0.102,5.37474497105768e-213,"5","MIS18A"
2.54844971596826e-216,2.33047734759199,0.476,0.039,3.62440518605005e-212,"5","PKD2"
3.4325274032486e-216,2.64943463891924,0.466,0.038,4.88174047290015e-212,"5","CBR3"
4.40660959235764e-216,2.59733673780879,0.427,0.03,6.26708016225103e-212,"5","ASRGL1"
5.48275835867094e-216,2.4104654205463,0.939,0.237,7.79757893770181e-212,"5","PHF19"
7.91502439586664e-216,3.69288665025915,0.785,0.152,1.12567476958015e-211,"5","H3C4"
1.30548343563255e-215,1.77364226620368,0.727,0.102,1.85665854215661e-211,"5","ICMT"
1.51378373257737e-215,2.32454716196124,0.783,0.127,2.15290322447154e-211,"5","TFRC"
3.11999644777674e-215,2.07617682725546,0.732,0.105,4.43725894802809e-211,"5","GLA"
1.32795352951435e-214,2.78794207752804,0.934,0.242,1.88861550967531e-210,"5","CKS2"
1.81291663037566e-214,2.11329958430484,0.888,0.176,2.57833003172027e-210,"5","TFDP1"
3.72608452005218e-214,2.96517029929018,0.366,0.02,5.29923740441821e-210,"5","POGLUT2"
4.03781613919644e-214,2.14158443216826,0.505,0.046,5.74258211316518e-210,"5","PDSS1"
6.17095845000972e-214,2.45969165999824,0.449,0.035,8.77633710760382e-210,"5","RDM1"
1.05818916752966e-213,2.72330925640165,0.439,0.033,1.50495663406069e-209,"5","ARG2"
1.10759551175412e-213,3.31706567580728,0.978,0.559,1.57522233681671e-209,"5","STMN1"
1.75914845280636e-213,2.13306844533032,0.571,0.064,2.5018609295812e-209,"5","STX11"
1.64389369085694e-212,3.23758717730851,0.371,0.021,2.33794560713674e-208,"5","FADS1"
2.39162496518491e-212,1.93188033289453,0.817,0.138,3.40136902548599e-208,"5","TEX30"
1.05394321780346e-211,1.99265547650674,0.8,0.132,1.49891804436008e-207,"5","MPP1"
2.68249751746688e-211,2.11443646223873,0.554,0.058,3.8150479693414e-207,"5","THOP1"
9.94990558120952e-211,2.07095234267558,0.922,0.194,1.41507557175962e-206,"5","MYL6B"
2.98847634212736e-210,2.61444173568087,0.898,0.239,4.25021105377353e-206,"5","MCM3"
2.25265498222979e-209,1.56949345439106,0.993,0.942,3.2037259157272e-205,"5","CHCHD2"
2.44232642639227e-209,1.98172930719601,0.498,0.045,3.47347664361509e-205,"5","TMPO-AS1"
3.32626865682075e-209,1.95648289209239,0.771,0.123,4.73061928373047e-205,"5","PCBD1"
1.22816660516754e-208,2.10069125768099,0.859,0.162,1.74669854586927e-204,"5","TTF2"
2.12287817966118e-208,2.20523424405721,0.971,0.384,3.01915734711413e-204,"5","RPA3"
2.89013969798625e-208,2.61368040087086,0.437,0.034,4.11035667847605e-204,"5","ELOVL6"
5.52459547171851e-208,2.08452299530452,0.873,0.173,7.85707967987807e-204,"5","RFC4"
9.73472025873468e-208,1.81831475690654,0.754,0.12,1.38447191519725e-203,"5","PLAAT3"
5.73787241067445e-207,4.33483128405752,0.293,0.01,8.1604021424612e-203,"5","BCAT1"
6.12317029020775e-207,2.46793824180741,0.688,0.103,8.70837278673346e-203,"5","NDC80"
9.42080237590504e-207,2.28826177159936,0.941,0.231,1.33982651390121e-202,"5","SHMT2"
1.03788054679204e-206,1.92232054740819,0.58,0.067,1.47607371364765e-202,"5","MAP3K8"
1.13357478745824e-206,2.33137959333989,0.393,0.025,1.61217006272311e-202,"5","ZNF726"
2.97156757623181e-206,3.33221220952523,0.302,0.011,4.22616340691688e-202,"5","CHRNA5"
1.13058422199457e-205,2.21896995949445,0.388,0.025,1.60791688052067e-201,"5","AFMID"
1.37478792359962e-205,1.78576698255099,0.71,0.1,1.95522338494337e-201,"5","RAD18"
6.16990317323311e-205,2.45730194725054,0.617,0.081,8.77483629297213e-201,"5","IRF4"
1.02574662348702e-204,3.65656497347929,0.283,0.009,1.45881684792324e-200,"5","CDKN1A"
1.10680140898345e-204,1.56130844943959,0.766,0.119,1.57409296385626e-200,"5","GRN"
1.17392915847229e-204,5.14893424267933,0.268,0.007,1.6695620491793e-200,"5","ZBTB32"
3.13786845316611e-204,2.46828921511688,0.385,0.025,4.46267651409284e-200,"5","VANGL1"
5.26557366809346e-204,2.97888781196469,0.439,0.036,7.48869887076252e-200,"5","ASB2"
1.73271232267123e-203,2.16567263418106,0.512,0.052,2.46426346530303e-199,"5","PDE4A"
3.40832211598059e-203,2.54891590532163,0.371,0.022,4.84731571334759e-199,"5","MAST2"
3.91638787608831e-203,1.85940240742922,0.766,0.122,5.56988683737279e-199,"5","HIRIP3"
5.19441631500252e-202,3.24777791569094,0.3,0.012,7.38749888319659e-198,"5","ERI2"
1.35705541303952e-201,2.41987181488557,0.437,0.035,1.93000420842481e-197,"5","FAR2"
2.84336825487874e-201,1.92956962271622,0.424,0.032,4.04383833208854e-197,"5","C4orf46"
5.26421137440935e-201,3.26046308105432,0.383,0.026,7.48676141668497e-197,"5","MYH10"
5.66453998952295e-201,1.94110436715075,0.72,0.11,8.05610877309954e-197,"5","LIMA1"
9.76660736003437e-201,3.3038895691673,0.293,0.011,1.38900689874409e-196,"5","ENSG00000272540"
1.13467495860411e-200,1.83983778876451,0.539,0.057,1.61373472612677e-196,"5","TEDC1"
1.37816144097132e-200,1.84649613685009,0.698,0.102,1.96002120134942e-196,"5","OSBPL3"
6.82297221232135e-200,1.97246709911711,0.637,0.085,9.70363108036342e-196,"5","CLN6"
2.14407089565731e-199,1.85256037778497,0.8,0.138,3.04929762780383e-195,"5","LRR1"
2.97869717630567e-199,2.51083620538263,0.993,0.606,4.23630312414192e-195,"5","PKM"
7.26857947465793e-199,2.70273471206916,0.878,0.2,1.03373737288585e-194,"5","CDK6"
8.28606655220717e-199,1.82142753548395,0.7,0.103,1.1784443850549e-194,"5","TIPIN"
1.63048293824933e-198,1.6859290557298,0.663,0.091,2.3188728347782e-194,"5","RMI1"
1.65023322637988e-198,2.27863932144408,0.832,0.163,2.34696169455746e-194,"5","GALM"
2.5689020260556e-198,2.37112422923721,0.915,0.262,3.65349246145628e-194,"5","SMC4"
2.94607303622733e-198,2.06141106155797,0.68,0.098,4.18990507212251e-194,"5","RFWD3"
4.16890793506402e-198,2.79869918840148,0.276,0.009,5.92902086524805e-194,"5","ANKRD9"
2.16612875865003e-197,2.16825955166878,0.812,0.15,3.08066832055207e-193,"5","MYO1G"
2.22150281408756e-197,1.12386291370384,0.998,0.997,3.15942130219533e-193,"5","PPIA"
5.5049316908656e-197,2.43081525242475,0.844,0.17,7.82911385074906e-193,"5","WARS1"
6.91304670124214e-197,2.03931146524553,0.556,0.064,9.83173501850657e-193,"5","STARD4"
8.2001893885495e-197,1.66946650458805,0.734,0.114,1.16623093483951e-192,"5","BLVRA"
1.47623557803461e-196,2.47352873735874,0.937,0.287,2.09950223908083e-192,"5","TPM4"
1.55086302373413e-196,1.69560094465772,0.998,0.999,2.20563739235468e-192,"5","PFN1"
1.55970530657034e-196,1.67030522900907,0.99,0.834,2.21821288700433e-192,"5","COX8A"
2.39495504510942e-196,2.05307447236606,0.922,0.228,3.40610506515461e-192,"5","CD38"
2.59214650183973e-196,2.23262832813886,0.98,0.43,3.68655075491647e-192,"5","ALYREF"
2.79309288619176e-196,1.57890923752152,0.734,0.114,3.97233670274192e-192,"5","MGME1"
3.56844046755628e-196,1.42676319270293,0.622,0.079,5.07503603295853e-192,"5","WRAP53"
5.24615349691396e-196,1.55840078969877,0.661,0.091,7.46107950331103e-192,"5","WSB2"
5.43342218611818e-196,3.49031703848204,0.273,0.009,7.72741303309728e-192,"5","ENSG00000268119"
1.69687655103409e-195,1.94359304652945,0.502,0.051,2.41329783088068e-191,"5","SYNJ2"
1.8271923993024e-195,2.43709319359847,0.407,0.031,2.59863303028788e-191,"5","LRRC45"
3.36407040535341e-195,1.7818110509768,0.673,0.097,4.78438093049362e-191,"5","LMNB2"
5.17128345680174e-195,2.7299094643652,0.38,0.026,7.35459933226344e-191,"5","H2BC11"
6.95498941358447e-195,3.19688336534112,0.517,0.058,9.89138594399983e-191,"5","H2AC8"
1.07131711378128e-194,1.86336184444986,0.463,0.043,1.52362719921974e-190,"5","NAGA"
1.64691310063264e-194,2.57080875589737,0.559,0.07,2.34223981171975e-190,"5","MT1E"
1.67983405223866e-194,1.87821081572079,0.885,0.188,2.38905998909382e-190,"5","EIF4EBP1"
2.11415557698052e-194,1.81478857073923,0.902,0.19,3.0067520615817e-190,"5","NABP2"
6.33899352762086e-194,1.82202864420699,0.737,0.12,9.01531659498239e-190,"5","NIBAN1"
1.27094383195325e-193,1.84488192184401,0.388,0.027,1.80753631780391e-189,"5","DCLRE1B"
2.09661013244019e-193,4.59529969320344,0.266,0.008,2.98179893035644e-189,"5","DUSP5"
2.67104624492971e-193,1.456020515343,0.741,0.118,3.79876196953903e-189,"5","CTSZ"
5.36931364610254e-193,1.74143841908403,0.856,0.16,7.63623786748703e-189,"5","PRIM2"
1.69605022187885e-192,3.18113769586957,0.285,0.011,2.4121226255561e-188,"5","H2BC13"
1.6971327461569e-192,1.85877914616901,0.859,0.167,2.41366219158434e-188,"5","G6PD"
2.54907269260098e-192,2.0121607602595,0.92,0.223,3.62529118341712e-188,"5","EBP"
2.57388782325083e-192,2.12486595292987,0.583,0.075,3.66058326222733e-188,"5","RAB13"
4.96172972973759e-192,4.07645864535465,0.334,0.019,7.0565720216328e-188,"5","CCDC200"
1.06114685583673e-191,1.74932549638342,0.488,0.048,1.509163058371e-187,"5","RCCD1"
1.59003633010519e-191,2.21955578994716,0.498,0.052,2.2613496686756e-187,"5","FASN"
1.93449435400325e-191,2.51435189543797,0.707,0.121,2.75123787026342e-187,"5","TNIP3"
2.23281050559605e-191,2.96918995845512,0.337,0.019,3.1755031010587e-187,"5","C17orf58"
5.23819372910183e-191,2.05038107918567,0.868,0.183,7.44975912152862e-187,"5","NCAPD3"
6.16152336894694e-191,1.98077475416366,0.556,0.066,8.76291853531634e-187,"5","DOT1L"
8.41947277104955e-191,1.89458007596,0.827,0.161,1.19741741749867e-186,"5","ITGB3BP"
8.64406132404097e-191,2.19312425680227,0.463,0.045,1.22935840150511e-186,"5","SRGAP2"
1.00646651223529e-190,1.9781438947972,0.532,0.06,1.43139667370102e-186,"5","NACC1"
1.58312357822033e-190,1.94462771840634,0.405,0.031,2.25151835294495e-186,"5","ENSG00000291130"
3.62099562278445e-190,1.93496306900576,0.385,0.028,5.14977997472404e-186,"5","KHDC1"
1.02031193340818e-189,1.74388221067703,0.644,0.091,1.45108763169311e-185,"5","BAG2"
5.47930757028603e-189,2.61651351696334,0.446,0.042,7.7926712264608e-185,"5","GRK3"
9.98454726295533e-189,2.21879130108315,0.58,0.076,1.42000231173751e-184,"5","ENSG00000235978"
1.82235754597129e-188,2.0601239958776,0.544,0.065,2.59175690188037e-184,"5","GNGT2"
2.74857852141195e-188,1.76211254512163,0.524,0.058,3.90902837315207e-184,"5","SRR"
5.80880967596098e-188,2.87275444700149,0.988,0.741,8.2612891211517e-184,"5","TUBB"
7.12981415755342e-188,1.60155457564428,0.71,0.112,1.01400216948725e-183,"5","EVA1B"
8.41384485637481e-188,1.98450912768546,0.444,0.04,1.19661701547363e-183,"5","ITPRIPL1"
8.53487427548263e-188,1.88617502636101,0.812,0.151,1.21382981945914e-183,"5","DDB2"
1.03628182614724e-187,1.81449774608802,0.6,0.077,1.47380001314661e-183,"5","SPDL1"
1.32134686576047e-187,2.12905739497044,0.985,0.853,1.87921951248454e-183,"5","H2AZ1"
9.94585113390232e-187,2.67875029713972,0.976,0.538,1.41449894826359e-182,"5","DUT"
1.40120152044441e-186,3.3549207842085,0.351,0.023,1.99278880237605e-182,"5","DIXDC1"
1.63932282814686e-186,2.4733802259317,0.615,0.089,2.33144492619046e-182,"5","FBXO5"
1.92186157123054e-186,1.86303353400817,0.79,0.143,2.73327152660407e-182,"5","CDCA4"
3.83378028721001e-186,1.86363109732166,0.81,0.151,5.45240232447007e-182,"5","RMI2"
3.96761771930758e-186,2.8125847169028,0.598,0.085,5.64274592039924e-182,"5","MIR155HG"
6.19374050868536e-186,1.78775882166575,0.585,0.076,8.80873775145233e-182,"5","TSPAN4"
1.2883873096332e-185,1.4480507587205,0.695,0.106,1.83234443176034e-181,"5","AKIP1"
1.39195487720189e-185,3.62292644194129,0.363,0.026,1.97963822635652e-181,"5","PHLDA1"
4.12193701833106e-185,2.25941559691034,0.463,0.046,5.86221882747044e-181,"5","SESTD1"
1.00586540537827e-184,1.58860750074305,0.851,0.166,1.43054177952897e-180,"5","SNX10"
1.24254282034493e-184,1.71175300111831,0.998,1,1.76714439909456e-180,"5","ACTB"
2.42226771734221e-184,3.18945026670576,0.251,0.008,3.44494914760409e-180,"5","LRRC20"
2.53901827948616e-184,1.88961320673132,0.878,0.199,3.61099179708521e-180,"5","YEATS4"
4.04966069082799e-184,1.86761958209491,0.688,0.105,5.75942743449556e-180,"5","NCAPH2"
4.59204417519381e-184,1.56133140890104,0.812,0.15,6.53080522596064e-180,"5","HNRNPLL"
6.4522022857938e-184,2.18886748451855,0.334,0.02,9.17632209085595e-180,"5","NET1"
6.95089686861967e-184,1.55098157693401,0.878,0.177,9.88556552655089e-180,"5","DOK2"
1.01079718212126e-183,1.85107249753614,0.822,0.16,1.43755575241286e-179,"5","PSMG1"
1.52043329959232e-183,2.3951128692134,0.915,0.297,2.1623602386802e-179,"5","MCM7"
4.81755858278535e-183,1.90493808683178,0.732,0.126,6.85153181643732e-179,"5","SMCO4"
5.16836986027553e-183,2.14620333395658,0.602,0.086,7.35045561528385e-179,"5","LAYN"
6.39458639807121e-183,2.99891909449967,0.478,0.053,9.09438077533688e-179,"5","TIMD4"
1.37517636884141e-182,3.80813965487926,0.276,0.011,1.95577583176625e-178,"5","KCNK5"
1.53819466891817e-182,2.36957110153391,0.376,0.028,2.18762045813543e-178,"5","TOGARAM2"
1.85259821299325e-182,2.04852454752568,0.951,0.276,2.634765178519e-178,"5","CBX5"
2.02104902159943e-182,1.74326135456521,0.9,0.19,2.87433591851871e-178,"5","OXCT1"
2.4673548870527e-182,1.35582201225406,0.698,0.109,3.50907212036635e-178,"5","SAP30"
2.58516775768519e-182,1.31239459083052,0.993,0.99,3.67662558497988e-178,"5","CFL1"
3.94271004336706e-182,1.87733350182607,0.893,0.201,5.60732222367663e-178,"5","ATP1B3"
5.8451342442042e-182,1.56772071062131,0.624,0.087,8.31294992210722e-178,"5","GALE"
7.66173955369485e-182,2.25728842105254,0.963,0.396,1.08965259932648e-177,"5","ANP32E"
1.08398548164164e-181,2.85905101727819,0.315,0.017,1.54164415199074e-177,"5","SPIRE1"
1.69240417168882e-181,1.91004858205574,0.707,0.117,2.40693721297584e-177,"5","DGKH"
2.26502475112541e-181,1.52596629580099,0.988,0.902,3.22131820105056e-177,"5","RAN"
2.78690690899651e-181,1.70742192757907,0.49,0.053,3.96353900597484e-177,"5","TXNDC5"
2.08531388714338e-180,1.48319999416815,0.785,0.138,2.96573341029531e-176,"5","MPDU1"
2.18722583958257e-180,2.01617979537773,0.937,0.249,3.11067258905433e-176,"5","SMS"
2.34747150582091e-180,2.55780380675862,0.334,0.021,3.3385739755785e-176,"5","DBF4B"
2.49673145438544e-180,1.75097775387463,0.485,0.053,3.55085147442698e-176,"5","KIF21A"
3.73728140822375e-180,1.59475052363187,0.99,0.856,5.31516161877581e-176,"5","SLC25A5"
5.51782643188645e-180,2.84336421508121,0.322,0.019,7.84745275142891e-176,"5","GFOD1"
9.58676126618839e-180,1.37890913491838,0.698,0.107,1.36342918727731e-175,"5","HAUS8"
1.48927258217755e-179,2.24054375880396,0.585,0.084,2.11804346637291e-175,"5","SRGAP3"
4.37416162562732e-179,2.78294619958802,0.424,0.04,6.22093266396718e-175,"5","BATF3"
6.89440202456762e-179,1.53284193240114,0.72,0.118,9.80521855934007e-175,"5","GOT1"
8.42849102381068e-179,1.98153714201425,0.951,0.286,1.19869999340635e-174,"5","PTPN7"
1.28808462100541e-178,1.96857608480704,0.446,0.044,1.83191394799389e-174,"5","SLC35F2"
3.10683076832308e-178,1.62427157042569,0.7,0.113,4.41853471870908e-174,"5","ZNF714"
3.65114018566955e-178,2.01906168451032,0.559,0.074,5.19265157205923e-174,"5","IL12RB2"
5.14005437843364e-178,2.97294492138598,0.437,0.043,7.31018533700832e-174,"5","H2BC7"
6.49193333659364e-178,1.97515721283759,0.432,0.042,9.23282759130348e-174,"5","ENSG00000290922"
8.37181324877517e-178,1.90773592466269,0.961,0.305,1.1906392802408e-173,"5","YWHAH"
9.19362182742348e-178,2.13651102467196,0.463,0.049,1.30751689629617e-173,"5","EXTL2"
1.04934683502374e-177,1.95603377003557,0.988,0.512,1.49238106877076e-173,"5","GSTO1"
1.93918218233803e-177,2.42621342472655,0.673,0.121,2.75790489972115e-173,"5","UNG"
2.00584070611554e-177,1.78617261874444,0.993,0.952,2.85270665223752e-173,"5","ACTG1"
2.9106491738779e-177,2.79530060705016,0.329,0.021,4.13952525508915e-173,"5","TGFBR3L"
3.55157205617643e-177,2.36345425325268,0.444,0.045,5.05104577829412e-173,"5","SCD"
4.42694648028495e-177,1.41328440331772,0.49,0.053,6.29600328426125e-173,"5","NUDT15"
5.46287857073133e-177,1.79250459474426,0.451,0.045,7.76930590329409e-173,"5","SPATS2L"
7.42987229201568e-177,1.90250325666666,0.646,0.101,1.05667643737047e-172,"5","MCTP2"
1.57636000758053e-176,1.60415041632464,0.478,0.051,2.24189920278103e-172,"5","KATNB1"
1.63094274339386e-176,1.76076748093045,0.534,0.066,2.31952676965474e-172,"5","GK"
4.39759013981733e-176,2.09202743576056,0.951,0.35,6.25425269684821e-172,"5","CARHSP1"
1.28843230415545e-175,1.80355106754788,0.78,0.15,1.83240842296988e-171,"5","CCDC18"
1.50369488625711e-175,1.37971767548977,0.612,0.087,2.13855486723486e-171,"5","LXN"
2.69823522178705e-175,2.75404716188123,0.31,0.018,3.83743013242554e-171,"5","HPDL"
2.72174840578377e-175,1.70348196186743,0.793,0.151,3.87087058270567e-171,"5","CCDC28B"
3.62423705059287e-175,1.47284486926844,0.99,0.874,5.15438993335318e-171,"5","ATP5MC3"
4.65149713706549e-175,1.50036070869933,0.7,0.114,6.61535922833454e-171,"5","PDXP"
5.26286910657933e-175,1.41046756662816,0.632,0.094,7.48485244337712e-171,"5","ANXA4"
6.94524746832709e-175,2.01260716427039,0.988,0.598,9.87753094945479e-171,"5","PGAM1"
7.68504633430423e-175,1.46470529297568,0.588,0.081,1.09296728966475e-170,"5","OGG1"
8.27032369733691e-175,1.88411762598134,0.866,0.195,1.17620543623526e-170,"5","AHCY"
9.81733529872249e-175,1.84340733609229,0.51,0.06,1.39622142618431e-170,"5","ATAD3A"
1.76733267369525e-174,2.05897815291096,0.973,0.514,2.51350052852938e-170,"5","TXN"
2.58789581027588e-174,1.40126406126188,0.476,0.051,3.68050542137436e-170,"5","FANCB"
2.78816149827618e-174,1.70890704190555,0.498,0.057,3.96532328284838e-170,"5","NUDT8"
2.82828877154659e-174,2.22421758827359,0.99,0.754,4.02239229089356e-170,"5","COTL1"
3.71524364100606e-174,2.06421270920638,0.741,0.138,5.28381950623882e-170,"5","SQLE"
4.2835686205833e-174,1.95584493164873,0.624,0.096,6.09209129219357e-170,"5","CCDC50"
5.40310409744352e-174,2.11363980475581,0.459,0.049,7.68429464738417e-170,"5","GALNT6"
6.38187604385457e-174,1.33496712031346,0.571,0.075,9.07630410956997e-170,"5","CDC7"
1.18605018674425e-173,1.66375037728992,0.893,0.195,1.68680057558767e-169,"5","CSRP1"
1.74139030953166e-173,2.41442654267702,0.593,0.089,2.47660529821592e-169,"5","CTLA4"
2.50595661368948e-173,3.35846218274765,0.3,0.017,3.56397149598918e-169,"5","C3orf14"
3.50997391324764e-173,1.54025332490266,0.668,0.106,4.9918848994208e-169,"5","AGPAT2"
3.62776965359873e-173,1.4166444284674,0.627,0.092,5.15941400134811e-169,"5","PEA15"
4.02937360904937e-173,3.82586445548018,0.339,0.024,5.73057514679002e-169,"5","H4C6"
4.57609389087335e-173,1.72986954784458,0.546,0.071,6.50812073160008e-169,"5","FHOD1"
5.49670062362551e-173,1.93337810748187,0.939,0.267,7.8174076269202e-169,"5","CCDC167"
8.70993173147305e-173,1.75731496071067,0.498,0.058,1.2387264908501e-168,"5","LRP8"
9.36908181390187e-173,2.57577621998754,0.412,0.038,1.33247081557312e-168,"5","SLC7A5"
1.4002408872328e-172,1.47800120287185,0.749,0.133,1.99142258982249e-168,"5","ASL"
1.96646102350744e-172,1.69412540017455,0.58,0.081,2.79670086763228e-168,"5","LIMK1"
2.91581248413831e-172,1.3466175961556,0.661,0.104,4.1468685149415e-168,"5","CTNNBIP1"
3.87659000228609e-172,2.60642016342518,0.424,0.042,5.51328630125128e-168,"5","SERPINE2"
6.80839920403881e-172,2.96853582372228,0.273,0.013,9.682905347984e-168,"5","MESP1"
2.0960569812582e-171,3.64793601366742,0.359,0.029,2.98101223874541e-167,"5","LAIR2"
3.04614644282131e-171,2.0064382960006,0.585,0.086,4.33222947098046e-167,"5","CDKN2C"
9.75558977757428e-171,1.4954498951198,0.651,0.102,1.38743997816661e-166,"5","AP1B1"
1.18921272951424e-170,1.7258851955883,0.88,0.204,1.69129834391515e-166,"5","IFI27L2"
1.76089020387236e-170,4.01142126069676,0.278,0.014,2.50433804794728e-166,"5","ITGA2"
3.03586490366988e-170,1.56453076991314,0.571,0.077,4.3176070659993e-166,"5","APOO"
5.6574254444614e-170,1.44111251126158,0.998,0.922,8.04599046711301e-166,"5","CORO1A"
8.3709890176847e-170,1.49675830895657,0.59,0.083,1.19052205809512e-165,"5","REEP4"
1.80313666450911e-169,1.83576561216839,0.429,0.043,2.56442096426486e-165,"5","KATNAL1"
2.36543830299848e-169,1.67883584556457,0.605,0.09,3.36412635452444e-165,"5","LINC00539"
2.70972156017549e-169,2.00944257042593,0.917,0.275,3.85376600288159e-165,"5","DNAJC9"
2.77730505302015e-169,1.8218784928411,0.637,0.1,3.94988324640526e-165,"5","BCL2L1"
2.87254268252322e-169,1.67745487501693,0.868,0.189,4.08533020308452e-165,"5","HAUS4"
3.12441437151398e-169,1.50158539794089,0.785,0.147,4.44354211916718e-165,"5","HCFC1"
4.61684251297027e-169,1.28903296597288,0.695,0.115,6.56607342194631e-165,"5","DHRS7B"
7.0667164893418e-169,1.90760607370406,0.48,0.056,1.00502841911419e-164,"5","GCNT1"
1.0658369477473e-168,1.6588790748959,0.766,0.146,1.51583330708622e-164,"5","RRBP1"
1.26897347268482e-168,2.28499249147873,0.461,0.052,1.80473407285234e-164,"5","TOX2"
1.82415910823744e-168,1.98404781119801,0.983,0.508,2.59431908373528e-164,"5","RANBP1"
3.62835307621339e-168,1.55845401069381,0.483,0.056,5.16024374499069e-164,"5","CRAT"
8.1317437037445e-168,2.87671439184834,0.261,0.011,1.15649658954654e-163,"5","RIBC2"
8.17855113937392e-168,1.43048125735561,0.712,0.123,1.16315354304176e-163,"5","USB1"
1.23879618843019e-167,1.95865619407718,0.902,0.229,1.76181593918541e-163,"5","ACAT2"
2.75843103335929e-167,1.79868617548882,0.937,0.244,3.92304061564358e-163,"5","BOLA3"
2.76725406287077e-167,1.38019160819421,0.995,0.985,3.9355887282148e-163,"5","HMGB1"
1.26845078334948e-166,1.39252778477482,0.485,0.056,1.80399070407963e-162,"5","FIGNL1"
1.98643951004183e-166,1.70107878747368,0.573,0.083,2.82511427118149e-162,"5","MGST2"
4.62887495766772e-166,1.71679449788656,0.505,0.064,6.58318596479503e-162,"5","MZB1"
4.64655515296944e-166,1.84496615825735,0.473,0.055,6.60833073855314e-162,"5","FDXR"
6.22236999157944e-166,1.97288288723578,0.929,0.255,8.84945460202428e-162,"5","MTHFD2"
6.24099970997561e-166,1.41764117279725,0.51,0.063,8.87594978752731e-162,"5","DARS2"
8.03959270546231e-166,1.51836565280434,0.802,0.157,1.14339087457085e-161,"5","NUP62"
1.42958271327664e-165,1.9163825102362,0.393,0.036,2.03315253482203e-161,"5","FANCC"
1.91486556580627e-165,1.50770857597867,0.563,0.078,2.72332180768968e-161,"5","TMED8"
2.18772492146055e-165,1.44255704733722,0.988,0.731,3.1113823833012e-161,"5","COX5A"
5.42748780844691e-165,1.80632639933023,0.978,0.547,7.7189731611732e-161,"5","SNRPD1"
5.59721970942105e-165,1.59161041951749,0.978,0.7,7.96036587073861e-161,"5","DBI"
7.46885961338761e-165,2.63304928787988,0.41,0.041,1.06222121421599e-160,"5","NTRK1"
1.12434426757867e-164,1.67621631771473,0.737,0.137,1.59904241735039e-160,"5","ATP2A3"
1.19936586759536e-164,1.82115820465405,0.951,0.288,1.70573813689412e-160,"5","NUDT1"
1.66992760863769e-164,1.60702187468792,0.49,0.059,2.37497104500453e-160,"5","OAS3"
2.98114997835352e-164,1.51316342046001,0.822,0.164,4.23979149921438e-160,"5","AGK"
4.81372889888363e-164,1.86709501337953,0.356,0.028,6.8460852399923e-160,"5","FAM161A"
5.42577808572324e-164,1.4456709140429,0.985,0.786,7.71654159351559e-160,"5","SNRPB"
9.2755450239894e-164,1.60194202361292,0.876,0.193,1.31916801331177e-159,"5","NUP37"
1.28673933620129e-163,1.38893858001029,0.483,0.057,1.83000068394547e-159,"5","C11orf24"
2.9077083376327e-163,1.60656011659516,0.71,0.128,4.13534279778122e-159,"5","SLC39A8"
5.29359029281857e-163,1.56745017974078,0.854,0.183,7.52854411444657e-159,"5","MCUR1"
6.19957031053706e-163,2.6217537755483,0.368,0.032,8.81702889564581e-159,"5","NQO1"
6.26079791300179e-163,1.54438544487912,0.829,0.17,8.90410679187114e-159,"5","LRRC59"
1.63028231272137e-162,1.57827279257798,0.6,0.091,2.31858750515234e-158,"5","TRAF4"
1.97867191204519e-162,5.02985317565744,0.317,0.023,2.81406719331066e-158,"5","IFNG"
4.05308540105597e-162,1.42022018647017,0.998,0.876,5.76429805738179e-158,"5","TPI1"
8.33025128173805e-162,2.94335701253631,0.32,0.023,1.18472833728879e-157,"5","HACD1"
9.05489061194866e-162,1.33972361926247,0.498,0.061,1.28778654283134e-157,"5","LIN9"
1.46181677025597e-161,2.40102878850479,0.48,0.061,2.07899581065804e-157,"5","LAPTM4B"
2.46029687287087e-161,2.13670587540359,0.329,0.024,3.49903421259696e-157,"5","ZNF90"
3.32271338229086e-161,2.19835906074605,0.827,0.201,4.72556297229406e-157,"5","KCNQ5"
4.64634909480422e-161,1.43669457420361,0.759,0.142,6.60803768263056e-157,"5","MLH1"
7.40229305770781e-161,3.0106460547762,0.38,0.036,1.0527541186672e-156,"5","PDCD1"
8.37058963694516e-161,1.45927867901196,0.454,0.051,1.19046525816634e-156,"5","MTBP"
1.11077315002198e-160,1.16255795363264,0.632,0.099,1.57974157396125e-156,"5","GMPPB"
1.91234558152563e-160,1.21875315109081,0.749,0.133,2.71973788604575e-156,"5","SASS6"
2.56639174695425e-160,1.36820059497724,0.788,0.16,3.64992234251834e-156,"5","CD58"
2.80278753236846e-160,1.34136526803026,0.744,0.138,3.98612442853443e-156,"5","SPTSSA"
3.49932999185767e-160,1.40750778331979,0.568,0.082,4.97674711441997e-156,"5","RAD51D"
3.56477299786615e-160,2.03389689295386,0.339,0.026,5.06982015756524e-156,"5","DPYSL2"
5.1229479658097e-160,2.59549726935452,0.49,0.066,7.28585659697456e-156,"5","FGFR1"
6.92669176251212e-160,1.49513494515545,0.788,0.159,9.85114102464474e-156,"5","ACAT1"
2.21584697592438e-159,1.7621314931124,0.627,0.104,3.15137756915966e-155,"5","FGGY"
3.86913903882533e-159,1.67017177932224,0.878,0.209,5.50268954101739e-155,"5","BCL2L12"
7.90561508376562e-159,1.29666288347195,0.549,0.077,1.12433657721315e-154,"5","ENSG00000284634"
2.93525722656433e-158,1.53896869058097,0.683,0.122,4.17452282761979e-154,"5","SLAMF1"
5.21665747767819e-158,2.09914199014558,0.359,0.031,7.41913026475392e-154,"5","AIFM2"
6.26172626912763e-158,1.65319859621314,0.837,0.191,8.90542709995332e-154,"5","CD151"
1.08579058424477e-157,1.4345316172868,0.81,0.164,1.54421136891291e-153,"5","RNPEP"
1.41968335925909e-157,1.40680386682908,0.988,0.78,2.01907367353828e-153,"5","SNRPG"
2.72282204275237e-157,1.3390826216406,0.81,0.161,3.87239750920242e-153,"5","DERA"
2.80280554234201e-157,1.11922856365142,0.605,0.093,3.9861500423188e-153,"5","CYB561A3"
3.84162190105847e-157,1.31538392036011,0.607,0.096,5.46355466768535e-153,"5","CEP57L1"
3.87664092086404e-157,1.40208833213726,0.707,0.125,5.51335871765283e-153,"5","CTPS1"
4.40041407653471e-157,1.36267204613471,0.651,0.11,6.25826889964766e-153,"5","PPCDC"
5.32080923395118e-157,2.34258467689575,0.39,0.039,7.56725489252537e-153,"5","TP53I3"
1.12715028169842e-156,1.91399994674174,0.861,0.22,1.6030331306315e-152,"5","KIF22"
1.58813721668703e-156,1.51260135223121,0.783,0.156,2.2586487495723e-152,"5","RANGAP1"
1.93027132191983e-156,1.52728797921179,0.571,0.085,2.74523187403438e-152,"5","ERI1"
2.52500934296515e-156,1.69396352314767,0.929,0.252,3.59106828756503e-152,"5","COMMD4"
4.14005252116183e-156,2.03783568137361,0.441,0.051,5.88798269559635e-152,"5","IL18R1"
4.46527238058961e-156,1.42704822003286,0.854,0.183,6.35051037967454e-152,"5","PMVK"
6.7723897828157e-156,1.28579692574072,0.568,0.083,9.63169274912048e-152,"5","GUCD1"
7.86439267249164e-156,1.26245615201218,0.673,0.117,1.11847392588176e-151,"5","MSRB1"
8.17666609053401e-156,1.35006710554125,0.62,0.1,1.16288545139575e-151,"5","MYO19"
1.22372921841784e-155,1.23380945188345,0.559,0.079,1.74038769443386e-151,"5","CENPQ"
1.26074267927977e-155,1.98625871891439,0.988,0.819,1.79302823847169e-151,"5","HMGN2"
1.6439861589296e-155,1.90112132582456,0.451,0.054,2.33807711522968e-151,"5","GRAMD1B"
2.26679622084581e-155,2.04089469657943,0.395,0.04,3.2238375852869e-151,"5","ENO3"
5.53006330194946e-155,2.48729165198523,0.329,0.026,7.86485602803253e-151,"5","IL9R"
5.98192930571544e-155,2.23544446940793,0.251,0.012,8.50749985858851e-151,"5","OMD"
6.51178998874366e-155,1.29815492795189,0.437,0.049,9.26106772199123e-151,"5","COQ3"
6.87178431383769e-155,3.40566999289194,0.295,0.02,9.77305165113997e-151,"5","CSF1"
9.56814335389212e-155,1.92742794073529,0.705,0.14,1.36078134779054e-150,"5","RFLNB"
9.68902472988508e-155,1.50969187959266,0.878,0.201,1.37797309708426e-150,"5","FH"
1.1268063248602e-154,1.65516161360057,0.632,0.106,1.60254395521617e-150,"5","HYCC1"
1.95379219504324e-154,2.60720556614696,0.337,0.028,2.77868325979049e-150,"5","PRDM1"
4.84606221063684e-154,3.06832815559081,0.363,0.034,6.89206967596772e-150,"5","NAPSA"
5.1980672697419e-154,1.53160115764586,0.627,0.106,7.39269127102693e-150,"5","INPP1"
6.21137858124995e-154,2.21069535626785,0.505,0.072,8.83382261825368e-150,"5","FXYD2"
8.07850246370223e-154,1.53448387058008,0.829,0.183,1.14892462038773e-149,"5","COMTD1"
9.82167344292565e-154,1.86893956330331,0.922,0.281,1.39683839705289e-149,"5","ID3"
1.09073146652581e-153,2.94916462510163,0.317,0.024,1.55123829169301e-149,"5","LINC03062"
1.32923043734251e-153,1.3869422845102,0.763,0.151,1.89043152798851e-149,"5","SCLY"
1.53626162117723e-153,1.25925009758542,0.537,0.075,2.18487127763825e-149,"5","TOE1"
1.7456303635993e-153,2.90316464636038,0.251,0.012,2.48263550311093e-149,"5","SORT1"
1.97414402545342e-153,1.49282549885279,0.737,0.144,2.80762763299986e-149,"5","MAPKAPK3"
2.65564842966511e-153,1.72607025877914,0.902,0.246,3.77686319666972e-149,"5","ACTN4"
2.76058595145771e-153,1.65171894323443,0.98,0.571,3.92610534016315e-149,"5","CALM3"
3.00273495639558e-153,1.36287517428916,0.693,0.125,4.27048965498579e-149,"5","APEX2"
3.77185252378187e-153,1.60348019212426,0.361,0.032,5.36432865932258e-149,"5","EOGT"
7.52016243456929e-153,1.38410764555358,0.807,0.17,1.06951750144445e-148,"5","RBL1"
8.13524878655443e-153,1.37973410630715,0.69,0.126,1.15699508242377e-148,"5","PHTF1"
1.80094681795634e-152,1.85166695197312,0.305,0.021,2.56130656449751e-148,"5","FAAP24"
1.8794980251057e-152,1.68741304880494,0.422,0.047,2.67302209130532e-148,"5","HMGN5"
2.20739497933119e-152,1.54225774537883,0.927,0.241,3.13935713960482e-148,"5","HAUS1"
3.54007202688325e-152,4.07845361987635,0.283,0.018,5.03469043663336e-148,"5","PIP5K1B"
4.34400654364385e-152,1.93924265968497,0.98,0.592,6.17804610637028e-148,"5","HNRNPAB"
2.07183367724558e-151,1.59968708808385,0.976,0.763,2.94656185577866e-147,"5","H2AZ2"
2.36644891598589e-151,3.53284216869911,0.266,0.015,3.36556364831513e-147,"5","RFX8"
3.3232231825214e-151,1.1747481304795,0.995,0.981,4.72628801018194e-147,"5","HNRNPA2B1"
4.05344117294201e-151,1.62957396367419,0.41,0.044,5.76480403615813e-147,"5","L2HGDH"
4.67233246101032e-151,1.80678252788401,0.405,0.043,6.64499122604888e-147,"5","CHEK2"
5.35243610234348e-151,1.31734884479841,0.549,0.082,7.6122346247529e-147,"5","PTPN9"
9.18996404511121e-151,1.6145681808494,0.544,0.082,1.30699668649572e-146,"5","TBX21"
1.80041068963533e-150,1.72692019501479,0.812,0.187,2.56054408279937e-146,"5","ARL3"
2.54632098573649e-150,1.67672344885037,0.956,0.272,3.62137770591444e-146,"5","LIMS1"
3.22279613662191e-150,1.96774991559175,0.322,0.026,4.58346066550368e-146,"5","ST7"
3.43060532353839e-150,1.59732326675551,0.395,0.041,4.8790068911363e-146,"5","CCDC15"
7.23876798273658e-150,1.76140559533814,0.932,0.28,1.0294975825048e-145,"5","SSRP1"
1.24548793624267e-149,1.65647349893537,0.456,0.057,1.77133294292433e-145,"5","LINC00888"
3.59150872447671e-149,1.5061086755534,0.802,0.18,5.10784370795078e-145,"5","HLA-DMA"
4.4350920663982e-149,1.62161345484177,0.693,0.133,6.30758793683152e-145,"5","SLC16A3"
5.23259017242267e-149,1.4027224496899,0.885,0.21,7.44178974321952e-145,"5","HADH"
5.5643155615094e-149,1.84509107775327,0.973,0.445,7.91356959157867e-145,"5","JPT1"
6.22142928293022e-149,1.18906491403279,0.529,0.075,8.84811672618336e-145,"5","TOP3A"
6.48598857734118e-149,0.805774253906898,0.449,0.056,9.22437295469463e-145,"5","IFI30"
6.53863395438959e-149,1.43245018896304,0.427,0.049,9.29924520993287e-145,"5","SLFN13"
6.84225068701925e-149,1.4354191973418,0.507,0.07,9.73104892707878e-145,"5","ABHD5"
9.21791567727334e-149,1.63585280707907,0.763,0.159,1.31097196762181e-144,"5","MAP2K3"
1.02468745707006e-148,1.27334118229653,0.529,0.076,1.45731050144504e-144,"5","HAUS5"
1.57043041390351e-148,1.46518592332374,0.605,0.101,2.23346613465357e-144,"5","GSTZ1"
3.79799464723395e-148,1.13111243965815,0.649,0.111,5.40150798729613e-144,"5","NUP155"
5.31949216393162e-148,1.88668398692176,0.941,0.298,7.56538175554356e-144,"5","FLNA"
5.48385368184524e-148,2.09560191044933,0.934,0.354,7.7991367063203e-144,"5","NME1"
9.46523352257847e-148,1.25739302515443,0.732,0.143,1.34614551158111e-143,"5","CEP295"
1.37161374162106e-147,1.51732290862147,0.815,0.178,1.95070906333348e-143,"5","GOT2"
5.07999279919661e-147,1.28386161512026,0.773,0.16,7.22476575901742e-143,"5","DYNLT2B"
8.66426904513167e-147,2.83181914246189,0.256,0.014,1.23223234359863e-142,"5","H4C9"
9.32226113422803e-147,1.39665602565543,0.605,0.101,1.32581197850991e-142,"5","TIMM8A"
1.38129239618469e-146,1.02885378415311,0.932,0.273,1.96447404585387e-142,"5","NKG7"
1.7291766641154e-146,1.31487999675302,0.727,0.14,2.45923505170492e-142,"5","PPIF"
1.75620946917356e-146,1.43701428124447,0.978,0.8,2.49768110705864e-142,"5","PARK7"
1.95640882638774e-146,1.60792858108692,0.539,0.082,2.78240463288864e-142,"5","SARS2"
2.80370079261355e-146,1.32733624596857,0.741,0.145,3.987423267255e-142,"5","RCC1"
2.93153921382425e-146,1.52366702686976,0.698,0.133,4.16923506990085e-142,"5","RHNO1"
3.16416130386468e-146,1.58565605905374,0.583,0.094,4.50007020635635e-142,"5","ARHGAP19"
3.72256365766703e-146,3.68040330911386,0.273,0.018,5.29423003393405e-142,"5","LINC01480"
3.76953400203218e-146,2.50328150806457,0.31,0.024,5.36103125769016e-142,"5","IGFBP6"
3.88640985733703e-146,3.25926454417944,0.295,0.022,5.52725209910473e-142,"5","CLNK"
5.51252309050808e-146,1.57346503349173,0.476,0.064,7.83991033932059e-142,"5","PCTP"
6.06040491180352e-146,1.57074085133142,0.602,0.103,8.61910786556697e-142,"5","LINC01572"
9.4910987628359e-146,1.30853117436419,0.627,0.107,1.34982406605052e-141,"5","AP2A1"
1.05047349595926e-145,1.68409341756916,0.976,0.541,1.49398340595327e-141,"5","NASP"
1.42615218383699e-145,1.20580816209765,0.5,0.069,2.02827363585297e-141,"5","SLC37A4"
1.49814566016898e-145,1.32883246410112,0.698,0.133,2.13066275789233e-141,"5","HMBS"
1.86121017306975e-145,1.27913306689001,0.485,0.065,2.6470131081398e-141,"5","CENATAC-DT"
3.4134819856419e-145,1.13962084628292,0.998,0.966,4.85465407997992e-141,"5","ARPC2"
6.5768229332382e-145,1.68243909985076,0.966,0.326,9.35355757565137e-141,"5","APOBEC3G"
1.35477610349993e-144,1.44267766206573,0.98,0.768,1.92676257439759e-140,"5","DEK"
1.5082474783846e-144,1.42172266697226,0.995,0.905,2.14502956375858e-140,"5","ENO1"
1.81115467215492e-144,1.73267363688034,0.956,0.44,2.57582417473872e-140,"5","IDH2"
2.84518360228165e-144,1.27695796382662,0.732,0.145,4.04642011916497e-140,"5","NANS"
3.16457276342006e-144,1.61008589031927,0.985,0.587,4.50065538413601e-140,"5","CLIC1"
4.45575682905396e-144,2.37698343628524,0.92,0.337,6.33697736228054e-140,"5","UBE2S"
7.16613707743438e-144,1.73573438763641,0.961,0.35,1.01916801515272e-139,"5","APOBEC3C"
9.81624956043391e-144,1.4847473840091,0.824,0.191,1.39606701248491e-139,"5","GYG1"
1.09800835313346e-143,1.2652930685276,0.993,0.89,1.5615874798264e-139,"5","ARPC1B"
1.93263757680868e-143,1.65716616082513,0.929,0.267,2.74859716173731e-139,"5","MRPL37"
2.28401169118567e-143,2.70495940901876,0.298,0.023,3.24832142720426e-139,"5","CRACR2B"
2.70647561646402e-143,1.27085940128483,0.978,0.774,3.84914962173512e-139,"5","GNG5"
3.07597292162066e-143,1.20080600315594,0.515,0.075,4.37464868912891e-139,"5","SPATA33"
4.03402222876961e-143,1.69688155444076,0.363,0.036,5.73718641375614e-139,"5","RNF135"
4.03729523746773e-143,1.16916568854407,0.776,0.159,5.74184128672661e-139,"5","SLC35B1"
6.66678189891041e-143,1.35570050644918,0.466,0.062,9.48149721663038e-139,"5","SLFN11"
7.5979081057071e-143,1.57069490765227,0.917,0.251,1.08057449079366e-138,"5","PSMD14"
8.3383539158937e-143,1.33596960376548,0.778,0.163,1.1858806939184e-138,"5","AKT1"
1.00589461242029e-142,1.16885744409193,0.49,0.067,1.43058331778414e-138,"5","FANCM"
1.35421189651402e-142,2.69254604653342,0.439,0.058,1.92596015922223e-138,"5","MYO1E"
1.55080265599057e-142,1.27542338409838,0.783,0.167,2.20555153734979e-138,"5","TOR3A"
1.94229087388881e-142,1.5312163174803,0.41,0.047,2.76232608084467e-138,"5","SNX8"
2.25364152921017e-142,1.20696777732735,0.576,0.094,3.2051289828427e-138,"5","ABHD2"
3.58704355657263e-142,1.11072211740422,1,0.988,5.10149334615759e-138,"5","MYL6"
7.00384365867392e-142,3.03921177605303,0.378,0.043,9.96086645136605e-138,"5","BMERB1"
8.49124049823969e-142,1.95873684985336,0.427,0.053,1.20762422365965e-137,"5","MICAL2"
1.070214217283e-141,1.53897337908812,0.373,0.039,1.52205865981988e-137,"5","PKP4"
1.08826698178728e-141,1.12186168310751,0.551,0.085,1.54773330149787e-137,"5","FBXO45"
1.1183198187421e-141,1.63468908064797,0.895,0.242,1.59047444621502e-137,"5","SAE1"
1.39035609281724e-141,1.60866557050699,0.415,0.05,1.97736443520468e-137,"5","MCF2L2"
2.38406925158631e-141,1.44251793396138,0.89,0.223,3.39062328960604e-137,"5","PGD"
2.49149265649671e-141,1.420020053812,0.422,0.051,3.54340085606962e-137,"5","LYN"
4.2243761229522e-141,2.02840512012606,0.302,0.024,6.00790772206263e-137,"5","ST3GAL4"
4.56476858441111e-141,1.43123255025683,0.478,0.066,6.49201388074948e-137,"5","LIMD1"
4.78799270962593e-141,2.02716523797572,0.393,0.045,6.80948323163e-137,"5","NRROS"
5.09772961757785e-141,1.3310635220222,0.851,0.199,7.24999106211922e-137,"5","RDX"
5.35245323705227e-141,1.5274983211667,0.898,0.236,7.61225899373574e-137,"5","VRK1"
8.09693282941321e-141,1.49333788289826,0.366,0.038,1.15154578699915e-136,"5","ENSG00000233461"
1.13401531600489e-140,1.74022169696122,0.815,0.203,1.61279658242216e-136,"5","MSH6"
1.78230312860432e-140,1.40509914146634,0.4,0.046,2.53479150950106e-136,"5","SLC27A3"
2.62531830779143e-140,1.07475678240776,0.69,0.134,3.73372769734097e-136,"5","MXRA7"
2.6768789515294e-140,1.18771356550393,0.529,0.081,3.80705724486511e-136,"5","C9orf64"
2.89833668969375e-140,1.08524329415023,0.5,0.072,4.12201444008246e-136,"5","MPV17L2"
3.16162870438063e-140,0.952920873823361,0.678,0.124,4.49646834337013e-136,"5","NUP205"
4.40110378763187e-140,1.56682898349092,0.634,0.117,6.25924980677004e-136,"5","RGS3"
5.43775122005361e-140,1.49757297463472,0.832,0.199,7.73356978516025e-136,"5","IL2RB"
5.55899379267989e-140,1.69944654161685,0.39,0.044,7.90600097194933e-136,"5","GCAT"
7.03863737020916e-140,1.44240599598503,0.432,0.054,1.00103500679115e-135,"5","C11orf80"
8.09299935665378e-140,1.85422520767787,0.432,0.055,1.1509863685033e-135,"5","IKZF4"
1.01724355673331e-139,1.11825472322429,0.605,0.103,1.44672378638611e-135,"5","FN3KRP"
1.45362035190653e-139,1.99316142347163,0.315,0.027,2.06733886448147e-135,"5","TLCD3A"
1.88450407842194e-139,1.72297285307012,0.3,0.024,2.68014170033168e-135,"5","HES6"
2.2217595691646e-139,1.27025428068532,0.502,0.073,3.1597864592659e-135,"5","TBC1D10B"
4.01527624878687e-139,2.05409414430333,0.273,0.019,5.71052588102469e-135,"5","H4C4"
6.53309952066498e-139,1.53442467388956,0.971,0.521,9.29137413828973e-135,"5","PRDX3"
9.02655329109849e-139,1.49134957036585,0.5,0.073,1.28375640906003e-134,"5","VARS1"
9.29679191368271e-139,0.899747851782844,0.527,0.081,1.32218974596396e-134,"5","TTC38"
1.19950845139529e-138,1.37145163107438,0.48,0.067,1.70594091957438e-134,"5","COQ2"
1.43069829145123e-138,1.98550911372106,0.685,0.143,2.03473911010194e-134,"5","ENSG00000234961"
1.46595508481311e-138,1.34469361945783,0.598,0.103,2.0848813216212e-134,"5","PARP2"
1.61921667594709e-138,1.54351866968824,0.58,0.099,2.30284995653195e-134,"5","MTHFD1L"
3.33070060765106e-138,1.61787722658879,0.417,0.052,4.73692240420133e-134,"5","ADAP1"
6.95468483027345e-138,1.60644153861576,0.978,0.488,9.89095276561489e-134,"5","VDAC1"
9.10744370438078e-138,1.30361329168369,0.722,0.147,1.29526064363703e-133,"5","UBR7"
9.54880700029779e-138,1.33567882293681,0.793,0.174,1.35803133158235e-133,"5","HDGFL2"
1.70280940544305e-137,2.07686605529261,0.354,0.036,2.4217355364211e-133,"5","PYCR1"
2.3077911308254e-137,1.15404793033336,0.7,0.138,3.28214054625988e-133,"5","CDK5"
2.42707933454033e-137,1.26800051299881,0.627,0.112,3.45179222958325e-133,"5","CSTF2"
3.44018729593934e-137,1.00940051350938,0.61,0.106,4.89263437228493e-133,"5","GPN2"
4.15944395542604e-137,1.83068979687588,0.439,0.058,5.91556119340691e-133,"5","SFXN2"
4.6121230789016e-137,1.51715063455027,0.966,0.519,6.55936144281385e-133,"5","SNRPF"
5.03234669003446e-137,1.11629873271575,0.495,0.072,7.15700346256701e-133,"5","FAIM"
6.27487050700026e-137,1.25314147059977,0.732,0.15,8.92412083505577e-133,"5","DPP9"
6.70920472471965e-137,2.91760427522026,0.312,0.028,9.54183095949629e-133,"5","HMOX1"
9.7099712495761e-137,1.2567583553904,0.437,0.056,1.38095211111471e-132,"5","STK3"
1.1629062254958e-136,1.83778637113524,0.868,0.242,1.65388523390013e-132,"5","AHI1"
1.50494494331238e-136,1.445333465162,0.912,0.249,2.14033269837887e-132,"5","RPL26L1"
1.64287084201044e-136,1.79904665928934,0.351,0.036,2.33649091150724e-132,"5","NUDT6"
1.66277185743459e-136,2.78503519817916,0.256,0.017,2.36479413564347e-132,"5","ENSG00000269968"
1.8738217784374e-136,1.86654451430998,0.324,0.03,2.66494933329367e-132,"5","SRGAP2B"
2.57805320480391e-136,1.18305584509482,0.434,0.056,3.66650726787212e-132,"5","GSTCD"
2.75957861874918e-136,1.33927216862351,0.756,0.163,3.92467271158508e-132,"5","ACOT9"
2.83372306151456e-136,1.33526136680678,0.724,0.15,4.030120938086e-132,"5","BTG3"
3.5412908330929e-136,1.18794661981195,0.595,0.102,5.03642382282472e-132,"5","VKORC1L1"
3.82500042682952e-136,1.65786799495978,0.68,0.14,5.43991560703694e-132,"5","BCL2L11"
4.77968491396442e-136,1.86537448279753,0.827,0.216,6.79766788464019e-132,"5","CREM"
5.28274302853236e-136,1.07818907238194,0.524,0.081,7.51311713517872e-132,"5","INTS7"
5.94809987234508e-136,1.44304837989118,0.717,0.152,8.45938763844917e-132,"5","PLIN3"
7.94812419039199e-136,1.92541017614678,0.939,0.343,1.13038222235755e-131,"5","SH2D2A"
8.06111024005774e-136,1.56724824957483,0.412,0.051,1.14645109834101e-131,"5","KCNK6"
8.3405145911618e-136,1.35163341486649,0.659,0.128,1.18618798515503e-131,"5","ANKRD39"
9.11353978390827e-136,1.51682351700446,0.971,0.492,1.29612762806743e-131,"5","MACROH2A1"
1.01082347048269e-135,2.53955396874633,0.907,0.326,1.43759313972048e-131,"5","TUBB4B"
1.19724564268811e-135,1.91535865677584,0.883,0.282,1.70272275303103e-131,"5","CD59"
1.28717402095204e-135,2.09429668884975,0.534,0.095,1.83061889259799e-131,"5","TIGIT"
1.72394410444144e-135,1.69740555713154,0.42,0.053,2.45179330533662e-131,"5","SYNE3"
2.42667819064446e-135,1.06009848198077,0.617,0.111,3.45122172273455e-131,"5","CYSTM1"
3.07503073503184e-135,1.03747235884803,0.632,0.116,4.37330871136228e-131,"5","ATP23"
6.85069100065528e-135,1.59601610541345,0.668,0.136,9.74305274113193e-131,"5","CENPV"
1.10410369493514e-134,1.17837648714169,0.759,0.161,1.57025627493676e-130,"5","TBK1"
1.3043809194294e-134,1.18376660283681,0.72,0.147,1.85509054361249e-130,"5","SGTA"
1.60018110015487e-134,2.64085920315754,0.417,0.054,2.27577756064026e-130,"5","H2AC7"
1.60964013861774e-134,1.44006545657802,0.307,0.026,2.28923020514215e-130,"5","RHEBL1"
2.18315583477468e-134,1.62233040481591,0.432,0.057,3.10488422821655e-130,"5","RTN4IP1"
2.19235030704052e-134,1.76084919853486,0.368,0.041,3.11796060667303e-130,"5","MCOLN2"
2.41078047296203e-134,1.62965987040163,0.444,0.061,3.4286119886466e-130,"5","AKAP5"
2.44179667434027e-134,2.09359226102422,0.368,0.041,3.47272323024674e-130,"5","FASLG"
3.90754141836646e-134,1.71841204348878,0.517,0.084,5.55730540520078e-130,"5","ITGAX"
4.19688846920056e-134,1.97857553535743,0.427,0.057,5.96881478089704e-130,"5","PON2"
5.37476210465845e-134,1.26114764767282,0.634,0.119,7.64398666524525e-130,"5","APOBEC3F"
5.94256264760997e-134,0.932887135902038,0.598,0.104,8.4515125974309e-130,"5","POLH"
6.89266498077764e-134,1.99490650063926,0.395,0.049,9.80274813566196e-130,"5","TSPAN2"
7.50943616944372e-134,1.05670658441587,0.983,0.914,1.06799201201829e-129,"5","COX6A1"
1.11283874971227e-133,1.17381157061151,0.793,0.178,1.58267926984079e-129,"5","GALK1"
1.15126319052803e-133,1.04576341706248,0.683,0.134,1.63732650956896e-129,"5","ZNF85"
2.18132173847135e-133,1.63220611273144,0.676,0.142,3.10227577645395e-129,"5","DBN1"
2.91881497756336e-133,0.911480110966534,0.683,0.134,4.15113866109061e-129,"5","C16orf87"
4.84890661358387e-133,1.35510233973136,0.498,0.076,6.89611498583898e-129,"5","GIT1"
6.53628955816744e-133,1.00904750177334,0.605,0.109,9.29591100962574e-129,"5","SLC25A24"
7.67518638527991e-133,1.3266726351193,0.971,0.698,1.09156500771451e-128,"5","PSMA2"
7.94177821542131e-133,1.09275282031814,0.683,0.135,1.12947969779722e-128,"5","FBXL6"
7.98534133208666e-133,1.24216199307318,0.98,0.744,1.13567524424937e-128,"5","PPP1CA"
1.01134379234314e-132,1.35797881200455,0.641,0.122,1.43833314147041e-128,"5","TRIOBP"
1.86714543549702e-132,1.23447003121318,0.71,0.145,2.65545423836386e-128,"5","TBC1D7"
2.79182988168133e-132,1.63073158735052,0.941,0.355,3.97054045772718e-128,"5","TXNDC17"
3.40932226109484e-132,1.97937614893727,0.366,0.041,4.84873811972909e-128,"5","PRDM8"
3.5573119628327e-132,1.16977303610976,0.824,0.191,5.05920907354067e-128,"5","GSS"
3.93862798675865e-132,1.09898010055105,0.8,0.176,5.60151672276815e-128,"5","PTPA"
4.87085248674122e-132,1.67719243109568,0.683,0.143,6.92732640664336e-128,"5","INPP4B"
6.37764889678675e-132,1.16647826968291,0.678,0.132,9.07029226101012e-128,"5","PI4K2B"
7.89040640766763e-132,1.75969627661684,0.493,0.076,1.12217359929849e-127,"5","GADD45A"
8.23845015950474e-132,0.960796132861692,0.571,0.097,1.17167238168476e-127,"5","CCP110"
8.7069551040934e-132,2.01417091512661,0.324,0.031,1.23830315490416e-127,"5","ZFHX3-AS1"
8.90700010984543e-132,0.978067391173089,0.678,0.131,1.26675355562222e-127,"5","EMC9"
9.5156449719529e-132,1.36521208012207,0.446,0.062,1.35331502791114e-127,"5","SPRYD7"
1.82129323686458e-131,1.68766156099833,0.963,0.437,2.5902432414688e-127,"5","FDPS"
1.83842402678071e-131,1.22262804588286,0.598,0.107,2.61460665088752e-127,"5","CPOX"
1.90280719080476e-131,1.10556028108967,0.563,0.095,2.70617238676253e-127,"5","PGAM5"
2.24884352145505e-131,1.52786050200049,0.332,0.033,3.19830525621337e-127,"5","SLC19A1"
2.51700418835428e-131,1.39165394087922,0.439,0.06,3.57968335667746e-127,"5","ZNF672"
2.76456962691281e-131,1.35279369634228,0.463,0.066,3.9317709233954e-127,"5","SLC25A22"
3.07928149077307e-131,1.32913876280769,0.602,0.11,4.37935413617746e-127,"5","BOP1"
3.20117488882592e-131,1.11253526166592,0.61,0.111,4.55271092688823e-127,"5","LRRC41"
3.78117010322842e-131,1.25951346772585,0.493,0.075,5.37758012081146e-127,"5","LIMK2"
5.95969568962658e-131,1.21348673428944,0.734,0.157,8.47587920978691e-127,"5","PFKL"
7.41924871609958e-131,1.54750159310144,0.968,0.449,1.05516555240368e-126,"5","ANXA5"
7.52161967067741e-131,1.08767579293736,0.568,0.098,1.06972474956374e-126,"5","LRRC42"
7.81453072593704e-131,1.67444361903775,0.322,0.031,1.11138255984277e-126,"5","COA7"
9.75537787891468e-131,2.01336963455617,0.59,0.115,1.38740984193925e-126,"5","MTSS1"
1.23651803543426e-130,1.48602528696099,0.941,0.297,1.7585759499946e-126,"5","SPN"
1.50794272230405e-130,1.25429515322808,0.807,0.188,2.14459613966082e-126,"5","PIGX"
1.5208974159341e-130,1.38502273623222,0.885,0.226,2.16302030494147e-126,"5","RUVBL2"
1.67455962046453e-130,1.32438812170557,0.588,0.105,2.38155869222465e-126,"5","CHP1"
1.69460946348565e-130,1.28744665799094,0.498,0.077,2.4100735789693e-126,"5","ABCB10"
2.20687644179253e-130,1.48971708008088,0.363,0.04,3.13861967551733e-126,"5","RELT"
2.76762842717037e-130,1.41701836732046,0.441,0.061,3.9361211491217e-126,"5","PLAGL2"
2.98696511541495e-130,1.66072740961317,0.444,0.063,4.24806178714315e-126,"5","HEG1"
4.14165742604111e-130,1.10894249410832,0.72,0.151,5.89026519131566e-126,"5","BCKDK"
4.29261337099825e-130,1.16153157442366,0.561,0.097,6.10495473623371e-126,"5","GLMP"
4.70332597248408e-130,1.33315238365547,0.449,0.063,6.68907019806686e-126,"5","UEVLD"
8.55281040679131e-130,1.20095537398518,0.829,0.195,1.21638069605386e-125,"5","ARF3"
1.32474461004689e-129,1.21882060909175,0.834,0.202,1.88405178440869e-125,"5","POP7"
1.60342341286026e-129,1.16750813149915,0.641,0.123,2.28038877776986e-125,"5","MBD3"
1.63960443922713e-129,1.34732994074299,0.888,0.231,2.33184543346883e-125,"5","DCPS"
1.94394335934362e-129,1.00285825433881,0.751,0.162,2.7646762456585e-125,"5","PDZD11"
2.40242156395804e-129,1.55978667224716,0.634,0.127,3.41672394826113e-125,"5","RAB11FIP1"
2.86723515391545e-129,1.30025997162446,0.6,0.111,4.07778183589855e-125,"5","PSAT1"
3.0445900225972e-129,1.26233443668883,0.437,0.06,4.33001593013773e-125,"5","WIPI1"
4.16378123198868e-129,1.29342267997054,0.788,0.182,5.92172966813431e-125,"5","PHTF2"
4.27078696342325e-129,1.11749257602509,0.546,0.092,6.07391321938055e-125,"5","ITPK1"
4.67923462725127e-129,1.48892904216982,0.912,0.279,6.65480748687675e-125,"5","GGCT"
4.89460839059965e-129,1.90646181192504,0.437,0.062,6.96111205311082e-125,"5","GLUL"
4.90510551785302e-129,1.51320311432609,0.861,0.23,6.97604106749057e-125,"5","EBNA1BP2"
4.97166149497202e-129,1.03409071954702,0.715,0.148,7.0706969781492e-125,"5","PGM2"
5.80455898387779e-129,1.11582094619626,0.976,0.846,8.25524378687099e-125,"5","NDUFA4"
8.68555708272052e-129,1.64473538912152,0.924,0.3,1.23525992830451e-124,"5","DCTPP1"
9.93124414971019e-129,2.68724112765173,0.28,0.023,1.41242154297178e-124,"5","ADAM19"
1.33193565231327e-128,1.02052613933376,0.559,0.096,1.89427888471994e-124,"5","RUSC1"
1.72604634333601e-128,1.51314426595379,0.976,0.497,2.45478310949248e-124,"5","COX17"
1.77380627096054e-128,1.27977174394075,0.598,0.111,2.52270727856008e-124,"5","KCTD17"
2.18508647755708e-128,1.3802207818897,0.776,0.181,3.10762998838168e-124,"5","ACSL4"
2.63263094187919e-128,1.53251460744111,0.483,0.076,3.74412772554058e-124,"5","BIVM"
3.15600055777636e-128,1.40667068222559,0.846,0.221,4.48846399326955e-124,"5","PRIM1"
5.17070202027083e-128,1.58037455310851,0.898,0.269,7.35377241322917e-124,"5","TOPBP1"
5.34252576385794e-128,3.40347500521324,0.288,0.025,7.59814014135877e-124,"5","RAMP1"
6.9512385541281e-128,1.41785002290891,0.837,0.208,9.88605147168098e-124,"5","PTPRJ"
8.19385990948244e-128,1.19742401760582,0.917,0.266,1.16533075632659e-123,"5","EFHD2"
8.40572618329657e-128,1.02549357525168,0.515,0.083,1.19546237778844e-123,"5","DVL3"
8.44629772609925e-128,1.03833509369385,0.556,0.096,1.20123246260584e-123,"5","GBA1"
1.28743415232502e-127,0.988519824699246,0.583,0.104,1.83098885143664e-123,"5","NDC1"
1.35468770703434e-127,1.05724820546866,0.602,0.111,1.92663685694424e-123,"5","PELP1"
1.35734750736507e-127,1.58692200476697,0.483,0.075,1.9304196249746e-123,"5","DUSP10"
1.44867774808819e-127,1.27813601769726,0.544,0.093,2.06030949333103e-123,"5","MBOAT7"
1.49200353022727e-127,1.18991818529749,0.688,0.143,2.12192742068923e-123,"5","AHR"
1.97044717701029e-127,1.17296139043735,0.834,0.198,2.80236997514404e-123,"5","AP1S1"
3.70122440237281e-127,1.11077220565407,0.732,0.16,5.26388134505461e-123,"5","ST20"
3.73480816508695e-127,0.977623181379938,0.595,0.107,5.31164417238666e-123,"5","LIN54"
6.00969180313412e-127,1.2120007326417,0.844,0.204,8.54698368241734e-123,"5","CNOT9"
6.74081110908552e-127,1.10538820921951,0.537,0.091,9.58678155934143e-123,"5","APOBEC3D"
6.9406534412119e-127,1.04295179435383,0.517,0.084,9.87099732409156e-123,"5","SLC16A1"
1.01063551880255e-126,1.8412282724678,0.444,0.065,1.43732583484099e-122,"5","GPD2"
1.02733780214359e-126,1.46739926467916,0.932,0.294,1.46107982220861e-122,"5","TPGS2"
1.05253445663189e-126,1.74897878879554,0.334,0.035,1.49691450422188e-122,"5","DCLRE1A"
1.83736867493901e-126,1.06768476306308,0.666,0.135,2.61310572949826e-122,"5","SYT11"
2.28478217413983e-126,1.29434055954965,0.798,0.204,3.24941720806166e-122,"5","HOPX"
3.10206225938347e-126,1.08947101724343,0.68,0.14,4.41175294529518e-122,"5","IER5"
3.31051891789738e-126,1.44558182689363,0.885,0.233,4.70822000503366e-122,"5","SEC14L1"
4.31055502982674e-126,1.29063948791321,0.39,0.049,6.13047136341959e-122,"5","CPEB3"
4.35225720846951e-126,1.87991071072325,0.441,0.065,6.18978020188534e-122,"5","CD72"
4.89078401540767e-126,1.26575785782482,0.354,0.039,6.95567302671279e-122,"5","SGCB"
5.11915500465389e-126,1.25496472167443,0.754,0.168,7.28046224761877e-122,"5","TCOF1"
5.24748284336757e-126,2.14445811439388,0.288,0.025,7.46297009983736e-122,"5","USP49"
6.28933776367222e-126,1.40790274254687,0.622,0.123,8.94469616749463e-122,"5","REC8"
6.54551853498693e-126,1.16491660365276,0.5,0.08,9.30903646045841e-122,"5","FUCA2"
1.27560431125201e-125,1.8983455107589,0.371,0.045,1.81416445146261e-121,"5","GRAMD4"
1.31341800361672e-125,1.20688593240774,0.722,0.159,1.8679430847437e-121,"5","NEDD9"
1.32627864398595e-125,1.17191405976959,0.59,0.109,1.88623348747682e-121,"5","TTLL5"
1.47495806723969e-125,1.02891867752052,0.651,0.128,2.09768536322828e-121,"5","ODF2"
1.63742525499403e-125,1.53819881476139,0.954,0.407,2.32874619765251e-121,"5","IFT25"
2.4604489533107e-125,1.04666894440064,0.773,0.172,3.49925050139848e-121,"5","CPSF3"
2.74822727848922e-125,1.48841428587107,0.351,0.039,3.90852883546737e-121,"5","DHCR7"
3.67232506893496e-125,1.16122736461198,0.439,0.062,5.2227807130393e-121,"5","CEP85"
5.30018456173324e-125,1.09971161558362,0.517,0.085,7.53792248369701e-121,"5","KIF3B"
5.81256853148258e-125,1.14355464443916,0.459,0.068,8.26663496547453e-121,"5","EAF2"
6.59096806127786e-125,0.906273702463557,0.612,0.115,9.37367477674937e-121,"5","PGRMC1"
6.86941301195143e-125,1.19068831217998,0.72,0.155,9.76967918559733e-121,"5","CAPN1"
7.02577323998208e-125,1.24912011915886,0.39,0.049,9.99205470190251e-121,"5","IFT22"
8.68572729436015e-125,1.55278682206293,0.349,0.039,1.2352841358039e-120,"5","SRGAP2C"
8.76971880317863e-125,0.969129861811482,0.654,0.13,1.24722940818807e-120,"5","PPP2R5D"
9.29977136993115e-125,1.40796434801567,0.52,0.089,1.32261348423161e-120,"5","ARHGAP10"
9.61936728887786e-125,1.48781211186384,0.388,0.049,1.36806641582421e-120,"5","FANCE"
9.64427463464263e-125,0.787631502643051,0.71,0.147,1.37160873853888e-120,"5","RNF8"
1.16884910726861e-124,0.951934221165638,0.722,0.153,1.66233720035742e-120,"5","HAUS2"
1.31384340494064e-124,1.71156710015523,0.878,0.294,1.86854809050657e-120,"5","PAICS"
1.34675682682055e-124,3.14039645268063,0.263,0.021,1.91535755910418e-120,"5","F5"
1.35383838008011e-124,1.37459211003133,0.976,0.587,1.92542894414993e-120,"5","TALDO1"
1.41933291915862e-124,1.79185548080619,0.393,0.051,2.01857527762739e-120,"5","CHPF"
1.49133244995253e-124,1.39665598592421,0.466,0.072,2.12097301032249e-120,"5","BAG3"
2.08476566699921e-124,1.18105356447178,0.707,0.149,2.96495373160627e-120,"5","CNP"
2.34121123108681e-124,0.932969926576794,0.476,0.072,3.32967061285166e-120,"5","TAF5"
2.34543986286621e-124,1.20539676925023,0.98,0.697,3.33568457296832e-120,"5","UQCRQ"
2.34698175419447e-124,1.0721570176273,0.978,0.837,3.33787745081538e-120,"5","SLC25A3"
2.78897380248656e-124,1.22718345590073,0.759,0.171,3.96647854189639e-120,"5","IPO9"
3.56321664090989e-124,0.91928511690545,0.588,0.108,5.06760670670205e-120,"5","CEP43"
3.5743233838953e-124,1.37349548851542,0.532,0.091,5.0834027165759e-120,"5","NF2"
4.36692770176192e-124,0.985433430164788,0.639,0.124,6.2106445774458e-120,"5","HSPA14"
4.46088123223203e-124,0.836942091063356,0.661,0.131,6.3442652884804e-120,"5","RAD1"
4.49542380921142e-124,2.60203201625755,0.278,0.024,6.39339174146048e-120,"5","HRH2"
5.8543098990181e-124,1.11406233750837,0.461,0.07,8.32599953838354e-120,"5","MECR"
7.45557405327596e-124,1.37877539778777,0.839,0.22,1.06033174185691e-119,"5","CKAP5"
7.87560038647211e-124,1.20154520867441,0.5,0.082,1.12006788696406e-119,"5","SPATS2"
8.74002718032195e-124,2.49072577236304,0.28,0.024,1.24300666558539e-119,"5","ENSG00000260997"
1.01657685994425e-123,1.19742243765071,0.429,0.064,1.44577561021271e-119,"5","HLA-DRA"
1.1390271917408e-123,1.88865431887039,0.383,0.049,1.61992447209377e-119,"5","ARSB"
1.26454347227953e-123,1.92996622138454,0.905,0.293,1.79843372627595e-119,"5","TUBA1C"
1.27633562055094e-123,1.29351476892489,0.798,0.194,1.81520451954754e-119,"5","TSPAN5"
1.3215455467444e-123,1.2936673752593,0.617,0.12,1.87950207657989e-119,"5","PCBD2"
1.51249767704778e-123,1.30818419243146,0.534,0.092,2.15107419629735e-119,"5","CCDC86"
2.09100925923921e-123,2.45897704627032,0.3,0.029,2.97383336849001e-119,"5","LCT-AS1"
2.16645071966327e-123,1.24305299421698,0.417,0.057,3.0811262135051e-119,"5","BYSL"
3.57056559124765e-123,0.918341227112951,0.666,0.135,5.07805838387241e-119,"5","PPIL1"
3.69963495871873e-123,1.06144954500902,0.99,0.909,5.26162083828978e-119,"5","TPM3"
4.90308117027086e-123,1.34370444060342,0.544,0.097,6.97316204035921e-119,"5","ZMIZ1"
7.89820061775708e-123,1.36598447669429,0.346,0.039,1.12328209185741e-118,"5","RNF26"
7.90716751268292e-123,1.18806814097708,0.578,0.106,1.12455736365376e-118,"5","EDC4"
7.96848322791115e-123,1.56526838664318,0.883,0.284,1.13327768467352e-118,"5","ACAA2"
1.01564240771893e-122,1.09587759061912,0.727,0.161,1.44444663225786e-118,"5","PDXK"
1.10233650275523e-122,1.78105819662887,0.261,0.02,1.56774297421848e-118,"5","MACIR"
1.46644650300365e-122,1.2635565613128,0.841,0.217,2.0855802165718e-118,"5","ECI1"
1.58635981987538e-122,0.99436901643754,0.293,0.027,2.25612093582677e-118,"5","CD68"
1.76583611477292e-122,0.911096984578067,1,0.977,2.51137212243005e-118,"5","YBX1"
2.38307706752361e-122,0.966474836353206,0.7,0.148,3.38921220543207e-118,"5","TAF6"
2.67063494547762e-122,1.12146108146191,0.571,0.105,3.79817701945827e-118,"5","THG1L"
2.86745138763576e-122,1.09499928237407,0.517,0.087,4.07808936349558e-118,"5","TCF3"
3.2899776350714e-122,1.37355329311502,0.315,0.032,4.67900619259854e-118,"5","USP13"
3.87914333140423e-122,1.22555959361915,0.907,0.243,5.5169176459231e-118,"5","MRPL27"
4.43739484698949e-122,1.13244544078094,0.522,0.088,6.31086295138846e-118,"5","SKP2"
4.64357644346138e-122,0.838872453883625,0.461,0.069,6.60409441789078e-118,"5","CCHCR1"
9.71576033708418e-122,1.1955197156882,0.459,0.07,1.38177543514011e-117,"5","C4orf33"
1.54536356586664e-121,0.973693675665872,0.676,0.141,2.19781606337553e-117,"5","PEDS1"
1.61742242977092e-121,0.848332154571499,0.515,0.086,2.3002981796202e-117,"5","ZW10"
2.36790774631383e-121,0.938859917000758,0.5,0.081,3.36763839680753e-117,"5","KIFBP"
3.42918309331294e-121,0.867086961526835,0.585,0.108,4.87698419530966e-117,"5","ILVBL"
4.62752585061244e-121,1.87374212461352,0.354,0.042,6.58126726474101e-117,"5","ZNF282"
4.66459976183572e-121,0.919623892247326,0.666,0.137,6.63399378128276e-117,"5","DCTN5"
5.43410016433919e-121,1.39351720511802,0.849,0.223,7.72837725372319e-117,"5","TOMM40"
6.10043567879948e-121,1.55456427748207,0.395,0.053,8.67603962238862e-117,"5","MFHAS1"
6.28374624331258e-121,2.58584095809857,0.256,0.02,8.93674390723915e-117,"5","COPZ2"
8.05122589012989e-121,1.31658163594709,0.976,0.622,1.14504534609427e-116,"5","POMP"
9.76493738939639e-121,1.51530198053723,0.378,0.048,1.38876939551995e-116,"5","BORA"
1.51488224350593e-120,1.0782881020394,0.471,0.074,2.15446552671414e-116,"5","CASP9"
2.21741216104541e-120,0.930591809096988,0.632,0.125,3.15360357543878e-116,"5","BICD1"
2.3431932321687e-120,0.921683468646432,0.639,0.129,3.33248941479033e-116,"5","SLC25A20"
2.90486134815902e-120,1.3598921821063,0.466,0.074,4.13129380935176e-116,"5","DUS2"
4.9229130398457e-120,1.11041653215414,0.712,0.156,7.00136692526855e-116,"5","PXK"
6.13171885101228e-120,1.27802953665031,0.883,0.264,8.72053054990966e-116,"5","HSPH1"
6.24435286989773e-120,1.50597138528113,0.91,0.312,8.88071865156856e-116,"5","CXCR3"
7.79871664210817e-120,2.33684036398815,0.259,0.021,1.10913348084062e-115,"5","FRMD4B"
7.95254743233179e-120,1.36522451544709,0.973,0.554,1.13101129582623e-115,"5","MRPL51"
8.21813246197226e-120,0.952673262161082,0.673,0.142,1.1687827987417e-115,"5","FAS"
9.37358942072432e-120,1.30003698390156,0.985,0.805,1.33311188741541e-115,"5","GSTP1"
1.68930071920684e-119,2.09036118756793,0.259,0.021,2.40252348285596e-115,"5","PKN3"
2.09879278513565e-119,1.36268211960151,0.851,0.225,2.98490309901992e-115,"5","SH3BP1"
2.18715297280135e-119,1.13073591228024,0.795,0.193,3.11056895791809e-115,"5","GLRX2"
2.97094482504434e-119,0.945892188827099,0.515,0.088,4.22527773017806e-115,"5","DOHH"
3.44900707755498e-119,1.54281137258204,0.366,0.046,4.90517786569869e-115,"5","TTL"
3.4969097581072e-119,1.23569253189009,0.759,0.179,4.97330505798005e-115,"5","MTA2"
3.68445718772944e-119,0.955841695491008,0.376,0.047,5.2400350123888e-115,"5","ZNF519"
3.86112006758171e-119,0.887414440756536,0.588,0.11,5.49128496011471e-115,"5","CCDC138"
4.42220152990366e-119,1.44887580706104,0.954,0.353,6.28925501582898e-115,"5","CMC2"
4.75026889060974e-119,2.36635191415234,0.273,0.024,6.75583241622517e-115,"5","IRF5"
8.79816492425187e-119,1.2657199117006,0.49,0.082,1.2512750155271e-114,"5","CREB3L2"
1.3750502998388e-118,0.735422420489682,0.51,0.086,1.95559653643073e-114,"5","ACER3"
1.41982532410241e-118,1.37400502778237,0.293,0.028,2.01927557593845e-114,"5","ENSG00000291224"
1.50582452944866e-118,1.19986119640389,0.888,0.234,2.14158364578188e-114,"5","MRPL23"
1.51118637057424e-118,0.754451895878042,0.517,0.088,2.14920925623068e-114,"5","DHDDS"
1.74610872317298e-118,2.27398421011674,0.422,0.066,2.48331582609661e-114,"5","C20orf204"
2.2340467383768e-118,1.30638304231647,0.724,0.169,3.17726127131948e-114,"5","BCL2"
2.80458762210502e-118,1.49016284223591,0.966,0.545,3.98868451615776e-114,"5","HMGA1"
3.23309987083813e-118,1.11369315035607,0.773,0.184,4.59811463630599e-114,"5","SCCPDH"
3.27652626757229e-118,1.58124343861926,0.888,0.284,4.65987565774131e-114,"5","DLEU2"
3.34546227073886e-118,1.01087375277159,0.546,0.099,4.7579164414448e-114,"5","SLC25A19"
3.41831448354223e-118,0.826471187985874,0.656,0.135,4.86152685849376e-114,"5","XRCC4"
3.55145135050092e-118,0.9262900962346,0.461,0.072,5.05087411068241e-114,"5","ZNF100"
3.56736030502814e-118,1.03127752765739,0.734,0.165,5.07349982581101e-114,"5","TTC7A"
4.08362390888141e-118,1.01466481083142,0.8,0.192,5.80772992321115e-114,"5","ELP6"
4.22978350983958e-118,0.839055317899991,0.79,0.184,6.01559810769386e-114,"5","DESI2"
7.09598006464651e-118,1.10809143402929,0.771,0.183,1.00919028479403e-113,"5","KHSRP"
7.19415012908834e-118,1.23117692374319,0.383,0.05,1.02315203135894e-113,"5","PFAS"
7.95452843419753e-118,0.894822375538852,0.688,0.146,1.13129303391157e-113,"5","BTBD6"
1.38218098846639e-117,1.24825934745403,0.449,0.07,1.9657378017969e-113,"5","GDAP1"
1.47021086903421e-117,0.996239419922632,0.712,0.158,2.09093389794046e-113,"5","TXLNA"
1.89408792826324e-117,1.24381960569274,0.534,0.095,2.69377185157598e-113,"5","SLC7A1"
2.02435730183754e-117,1.64697601912392,0.944,0.385,2.87904095467335e-113,"5","RAB27A"
2.24486996200605e-117,1.02977368051422,0.512,0.088,3.192654059965e-113,"5","RTTN"
2.95202050917806e-117,1.05697730672524,0.822,0.206,4.19836356815304e-113,"5","ACOT13"
3.59416099822635e-117,0.58045047470798,0.727,0.177,5.11161577167752e-113,"5","KLRC2"
3.60389886407232e-117,2.71571608969507,0.302,0.032,5.12546496448365e-113,"5","LINC01943"
3.78663985609655e-117,1.18109561202911,0.48,0.079,5.38535920334051e-113,"5","SLC35B4"
3.91450824103329e-117,2.84708379896782,0.256,0.021,5.56721362039754e-113,"5","SETBP1"
3.94106119531488e-117,2.51404017221131,0.285,0.028,5.60497723197682e-113,"5","NHS"
4.25454581790913e-117,1.02999721311849,0.493,0.083,6.05081506223037e-113,"5","QSOX1"
4.45586525298377e-117,1.22619505750599,0.993,0.914,6.33713156279351e-113,"5","LDHA"
4.53462588685868e-117,1.4587618440846,0.954,0.399,6.44914493629041e-113,"5","PSMC3"
5.2838300117873e-117,1.17577593923779,0.776,0.186,7.51466304276389e-113,"5","DENND6B"
5.2860341153151e-117,1.33288297146666,0.888,0.25,7.51779771880114e-113,"5","CASP3"
5.64852436026623e-117,1.07669370596242,0.532,0.094,8.03333134517063e-113,"5","HIGD1A"
9.56580842457708e-117,1.00024158742679,0.678,0.146,1.36044927414335e-112,"5","EXOSC2"
1.01920194091887e-116,1.30834973919796,0.456,0.072,1.44950900037482e-112,"5","LETM1"
1.21102434925845e-116,1.60139430445372,0.251,0.02,1.72231882951537e-112,"5","SRXN1"
1.36194054306237e-116,0.990024492222466,0.656,0.138,1.93695184034331e-112,"5","IMPDH1"
1.38546887359626e-116,0.981319590424102,0.612,0.121,1.9704138320286e-112,"5","RPUSD1"
1.46371923046601e-116,0.929563727560451,0.7,0.15,2.08170148956876e-112,"5","NUP93"
1.58216315881815e-116,0.849232073279642,0.551,0.101,2.25015244447118e-112,"5","ENSG00000289047"
1.67326810935796e-116,1.02432131089498,0.434,0.065,2.37972190512889e-112,"5","SLC31A1"
1.72732561605962e-116,1.20424549703695,0.463,0.075,2.45660249115999e-112,"5","XXYLT1"
1.73286255928617e-116,1.53094790794738,0.315,0.034,2.46447713181678e-112,"5","LAMTOR5-AS1"
2.27400809921892e-116,1.10230848216879,0.985,0.785,3.23409431870914e-112,"5","ATP5PF"
2.30425278579069e-116,0.868632857760178,0.644,0.132,3.27710831195152e-112,"5","WDR5"
2.41029778358846e-116,1.97782957522578,0.254,0.021,3.4279255078195e-112,"5","PLOD1"
8.78970112000432e-116,1.37252926654277,0.554,0.106,1.25007129328701e-111,"5","HMGCS1"
9.12319094542157e-116,1.14760833051869,0.5,0.086,1.29750021625786e-111,"5","ABCB8"
9.14107489862267e-116,0.977691704074432,0.712,0.16,1.30004367208212e-111,"5","G6PC3"
1.0063149548569e-115,1.08761448885607,0.79,0.192,1.43118112879748e-111,"5","ERAL1"
1.21058577409231e-115,1.63067475451358,0.48,0.083,1.72169508791408e-111,"5","FURIN"
1.35733408902371e-115,1.0202148743225,0.62,0.126,1.93040054140952e-111,"5","UBL7-DT"
1.51780271813899e-115,1.04373262508786,0.993,0.963,2.15861902573727e-111,"5","HSP90AA1"
1.52683913995505e-115,1.05720808498036,0.649,0.138,2.17147062484407e-111,"5","SEL1L3"
2.32726505563594e-115,1.4447294499264,0.939,0.324,3.30983636212543e-111,"5","MTCH2"
2.49200987238122e-115,0.856662779616397,0.517,0.09,3.54413644050058e-111,"5","PPP2R3B"
2.64228247637497e-115,1.75578530447699,0.271,0.024,3.75785413790048e-111,"5","USP46"
2.83922250400451e-115,1.33892103463066,0.863,0.235,4.03794224519521e-111,"5","RPA1"
3.01800477815966e-115,1.01763360239524,0.693,0.15,4.29220639549867e-111,"5","LMF2"
3.07066050266271e-115,1.22756188510408,0.837,0.217,4.36709336688691e-111,"5","MAGOHB"
3.27222703202017e-115,0.91958253327193,0.49,0.082,4.65376128493909e-111,"5","RNF121"
6.48805392072525e-115,0.855269287484135,0.651,0.135,9.22731028605545e-111,"5","SMPD4"
7.19620870094902e-115,1.22606114717165,0.537,0.1,1.02344480144897e-110,"5","MLLT11"
8.6757294771742e-115,1.05066517402031,0.563,0.109,1.23386224624371e-110,"5","SNTB2"
1.02428642231919e-114,1.06369559436877,0.417,0.061,1.45674014982236e-110,"5","NSDHL"
1.06190899245307e-114,1.19038576504952,0.459,0.074,1.51024696906676e-110,"5","FAHD2B"
1.29179199030971e-114,0.856189766522337,0.729,0.164,1.83718656861847e-110,"5","TRAF7"
1.48796582839772e-114,1.24237679995203,0.859,0.232,2.11618500114724e-110,"5","GPAA1"
1.51928879547409e-114,1.1168060964854,0.476,0.08,2.16073252492325e-110,"5","ENSG00000276256"
1.64355867670212e-114,1.15148227402903,0.495,0.085,2.33746915000576e-110,"5","PHF7"
1.73935951465809e-114,1.00167160849407,0.595,0.118,2.47371710174674e-110,"5","SLC38A5"
2.35544573572943e-114,1.2252754172997,0.373,0.05,3.34991492535439e-110,"5","SLC26A6"
3.07262190541597e-114,0.924457116665242,0.532,0.096,4.3698828738826e-110,"5","ST3GAL3"
3.07814995917121e-114,0.878245167461391,0.522,0.093,4.3777448719333e-110,"5","SAP130"
5.95949454749478e-114,1.56741887919848,0.368,0.049,8.47559314544708e-110,"5","ARHGAP21"
7.51351451015429e-114,1.4082110159172,0.566,0.112,1.06857203363414e-109,"5","SMIM3"
7.59875650567053e-114,0.918549355156713,0.583,0.112,1.08069515023646e-109,"5","JPT2"
7.63704697468928e-114,0.941123070648985,0.798,0.194,1.08614082074031e-109,"5","CHMP1A"
7.74689157278209e-114,1.46522757668459,0.937,0.348,1.10176291948107e-109,"5","HPRT1"
1.25553886136342e-113,0.953304259936825,0.507,0.089,1.78562736863105e-109,"5","ZNF738"
1.27774293176825e-113,0.93021264578988,0.685,0.15,1.8172059975608e-109,"5","EFL1"
1.64148427081453e-113,0.841553071320205,0.517,0.092,2.33451892995243e-109,"5","MED24"
1.95058657961957e-113,0.915503039996109,0.537,0.098,2.77412423353496e-109,"5","AP3M2"
2.48136409871318e-113,0.969615788205695,0.561,0.107,3.52899602118989e-109,"5","ALDH18A1"
2.50326533561583e-113,1.06956974391112,0.559,0.108,3.56014396031283e-109,"5","SKAP2"
2.91288901314489e-113,1.32428617342487,0.846,0.25,4.14271075449467e-109,"5","PHACTR2"
2.98650012393651e-113,1.21279458435466,0.563,0.114,4.2474004762625e-109,"5","ZEB2"
3.3932936748815e-113,1.40488612760725,0.963,0.383,4.82594226441648e-109,"5","NUDT21"
3.39812366676058e-113,1.17864103111385,0.805,0.2,4.83281147886689e-109,"5","DNM1L"
3.75401385113263e-113,0.959776661686167,0.707,0.16,5.33895849908082e-109,"5","DCAF12"
4.19613285077256e-113,1.15941601350758,0.79,0.198,5.96774014036874e-109,"5","ISOC2"
5.11675229821228e-113,0.889968262055687,0.524,0.094,7.2770451185175e-109,"5","NEMP1"
5.13006273932727e-113,1.59691331482038,0.712,0.176,7.29597522787124e-109,"5","NCALD"
6.68349407033321e-113,0.669490818120545,0.512,0.09,9.5052652668279e-109,"5","PUSL1"
7.43757770531489e-113,1.80158887711348,0.315,0.036,1.05777230124988e-108,"5","WHRN"
7.96008580392712e-113,1.29656343132751,0.968,0.455,1.13208340303451e-108,"5","GPI"
8.56543687900396e-113,0.889515679927136,0.761,0.18,1.21817643293194e-108,"5","PIGT"
8.94956714254615e-113,0.954005337399263,0.534,0.099,1.27280743901291e-108,"5","SLC35A4"
9.34690796951161e-113,0.788889599974939,0.605,0.122,1.32931725142394e-108,"5","ZDHHC13"
1.05712167561457e-112,0.808217620440813,0.607,0.123,1.50343844705904e-108,"5","CCDC51"
1.16703103844105e-112,1.49256216597408,0.268,0.024,1.65975154287085e-108,"5","CEP72"
1.2154766588297e-112,1.60539514648978,0.485,0.09,1.7286509041876e-108,"5","GNG8"
1.22449188652576e-112,1.2230913614158,0.456,0.075,1.74147236101694e-108,"5","CLPB"
1.63321293567681e-112,1.8050830062629,0.629,0.146,2.32275543711955e-108,"5","H4C5"
1.63712895357181e-112,1.10413948656231,0.834,0.217,2.32832479776983e-108,"5","DESI1"
1.66188144450284e-112,1.02320964570408,0.659,0.145,2.36352779037194e-108,"5","DHRS4L2"
2.13207664574487e-112,1.40767744125876,0.92,0.303,3.03223940557836e-108,"5","AKR1B1"
2.5106722572088e-112,1.75974858248902,0.434,0.07,3.57067808420236e-108,"5","H2AC15"
2.55101765275865e-112,2.54128861029585,0.256,0.022,3.62805730575334e-108,"5","SLC9A7"
2.59412975262269e-112,1.03335881205163,0.78,0.192,3.68937133417999e-108,"5","RAD51C"
2.5950166400874e-112,1.21767719628627,0.468,0.079,3.69063266553229e-108,"5","ELF4"
3.6060052653002e-112,0.728824999990766,0.676,0.145,5.12846068830994e-108,"5","BUD13"
3.64821312037621e-112,0.878050380038497,0.515,0.092,5.18848869979905e-108,"5","ZBED1"
4.2360316467169e-112,1.52644415228261,0.446,0.073,6.02448420796078e-108,"5","CHST2"
4.62907318852429e-112,1.43004312016228,0.956,0.384,6.58346788871924e-108,"5","DAZAP1"
4.63559048063016e-112,1.57785864472551,0.354,0.046,6.59273678155221e-108,"5","NLRX1"
4.69635594959912e-112,1.04968967450089,0.739,0.177,6.67915743151987e-108,"5","TM7SF3"
5.49220498465315e-112,1.1273925756963,0.339,0.042,7.81101392917371e-108,"5","CMC4"
5.66378467472314e-112,1.1671516531678,0.424,0.065,8.05503456439125e-108,"5","PIEZO1"
6.5578592978857e-112,0.934538338634294,0.727,0.169,9.32658749345304e-108,"5","ACYP1"
6.8176558022627e-112,1.44633010650247,0.946,0.503,9.69607008197801e-108,"5","DNMT1"
7.24877730265461e-112,1.53105417407041,0.941,0.396,1.03092110798354e-107,"5","SMC1A"
9.00468045284331e-112,0.874819655476668,0.549,0.104,1.28064565400338e-107,"5","APLP2"
1.08139892169898e-111,1.572920916881,0.488,0.088,1.53796554644029e-107,"5","SYTL3"
1.12170291763868e-111,1.75935928546027,0.459,0.083,1.59528588946573e-107,"5","KLRC1"
1.22250404507566e-111,1.67433354189347,0.332,0.041,1.73864525290661e-107,"5","SPECC1"
1.57756667720015e-111,0.505079425538799,0.563,0.109,2.24361532831406e-107,"5","HSPA1A"
1.88449623088174e-111,0.839461411376742,0.537,0.1,2.68013053956001e-107,"5","NTAQ1"
2.36880949825095e-111,1.45051420937402,0.295,0.031,3.36892086841251e-107,"5","ADGRG5"
2.46997772600382e-111,0.809888886647442,0.554,0.105,3.51280232192264e-107,"5","GTF2H4"
2.71972438205102e-111,1.88970642394664,0.285,0.029,3.86799201615296e-107,"5","TTYH3"
2.73675119742452e-111,0.528988623365958,0.583,0.113,3.89220755297716e-107,"5","GEMIN2"
3.27235407148126e-111,1.43455479010263,0.361,0.048,4.65394196046065e-107,"5","AACS"
3.41361927927676e-111,0.93535009623035,0.473,0.081,4.85484933898741e-107,"5","GATD1-DT"
3.58315956689285e-111,1.24694731123142,0.961,0.651,5.09596953603501e-107,"5","SNRPE"
3.84676493343044e-111,1.39538111546976,0.949,0.479,5.47086908832477e-107,"5","CD63"
5.6938446974414e-111,0.881318053749924,0.676,0.148,8.09778592870116e-107,"5","NELFB"
6.39927354429435e-111,1.06617742453397,0.98,0.784,9.10104683469543e-107,"5","ERH"
6.52222230265533e-111,1.5095915695046,0.337,0.042,9.27590455883642e-107,"5","ADAM15"
6.53952847629248e-111,1.324359101101,0.917,0.29,9.30051739898316e-107,"5","MYCBP"
6.86837737845646e-111,1.33814756426383,0.424,0.067,9.76820630764078e-107,"5","HILPDA"
7.33089067040025e-111,1.26256527920939,0.966,0.591,1.04259927114432e-106,"5","FKBP1A"
9.9672271728878e-111,1.14410398705628,0.978,0.698,1.4175390485281e-106,"5","SEM1"
1.03432246527821e-110,2.10788606571081,0.285,0.029,1.47101341011867e-106,"5","SUSD1"
1.17801029141422e-110,1.57992188921598,0.256,0.023,1.6753662364493e-106,"5","PHLDB2"
1.1971704147043e-110,0.72282940408286,0.573,0.112,1.70261576379245e-106,"5","EIF4ENIF1"
1.35250809238895e-110,1.38542633802921,0.898,0.299,1.92353700899556e-106,"5","PGP"
1.51005598117346e-110,0.940768043824048,0.632,0.134,2.1476016164249e-106,"5","SLC66A2"
1.51628780102619e-110,1.76805464555008,0.254,0.022,2.15646451061945e-106,"5","ATP1B1"
1.67396306597311e-110,0.709527163600825,0.732,0.166,2.38071027242696e-106,"5","EIF2B2"
2.51004333348124e-110,1.12670205973155,0.334,0.041,3.56978362887702e-106,"5","PERP"
2.74363486592175e-110,1.53605496911207,0.988,0.884,3.90199750631392e-106,"5","VIM"
3.35824502490345e-110,1.63042094075134,0.893,0.302,4.77609607441769e-106,"5","FUT8"
3.52110861625671e-110,1.42365458081306,0.951,0.37,5.00772067404029e-106,"5","MRPL13"
3.6675509681303e-110,1.05802142994868,0.71,0.165,5.21599098687492e-106,"5","RCC1L"
6.13900070499065e-110,1.06879716060876,0.859,0.231,8.7308868026377e-106,"5","SLC25A1"
7.72630456631671e-110,1.06453094568558,0.385,0.055,1.09883503542156e-105,"5","ENDOD1"
8.87076806045697e-110,1.18321745107764,0.405,0.061,1.26160063355819e-105,"5","NEMP2-DT"
9.26399194616639e-110,0.759089447864278,0.668,0.146,1.31752493458378e-105,"5","ABHD12"
1.3475282600939e-109,1.44559962585782,0.968,0.461,1.91645469150555e-105,"5","WDR1"
1.34903852917018e-109,0.972462867118582,0.544,0.104,1.91860259618583e-105,"5","SFMBT1"
1.50190806758665e-109,1.36207808273213,0.402,0.061,2.13601365372173e-105,"5","ARID3A"
1.65897547687748e-109,1.15460887677234,0.978,0.673,2.35939492321516e-105,"5","PSMA4"
1.75142895016748e-109,0.812060166578497,0.583,0.116,2.49088225292819e-105,"5","THOC5"
2.17776836112372e-109,1.24607766512607,0.968,0.591,3.09722216319016e-105,"5","ILF2"
2.58704085194951e-109,1.07191165332039,0.556,0.11,3.67928949964259e-105,"5","TRAK1"
2.71538984075984e-109,1.02543398304281,0.634,0.153,3.86182743152865e-105,"5","GNLY"
3.03970886877492e-109,1.05691347036217,0.429,0.068,4.3230739531717e-105,"5","CARM1"
3.16032115432758e-109,0.718984097247929,0.607,0.126,4.49460874568469e-105,"5","CHPT1"
3.47906919659186e-109,0.866369535490418,0.824,0.21,4.94793221139294e-105,"5","DUSP23"
4.03873256719514e-109,0.809907009697059,0.488,0.085,5.74388545706493e-105,"5","ATPSCKMT"
4.478786896137e-109,0.987344853910936,0.576,0.116,6.36973072368605e-105,"5","RAVER1"
4.52433895010573e-109,0.831152530084581,0.585,0.117,6.43451485484038e-105,"5","BLTP3B"
5.4066176125197e-109,1.05435147473464,0.488,0.087,7.68929156852551e-105,"5","MAP3K11"
5.41485573000392e-109,0.88953255621194,0.551,0.107,7.70100781921158e-105,"5","CEP97"
6.86396358579506e-109,1.27969330558722,0.912,0.273,9.76192901171774e-105,"5","GLRX3"
9.18411495838601e-109,0.966650289010996,0.38,0.054,1.30616482938166e-104,"5","PAXIP1"
9.97636498255604e-109,1.41275592608459,0.332,0.041,1.41883862781912e-104,"5","MORN2"
1.05758233280891e-108,1.14713470184258,0.471,0.082,1.50409359372083e-104,"5","MYEF2"
1.1497416809183e-108,1.23097172334238,0.376,0.053,1.63516261860201e-104,"5","NINJ2"
1.23490234033064e-108,1.0024147667994,0.746,0.183,1.75627810841823e-104,"5","SLA2"
1.35725242790194e-108,0.867616374991539,0.663,0.147,1.93028440296214e-104,"5","MVD"
1.41854647695868e-108,1.04314480462741,0.763,0.188,2.01745679953064e-104,"5","KEAP1"
1.42187859390075e-108,1.1694971630485,0.461,0.078,2.02219573624564e-104,"5","CAD"
2.2727646202424e-108,1.01962198930483,0.466,0.08,3.23232584290875e-104,"5","PPP2R1B"
2.32180969760993e-108,1.36883599554148,0.956,0.383,3.30207775194084e-104,"5","HDGF"
2.37359968842719e-108,1.50384610437701,0.322,0.039,3.37573347688115e-104,"5","ARHGEF12"
2.67059418486818e-108,0.825156758325069,0.485,0.089,3.79811904971953e-104,"5","LGALS3"
3.26025696840332e-108,1.02087600150667,0.7,0.163,4.6367374604632e-104,"5","SIAH2"
3.36715561652665e-108,1.27019098931468,0.98,0.554,4.7887687178242e-104,"5","LSM5"
3.65257808566586e-108,1.06708493559476,0.766,0.189,5.19469655343399e-104,"5","CSE1L"
4.43365699339635e-108,1.16235139472718,0.805,0.208,6.30554697600828e-104,"5","EED"
4.72079828666726e-108,0.892449861771859,0.446,0.074,6.71391932329817e-104,"5","MSANTD3"
4.94149694489581e-108,1.17274692798267,0.854,0.244,7.02779695503082e-104,"5","ABI3"
4.9835163744665e-108,0.782042425660482,0.69,0.157,7.08755698776625e-104,"5","TIFA"
5.53465657482032e-108,1.25482461278335,0.393,0.059,7.87138858070946e-104,"5","ENSG00000291015"
8.10236675286212e-108,1.34454321703073,0.9,0.286,1.15231859959205e-103,"5","TADA3"
8.92767604145787e-108,1.09062063146212,0.58,0.12,1.26969408661614e-103,"5","ACY1"
9.00115239015673e-108,1.0026307103813,0.776,0.192,1.28014389292809e-103,"5","IMMP1L"
9.15979416327649e-108,1.37675224444825,0.927,0.338,1.30270592590118e-103,"5","HINT2"
9.30573606689163e-108,0.880801301196994,0.49,0.087,1.32346178343333e-103,"5","LARS2"
1.00966337769097e-107,0.905953361007979,0.563,0.11,1.4359432557521e-103,"5","PDF"
1.13104769712151e-107,1.16252328048907,0.324,0.039,1.60857603484621e-103,"5","KIF5C"
1.23837221453332e-107,0.840804996732535,0.688,0.154,1.76121296350928e-103,"5","TDP1"
1.48295004499076e-107,1.24493394897022,0.844,0.234,2.10905155398586e-103,"5","STK39"
1.6479928453408e-107,1.48036309802294,0.949,0.398,2.34377542464368e-103,"5","ITGAE"
1.65790540805258e-107,1.62258438881126,0.895,0.387,2.35787307133238e-103,"5","SLBP"
1.71858734031739e-107,2.43193475007639,0.276,0.029,2.44417491539939e-103,"5","HIC1"
1.76052028581116e-107,0.9198760880788,0.763,0.188,2.50381195048064e-103,"5","MVB12A"
1.7654572977594e-107,1.37946868206765,0.949,0.358,2.51083336887342e-103,"5","HSD17B10"
2.79775780909191e-107,1.12814892648045,0.527,0.102,3.97897115609051e-103,"5","MAPK13"
2.80322396850859e-107,0.849918100698808,0.576,0.116,3.98674512801292e-103,"5","METTL2A"
3.63871380341313e-107,0.664953157218237,0.639,0.136,5.17497877121416e-103,"5","TAX1BP3"
4.08200618399545e-107,1.0378585686183,0.822,0.22,5.80542919487833e-103,"5","BCAP29"
4.61145840848051e-107,1.04633673407551,0.629,0.139,6.55841614854098e-103,"5","PBX3"
4.65220047914873e-107,1.09356593988161,0.985,0.87,6.61635952144532e-103,"5","LCP1"
6.13662452682735e-107,0.983415433453046,0.463,0.08,8.72750740205386e-103,"5","EEF1AKMT4"
8.06180012573599e-107,1.35417459933937,0.924,0.327,1.14654921388217e-102,"5","MRPL11"
9.42779080442493e-107,1.20688071443924,0.407,0.063,1.34082040820531e-102,"5","SLC25A29"
9.89548394390031e-107,0.905019109215656,0.473,0.083,1.4073357265015e-102,"5","DLAT"
1.01853902981631e-106,0.86458413097207,0.42,0.066,1.44856620820475e-102,"5","ABHD11"
1.1507832068346e-106,0.815848707312273,0.622,0.133,1.63664387676017e-102,"5","DLEU1"
1.27485462776626e-106,0.665662257396663,0.666,0.146,1.81309825160917e-102,"5","NOC4L"
1.39137620765917e-106,0.7618733483817,0.566,0.113,1.97881524253288e-102,"5","LIN52"
1.88458760898257e-106,0.902798439093338,0.583,0.121,2.68026049749502e-102,"5","NUP188"
2.19140327559566e-106,1.63376867436469,0.339,0.045,3.11661373855215e-102,"5","SYNGR3"
2.37496502372123e-106,1.09762465745503,0.688,0.16,3.37767525673633e-102,"5","MAN1A1"
4.09736514580719e-106,0.743016672305692,0.529,0.1,5.82727271036698e-102,"5","ZRANB3"
4.57519747481347e-106,0.947974464106249,0.81,0.206,6.50684584867972e-102,"5","CFAP20"
5.26943746595649e-106,1.2843426074705,0.885,0.275,7.49419396408331e-102,"5","POLR3K"
5.49285562931025e-106,1.31253652818878,0.378,0.056,7.81193927600504e-102,"5","OTUD7B"
6.03394936816464e-106,0.888553190236911,0.578,0.119,8.58148279140376e-102,"5","ADAL"
9.03614494089581e-106,1.19698472069875,0.405,0.063,1.2851205334942e-101,"5","ACSL1"
9.813955087759e-106,1.35738296202191,0.283,0.03,1.39574069258108e-101,"5","POGLUT3"
9.89367204300641e-106,0.85774220496078,0.451,0.076,1.40707803795637e-101,"5","B4GALT5"
1.03943313692758e-105,0.822936766452237,0.529,0.102,1.4782818073384e-101,"5","ABHD8"
1.04699003864314e-105,1.01441305166988,0.817,0.213,1.48902923295828e-101,"5","BRCC3"
1.31170669452771e-105,0.98006152991399,0.79,0.2,1.86550926095732e-101,"5","GON7"
1.81291461787387e-105,0.851676744918345,0.556,0.111,2.57832716954022e-101,"5","HYOU1"
2.04933394054416e-105,0.710554013629613,0.768,0.19,2.9145627302419e-101,"5","SLF1"
2.92376387787594e-105,0.748050845042293,0.732,0.175,4.15817698711517e-101,"5","PIK3CG"
3.06312153903783e-105,1.10896828270078,0.863,0.242,4.3563714528196e-101,"5","GUSB"
3.43317343995034e-105,0.800381161489169,0.566,0.115,4.88265926629738e-101,"5","ARHGAP1"
3.44308412088191e-105,0.641732759945052,0.578,0.117,4.89675423671825e-101,"5","MEMO1"
3.50458421085654e-105,0.891443374603331,0.661,0.146,4.98421966468017e-101,"5","DOK1"
4.34367968273292e-105,0.92590207473194,0.71,0.167,6.17758124478275e-101,"5","CHAMP1"
6.61538619178161e-105,0.835747696775347,0.417,0.066,9.40840224195181e-101,"5","PALB2"
6.93045189714479e-105,0.877545097138868,0.417,0.067,9.85648868811932e-101,"5","NT5M"
1.00197948170906e-104,1.93098823704832,0.273,0.029,1.42501521888663e-100,"5","NRSN2"
1.08812771147991e-104,0.994217336475903,0.993,0.995,1.54753523126673e-100,"5","SH3BGRL3"
1.12916626389223e-104,1.52009033195994,0.32,0.04,1.60590026050753e-100,"5","BHLHE40-AS1"
1.19962760572929e-104,1.01366165238491,0.495,0.092,1.7061103808682e-100,"5","SIMC1"
1.23936367357476e-104,1.21824141413716,0.968,0.509,1.76262301655803e-100,"5","LSM3"
1.45982443934155e-104,1.10692070139501,0.88,0.248,2.07616231763155e-100,"5","ACTL6A"
1.49627097495739e-104,1.00633380184257,0.737,0.181,2.1279965805844e-100,"5","SMARCD2"
1.57498197335867e-104,0.768561357793257,0.624,0.136,2.2399393625107e-100,"5","IFT27"
1.68265703426362e-104,0.733689034892546,0.646,0.143,2.39307483412972e-100,"5","CCDC43"
2.0028792941016e-104,1.0187581534478,0.817,0.22,2.8484949320713e-100,"5","TFPT"
2.26495536714124e-104,1.38329846578804,0.424,0.071,3.22121952314828e-100,"5","PLAGL1"
2.2805767028627e-104,1.12872825083116,0.39,0.059,3.24343618681133e-100,"5","NUP153-AS1"
2.84523149801226e-104,0.584635500195912,0.676,0.152,4.04648823647303e-100,"5","SAAL1"
3.08025840938881e-104,1.42876615113756,0.968,0.608,4.38074350983277e-100,"5","TMPO"
3.74372905667141e-104,1.01167456636483,0.659,0.151,5.32433146439809e-100,"5","ATP2A2"
4.42539989881122e-104,1.29065396444298,0.905,0.301,6.29380373608932e-100,"5","HAT1"
4.42640291385812e-104,1.19647908041832,0.437,0.074,6.29523022408902e-100,"5","CHROMR"
4.51791853064995e-104,1.02795128073666,0.993,0.917,6.42538373429036e-100,"5","RAC2"
5.26423975312686e-104,0.921467145686845,0.488,0.09,7.48680177689702e-100,"5","SFXN5"
6.53977527626262e-104,0.877333436958823,0.502,0.094,9.30086839790069e-100,"5","WDR41"
6.98117484473312e-104,0.752669621544001,0.988,0.955,9.92862686417944e-100,"5","SUMO2"
7.00481106977174e-104,1.97686298794,0.439,0.077,9.96224230342936e-100,"5","H2BC4"
7.77948037965237e-104,0.942134545451064,0.802,0.207,1.10639769959416e-99,"5","ALG8"
8.75836179566856e-104,1.38427973390461,0.985,0.729,1.24561421457998e-99,"5","HSPD1"
9.31205205296599e-104,0.909929787280848,0.471,0.084,1.32436004297282e-99,"5","ANKRD52"
9.49568867445802e-104,1.38056711184819,0.383,0.058,1.35047684328142e-99,"5","NFKBID"
9.55027890125482e-104,1.27163111105316,0.937,0.32,1.35824066533646e-99,"5","UBE2A"
9.7160020576984e-104,0.878891051543762,0.51,0.096,1.38180981264587e-99,"5","ARMC6"
1.08973169616796e-103,0.808984187414069,0.759,0.189,1.54981641829008e-99,"5","TMEM14A"
1.15319645953074e-103,1.30163928934337,0.439,0.076,1.64007600474461e-99,"5","SUOX"
1.19605236987972e-103,1.96687664892822,0.339,0.048,1.70102568044293e-99,"5","TNFRSF4"
1.39411072720952e-103,0.959544458115026,0.834,0.22,1.98270427623737e-99,"5","MRPL39"
1.46750597515911e-103,0.998328924947431,0.851,0.234,2.08708699787129e-99,"5","UTP11"
1.58416519180008e-103,1.01210778877944,0.817,0.219,2.25299973577807e-99,"5","BCAT2"
1.70403964273489e-103,0.892311291602093,0.454,0.078,2.42348517989756e-99,"5","CENPL"
1.78755823668877e-103,0.749093594675419,0.522,0.1,2.54226532421877e-99,"5","OSBPL11"
1.95266084996914e-103,0.954051027739172,0.983,0.801,2.77707426082612e-99,"5","CSNK2B"
2.023484255708e-103,1.11972788933027,0.354,0.049,2.87779930846792e-99,"5","PLCXD1"
2.02867304013162e-103,0.801191894471024,0.746,0.182,2.88517879767519e-99,"5","CDKN2AIPNL"
3.05940742170395e-103,1.20918962803874,0.924,0.307,4.35108923514736e-99,"5","PSMD1"
3.46101752494649e-103,0.87738216318746,0.8,0.207,4.92225912397889e-99,"5","SMARCA4"
4.29323354370553e-103,0.970690823568015,0.746,0.187,6.10583674585801e-99,"5","RAPGEF1"
4.87043350630389e-103,0.947660053165208,0.541,0.109,6.92673053266539e-99,"5","GLB1"
4.90994501611815e-103,0.812287006540074,0.978,0.919,6.98292380192324e-99,"5","COX6C"
5.60890891260663e-103,1.20870191210629,0.293,0.033,7.97699025550914e-99,"5","C19orf47"
7.95231353291577e-103,0.710687778500389,0.537,0.105,1.13097803065128e-98,"5","ZC3HC1"
8.09713019610826e-103,0.806428328852668,0.529,0.103,1.15157385649052e-98,"5","MICB"
8.11490619367408e-103,1.33642613140759,0.283,0.031,1.15410195886433e-98,"5","ENSG00000289963"
1.0912869068095e-102,1.69650721495316,0.293,0.034,1.55202823886446e-98,"5","SLC66A1"
1.25309952393838e-102,0.912935697577689,0.976,0.849,1.78215814294516e-98,"5","ATP5MF"
1.35771486745857e-102,0.691863927329711,0.654,0.146,1.93094208449958e-98,"5","NKIRAS2"
1.38898462988879e-102,1.00731802775968,0.773,0.197,1.97541394062783e-98,"5","GBF1"
1.43922609980898e-102,0.877858677592418,0.537,0.106,2.04686735914833e-98,"5","SAMD1"
1.52688351222574e-102,1.19818306752367,0.398,0.063,2.17153373108744e-98,"5","TNFSF14"
1.60246390094812e-102,0.801652181906228,0.515,0.099,2.27902415992841e-98,"5","SLC35E1"
1.86883884534685e-102,0.816549146129483,0.729,0.175,2.65786260585228e-98,"5","FOXRED1"
2.0192991729322e-102,0.82190702911647,0.5,0.095,2.87184728374417e-98,"5","PXMP4"
2.17722551093415e-102,0.798534117459558,0.546,0.109,3.09645012165055e-98,"5","PIGU"
2.55041721909183e-102,0.893464019751879,0.685,0.16,3.6272033689924e-98,"5","USP37"
2.81194289476811e-102,0.978671809714515,0.534,0.107,3.99914518493921e-98,"5","PRKACA"
2.95446731233941e-102,0.810413008166983,0.629,0.138,4.2018434116091e-98,"5","PGM1"
3.32841413132054e-102,1.03779641102228,0.744,0.191,4.73367057756408e-98,"5","IPO5"
5.41818872707615e-102,1.14840208700782,0.741,0.186,7.7057480076477e-98,"5","NUDT2"
6.33427429854757e-102,0.956691684372069,0.634,0.143,9.00860490739436e-98,"5","TOMM34"
7.89346609871926e-102,0.697941152790685,0.771,0.19,1.12260874855985e-97,"5","GPN3"
8.08923635962962e-102,0.810295805951999,0.461,0.082,1.15045119506653e-97,"5","MCAT"
8.81933284001707e-102,1.00984639859222,0.985,0.745,1.25428551650723e-97,"5","SEC61B"
1.11258333075134e-101,0.647138935860346,0.573,0.118,1.58231601299456e-97,"5","TRIM11"
1.11603442250452e-101,0.74087664443311,0.588,0.125,1.58722415568592e-97,"5","EPN1"
1.17196935815274e-101,1.13220920245068,0.322,0.042,1.66677482116483e-97,"5","SRD5A3"
1.40564214829871e-101,1.24073560665815,0.924,0.312,1.99910426331042e-97,"5","GLO1"
1.72720586034594e-101,1.01639201886997,0.976,0.818,2.456432174584e-97,"5","ARPC5"
1.80856204412953e-101,0.867164948670736,0.493,0.093,2.57213693916102e-97,"5","POP1"
2.17452937386502e-101,1.3046606441944,0.959,0.554,3.09261567551083e-97,"5","CACYBP"
2.53911843439767e-101,0.745619022968565,0.485,0.09,3.61113423740036e-97,"5","DLG3"
2.61707076740601e-101,1.00562022948919,0.371,0.055,3.72199804540483e-97,"5","DPY19L1"
2.67478519973132e-101,1.25152702653411,0.327,0.043,3.80407951105789e-97,"5","TRIP10"
3.17051029131535e-101,0.602589189812872,0.576,0.12,4.5090997363087e-97,"5","CDC23"
3.53281288522635e-101,1.44326951561046,0.276,0.03,5.02436648536892e-97,"5","C16orf95"
4.72400481955233e-101,0.653002757083086,0.595,0.128,6.71847965436732e-97,"5","ZDHHC16"
5.03953790745903e-101,1.32778178638352,0.949,0.352,7.16723081198823e-97,"5","UBE2M"
6.72951481888259e-101,0.935722955076779,0.661,0.154,9.57071597541483e-97,"5","PCYT1A"
8.41757066408727e-101,0.722613465080754,0.688,0.161,1.19714689984649e-96,"5","ARMT1"
1.0098145356264e-100,0.844424424185616,0.515,0.1,1.43615823256786e-96,"5","UTP20"
1.01253014645052e-100,0.849180759722831,0.507,0.099,1.44002037428193e-96,"5","PTGR3"
1.23470485779656e-100,1.34243576886251,0.961,0.434,1.75599724875827e-96,"5","SNRPA"
1.26966551868916e-100,0.793876018439249,0.785,0.2,1.80571830067972e-96,"5","HAUS6"
1.28993340389833e-100,1.18574383063237,0.963,0.556,1.83454328702421e-96,"5","RALY"
1.35498462853946e-100,1.37285905159823,0.344,0.048,1.92705913870882e-96,"5","LRIG1"
1.56648670382375e-100,1.21099177133181,0.868,0.261,2.22785739017813e-96,"5","RCC2"
1.59379963362008e-100,0.685014617047393,0.551,0.113,2.26670183893448e-96,"5","CCAR2"
1.60473517392575e-100,0.910787703840553,0.322,0.042,2.2822543643572e-96,"5","CCSAP"
1.92838462429641e-100,0.969761983436495,0.639,0.146,2.74254861267436e-96,"5","DDX54"
2.20931417774825e-100,0.902089154461909,0.527,0.105,3.14208662359356e-96,"5","PRMT5"
2.38894631619726e-100,0.830789192364585,0.646,0.148,3.39755945089574e-96,"5","EIPR1"
2.52676485481675e-100,0.751541068970303,0.637,0.144,3.59356497652038e-96,"5","FAHD2A"
2.57630724545436e-100,0.984716289060474,0.434,0.075,3.66402416448518e-96,"5","OPA3"
2.59576510807473e-100,0.983121687882473,0.359,0.052,3.69169713670388e-96,"5","ASPHD2"
2.60994268025675e-100,0.763729933213694,0.476,0.088,3.71186047986115e-96,"5","EEF2K"
2.79701705245525e-100,1.30784014245457,0.427,0.075,3.97791765200186e-96,"5","ENSG00000266088"
3.25366891731692e-100,1.68463418971601,0.271,0.029,4.62736793420813e-96,"5","GPR19"
3.27696551736818e-100,0.637657323570441,0.478,0.088,4.66050035880102e-96,"5","ZNG1A"
4.29647877208012e-100,1.33019195994903,0.941,0.406,6.11045210965234e-96,"5","LYST"
5.26514286699125e-100,2.47227238625377,0.28,0.033,7.48808618543496e-96,"5","FES"
5.55402207527694e-100,1.77293569494813,0.876,0.309,7.89893019545886e-96,"5","SLA"
5.93454651789881e-100,1.19192731549777,0.98,0.561,8.44011205775569e-96,"5","ARHGDIA"
6.19139327551791e-100,1.32880290945515,0.971,0.562,8.80539951644158e-96,"5","DYNLL1"
6.43249180917848e-100,0.728533010578668,0.615,0.135,9.14828985101364e-96,"5","YRDC"
6.852308698679e-100,0.890740935677941,0.802,0.209,9.74535343126128e-96,"5","ZMPSTE24"
7.61693554264739e-100,0.774671312634709,0.798,0.207,1.08328057287531e-95,"5","SNAP29"
7.77794749821534e-100,0.71628329584061,0.632,0.143,1.10617969319619e-95,"5","CALU"
8.09738999343261e-100,0.679599369827268,0.705,0.168,1.15161080486599e-95,"5","CPSF4"
9.39767088579071e-100,1.4533779774698,0.959,0.537,1.33653675337716e-95,"5","SIVA1"
1.12741991549873e-99,1.04238854438563,0.634,0.149,1.6034166038223e-95,"5","LRRC28"
1.26751338650984e-99,1.01379893409992,0.832,0.233,1.80265753829429e-95,"5","ETF1"
1.4316989718267e-99,1.08991726743331,0.439,0.078,2.03616227773193e-95,"5","CCDC88A"
1.52617244655429e-99,0.965661810718475,0.663,0.158,2.17052245348951e-95,"5","H2BC12"
1.78438590452213e-99,0.72573732361915,0.705,0.168,2.53775363341137e-95,"5","PACSIN2"
2.11636757180801e-99,0.850361029055893,0.768,0.196,3.00989796062534e-95,"5","AIFM1"
2.17420508660022e-99,0.764438752803963,0.51,0.1,3.09215447416283e-95,"5","USP5"
2.51794517240285e-99,1.11179617115022,0.41,0.068,3.58102162419133e-95,"5","HEATR5A"
2.69489241038993e-99,1.20953748679303,0.978,0.626,3.83267598605656e-95,"5","LSM4"
2.79043799109948e-99,0.822384931948137,0.673,0.161,3.96856091094169e-95,"5","LUZP1"
2.93058064932202e-99,0.917891112338647,0.651,0.151,4.16787179946577e-95,"5","ZMYND19"
3.00316608783386e-99,1.2192581306784,0.868,0.262,4.27110281011731e-95,"5","ADGRE5"
3.69837822781124e-99,0.705305042938596,0.7,0.167,5.25983351559314e-95,"5","DENND10"
3.78642388960411e-99,0.849854270187966,0.376,0.057,5.38505205579496e-95,"5","CEP76"
4.08122007238929e-99,1.17382928787227,0.963,0.533,5.80431118695205e-95,"5","CKLF"
4.16914078527885e-99,1.73174636309668,0.259,0.027,5.92935202482358e-95,"5","CALML4"
4.29682236789534e-99,1.44512237248241,0.337,0.047,6.11094077162075e-95,"5","CPT1A"
4.60537563268399e-99,1.92982905446492,0.293,0.036,6.54976522480317e-95,"5","TM6SF1"
6.50556775755926e-99,0.904297753736553,0.727,0.181,9.25221846480078e-95,"5","EFTUD2"
6.81706310681718e-99,1.74366199340178,0.437,0.081,9.69522715051539e-95,"5","H2AC21"
7.08900900891093e-99,1.07659216798592,0.683,0.171,1.00819886124731e-94,"5","GCSH"
7.77353613062277e-99,0.642170404646336,0.422,0.071,1.10555230849717e-94,"5","ADCK2"
9.19976490566515e-99,1.2580563769817,0.959,0.442,1.3083905648837e-94,"5","PSMB2"
1.02707815076042e-98,0.984210382009456,0.724,0.184,1.46071054601146e-94,"5","TCIRG1"
1.04781236224032e-98,0.838745621806723,0.734,0.183,1.49019874157818e-94,"5","COASY"
1.53652045659521e-98,0.761919774640307,0.746,0.188,2.18523939336971e-94,"5","ADIPOR2"
1.8027441559223e-98,0.81391651404627,0.676,0.161,2.5638627385527e-94,"5","RBM10"
1.8199606021372e-98,0.854216591042778,0.824,0.222,2.58834796835952e-94,"5","CMAS"
2.09107579741461e-98,1.18734897660202,0.968,0.548,2.97392799908306e-94,"5","PPM1G"
2.25783196075161e-98,1.87593177889653,0.312,0.041,3.21108861458093e-94,"5","ENSG00000258526"
2.27042743475864e-98,1.42087702627665,0.283,0.033,3.22900189771374e-94,"5","GLIDR"
2.27062630393536e-98,0.625433508521617,0.571,0.12,3.22928472945687e-94,"5","MSTO1"
2.88598570824406e-98,1.28805563146381,0.817,0.245,4.10444887426471e-94,"5","CKAP2"
2.97113048186529e-98,0.663965344486263,0.705,0.168,4.22554177130881e-94,"5","PRPF4"
3.73632710203471e-98,1.33611312324734,0.956,0.426,5.31380440451377e-94,"5","STIP1"
3.73989965497664e-98,1.72891561466312,0.451,0.087,5.31888528930778e-94,"5","MEAK7"
3.77979633604799e-98,1.03373855281173,0.415,0.071,5.37562634912745e-94,"5","TWSG1"
4.57502343613175e-98,1.28120582212125,0.678,0.169,6.50659833086657e-94,"5","ITPR1"
4.6945062953148e-98,1.01439481335994,0.461,0.086,6.67652685319672e-94,"5","ENG"
5.64499819686188e-98,1.41474896893286,0.915,0.332,8.02831643557696e-94,"5","VASP"
5.99653068342269e-98,1.06058816281942,0.973,0.754,8.52826593796375e-94,"5","CAP1"
6.19388017705024e-98,1.20572897524101,0.895,0.295,8.80893638780085e-94,"5","MTFP1"
6.20064250945017e-98,1.39150365813282,0.332,0.046,8.81855377694003e-94,"5","RPS6KA4"
6.29758198523271e-98,0.605634061160211,0.666,0.154,8.95642109939796e-94,"5","SEPHS1"
6.76567815644526e-98,0.953887513025909,0.341,0.048,9.62214747409645e-94,"5","SLC27A4"
7.00054058822445e-98,1.33427502514462,0.959,0.53,9.95616882457282e-94,"5","PRKDC"
7.38014128799954e-98,0.601164190239512,0.622,0.139,1.04960369397929e-93,"5","PIGS"
7.75299001554538e-98,0.844801398108431,0.405,0.067,1.10263024001086e-93,"5","MPZL1"
8.14153612082012e-98,0.614991877127991,0.51,0.1,1.15788926710304e-93,"5","ZNF66"
8.25574699127306e-98,1.1074518479429,0.883,0.271,1.17413233709886e-93,"5","EXOSC9"
8.71445119318407e-98,1.03766785495927,0.346,0.05,1.23936924869464e-93,"5","NAT1"
1.05937398686907e-97,0.683162162167207,0.729,0.18,1.50664168412519e-93,"5","PMM1"
1.24940239872493e-97,0.72585673097212,0.607,0.139,1.7769000914666e-93,"5","SLAMF7"
1.26298012969526e-97,1.04893903940668,0.8,0.221,1.7962103404526e-93,"5","CDCA7L"
1.3814723589207e-97,0.688608915993693,0.505,0.099,1.96472998885702e-93,"5","BBS7"
1.48398307996372e-97,1.23083021637049,0.317,0.042,2.1105207363244e-93,"5","EMILIN2"
1.73447054807619e-97,0.582062720475653,0.585,0.128,2.46676401347395e-93,"5","PLPP5"
1.78110288679386e-97,2.11820724612571,0.317,0.044,2.53308452559823e-93,"5","ENSG00000291105"
1.79639165349979e-97,0.850210300605037,0.69,0.167,2.5548282096074e-93,"5","MTA1"
1.86672693236291e-97,0.881982070593926,0.785,0.21,2.65485904320653e-93,"5","SH3GLB2"
2.53577680125037e-97,1.22836216955187,0.302,0.038,3.60638176673827e-93,"5","TMEM241"
2.57758599571936e-97,0.723298260796692,0.539,0.112,3.66584280311208e-93,"5","BPNT1"
2.66465208836085e-97,0.642516470595992,0.666,0.157,3.7896682000668e-93,"5","TAF1B"
3.6209565433411e-97,0.781829151284373,0.622,0.141,5.14972439593971e-93,"5","BRAT1"
3.65137966555035e-97,0.793595558126142,0.734,0.181,5.19299216034571e-93,"5","NCBP1"
4.93973099909426e-97,0.694379360404769,0.654,0.152,7.02528542691186e-93,"5","KIF13B"
5.12222528900876e-97,0.974205610379226,0.505,0.101,7.28482880602826e-93,"5","MED25"
5.70045050538999e-97,0.689856375550747,1,0.976,8.10718070876564e-93,"5","HNRNPA1"
5.81287287874815e-97,0.943559410482365,0.461,0.086,8.26706780815561e-93,"5","ZNF598"
5.87417267040272e-97,0.842348326430104,0.644,0.151,8.35424837184675e-93,"5","ABI2"
6.00384904226705e-97,0.757478193526023,0.776,0.202,8.53867410791219e-93,"5","MAPKAPK2"
6.4867858425312e-97,0.613313654078379,0.607,0.134,9.22550682524788e-93,"5","TIMM21"
6.65004272772512e-97,1.42275006000449,0.968,0.666,9.45769076737067e-93,"5","PRDX1"
6.8261661719929e-97,0.976066328071664,0.785,0.213,9.70817352980831e-93,"5","SIGMAR1"
7.59498414780489e-97,1.15629319351692,0.349,0.051,1.08015864550081e-92,"5","LDHC"
8.30163413827429e-97,1.03141025883441,0.446,0.082,1.18065840714537e-92,"5","EMSY-DT"
8.75597815590655e-97,1.09086969105279,0.368,0.057,1.24527521333303e-92,"5","B3GALNT2"
8.88997756873469e-97,0.755167397642221,0.602,0.135,1.26433260982545e-92,"5","MIX23"
9.13944651115592e-97,0.90800971260995,0.79,0.21,1.29981208281659e-92,"5","MGAT4B"
9.22864677432533e-97,2.17202946410958,0.312,0.041,1.31249814424455e-92,"5","H4C8"
9.70030118724056e-97,1.04280857763962,0.868,0.257,1.37957683484935e-92,"5","MZT1"
1.00616693665304e-96,0.535942379912401,0.615,0.138,1.43097061730796e-92,"5","TOR2A"
1.07703717290277e-96,0.800051842474424,0.383,0.061,1.53176226730232e-92,"5","NEK4"
1.20948726638048e-96,0.875561896371301,0.644,0.152,1.72013279024632e-92,"5","PLPP1"
1.471170239977e-96,0.972299528896015,0.42,0.073,2.09229831529529e-92,"5","PRXL2A"
1.53484131079539e-96,1.2501289862653,0.92,0.31,2.1828513122132e-92,"5","ZDHHC12"
1.64288466055061e-96,0.776429451223978,0.437,0.077,2.33651056423508e-92,"5","XNDC1N"
1.67811709684047e-96,1.06564509300973,0.863,0.263,2.38661813512652e-92,"5","LAP3"
1.69436068491615e-96,0.626968066844045,0.651,0.151,2.40971976608774e-92,"5","FAM98B"
2.15379281124952e-96,0.717377534441934,0.654,0.154,3.06312413615907e-92,"5","CIZ1"
2.17958997238151e-96,1.14119200932046,0.654,0.159,3.09981285872098e-92,"5","EHBP1L1"
2.5025543029249e-96,0.682245092303118,0.437,0.078,3.55913272961979e-92,"5","POLR1A"
2.52274756261832e-96,0.905188719592102,0.776,0.207,3.58785158355578e-92,"5","ZDHHC3"
3.63286298077437e-96,0.571099170987733,0.651,0.152,5.16665773125731e-92,"5","GMPPA"
3.78325752156373e-96,0.616808139804385,0.554,0.117,5.38054884716794e-92,"5","INO80C"
4.01885147350882e-96,1.07737634750675,0.449,0.084,5.71561056562424e-92,"5","LINC00963"
4.28688228846985e-96,1.23913627995284,0.929,0.323,6.09680399066183e-92,"5","SURF4"
4.7674726023058e-96,0.537328611557979,0.507,0.1,6.78029953499931e-92,"5","DUSP14"
5.07808644930799e-96,1.18809013615383,0.512,0.106,7.22205454820582e-92,"5","CYP51A1"
5.70518121096493e-96,0.740854905701493,0.478,0.091,8.11390871823433e-92,"5","SELENOI"
5.81518790960121e-96,0.995463236780888,0.817,0.232,8.27036024503485e-92,"5","TXNRD1"
6.39979039357147e-96,0.751060626039346,0.583,0.128,9.10178189773735e-92,"5","PCGF6"
6.55801678990521e-96,0.812979518907569,0.595,0.134,9.32681147860318e-92,"5","CCDC88B"
6.72000331139008e-96,1.14673151665919,0.963,0.605,9.55718870945897e-92,"5","MDH1"
6.75623992272936e-96,0.608327810648547,0.607,0.136,9.6087244181057e-92,"5","ANKRD54"
7.17651740355931e-96,0.976857474583018,0.98,0.78,1.02064430513421e-91,"5","COX7B"
7.6557367361061e-96,0.880570817779776,0.483,0.094,1.08879887860901e-91,"5","CANT1"
9.61831744762712e-96,0.938929314263725,0.629,0.148,1.36791710740153e-91,"5","GMIP"
1.03322814808523e-95,0.622360800339006,0.502,0.099,1.46945707220681e-91,"5","ALMS1"
1.09329970359329e-95,0.737747816440334,0.505,0.1,1.55489083845037e-91,"5","TBL3"
1.11518906127426e-95,0.791342088385593,0.741,0.19,1.58602188294425e-91,"5","BLTP2"
1.1604929479305e-95,0.861381437330767,0.627,0.147,1.65045307054676e-91,"5","TIAM1"
1.26684909858591e-95,0.598240997137726,0.668,0.162,1.80171278800888e-91,"5","RRAS2"
1.32263185836607e-95,0.534562304999703,0.441,0.079,1.88104702896823e-91,"5","SMIM13"
1.46406081912137e-95,1.52624243984392,0.849,0.287,2.08218729695442e-91,"5","ATXN1"
1.52818018833166e-95,0.543306444934882,0.634,0.146,2.17337786384529e-91,"5","MAP3K13"
1.55223009252329e-95,0.714118037244686,0.734,0.186,2.20758163758662e-91,"5","VGLL4"
1.72626958882553e-95,0.725058857365873,0.673,0.16,2.45510060922767e-91,"5","CHMP6"
1.7538284191179e-95,1.0501538221738,0.973,0.661,2.49429477766948e-91,"5","BANF1"
2.6824367244255e-95,1.03029145961836,0.361,0.055,3.81496150947795e-91,"5","METTL1"
2.83275671255659e-95,1.36772966747871,0.973,0.725,4.02874659659798e-91,"5","CRIP1"
2.93091093074852e-95,1.09346985608541,0.963,0.621,4.16834152571054e-91,"5","PSMD8"
3.08725192140913e-95,1.12869421706889,0.927,0.301,4.39068968262807e-91,"5","SMARCB1"
3.20856367218099e-95,1.00827710904144,0.705,0.182,4.5632192545758e-91,"5","BCL3"
3.42141581909825e-95,0.808153439852901,0.724,0.181,4.86593757792153e-91,"5","UMPS"
3.64585909973591e-95,0.655205431498665,0.527,0.109,5.1851408116444e-91,"5","ITPRID2"
3.72798827910341e-95,0.802053286081656,0.656,0.158,5.30194493054087e-91,"5","GSR"
3.8655542225647e-95,0.690354406209015,0.741,0.188,5.49759121533152e-91,"5","GET4"
4.053166121219e-95,0.669509743103221,0.541,0.114,5.76441285759766e-91,"5","GGCX"
4.56241557011663e-95,0.712706751862689,0.749,0.19,6.48866742381987e-91,"5","STT3A"
4.7193801021683e-95,0.829830826737039,0.666,0.162,6.71190238130375e-91,"5","CLPTM1"
5.19187681037517e-95,0.7246339645254,0.707,0.176,7.38388719971556e-91,"5","CYREN"
6.19522823336819e-95,0.906536471262801,0.522,0.108,8.81085359349624e-91,"5","FOXK2"
7.01114427462784e-95,0.675536961820261,0.617,0.141,9.97124938737571e-91,"5","PEX14"
7.81443153627118e-95,0.625147183399682,0.546,0.115,1.11136845308849e-90,"5","ALG1"
8.88674937898728e-95,0.925039586102129,0.776,0.205,1.26387349667957e-90,"5","UBA5"
9.42486915732521e-95,0.584078345236323,0.444,0.08,1.34040489155479e-90,"5","NUP35"
9.46221082794867e-95,0.924711079666213,0.785,0.212,1.34571562395086e-90,"5","ZDHHC24"
9.61684073351345e-95,0.79030919841329,0.785,0.21,1.36770708912028e-90,"5","PRPSAP1"
1.07914169070937e-94,0.800331817989181,0.332,0.047,1.53475531252687e-90,"5","GBAP1"
1.19351261376947e-94,1.52200545664358,0.356,0.056,1.69741363930294e-90,"5","LAT2"
1.22759779258096e-94,1.07415661587054,0.456,0.087,1.74588958060864e-90,"5","MAP4K3-DT"
1.29547278003068e-94,1.21937450869953,0.973,0.474,1.84242138775963e-90,"5","MRPL52"
1.32013140961267e-94,0.98307879537366,0.759,0.208,1.87749089075114e-90,"5","DENND1B"
1.33285973206761e-94,0.77157971166769,0.822,0.224,1.89559311094656e-90,"5","ACOT8"
1.46902797248839e-94,0.671193692999504,0.561,0.121,2.08925158247299e-90,"5","GPR137"
1.7635530114426e-94,1.05111167431531,0.983,0.684,2.50812509287366e-90,"5","ARPC4"
1.77956804100805e-94,0.818788716082195,0.441,0.081,2.53090166792165e-90,"5","KCTD9"
1.87935752724581e-94,0.942660266338016,0.48,0.095,2.67282227524899e-90,"5","IRAK1"
2.14531527751631e-94,0.96227779079237,0.322,0.045,3.05106738768369e-90,"5","ZNF668"
2.23887040950038e-94,1.10353702653932,0.498,0.1,3.18412149639144e-90,"5","PNPLA6"
2.2732069923635e-94,0.807882087449284,0.471,0.091,3.23295498453936e-90,"5","SRF"
2.34681070357798e-94,0.710059687723932,0.488,0.097,3.33763418262861e-90,"5","DAAM1"
2.38313686848519e-94,0.746404089932566,0.456,0.085,3.38929725435964e-90,"5","TLNRD1"
2.48664351913288e-94,1.4894912327408,0.373,0.061,3.53650441291078e-90,"5","GGT1"
2.58066040886639e-94,1.12157125237754,0.324,0.045,3.67021523348978e-90,"5","KMT5C"
2.74160880791974e-94,0.751013178324954,0.707,0.177,3.89911604662346e-90,"5","CDIP1"
2.95020604006942e-94,0.676933137855772,0.578,0.129,4.19578303018672e-90,"5","MFSD14B"
3.06539546586272e-94,0.912388869071404,0.81,0.219,4.35960543154996e-90,"5","RIC8A"
3.17180373904338e-94,0.54916204626816,0.476,0.092,4.51093927766749e-90,"5","ARL13B"
3.3905772870409e-94,0.697869452089066,0.693,0.173,4.82207901762957e-90,"5","C7orf50"
3.57855581369514e-94,0.608449877415516,0.38,0.061,5.08942207823723e-90,"5","MCOLN1"
3.71749415542667e-94,0.909877515342684,0.798,0.224,5.28702018784781e-90,"5","SMC6"
4.08768538081761e-94,1.07720827159302,0.837,0.25,5.81350614859881e-90,"5","SIPA1L1"
4.53842660795373e-94,0.649198206697654,0.4,0.067,6.4545503218318e-90,"5","ZFYVE19"
4.85073084956795e-94,1.08669976201409,0.759,0.209,6.89870941425555e-90,"5","RRP7A"
4.97258501546941e-94,0.818558041187377,0.566,0.123,7.0720104090006e-90,"5","TRAF2"
5.19690581821312e-94,1.1088913412613,0.88,0.274,7.3910394546627e-90,"5","PHF6"
5.26329133948924e-94,1.1320924521683,0.91,0.317,7.4854529430216e-90,"5","MIS18BP1"
5.79614902367001e-94,0.98775994363393,0.424,0.076,8.24328314146349e-90,"5","MLLT1"
6.40200000377744e-94,0.80351469651005,0.422,0.075,9.10492440537228e-90,"5","CHD1L"
6.50177042227109e-94,1.25753930434405,0.944,0.423,9.24681789455394e-90,"5","P4HB"
6.70977235057668e-94,0.559329384925425,0.627,0.145,9.54263823699015e-90,"5","WDR83"
6.87124604662806e-94,0.900537318165991,0.717,0.184,9.77228612751443e-90,"5","IL4R"
7.99192198696108e-94,0.839830277045121,0.668,0.164,1.13661114498561e-89,"5","BORCS5"
8.83868083464875e-94,1.22374024904485,0.829,0.241,1.25703718830374e-89,"5","PPP6R1"
1.23489739351021e-93,1.33925033095633,0.483,0.098,1.75627107305022e-89,"5","SAMD10"
1.28523991119936e-93,0.725181992304355,0.361,0.056,1.82786820170773e-89,"5","KHK"
1.34301299174482e-93,0.578569070371787,0.559,0.121,1.91003307685948e-89,"5","SLX4IP"
1.3717424631087e-93,1.85730033857865,0.649,0.174,1.9508921310332e-89,"5","PAM"
1.3819696259771e-93,0.831255427966828,0.685,0.169,1.96543720206463e-89,"5","MTOR"
1.38689591104318e-93,0.989850994693677,0.856,0.25,1.97244336468561e-89,"5","COMMD1"
1.43484305117209e-93,1.52293097580183,0.829,0.272,2.04063378737695e-89,"5","SAMSN1"
1.52714218053306e-93,0.621091056203918,0.512,0.105,2.17190160915412e-89,"5","SH3BP2"
2.04775000551765e-93,0.63985447341484,0.627,0.146,2.9123100578472e-89,"5","KANSL3"
2.08222897090441e-93,0.637582370907365,0.634,0.149,2.96134604242025e-89,"5","RAB35"
2.0884292009454e-93,0.878757857626795,0.451,0.085,2.97016400958454e-89,"5","TPD52"
2.21428794213425e-93,0.759729832477808,0.62,0.142,3.14916031130334e-89,"5","NUP85"
2.40481270046545e-93,0.846115480289993,0.434,0.079,3.42012462260197e-89,"5","GATB"
2.43104619719741e-93,1.24170676687666,0.912,0.316,3.45743390165416e-89,"5","CENPK"
2.52508439905955e-93,0.936820585304199,0.759,0.205,3.59117503234249e-89,"5","PPP5C"
2.59464067586052e-93,0.652873439352474,0.451,0.085,3.69009796920883e-89,"5","CCDC117"
3.10228512643571e-93,0.742300364248958,0.395,0.067,4.41206990681686e-89,"5","ZNF682"
3.13042082029773e-93,0.717700381436207,0.52,0.107,4.45208449062743e-89,"5","ENSG00000290548"
3.2374854281877e-93,1.23021672292837,0.749,0.216,4.60435177596855e-89,"5","HSH2D"
3.30718821640805e-93,0.713651855841007,0.602,0.137,4.70348308137552e-89,"5","NIPSNAP3A"
3.92695109420308e-93,0.769878897175661,0.366,0.058,5.58490984617562e-89,"5","SRD5A1"
4.03363734090295e-93,1.24328684887226,0.283,0.035,5.73663902623218e-89,"5","ZNF724"
4.22528838361663e-93,0.731104141854352,0.52,0.109,6.00920513917957e-89,"5","C2orf74-DT"
4.355070424935e-93,1.03739255658021,0.788,0.225,6.19378115834256e-89,"5","RILPL2"
5.14727299644216e-93,1.1881367324518,0.927,0.338,7.32045165554004e-89,"5","MAD2L2"
5.23906590983586e-93,1.2772718993053,0.454,0.088,7.45099953696856e-89,"5","GBE1"
5.7358187836738e-93,0.928662721651553,0.722,0.186,8.15748147414088e-89,"5","HERC2"
8.59270433265861e-93,0.878407055052212,0.366,0.058,1.22205441019071e-88,"5","PHF13"
9.63663268734178e-93,1.0210720703001,0.99,0.899,1.37052190079375e-88,"5","EIF5A"
9.66113605231075e-93,0.525781924078552,0.5,0.101,1.37400676935963e-88,"5","CYP2R1"
9.68722045172584e-93,0.78091824109932,0.663,0.162,1.37771649264445e-88,"5","SCYL1"
1.00321218964673e-92,0.667513039820642,0.5,0.102,1.42676837611558e-88,"5","SLC25A13"
1.03764235671268e-92,0.729109443249229,0.79,0.212,1.47573495971677e-88,"5","XRCC1"
1.11011398203809e-92,0.804683610369391,0.48,0.096,1.57880410525457e-88,"5","CPT2"
1.1132689282136e-92,0.613447703172148,0.585,0.131,1.58329106970538e-88,"5","PHC2"
1.18049212906265e-92,0.680643197894834,0.607,0.139,1.6788959059529e-88,"5","UGGT1"
1.26043855260613e-92,0.856845226941151,0.429,0.079,1.79259570951644e-88,"5","TRIM41"
1.279020931471e-92,0.754886318256611,0.739,0.194,1.81902356873805e-88,"5","ADI1"
1.46038335357205e-92,1.39901012843866,0.295,0.039,2.07695720545016e-88,"5","HECTD2"
1.52192752332151e-92,1.14276443955595,0.368,0.06,2.16448532366786e-88,"5","SPATA20"
1.53152080739094e-92,1.24167994271844,0.966,0.477,2.17812889227139e-88,"5","YWHAE"
1.66391026804528e-92,0.94136297450351,0.89,0.26,2.36641318321399e-88,"5","EXOSC3"
1.69146466912073e-92,1.07402701098203,0.839,0.243,2.40560105242351e-88,"5","POLDIP2"
2.13288190338085e-92,1.14758217943352,0.863,0.268,3.03338464298824e-88,"5","RABL6"
2.3935870761987e-92,0.987795633701803,0.537,0.117,3.40415953976979e-88,"5","LONP1"
2.55650783132701e-92,0.712177659972584,0.593,0.135,3.63586543771328e-88,"5","TARS2"
2.59277713339779e-92,0.887892108185357,0.785,0.215,3.68744763911834e-88,"5","MAP4K1"
2.71670360872502e-92,1.4618111865106,0.351,0.056,3.86369587232872e-88,"5","LINC01358"
2.84639372404643e-92,0.810744404600835,0.651,0.159,4.04814115433884e-88,"5","ELOA"
2.97378690869882e-92,0.794966591509249,0.598,0.137,4.22931974155146e-88,"5","ATG7"
3.00088040328576e-92,1.0367567142433,0.673,0.167,4.26785210955301e-88,"5","EML2"
3.30944261778325e-92,1.01423766475225,0.878,0.262,4.70668929101134e-88,"5","LASP1"
3.99037577368463e-92,0.884041807270872,0.99,0.801,5.67511242533428e-88,"5","ATP5IF1"
4.16152384648879e-92,0.854627280809275,0.539,0.118,5.91851921447636e-88,"5","EOLA1"
4.2221449196345e-92,1.43621289922923,0.259,0.029,6.00473450470419e-88,"5","SLC39A14"
4.35774390396043e-92,1.07893314843402,0.978,0.714,6.19758338021252e-88,"5","HNRNPA3"
4.42762672516137e-92,0.583292256554106,0.546,0.117,6.2969707285245e-88,"5","CDK16"
4.62729251518376e-92,0.662779033860015,0.673,0.164,6.58093541509434e-88,"5","DMAC2"
4.88275195082683e-92,0.914766476949651,0.727,0.187,6.94424982446592e-88,"5","LACTB2"
4.91398922124903e-92,0.655488207271507,0.427,0.078,6.98867547046037e-88,"5","ATPAF2"
5.04610692595158e-92,0.979925751755197,0.422,0.077,7.17657327008834e-88,"5","NLRP2"
5.78330941218821e-92,1.05085295926558,0.973,0.62,8.22502264601407e-88,"5","NDUFS6"
6.88253012246009e-92,0.750960392787168,0.6,0.141,9.78833434016274e-88,"5","GM2A"
7.38181612503937e-92,0.861754922264604,0.8,0.219,1.0498418893031e-87,"5","FLII"
7.66869317734431e-92,0.913447869467467,0.468,0.092,1.09064154368191e-87,"5","MSRA"
8.51390421950618e-92,1.17158117280867,0.898,0.285,1.21084745809817e-87,"5","TIMM23"
9.23805450996093e-92,1.18368896501683,0.873,0.295,1.31383611240664e-87,"5","H2AJ"
9.76407196894063e-92,1.00815156930199,0.529,0.115,1.38864631542274e-87,"5","MAST4"
1.04460823032994e-91,1.21828757459616,0.946,0.363,1.48564182517524e-87,"5","MRPS15"
1.06159546515723e-91,1.15306418161309,0.92,0.311,1.50980107054662e-87,"5","ELAVL1"
1.11404109761355e-91,0.824532484845651,0.661,0.162,1.58438924902599e-87,"5","YKT6"
1.13184330072559e-91,1.3093535119684,0.915,0.346,1.60970754229193e-87,"5","CENPX"
1.22987852921233e-91,1.05954748201257,0.317,0.045,1.74913324424578e-87,"5","ITGAV"
1.63232502725933e-91,0.980027430590782,0.966,0.738,2.32149265376823e-87,"5","ATP5F1B"
1.64294650018874e-91,0.779370924468752,0.607,0.141,2.33659851256843e-87,"5","PUDP"
1.66077071406058e-91,0.595959140000644,0.627,0.147,2.36194810953696e-87,"5","INTS9"
1.76219544007348e-91,0.726648239239557,0.373,0.061,2.5061943548725e-87,"5","IFT46"
1.81459236887309e-91,0.542721066864835,0.671,0.161,2.58071326701131e-87,"5","DPAGT1"
1.81494826662058e-91,0.713603583944345,0.695,0.176,2.58121942478779e-87,"5","HRAS"
1.86014073401157e-91,1.47201444600974,0.305,0.042,2.64549215191125e-87,"5","CPPED1"
2.19255421561448e-91,1.15725262940702,0.839,0.264,3.11825060544691e-87,"5","POLD2"
2.2604446570932e-91,0.644534549580448,0.632,0.15,3.21480439131795e-87,"5","ATP6V1A"
2.52182424507502e-91,1.08924836288692,0.868,0.261,3.5865384413457e-87,"5","TIMM17A"
2.5929102226692e-91,0.760363955309205,0.627,0.15,3.68763691868013e-87,"5","MMAB"
2.61622008020717e-91,1.039191732356,0.393,0.068,3.72078819807064e-87,"5","SNHG4"
2.65127879993607e-91,1.13643950301571,0.951,0.376,3.77064870926908e-87,"5","UFD1"
3.4367080882838e-91,0.709171815595186,0.383,0.064,4.88768624315723e-87,"5","TMEM62"
3.56050966221186e-91,0.866433040691925,0.81,0.224,5.06375684159771e-87,"5","AAGAB"
3.56369221093351e-91,0.977557814420067,0.302,0.041,5.06828306238963e-87,"5","NCKIPSD"
4.02081930359037e-91,1.06539638961623,0.902,0.291,5.71840921356622e-87,"5","MRPS11"
4.80486300009955e-91,1.14155187227846,0.266,0.032,6.83347615874157e-87,"5","GSEC"
5.10077873381126e-91,0.934188445436006,0.988,0.806,7.25432751522637e-87,"5","XRCC5"
5.33248509018343e-91,1.09048651286703,0.859,0.271,7.58386029525887e-87,"5","TARS1"
5.36467064371106e-91,0.788931570446939,0.568,0.128,7.62963458948587e-87,"5","TRIM25"
5.495987665414e-91,0.740767415322263,0.983,0.962,7.81639365775179e-87,"5","ARPC3"
5.96271553146386e-91,1.02343546376791,0.871,0.275,8.4801740288479e-87,"5","DPM2"
6.46337032953876e-91,0.879560106782908,0.729,0.192,9.19220528267002e-87,"5","ACLY"
6.50902730576286e-91,0.832176953227464,0.729,0.192,9.25713863425594e-87,"5","PAPSS1"
6.5112019559346e-91,1.04926535407605,0.968,0.608,9.26023142173019e-87,"5","SNRPC"
6.56928943801929e-91,0.803390428553052,0.378,0.063,9.34284343875104e-87,"5","DNAAF5"
7.42704361373327e-91,0.926569809004576,0.48,0.098,1.05627414274515e-86,"5","AIG1"
7.51676027715874e-91,0.678278089167993,0.427,0.079,1.06903364661752e-86,"5","NDUFAF5"
8.47469014326273e-91,0.630978930111375,0.493,0.1,1.20527043217482e-86,"5","PARD6A"
9.14838047817534e-91,0.555394593427048,1,1,1.3010826716061e-86,"5","PTMA"
9.33536248710572e-91,0.578292453012232,0.598,0.138,1.32767525291618e-86,"5","GDE1"
1.05275892370916e-90,0.715424240079778,0.627,0.15,1.49723374129916e-86,"5","DDX41"
1.10768877308123e-90,0.576482473922416,0.646,0.155,1.57535497307613e-86,"5","TRIM26"
1.11005806301816e-90,0.784755314266714,0.8,0.22,1.57872457722442e-86,"5","MPHOSPH6"
1.20419024368483e-90,0.827187362772045,0.983,0.898,1.71259936456857e-86,"5","PSMA7"
1.22726012711558e-90,1.04688791316413,0.968,0.634,1.74540935278378e-86,"5","NDUFB3"
1.23752664146064e-90,1.03855129256857,0.973,0.688,1.76001038948533e-86,"5","GNAI2"
1.48207119584366e-90,0.863055085689564,0.461,0.091,2.10780165472885e-86,"5","NCOR2"
1.66339712160927e-90,0.559107678381853,0.478,0.095,2.36568338635271e-86,"5","IL15RA"
1.69852183887414e-90,0.864986884498097,0.554,0.123,2.4156377592468e-86,"5","ECE1"
1.82764411450215e-90,1.36848627695286,0.298,0.04,2.59927545964495e-86,"5","TESK1"
2.11447331997932e-90,0.616497677185406,0.646,0.158,3.00720395567459e-86,"5","C12orf43"
2.55193031580869e-90,1.01292110542938,0.641,0.158,3.62935529514312e-86,"5","SREBF2"
2.83451734728469e-90,0.538868414034455,0.415,0.075,4.03125057130828e-86,"5","ATG4A"
3.16903678408018e-90,1.26306487905894,0.907,0.333,4.50700411431883e-86,"5","EIF4G1"
3.22408815618301e-90,0.918611396444071,0.978,0.76,4.58529817572348e-86,"5","ATP5F1C"
3.65167898400987e-90,0.577119093224274,0.717,0.183,5.19341785105883e-86,"5","CSTF1"
3.93072652947927e-90,0.609228376193011,0.998,0.992,5.59027927022541e-86,"5","OAZ1"
4.17376331552756e-90,1.26168919076342,0.966,0.515,5.93592618734329e-86,"5","SUPT4H1"
4.31281130626905e-90,0.805002166017744,0.468,0.093,6.13368023977584e-86,"5","DHTKD1"
4.3632849232923e-90,0.651550830998894,0.761,0.202,6.20546381790631e-86,"5","MRE11"
4.81328616565011e-90,0.556231233825962,0.559,0.124,6.84545558478758e-86,"5","GLE1"
4.93708589352288e-90,1.09821951637723,0.822,0.245,7.02152355776824e-86,"5","DCUN1D5"
5.54999774656431e-90,0.580987869635039,0.563,0.127,7.89320679516376e-86,"5","TEN1"
5.61552531879952e-90,0.590443641200594,0.549,0.121,7.98640010839667e-86,"5","ZNF236-DT"
5.68311956011564e-90,1.35035843423062,0.902,0.377,8.08253263839646e-86,"5","CDK4"
6.33386386726616e-90,1.10861661067206,0.802,0.24,9.00802119202594e-86,"5","EIF4G3"
6.76244232832184e-90,0.807344455999913,0.412,0.075,9.61754547933932e-86,"5","CCDC171"
6.91098007439974e-90,0.590350512555511,0.629,0.15,9.82879586181131e-86,"5","CSNK2A2"
8.4865923552214e-90,0.588768278844653,0.424,0.078,1.20696316475959e-85,"5","ERF"
8.58799489621953e-90,1.11816512077466,0.388,0.068,1.22138463414034e-85,"5","PHLPP1"
9.3803175407734e-90,1.18184365218695,0.973,0.53,1.33406876064879e-85,"5","ELOC"
9.96907481280979e-90,1.28011085727356,0.898,0.307,1.41780181987781e-85,"5","UBE2F"
1.1225487406411e-89,0.881741644595141,0.81,0.233,1.59648881893977e-85,"5","GNL1"
1.26527834934061e-89,1.06579769627671,0.385,0.066,1.79947886843222e-85,"5","EFCAB7"
1.33212294683056e-89,1.2283854830766,0.915,0.337,1.89454525498242e-85,"5","ATOX1"
1.34441475528915e-89,0.915038964679099,0.876,0.264,1.91202666497223e-85,"5","DDA1"
1.445071163878e-89,0.772520465612674,0.42,0.077,2.05518020926729e-85,"5","ZNF789"
1.6583781262844e-89,1.03796785381751,0.834,0.246,2.35854537120167e-85,"5","MSH2"
1.75039584740598e-89,0.983389755822768,0.878,0.274,2.48941297418079e-85,"5","TACC1"
1.80535027768091e-89,1.24513271124273,0.295,0.04,2.5675691649178e-85,"5","CEP112"
1.81043859159199e-89,1.00063291002146,0.49,0.105,2.57480576496212e-85,"5","PMAIP1"
1.83474108161823e-89,0.668730036730643,0.573,0.131,2.60936876627745e-85,"5","SIRT6"
1.94928393171289e-89,0.947965617665645,0.424,0.079,2.77227160768208e-85,"5","STIMATE"
2.22029940949815e-89,1.12143897214549,0.629,0.172,3.15770982018827e-85,"5","CD79A"
2.44794123899216e-89,0.542401218417321,0.522,0.111,3.48146203009465e-85,"5","STK40"
2.54059694132364e-89,0.876084094745488,0.412,0.075,3.61323696995049e-85,"5","INTS2"
2.59781443240228e-89,1.08920684810593,0.48,0.099,3.69461168576252e-85,"5","AAMDC"
2.78666494252007e-89,0.884693531344497,0.773,0.215,3.96319488125204e-85,"5","AIMP2"
2.86463307916809e-89,0.778516470874857,0.646,0.159,4.07408116519285e-85,"5","ELAC2"
3.21156079465482e-89,0.853877274977939,0.722,0.192,4.56748176215808e-85,"5","EOLA2"
3.2614246273185e-89,1.18178166776759,0.324,0.049,4.63839810497238e-85,"5","PIK3AP1"
3.52649271462027e-89,1.01266528137734,0.544,0.121,5.01537793873295e-85,"5","NLE1"
4.0760977827997e-89,0.620182925795186,0.517,0.111,5.79702626669773e-85,"5","LARP1B"
4.64257117348992e-89,1.14631734236485,0.961,0.586,6.60266472293737e-85,"5","NDUFAB1"
5.06243945995013e-89,1.33293262423381,0.751,0.216,7.19980139994107e-85,"5","NAMPT"
5.47217347457469e-89,0.834749431025083,0.82,0.237,7.78252511554013e-85,"5","CDK5RAP2"
6.40988097270664e-89,0.588728786602969,0.605,0.143,9.11613271938338e-85,"5","RBM15B"
6.49667016390504e-89,0.690118368393957,0.798,0.218,9.23956430710575e-85,"5","RWDD4"
6.57596117247633e-89,0.649694527545671,0.578,0.133,9.35233197949584e-85,"5","MGRN1"
6.64980556166245e-89,1.25494479225798,0.92,0.374,9.45735346979634e-85,"5","USP1"
6.78855067088848e-89,0.662245589272734,0.41,0.074,9.65467676413759e-85,"5","GRAMD2B"
7.0222313074786e-89,0.655951882180535,0.498,0.104,9.98701736549606e-85,"5","ELK1"
7.53894051969298e-89,0.812647233725192,0.856,0.25,1.07218812071074e-84,"5","TMEM126A"
7.82448801275794e-89,1.2797560024119,0.329,0.051,1.11279868517443e-84,"5","HLA-DRB5"
7.99289910052122e-89,0.990232809566256,0.346,0.055,1.13675011007613e-84,"5","ENSG00000289359"
8.82709356036406e-89,0.758221465854525,0.729,0.196,1.25538924615498e-84,"5","ST8SIA4"
9.16384114361976e-89,1.23967939353362,0.634,0.164,1.3032814874456e-84,"5","UBASH3B"
9.83109149326469e-89,0.54933516577931,0.62,0.15,1.3981778321721e-84,"5","MAP7D3"
1.20172990966619e-88,1.41768126740878,0.888,0.406,1.70910027752726e-84,"5","ITM2C"
1.47084561850009e-88,0.508311507445331,0.595,0.138,2.09183663863083e-84,"5","SLC25A17"
1.58337180080501e-88,0.529526512360095,0.532,0.115,2.25187137510489e-84,"5","CRTAP"
1.6038796568096e-88,1.01388771105067,0.98,0.677,2.28103764791461e-84,"5","PSMA6"
1.71586324381928e-88,0.649937870014384,0.454,0.089,2.44030070535979e-84,"5","HEATR6"
1.91382444457961e-88,0.863657371284686,0.802,0.226,2.72184112508112e-84,"5","EIF4EBP2"
1.92489284312773e-88,1.21265172159749,0.263,0.032,2.73758260149626e-84,"5","ENSG00000258875"
2.02530844511264e-88,0.677514481431464,0.763,0.204,2.8803936706392e-84,"5","DNTTIP1"
2.07088362418845e-88,1.00980170832573,0.324,0.049,2.94521069032081e-84,"5","FLVCR1-DT"
2.79798607834734e-88,0.671371009258853,0.473,0.096,3.97929580062559e-84,"5","TTI1"
2.90630550930397e-88,0.595094702160307,0.61,0.145,4.13334769533211e-84,"5","FAM98A"
3.26797970833478e-88,0.656238256773704,0.427,0.08,4.64772074119372e-84,"5","RHBDD3"
3.27759835333485e-88,0.723205248527316,0.688,0.176,4.66140037811283e-84,"5","TNPO3"
3.35461789832477e-88,0.601761719380664,0.598,0.14,4.77093757499749e-84,"5","VPS35L"
3.41324560655172e-88,0.63605527449238,0.651,0.161,4.85431790163786e-84,"5","FKBP15"
3.51999247242227e-88,0.688053262238505,0.571,0.132,5.00613329427895e-84,"5","FBXO4"
3.87741878955807e-88,0.772138665016101,0.771,0.209,5.51446500250949e-84,"5","ACO2"
3.87848698306977e-88,0.836497338994243,0.805,0.229,5.51598418732183e-84,"5","NFKBIB"
4.42843062277079e-88,1.19960341771884,0.951,0.429,6.29811403170461e-84,"5","UQCRC1"
4.45391163765819e-88,0.843767114609138,0.434,0.084,6.33435313107748e-84,"5","KLHL18"
4.47068707127324e-88,1.47463312588012,0.737,0.236,6.3582111527648e-84,"5","PRF1"
5.86997478483616e-88,0.769964248359419,0.729,0.195,8.34827813899398e-84,"5","UBAP2"
6.05283389215087e-88,0.633157307930715,0.654,0.162,8.60834036141697e-84,"5","PCCB"
6.14914304668882e-88,1.0397354936084,0.9,0.287,8.74531124100083e-84,"5","CLTC"
6.22442672908942e-88,0.836160348141501,0.988,0.871,8.85237969411097e-84,"5","ANP32B"
6.33815729125438e-88,0.693963007067672,0.793,0.216,9.01412729962198e-84,"5","UBL4A"
6.55323025013394e-88,0.698366611942801,0.5,0.104,9.32000406174049e-84,"5","SHQ1"
6.80649890948713e-88,0.612302978381901,0.544,0.121,9.68020274907259e-84,"5","RFT1"
7.38302776722936e-88,0.661860964984484,0.629,0.154,1.05001420905536e-83,"5","CCDC6"
7.6604799746282e-88,0.728734814079054,0.466,0.094,1.08947346199162e-83,"5","HPS6"
8.3144954134501e-88,0.784840450352947,0.456,0.09,1.18248753770087e-83,"5","PPP4R1"
8.34168725152055e-88,0.959944026895557,0.359,0.059,1.18635476091125e-83,"5","CENPB"
8.62980694836196e-88,0.573989349364286,0.827,0.231,1.22733114419604e-83,"5","HPF1"
9.30505445930479e-88,0.967204327996386,0.356,0.059,1.32336484520233e-83,"5","HIP1"
1.04946480988487e-87,1.11300849587682,0.829,0.261,1.49254885261826e-83,"5","SRRT"
1.16329877105249e-87,0.8734854223318,0.39,0.07,1.65444351219085e-83,"5","ATN1"
1.22514587104471e-87,0.651757158119232,0.429,0.081,1.74240245779978e-83,"5","ARID3B"
1.43055932944192e-87,0.599314097076738,0.593,0.14,2.0345414783323e-83,"5","ASH2L"
1.48593356108005e-87,0.94072513125295,0.802,0.238,2.11329471056805e-83,"5","PFKP"
1.56420603634608e-87,0.84496533256454,0.717,0.192,2.2246138248914e-83,"5","HLTF"
1.64078423382126e-87,0.8192224428763,0.32,0.047,2.33352333734059e-83,"5","SLC4A2"
1.64413070118757e-87,1.05401548239066,0.817,0.252,2.33828268322896e-83,"5","BATF"
1.7084362719218e-87,1.44482802362515,0.278,0.036,2.42973806592719e-83,"5","ZNF704"
1.71702841111906e-87,0.791227873896429,0.563,0.131,2.44195780629353e-83,"5","GFI1"
2.03139834931682e-87,0.837152826189377,0.99,0.978,2.88905473239838e-83,"5","MIF"
2.17380475360581e-87,2.52059524299225,0.263,0.034,3.09158512057819e-83,"5","LINC01281"
2.58306648876828e-87,1.41639680520626,0.512,0.115,3.67363716032624e-83,"5","TRPS1"
2.67450208083849e-87,1.21209952952779,0.949,0.386,3.80367685936849e-83,"5","STOML2"
2.95068263611995e-87,0.646628595628802,0.478,0.099,4.19646084508979e-83,"5","VAT1"
3.01388215727833e-87,0.724291301043273,0.578,0.136,4.28634320408124e-83,"5","TUBGCP3"
3.18295970854666e-87,1.03440174321045,0.976,0.66,4.52680529749506e-83,"5","SNRPD3"
3.32014128608165e-87,0.800402237604347,0.678,0.175,4.72190493706532e-83,"5","COQ9"
3.32581294639412e-87,0.505481280527931,0.554,0.125,4.72997117236172e-83,"5","ALDH3A2"
3.4386315637301e-87,0.835818386109539,0.641,0.161,4.89042180993695e-83,"5","QDPR"
3.46868664549969e-87,1.04772371434777,0.976,0.737,4.93316614722966e-83,"5","NUCKS1"
3.53822912697107e-87,1.07459443404931,0.459,0.094,5.03206946437826e-83,"5","PNPO"
3.55818527237149e-87,0.997194500350668,0.354,0.059,5.06045109436673e-83,"5","F11R"
3.88570550879956e-87,0.713387968959822,0.415,0.077,5.52625037461474e-83,"5","AVEN"
3.91336859756001e-87,0.822699066287944,0.717,0.191,5.56559281944984e-83,"5","TRUB2"
4.3036139320274e-87,0.693864979022828,0.69,0.179,6.12059973412937e-83,"5","BDH1"
4.33503236518133e-87,0.709290397933409,0.734,0.199,6.16528302976088e-83,"5","CASP6"
4.50447334335154e-87,2.11378901448596,0.278,0.038,6.40626198891456e-83,"5","ELAPOR1"
5.06275394668581e-87,0.757590474802891,0.385,0.068,7.20024866297656e-83,"5","ENDOV"
5.83387204141315e-87,1.15558231403,0.968,0.506,8.29693281729779e-83,"5","C17orf49"
6.84834297406362e-87,1.11655709523205,0.934,0.344,9.73971337771328e-83,"5","TGFB1"
7.14274129660207e-87,0.826399927813704,0.351,0.057,1.01584066720275e-82,"5","MYBL1"
8.1947346585677e-87,0.767609051961567,0.59,0.141,1.1654551631415e-82,"5","ACACA"
8.27501534449374e-87,0.771484075351811,0.8,0.224,1.1768726822939e-82,"5","TSFM"
8.36542923394352e-87,0.886787339477483,0.88,0.275,1.18973134565145e-82,"5","MFAP1"
8.97158141050855e-87,0.645068149410113,0.527,0.118,1.27593830820253e-82,"5","TOX-DT"
9.72943391828806e-87,0.651293261401249,0.439,0.085,1.38372009185893e-82,"5","RABEP2"
9.84813026563292e-87,0.566017409303444,0.571,0.131,1.40060108637831e-82,"5","GET1"
1.03716161936625e-86,0.696850797081262,0.702,0.182,1.47505125506267e-82,"5","TOLLIP"
1.16044650026666e-86,0.868224421200977,0.32,0.048,1.65038701267924e-82,"5","RBMS2"
1.18238202984216e-86,0.743487262793543,0.383,0.067,1.68158372284152e-82,"5","SETD1A"
1.28592301101449e-86,0.773757852246446,0.776,0.217,1.82883970626481e-82,"5","DFFA"
1.35264734479013e-86,0.802404226963487,0.732,0.198,1.92373505376052e-82,"5","GTF3C5"
1.46989007025857e-86,0.730955531335056,0.671,0.171,2.09047765792174e-82,"5","NTHL1"
1.69949673054787e-86,0.897123940785472,0.317,0.047,2.41702425018517e-82,"5","MVK"
1.81290330472671e-86,1.11080282013054,0.898,0.302,2.57831107998233e-82,"5","PSMD3"
1.85106160933566e-86,0.63200884040643,0.561,0.128,2.63257982079718e-82,"5","RAD54L2"
1.90712665255403e-86,0.60342074526696,0.707,0.182,2.71231552526234e-82,"5","COQ5"
1.99419396514552e-86,0.72165437893078,0.429,0.083,2.83614265722996e-82,"5","PALM2AKAP2"
2.12873508859064e-86,0.912894017791407,0.717,0.196,3.02748704299361e-82,"5","GTF3C1"
2.16400772115461e-86,1.15580642277885,0.3,0.043,3.07765178102609e-82,"5","LIPE"
2.39422563383041e-86,1.07975508045453,0.924,0.326,3.40506769643361e-82,"5","MLEC"
2.44550189305975e-86,0.909233165369548,0.883,0.274,3.47799279230958e-82,"5","UROD"
3.22539832154068e-86,0.663137024895568,0.551,0.126,4.58716149289515e-82,"5","ESRRA"
3.71563014131106e-86,0.995805200776885,0.6,0.148,5.28436918697259e-82,"5","IL21R"
4.07569300547712e-86,0.635628082403451,0.459,0.092,5.79645059238956e-82,"5","TNPO2"
4.57577473416171e-86,1.04004839734597,0.837,0.264,6.50766682692479e-82,"5","GPRIN3"
6.19081694980256e-86,1.07079717559618,0.959,0.548,8.8045798660092e-82,"5","SEC11A"
6.2712014566824e-86,1.34142011393843,0.966,0.673,8.91890271169371e-82,"5","SRGN"
7.61402305626967e-86,0.677720519781568,0.515,0.113,1.08286635906267e-81,"5","PNPLA4"
8.16102009850512e-86,0.951928954541645,0.463,0.096,1.1606602784094e-81,"5","INPPL1"
8.29518216285958e-86,0.676797476866075,0.615,0.149,1.17974080720189e-81,"5","OGFOD1"
8.7240600029021e-86,0.734333510608032,0.773,0.214,1.24073581361274e-81,"5","ALAS1"
8.73561165571872e-86,1.06149352482583,0.968,0.597,1.24237868967632e-81,"5","PSMB6"
9.90266015333376e-86,0.716973294718484,0.615,0.15,1.40835632700713e-81,"5","TSR1"
1.06962863956633e-85,0.947610067906916,0.446,0.09,1.52122585119124e-81,"5","PWP2"
1.08610289300436e-85,1.14976834591788,0.256,0.031,1.5446555344308e-81,"5","SLX4"
1.1242972935386e-85,0.849318637108809,0.783,0.225,1.59897561087059e-81,"5","AP3D1"
1.46369111919545e-85,0.767840862504443,0.529,0.12,2.08166150971977e-81,"5","NUDT16"
1.71160410957072e-85,0.556564467328597,0.624,0.153,2.43424336463148e-81,"5","KDM2B"
1.76295303180187e-85,1.03739136719279,0.827,0.253,2.50727180182862e-81,"5","PPP1R16B"
1.79257871727285e-85,0.597354596045295,0.632,0.156,2.54940545170544e-81,"5","YEATS2"
2.19810444011499e-85,0.65767880336522,0.717,0.191,3.12614413473153e-81,"5","ATG10"
2.27154190233501e-85,1.04563818755725,0.91,0.298,3.23058689350085e-81,"5","MRPL47"
2.56489033864371e-85,0.945384699932361,0.432,0.085,3.64778703961909e-81,"5","SLC2A13"
2.69313957075176e-85,0.950021402173762,0.983,0.885,3.83018309752315e-81,"5","EIF4A1"
2.96560109985666e-85,1.15356729429203,0.971,0.492,4.21767788421614e-81,"5","UBE2N"
2.97463090076205e-85,0.934891343124791,0.541,0.126,4.23052006706379e-81,"5","TLE3"
3.04250240257813e-85,0.834367971240274,0.785,0.225,4.32704691694662e-81,"5","ORAI2"
3.04402859788505e-85,1.01374469695444,0.98,0.594,4.32921747191212e-81,"5","CLTA"
3.31913016807329e-85,1.18218859925879,0.795,0.242,4.72046692503383e-81,"5","HDAC7"
3.44478600170306e-85,0.540158308172089,0.541,0.122,4.89917465162209e-81,"5","C12orf4"
3.76477869978947e-85,0.522653877912688,0.627,0.154,5.35426826684058e-81,"5","YARS2"
4.01228092211739e-85,0.647087770659029,0.471,0.098,5.70626592743536e-81,"5","DAPK3"
4.13235853360236e-85,1.26729251594436,0.841,0.284,5.87704030648927e-81,"5","MDFIC"
4.35096965144358e-85,0.555914213921037,0.688,0.179,6.18794903828306e-81,"5","FBXO22"
4.9159748046671e-85,0.691117432214678,0.363,0.062,6.99149936719755e-81,"5","ATAD3B"
5.26321995528747e-85,0.870115777613445,0.588,0.143,7.48535142040984e-81,"5","ANKRD28"
5.3452829701662e-85,0.849604101296436,0.449,0.092,7.60206144017038e-81,"5","ACP2"
5.61394381693047e-85,0.555662389467763,0.663,0.167,7.98415089643852e-81,"5","PATL1"
5.72487280377833e-85,0.584043949310654,0.488,0.104,8.14191410153354e-81,"5","WIPF2"
5.73070743923675e-85,0.767869159469234,0.741,0.202,8.15021212008251e-81,"5","NME7"
5.99033140539282e-85,0.826455350355169,0.754,0.21,8.51944932474967e-81,"5","HMGXB4"
6.0062694217257e-85,1.32192233126819,0.285,0.039,8.54211637157828e-81,"5","POLR1G"
7.33207793526117e-85,0.583269606881865,0.693,0.18,1.04276812395284e-80,"5","KATNA1"
7.53243577283035e-85,0.502196546049536,0.549,0.125,1.07126301561193e-80,"5","STK32C"
7.71552632535681e-85,0.891289685919233,0.905,0.291,1.09730215399225e-80,"5","RTN3"
1.01321279764902e-84,0.834890273443749,0.985,0.924,1.44099124081644e-80,"5","NME2"
1.02252250723218e-84,0.850659171100971,0.354,0.059,1.4542315097856e-80,"5","TTLL12"
1.1479945929182e-84,0.70710784002061,0.761,0.208,1.63267791004826e-80,"5","HECTD4"
1.36915807453702e-84,0.558197315683976,0.685,0.177,1.94721661360655e-80,"5","UNC45A"
1.63235161354735e-84,0.533470678128076,0.693,0.18,2.32153046478704e-80,"5","TAF2"
1.67068630546261e-84,0.510018097032799,0.524,0.117,2.37605006362892e-80,"5","ADAT1"
1.7667102788727e-84,0.77683697436871,0.724,0.199,2.51261535861275e-80,"5","PTPN18"
1.90048622786413e-84,0.616879865772514,0.622,0.154,2.70287151326836e-80,"5","MAIP1"
2.03040209168961e-84,0.7099227735091,0.505,0.111,2.88763785480096e-80,"5","VAMP1"
2.06039519276617e-84,0.879118818307222,0.478,0.102,2.93029404315204e-80,"5","SUSD6"
2.49966341292647e-84,1.56435500387129,0.363,0.066,3.55502130586403e-80,"5","SMIM24"
2.62622113352771e-84,1.08451651537027,0.756,0.226,3.73501169610311e-80,"5","GNPTAB"
2.64924406253879e-84,1.07781671660657,0.944,0.362,3.76775490574267e-80,"5","XPO1"
2.74700592871203e-84,0.862931460415386,0.52,0.117,3.90679183181425e-80,"5","CBX6"
2.84157154883627e-84,0.690441485383633,0.766,0.213,4.04128305675495e-80,"5","MRPS17"
3.3667747823667e-84,0.833712444990254,0.48,0.104,4.78822709548193e-80,"5","RASSF2"
3.48183727993359e-84,0.681221779823604,0.805,0.231,4.95186897952155e-80,"5","LEO1"
3.7622156509768e-84,0.551804867476627,0.524,0.117,5.3506230988192e-80,"5","CARMIL2"
3.88583352330219e-84,0.953116360231484,0.349,0.059,5.52643243684038e-80,"5","HECTD3"
4.44062139785146e-84,0.845529696957762,0.776,0.217,6.31545175202435e-80,"5","MRPS27"
4.50704704201558e-84,0.517363515324174,0.488,0.104,6.40992230315456e-80,"5","KIF21B"
5.08455488483052e-84,0.877379301951545,0.98,0.796,7.23125395720597e-80,"5","HMGN1"
5.1088857166081e-84,1.04190993372897,0.924,0.328,7.26585726616003e-80,"5","GSTM1"
5.19932389422372e-84,1.01690838485888,0.705,0.192,7.39447844236498e-80,"5","MDM2"
5.35879491587979e-84,0.600810769205691,0.412,0.079,7.62127812936424e-80,"5","LDAF1"
5.46965289231117e-84,0.760034151980226,0.459,0.094,7.77894034344495e-80,"5","EIF1AD"
5.49406204834575e-84,0.689042725399363,0.541,0.125,7.81365504515732e-80,"5","AGPAT1"
5.64233443324644e-84,1.47241145670568,0.256,0.032,8.02452803096309e-80,"5","GPR68"
5.83521228281347e-84,0.590462899953952,0.685,0.178,8.29883890861731e-80,"5","SENP1"
5.90005196243638e-84,0.524481726284591,0.468,0.098,8.39105390097703e-80,"5","SEC24D"
6.28460223260739e-84,0.931061370501305,0.973,0.737,8.93796129521423e-80,"5","POLR2L"
6.99805310953884e-84,0.554246478819797,0.478,0.101,9.95263113238614e-80,"5","LRWD1"
7.0824758334585e-84,0.884787335755432,0.588,0.144,1.00726971303447e-79,"5","HIVEP1"
7.85208120610753e-84,0.500142178215529,0.466,0.097,1.11672298913261e-79,"5","FRMD8"
8.8382428577172e-84,0.797941721824083,0.824,0.242,1.25697489922454e-79,"5","RMDN1"
9.16045866315417e-84,0.580043958883941,0.644,0.163,1.30280043107379e-79,"5","SNAP47"
9.26567885290187e-84,0.557287953510993,0.49,0.106,1.3177648464597e-79,"5","PHYH"
9.59108346609965e-84,1.00070701654319,0.851,0.279,1.36404389054869e-79,"5","DBF4"
9.88911109047931e-84,0.848473037844755,0.449,0.092,1.40642937928797e-79,"5","TRIB3"
1.06146427946891e-83,1.18196361790897,0.278,0.038,1.50961449826068e-79,"5","KLHL23"
1.20372630838e-83,0.570637049606129,0.624,0.155,1.71193955577804e-79,"5","CERS5"
1.21608526366402e-83,0.75134673852084,0.832,0.248,1.72951646198297e-79,"5","TIMM50"
1.23817994207452e-83,1.07556163558903,0.52,0.12,1.76093951361839e-79,"5","LINC01588"
1.35904968744008e-83,0.683105357424239,0.61,0.15,1.93284046547728e-79,"5","PES1"
1.39068327286465e-83,1.00122535826032,0.432,0.087,1.9778297506681e-79,"5","SLC25A15"
1.44211075430722e-83,0.597979229932513,0.561,0.132,2.05096991477573e-79,"5","EYA3"
1.44541200270029e-83,0.615369091858339,0.532,0.12,2.05566495024035e-79,"5","MLKL"
1.54142718631083e-83,0.578574966732507,0.515,0.115,2.19221774437126e-79,"5","SFR1"
1.62235545198696e-83,1.07423176987507,0.937,0.347,2.30731392381586e-79,"5","SRPK1"
1.67876871146975e-83,0.790034297360154,0.395,0.074,2.38754486145228e-79,"5","TUBGCP4"
1.69298467598478e-83,0.504400929897025,0.644,0.162,2.40776280618555e-79,"5","CHID1"
1.69299812467912e-83,0.794216284180972,0.4,0.075,2.40778193291865e-79,"5","ADNP2"
1.93592720988426e-83,1.09278239441412,0.924,0.334,2.75327567789739e-79,"5","FERMT3"
1.9790639343589e-83,1.07253725043867,0.271,0.036,2.81462472744523e-79,"5","TP53I11"
2.09165523801162e-83,0.595015146603544,0.559,0.13,2.97475207950012e-79,"5","TBC1D31"
2.35919392394775e-83,1.16421012494629,0.349,0.06,3.35524559863849e-79,"5","H2AC25"
2.74061561635407e-83,1.13552737069874,0.944,0.377,3.89770352957875e-79,"5","ITGB2"
2.97145891637136e-83,0.819036932351656,0.473,0.102,4.22600887086335e-79,"5","NBEAL2"
3.00588232278066e-83,0.591151601542661,0.576,0.138,4.27496583945866e-79,"5","ACADS"
3.18020962658257e-83,1.96477820181601,0.276,0.038,4.52289413092573e-79,"5","TEX14"
3.20570917235748e-83,1.06485164756206,0.927,0.323,4.55915958492681e-79,"5","GET3"
3.28830432295645e-83,0.513019641149507,0.417,0.081,4.67662640810866e-79,"5","NAA40"
3.39293394451242e-83,0.521834744050363,0.488,0.105,4.82543065588556e-79,"5","TANGO2"
3.58669157636446e-83,0.652264500942921,0.576,0.139,5.10099275990553e-79,"5","SIL1"
3.64388527176559e-83,0.720818485955708,0.441,0.09,5.18233363350502e-79,"5","TMEM120B"
3.65364305736663e-83,0.630913072576371,0.366,0.064,5.19621115618682e-79,"5","KIF1B"
3.73219566596176e-83,0.877732313644093,0.983,0.758,5.30792867613082e-79,"5","SRSF9"
3.88644765189907e-83,0.708547150782031,0.707,0.191,5.52730585053086e-79,"5","STX6"
4.07084492333778e-83,0.835410801638313,0.346,0.058,5.78955564997099e-79,"5","ATP10D"
4.18733066418065e-83,0.743685890166402,0.82,0.24,5.95522167059772e-79,"5","MRPL35"
4.22213047517835e-83,1.1099033286505,0.954,0.43,6.00471396179865e-79,"5","NUDT5"
4.7761067220438e-83,0.622749812697569,0.617,0.154,6.79257898009069e-79,"5","GSK3A"
5.27135692756465e-83,0.792179089304987,0.783,0.227,7.49692382238245e-79,"5","KCTD20"
5.59017813851018e-83,0.606649331393472,0.739,0.202,7.95035134858918e-79,"5","PITPNA"
5.64598630144398e-83,1.12225635777187,0.944,0.377,8.02972171791363e-79,"5","SNX5"
5.76994043273273e-83,0.588184683967194,0.454,0.094,8.20600928343249e-79,"5","TMEM127"
5.85976239587532e-83,0.852056725455975,0.968,0.997,8.33375407941389e-79,"5","MT-CYB"
5.98871768961401e-83,0.730091350111107,0.393,0.073,8.51715429816904e-79,"5","DNASE1L1"
7.45493800559508e-83,1.05203826945202,0.944,0.405,1.06024128315573e-78,"5","FKBP3"
8.13091723995513e-83,1.17599588635626,0.356,0.063,1.15637904986642e-78,"5","NAB2"
8.38872656961983e-83,1.13089462479015,0.968,0.555,1.19304469273133e-78,"5","SUPT16H"
8.43086621228055e-83,0.606426930837968,0.532,0.121,1.19903779271054e-78,"5","SACS"
8.90085781244475e-83,0.705517245015088,0.737,0.206,1.26587999808589e-78,"5","N4BP2"
9.37785070219853e-83,1.04545210814506,0.324,0.052,1.33371792686668e-78,"5","ENTREP3"
9.66055195580458e-83,0.926031510725327,0.385,0.071,1.37392369915453e-78,"5","MTMR8"
9.73930729373279e-83,0.832156654201619,0.812,0.237,1.38512428331468e-78,"5","BAK1"
1.06765858877239e-82,0.637584105246173,0.437,0.088,1.51842404495209e-78,"5","LRRC57"
1.12240563716098e-82,1.1542830758195,0.285,0.04,1.59628529717034e-78,"5","CPB2-AS1"
1.4312842056839e-82,0.875410227680906,0.839,0.255,2.03557239732364e-78,"5","SLX9"
1.43236914907793e-82,0.50927248438133,0.651,0.165,2.03711540381863e-78,"5","PEX19"
1.62575171960071e-82,1.03666151637969,0.88,0.293,2.31214409561613e-78,"5","COPS3"
1.63835958711265e-82,0.64386955509053,0.29,0.042,2.33007500479161e-78,"5","RPP14"
1.76844835376197e-82,0.870904065603141,0.817,0.244,2.51508724872028e-78,"5","UBA1"
2.0314570241765e-82,0.748716324613065,0.988,0.877,2.88913817978382e-78,"5","NDUFA13"
2.05445886083478e-82,1.07046267661197,0.963,0.534,2.92185139187922e-78,"5","AP2S1"
2.28687369511835e-82,1.13724644298661,0.883,0.291,3.25239176919732e-78,"5","SLC25A11"
2.34178660293729e-82,1.22467303112194,0.966,0.656,3.33048890669742e-78,"5","CALR"
2.50521049481341e-82,0.734879828993619,0.773,0.22,3.56291036572364e-78,"5","TMA16"
2.51912952674923e-82,1.1380299306463,0.317,0.05,3.58270601294275e-78,"5","KIF1C"
2.54513789233839e-82,0.864992227623137,0.341,0.057,3.61969511048366e-78,"5","ADO"
2.62609243118114e-82,0.608577661192331,0.602,0.149,3.73482865562581e-78,"5","TRPV2"
2.63515058851247e-82,0.614171786735809,0.739,0.204,3.74771116698243e-78,"5","CEP78"
2.74450069662002e-82,0.608467677789279,0.72,0.193,3.903228890733e-78,"5","NUP160"
3.05939582950604e-82,1.99768357092156,0.341,0.059,4.35107274872349e-78,"5","H2BC18"
3.08248388046419e-82,0.782096647762061,0.688,0.182,4.38390857479617e-78,"5","NRAS"
3.44647074912125e-82,1.05239317439906,0.39,0.074,4.90157069940024e-78,"5","FZR1"
3.50727994296874e-82,0.598885770746444,0.385,0.071,4.98805353489014e-78,"5","MCPH1-DT"
3.6489309227129e-82,1.000780659378,0.251,0.031,5.18950955828229e-78,"5","RANBP3-DT"
4.03792051637226e-82,0.777860572666302,0.98,0.857,5.74273055838462e-78,"5","UQCRH"
4.12300425420071e-82,0.576067344178996,0.407,0.078,5.86373665032425e-78,"5","ALG9"
4.13588555042579e-82,0.986247313919921,0.398,0.076,5.88205642981556e-78,"5","FSD1"
4.49039409421375e-82,0.996665161018086,0.978,0.64,6.3862384807908e-78,"5","ROMO1"
4.49682541944099e-82,0.881869341747233,0.973,0.731,6.39538511152897e-78,"5","RBX1"
4.80608759777239e-82,0.739652667251103,0.756,0.213,6.8352177815519e-78,"5","TMED3"
5.10187024139095e-82,0.981158881943851,0.417,0.083,7.25587985730621e-78,"5","NOTCH1"
5.42198580061988e-82,0.628460193354353,0.366,0.065,7.7111482056416e-78,"5","TCP11L1"
5.53524495063052e-82,1.10285009123878,0.327,0.054,7.87222536878673e-78,"5","SVIL-AS1"
5.82856511674377e-82,0.689219059651,0.322,0.051,8.28938530903299e-78,"5","CD99L2"
6.05174715866378e-82,0.988959709033683,0.963,0.629,8.60679480905163e-78,"5","MZT2A"
6.0899903651455e-82,0.776356760943955,0.81,0.241,8.66118429730993e-78,"5","APIP"
6.45084680304594e-82,0.601131084962829,0.539,0.126,9.17439432329193e-78,"5","SLC38A10"
6.6393294608209e-82,0.73825039318374,0.459,0.096,9.44245435917949e-78,"5","NCLN"
6.88337985182139e-82,1.56861658854562,0.263,0.035,9.78954282526037e-78,"5","H2BC6"
7.3153925054008e-82,0.691207049542804,0.544,0.128,1.0403951221181e-77,"5","MKNK1"
7.45649214008817e-82,1.11529011403416,0.954,0.379,1.06046231216334e-77,"5","PSMD2"
7.80294064711714e-82,0.744443044981142,0.38,0.071,1.109734218833e-77,"5","ENSG00000241490"
7.86307346172941e-82,1.0675673965511,0.385,0.073,1.11828630772716e-77,"5","TKFC"
1.04846922050584e-81,1.09893032351162,0.927,0.352,1.4911329254034e-77,"5","TIMM10"
1.15475969530704e-81,0.530191325451904,0.568,0.136,1.64229923866567e-77,"5","DCAKD"
1.21823008099198e-81,1.06129969802364,0.966,0.508,1.73256682118679e-77,"5","NDUFA6"
1.27853975142488e-81,0.631910870113969,0.549,0.129,1.81833923447647e-77,"5","WDR55"
1.31103955943907e-81,0.800470484166239,0.324,0.052,1.86456046143425e-77,"5","ENSG00000214719"
1.42532850389591e-81,1.266221588786,0.702,0.207,2.02710219824076e-77,"5","APOLD1"
1.79653525987997e-81,0.988248157438854,0.271,0.037,2.5550324466013e-77,"5","PYCR3"
1.86422767225135e-81,0.949534985161508,0.873,0.279,2.65130459547588e-77,"5","ELOVL1"
1.90070972260888e-81,0.698821950062513,0.302,0.046,2.70318936749435e-77,"5","ZSWIM9"
2.01525917516863e-81,0.718441505618419,0.593,0.147,2.86610159892483e-77,"5","NPLOC4"
2.20816806000888e-81,0.515827750256331,0.651,0.167,3.14045661494463e-77,"5","MIB1"
2.45144753272584e-81,0.726047037193699,0.754,0.214,3.48644868104269e-77,"5","AHCYL1"
2.63595199274173e-81,0.794403952796598,0.39,0.074,3.74885092407729e-77,"5","SLC12A2"
2.65734599035649e-81,0.651743729613919,0.746,0.206,3.77927746748499e-77,"5","SUGP2"
3.10336967907261e-81,0.549621791785191,0.415,0.081,4.41361235757706e-77,"5","TMEM214"
3.35446548538668e-81,0.823602636887194,0.398,0.076,4.77072081331694e-77,"5","GEMIN4"
3.44974822111817e-81,0.826666239817143,0.449,0.095,4.90623192007426e-77,"5","SCAF1"
4.52881385978712e-81,1.22053429457052,0.929,0.393,6.44087907138924e-77,"5","EIF4A3"
4.60468584011913e-81,0.578987984020746,0.539,0.126,6.54878420181742e-77,"5","ALDH16A1"
4.77452812336092e-81,0.769329043183787,0.739,0.209,6.7903338970439e-77,"5","HSPBP1"
5.12628341256056e-81,0.841417879657439,0.973,0.81,7.29060026934362e-77,"5","PSMB3"
5.40941662409952e-81,0.553163487899454,0.473,0.102,7.69327232279434e-77,"5","NSUN4"
7.01190425746016e-81,0.857889159129039,0.383,0.072,9.97233023495984e-77,"5","MROH1"
7.97141002094369e-81,0.662017028588885,0.476,0.104,1.13369393317861e-76,"5","BBS4"
8.58518552910003e-81,1.00547723029895,0.976,0.676,1.22098508594861e-76,"5","MSN"
8.61339179140792e-81,0.64365856825291,0.571,0.14,1.22499658057403e-76,"5","TRIM24"
9.83329117518102e-81,0.582661903752981,0.751,0.21,1.39849067093424e-76,"5","GEMIN6"
1.27579029549763e-80,1.12317731858789,0.78,0.255,1.81442895825673e-76,"5","WWOX"
1.32722313000815e-80,0.563728421544128,0.498,0.111,1.88757673549759e-76,"5","UBFD1"
1.4873146724287e-80,0.895431297587011,0.412,0.082,2.1152589271281e-76,"5","ZSWIM8"
1.65958195311455e-80,1.82924063162008,0.273,0.039,2.36025745371951e-76,"5","ZG16B"
1.66124190652243e-80,0.609610969744433,0.578,0.142,2.3626182394562e-76,"5","PDCD11"
1.93056122234127e-80,0.649287871576163,0.71,0.193,2.74564417041375e-76,"5","USP12"
2.00639837079641e-80,0.777717189021523,0.778,0.226,2.85349976294665e-76,"5","SMIM30"
2.07335713092599e-80,0.641808414693046,0.6,0.152,2.94872851160295e-76,"5","EEF1AKMT1"
2.07627047182546e-80,0.820031711206138,0.832,0.252,2.95287186503017e-76,"5","MRPS18A"
2.08162533301781e-80,0.763365076052646,0.393,0.075,2.96048754861794e-76,"5","DHX57"
2.59995273662119e-80,1.16241863545095,0.946,0.485,3.69765278202265e-76,"5","SMC3"
2.7098686543853e-80,0.995509698871868,0.729,0.214,3.85397520026678e-76,"5","PAK1"
2.80922192204795e-80,0.847176890069028,0.38,0.071,3.9952754175366e-76,"5","TRIP6"
2.83073629466245e-80,0.724114448199053,0.768,0.222,4.02587315826894e-76,"5","SPTLC2"
2.93409078165418e-80,0.617311100862642,0.615,0.155,4.17286390966858e-76,"5","UPF1"
3.04515271967961e-80,0.756173604399073,0.678,0.184,4.33081619792835e-76,"5","ECPAS"
3.50209355311882e-80,1.24883806293674,0.895,0.356,4.98067745124559e-76,"5","MRPL12"
3.63516498610973e-80,0.668784567674512,0.61,0.153,5.16993164324526e-76,"5","KLHL2"
3.71511224460082e-80,0.633071798768295,0.432,0.088,5.28363263427129e-76,"5","VAC14"
3.95925082659399e-80,0.574056416415368,0.549,0.13,5.63084652558198e-76,"5","SYMPK"
4.22413144692634e-80,0.608862942050411,0.632,0.161,6.00755974381865e-76,"5","PINX1"
4.33525253450463e-80,1.08537006357194,0.971,0.637,6.16559615457248e-76,"5","CCT6A"
5.55791023883354e-80,1.12413988444728,0.956,0.471,7.90445994166906e-76,"5","NUTF2"
5.78455931663869e-80,0.599351367879161,0.576,0.142,8.22680026012355e-76,"5","ZC3H4"
5.99781338636444e-80,1.56685401157063,0.341,0.061,8.5300901980875e-76,"5","IGFBP4"
6.10610901152217e-80,1.12970305991431,0.944,0.409,8.68410823618684e-76,"5","ANXA6"
6.50642343636686e-80,0.606241683779414,0.641,0.17,9.25343541120095e-76,"5","CEMIP2"
7.75070584331681e-80,0.5377653000622,0.605,0.152,1.10230538503652e-75,"5","CEP41"
7.79683502943957e-80,0.515166563413534,0.663,0.175,1.1088658778869e-75,"5","NAPG"
8.78028943704726e-80,1.05170974829154,0.883,0.316,1.24873276373686e-75,"5","SEPTIN11"
9.11202978430444e-80,0.540235818624733,0.395,0.075,1.29591287592378e-75,"5","MAFG"
9.2539748146467e-80,0.574779897357965,0.602,0.151,1.31610029813905e-75,"5","NOL9"
9.63630237371961e-80,1.05807221639566,0.388,0.075,1.3704749235904e-75,"5","PABPC1L"
9.92960177184796e-80,0.843812942252048,0.634,0.165,1.41218796399222e-75,"5","RBM14"
1.03684579402956e-79,0.941320287166707,0.361,0.065,1.47460208826884e-75,"5","UQCRHL"
1.04781224864472e-79,0.792124150146845,0.478,0.105,1.49019858002252e-75,"5","CCDC97"
1.0551239126202e-79,0.985663553170615,0.354,0.063,1.50059722852844e-75,"5","C15orf39"
1.08185124832223e-79,0.575864138099732,0.627,0.161,1.53860884536388e-75,"5","RCOR1"
1.11322832089151e-79,0.809017291309645,0.785,0.235,1.58323331797191e-75,"5","LARP4"
1.11758936315673e-79,0.868342936678253,0.788,0.239,1.5894355922815e-75,"5","EXOSC4"
1.12031679260333e-79,0.66252300758168,0.463,0.099,1.59331454244046e-75,"5","DPH2"
1.45996181389807e-79,0.970941046390747,0.822,0.262,2.07635769172583e-75,"5","CISD1"
1.55064119719397e-79,0.796053950555636,0.798,0.237,2.20532191064927e-75,"5","MRPL15"
1.58970255015761e-79,0.555399856291507,0.566,0.138,2.26087496683415e-75,"5","RPRD1B"
1.61972666011528e-79,0.715186360985006,0.727,0.205,2.30357525601595e-75,"5","SLC35B2"
1.64799089890527e-79,0.748560809060534,0.807,0.244,2.34377265642308e-75,"5","DTD1"
1.70326315587352e-79,0.595096527346331,0.751,0.209,2.42238086028333e-75,"5","NNT"
1.7040476099262e-79,0.738635379336402,0.427,0.087,2.42349651083705e-75,"5","KCTD10"
1.79191205636742e-79,0.639758720684064,0.432,0.088,2.54845732656574e-75,"5","HGH1"
1.91385240883678e-79,1.09559659869815,0.89,0.313,2.72188089584767e-75,"5","GMPS"
1.92118259830818e-79,0.540342007960439,0.656,0.172,2.73230589131389e-75,"5","ZNF410"
2.52221674059143e-79,0.709642726589048,0.544,0.13,3.58709664846913e-75,"5","LPCAT3"
2.52359028485793e-79,0.787309051067798,0.822,0.246,3.58905010312495e-75,"5","MRPL58"
2.58608033212794e-79,1.11486680205831,0.337,0.059,3.67792344835236e-75,"5","MIR3142HG"
2.68658733577087e-79,0.848487000741668,0.978,0.803,3.82086450893333e-75,"5","ATP5MK"
2.74666641932918e-79,0.995942792476222,0.929,0.32,3.90630898156996e-75,"5","SHKBP1"
2.79432358915745e-79,0.868525112754833,0.363,0.066,3.97408700849972e-75,"5","TAF5L"
2.81059357662514e-79,0.51323789619973,0.566,0.138,3.99722618467628e-75,"5","MED18"
3.1530569452971e-79,1.14358366238082,0.741,0.239,4.48427758760153e-75,"5","DDIT4"
3.26997013684405e-79,0.592714263537006,0.437,0.091,4.6505515286196e-75,"5","ZDHHC21"
3.33721379011757e-79,0.907504484978831,0.327,0.055,4.74618545230521e-75,"5","CCDC102A"
3.37784412648707e-79,1.04308847181552,0.3,0.046,4.80396991668991e-75,"5","SLC17A9"
3.49869193168644e-79,1.07264220856138,0.939,0.445,4.97583966524446e-75,"5","CIAO2A"
3.69956863677229e-79,0.725152602110463,0.412,0.083,5.26152651521755e-75,"5","CLSTN3"
3.78362595493847e-79,1.08807298410484,0.959,0.474,5.38107283311349e-75,"5","ARPC5L"
5.09301345117863e-79,0.544898679909706,0.717,0.196,7.24328373026625e-75,"5","C1GALT1C1"
5.09859327662046e-79,0.967047974112103,0.893,0.297,7.25121935800961e-75,"5","NIT2"
5.30518688908641e-79,0.793622632021453,0.839,0.259,7.54503679365869e-75,"5","PTRHD1"
5.64221471065404e-79,0.565793328934254,0.629,0.163,8.02435776149217e-75,"5","GRWD1"
5.74848168806816e-79,0.809231498221147,0.559,0.139,8.17549065677053e-75,"5","EEIG2"
6.09142199734934e-79,0.648014255903393,0.451,0.096,8.66322036463023e-75,"5","PISD"
6.33529752523431e-79,0.593659084050982,0.58,0.144,9.01006014038823e-75,"5","ATP6V1B2"
6.94952597212065e-79,0.506704924224661,0.554,0.134,9.88361583754999e-75,"5","NEU1"
7.21369746921659e-79,0.983452407365193,0.971,0.696,1.02593205407198e-74,"5","ALDOA"
7.39130772153557e-79,0.951466570167435,0.8,0.246,1.05119178415679e-74,"5","PRRC2A"
8.74723351190854e-79,0.61095421284891,0.773,0.227,1.24403155006363e-74,"5","TTF1"
8.858279958134e-79,0.500743431091334,0.361,0.065,1.25982457564582e-74,"5","PIDD1"
1.00496060500951e-78,1.70699553310209,0.402,0.085,1.42925497244453e-74,"5","CISH"
1.02291761366609e-78,0.775666680516469,0.366,0.068,1.45479343015592e-74,"5","SPRYD4"
1.19177859724955e-78,1.07816715754918,0.934,0.371,1.69494752100831e-74,"5","HSBP1"
1.28958964699003e-78,0.532868698061548,0.634,0.165,1.83405439594923e-74,"5","SLC52A2"
1.38849290479558e-78,1.23136760708738,0.254,0.034,1.97471460920027e-74,"5","RTEL1"
1.55596902820411e-78,0.94269555882556,0.878,0.288,2.21289915191189e-74,"5","PRPF19"
1.59452225407289e-78,0.552470655478337,0.61,0.156,2.26772954974247e-74,"5","SLC25A40"
1.60369351611138e-78,1.0269029310618,0.885,0.305,2.2807729186136e-74,"5","FARSA"
1.65241047700569e-78,0.608369043345685,0.595,0.152,2.35005818039749e-74,"5","FUOM"
1.71799510488973e-78,0.659198662735956,0.756,0.216,2.44333263817417e-74,"5","XPNPEP1"
1.91930770670618e-78,0.529969068426462,0.393,0.076,2.72963942047753e-74,"5","WDR4"
2.05094703798018e-78,0.624088226331467,0.42,0.086,2.91685687741541e-74,"5","GLYCTK"
2.05271363436062e-78,1.07370875573012,0.305,0.049,2.91936933078767e-74,"5","SLC25A35"
2.06618608432457e-78,0.561159244604751,0.568,0.141,2.9385298491264e-74,"5","PPME1"
2.15668992877731e-78,0.730276896481921,0.644,0.169,3.06724441670708e-74,"5","FAM193A"
2.17838741331669e-78,0.741891610300671,0.329,0.056,3.09810257921899e-74,"5","SLC5A6"
2.21484434475456e-78,1.05066910002509,0.959,0.574,3.14995162710993e-74,"5","PARP1"
2.25306423238102e-78,0.75860262259183,0.29,0.044,3.20430795129228e-74,"5","RSKR"
2.30442002513652e-78,0.759663636386849,0.349,0.063,3.27734615974916e-74,"5","HLA-DMB"
2.53073320135942e-78,0.746034445630818,0.259,0.035,3.59920875897337e-74,"5","CDAN1"
2.81740208750659e-78,0.807512871303555,0.532,0.127,4.00690924885188e-74,"5","SCMH1"
2.90095887992851e-78,0.784720600531253,0.271,0.038,4.12574371903433e-74,"5","C5orf34"
3.1325974011994e-78,0.719721729601795,0.798,0.234,4.45518002398579e-74,"5","NUP58"
3.14446967742381e-78,0.969229505947874,0.349,0.063,4.47206477523214e-74,"5","GPR137B"
3.60578851527134e-78,0.808980704515369,0.378,0.072,5.1281524264189e-74,"5","CC2D1A"
3.62841392179534e-78,0.757177541456786,0.849,0.257,5.16033027957733e-74,"5","TRAPPC2L"
3.63500744078272e-78,0.51800434882432,0.559,0.135,5.16970758228118e-74,"5","LRRC40"
3.86531949626732e-78,0.822671438126196,0.356,0.065,5.49725738759138e-74,"5","LANCL2"
3.87381234300776e-78,1.67069493968263,0.259,0.036,5.50933591422564e-74,"5","DGUOK-AS1"
3.91316309179878e-78,0.671205680486152,0.563,0.139,5.56530054915623e-74,"5","MTMR2"
3.98697703737469e-78,0.534432667903626,0.549,0.133,5.67027874255428e-74,"5","CNOT3"
4.0889999680512e-78,0.874952222377027,0.761,0.225,5.81537575456241e-74,"5","ABCC1"
4.4596872852462e-78,0.823762672636375,0.302,0.048,6.34256725707714e-74,"5","CIDEB"
5.05843074148823e-78,0.571140769981267,0.722,0.2,7.19410020054456e-74,"5","CNOT10"
5.42307490404509e-78,0.672984571209238,0.815,0.241,7.71269712853292e-74,"5","CCNB1IP1"
5.44262756847315e-78,1.87540974982586,0.29,0.045,7.74050492788251e-74,"5","TIAM2"
6.05628380370541e-78,0.989911675736837,0.79,0.242,8.61324682562983e-74,"5","SFMBT2"
7.2609798120304e-78,0.936669060017769,0.878,0.283,1.03265654886696e-73,"5","CHCHD3"
7.30534027253388e-78,0.606651369277122,0.663,0.178,1.03896549355977e-73,"5","MAN2B1"
7.92990712568961e-78,0.909396275293358,0.973,0.669,1.12779139141558e-73,"5","NDUFC2"
8.41673450745586e-78,0.689301916287864,0.398,0.078,1.19702798165037e-73,"5","CAMKK2"
8.59773487688851e-78,0.897638047057082,0.359,0.066,1.22276985419108e-73,"5","TELO2"
8.60063546692052e-78,0.610325362552271,0.41,0.083,1.22318237610544e-73,"5","FAM53C"
9.43105572955389e-78,0.759339119480418,0.98,0.88,1.34128474585715e-73,"5","SUB1"
9.64600492708537e-78,0.964096226587292,0.92,0.323,1.37185482073008e-73,"5","YIF1B"
1.01661133362616e-77,1.06578455817499,0.944,0.403,1.44582463868313e-73,"5","GTF3C6"
1.05175821315093e-77,0.586802573443769,0.585,0.148,1.49581053074325e-73,"5","MYO5A"
1.12237737576833e-77,1.22191494973282,0.256,0.035,1.59624510381771e-73,"5","FBXL19"
1.14723757370793e-77,0.564620488854918,0.668,0.18,1.63160127732742e-73,"5","CDK7"
1.1994551180296e-77,0.585208464820742,0.661,0.178,1.7058650688617e-73,"5","ASMTL"
1.2085181660712e-77,0.688260959491487,0.529,0.128,1.71875453578646e-73,"5","PITPNM1"
1.34777031240938e-77,1.07015261694191,0.946,0.451,1.91679893830862e-73,"5","PPP1R18"
1.51423302314027e-77,0.757439216366334,0.595,0.156,2.15354220551008e-73,"5","MMP25-AS1"
1.58215321062885e-77,0.915648709337039,0.771,0.232,2.25013829615635e-73,"5","SMG6"
1.67908004828378e-77,0.598123942842694,0.639,0.168,2.38798764466919e-73,"5","ASCC1"
1.97793989013167e-77,0.982734243829665,0.856,0.287,2.81302611174526e-73,"5","THOC3"
1.98179448029043e-77,0.743782353479526,0.373,0.073,2.81850810986906e-73,"5","HLA-DQB1"
2.06399971149335e-77,0.608441771633002,0.378,0.072,2.93542038968584e-73,"5","CEP89"
2.15228688825868e-77,0.58422607933412,0.395,0.078,3.0609824124815e-73,"5","ABR"
2.18773873650645e-77,0.539971115805615,0.715,0.197,3.11140203105947e-73,"5","DCUN1D1"
2.21438767325027e-77,0.580652437832899,0.693,0.19,3.14930214889653e-73,"5","YWHAG"
2.3878292694524e-77,0.863174351530497,0.976,0.707,3.3959707870152e-73,"5","XRCC6"
2.44478544598266e-77,0.869968602208615,0.344,0.061,3.47697386127654e-73,"5","PI4K2A"
2.67834630324698e-77,1.47640799576544,0.263,0.037,3.80914411247785e-73,"5","CNTROB"
2.73677079975434e-77,0.762699030735601,0.6,0.154,3.89223543141062e-73,"5","SFXN4"
2.84867464233215e-77,1.09471428091203,0.963,0.474,4.05138507632478e-73,"5","NFKB1"
3.39106154466338e-77,0.96022994914242,0.983,0.753,4.82276772882025e-73,"5","PA2G4"
3.46320607664078e-77,1.02978769697613,0.922,0.335,4.92537168219852e-73,"5","CYB5B"
4.22146425986076e-77,0.958677933905039,0.971,0.665,6.00376647037398e-73,"5","CCT8"
4.68966543812571e-77,0.536177301722066,0.602,0.153,6.66964218610238e-73,"5","NADK"
4.81974767329415e-77,1.04345850873385,0.973,0.598,6.85464514095895e-73,"5","POLR2E"
5.94397621747913e-77,0.913280334518292,0.276,0.04,8.45352297649882e-73,"5","KHDC1-AS1"
5.99216725427612e-77,0.949705752238505,0.973,0.577,8.5220602690315e-73,"5","UBE2L3"
6.45907328504108e-77,1.06306146982326,0.951,0.417,9.18609402598542e-73,"5","TXN2"
6.56238403668223e-77,0.683367631902743,0.98,0.885,9.33302257696947e-73,"5","MZT2B"
7.80623428184344e-77,0.766147243996853,0.751,0.22,1.11020263956377e-72,"5","PRPS2"
7.94734232876326e-77,1.0314027818488,0.854,0.284,1.13027102599671e-72,"5","NUP210"
8.36191376923545e-77,0.614416893328723,0.324,0.055,1.18923137626067e-72,"5","NIPA1"
8.52047921861713e-77,0.936344222297895,0.973,0.65,1.21178255447173e-72,"5","PRDX6"
1.00322192678689e-76,0.607503068929518,0.417,0.086,1.42678222427631e-72,"5","FECH"
1.17681701240991e-76,0.839623814473223,0.822,0.255,1.67366915504938e-72,"5","APEH"
1.25060672433143e-76,0.56877946997599,0.661,0.179,1.77861288334416e-72,"5","MTIF2"
1.28576800011452e-76,1.32916207971204,0.266,0.038,1.82861924976288e-72,"5","FAM184A"
1.34896071660728e-76,0.568978533577703,0.771,0.218,1.91849193115887e-72,"5","AGPS"
1.44285621350451e-76,0.673116468270875,0.776,0.227,2.05203010684611e-72,"5","KPNA6"
1.58028857072177e-76,1.62699756700679,0.307,0.05,2.2474864052805e-72,"5","H2BC15"
1.61153535479694e-76,0.572199480893541,0.371,0.07,2.2919255815922e-72,"5","MTPAP"
1.7074552672786e-76,0.563530065606047,0.749,0.213,2.42834288112363e-72,"5","DDX49"
1.79847037903906e-76,0.605730217932346,0.785,0.232,2.55778457306935e-72,"5","DNAJB11"
1.89257476405726e-76,0.788639343258829,0.337,0.059,2.69161982944224e-72,"5","NXT2"
1.99760353170304e-76,1.17370732220539,0.263,0.038,2.84099174278806e-72,"5","SETD9"
2.05308774107225e-76,0.585742929461005,0.446,0.097,2.91990138535295e-72,"5","TPMT"
2.51090244331992e-76,0.736440709737565,0.444,0.096,3.57100545488959e-72,"5","RCN1"
2.72615747746877e-76,1.39176039602731,0.72,0.252,3.87714116445609e-72,"5","TOX"
3.10703265746948e-76,0.57300630133828,0.437,0.093,4.4188218454531e-72,"5","ST3GAL2"
3.27122285924513e-76,0.751343044465173,0.334,0.059,4.65233315041842e-72,"5","TAOK2"
3.29932522206085e-76,0.662602067978307,0.31,0.051,4.69230033081494e-72,"5","VARS2"
4.03223544298784e-76,1.44586515295805,0.273,0.041,5.7346452470173e-72,"5","CD101"
4.17737310770617e-76,1.06482311169558,0.956,0.48,5.94106003377971e-72,"5","ETFB"
4.64560101810597e-76,0.878983842856133,0.98,0.732,6.60697376795031e-72,"5","ATP5F1A"
4.68660359531337e-76,1.60767041153727,0.266,0.039,6.66528763325467e-72,"5","DOCK3"
4.80447182279008e-76,0.65477984714227,0.734,0.221,6.83291982637205e-72,"5","MYO1F"
4.80606242319212e-76,0.557746873962487,0.724,0.209,6.83518197826384e-72,"5","LACTB"
5.50580391012326e-76,0.699303244719988,0.541,0.135,7.83035432097731e-72,"5","CALHM2"
5.73839402411142e-76,0.715523964736378,0.817,0.252,8.16114398109126e-72,"5","GPANK1"
6.0504286002381e-76,0.596307204367706,0.724,0.207,8.60491955525863e-72,"5","ARHGEF2"
6.09636422619942e-76,0.931467637687724,0.822,0.268,8.67024920250081e-72,"5","FAM89B"
6.16774881112127e-76,0.76173674923991,0.798,0.237,8.77177235917667e-72,"5","PSME3"
8.84177405522355e-76,1.39083459385202,0.263,0.038,1.25747710613389e-71,"5","POLR3G"
9.09362852467202e-76,0.631885858263331,0.785,0.232,1.29329584877885e-71,"5","MRPL48"
9.2287105089595e-76,0.805447062735807,0.868,0.278,1.31250720858422e-71,"5","PLGRKT"
9.68435051888403e-76,0.701857127343593,0.729,0.21,1.37730833079569e-71,"5","FTSJ3"
1.08427523134622e-75,0.61821292520604,0.476,0.109,1.5420562340206e-71,"5","CPLANE1"
1.13155833774906e-75,0.518809351792637,0.632,0.167,1.60930226794672e-71,"5","NOL10"
1.20508650988834e-75,0.771496468925309,0.339,0.061,1.7138740343632e-71,"5","ZNF93"
1.20879446204974e-75,0.654389934705086,0.444,0.097,1.71914748392714e-71,"5","ATP11A"
1.33508582731509e-75,0.511398676898935,0.429,0.091,1.89875906360751e-71,"5","POLR3H"
1.7419519899066e-75,0.807226339211345,0.834,0.261,2.47740412004516e-71,"5","WDR18"
1.7464605899378e-75,1.18347514417059,0.317,0.054,2.48381625100954e-71,"5","ICA1L"
1.81537166783671e-75,0.520461460179471,0.673,0.184,2.58182158599736e-71,"5","SEC61A1"
1.81620633746453e-75,0.555699765915446,0.773,0.228,2.58300865314205e-71,"5","SLF2"
1.84526089274987e-75,0.538778447661452,0.654,0.177,2.62433004166887e-71,"5","COG4"
1.94110412287056e-75,0.708359823178603,0.773,0.23,2.76063828354651e-71,"5","WDR77"
2.13906589616674e-75,0.563732538569645,0.522,0.126,3.04217951752833e-71,"5","TBC1D9B"
2.25133070725839e-75,0.632187071241631,0.749,0.216,3.20184253186289e-71,"5","RARS1"
2.458844314291e-75,0.632838027815588,0.676,0.189,3.49696838378465e-71,"5","TRIM59"
2.46006978057992e-75,0.700110874964115,0.822,0.252,3.49871124194076e-71,"5","SF3B3"
2.68724308899864e-75,0.542329110803744,0.622,0.163,3.82179712117386e-71,"5","OAZ2"
2.80699006454863e-75,1.04189594839605,0.932,0.372,3.99210126980106e-71,"5","EEF1E1"
2.93257946007405e-75,0.654755562842987,0.995,0.92,4.17071450811732e-71,"5","RHOA"
3.27189193402436e-75,0.546388426157169,0.817,0.245,4.65328470856945e-71,"5","POLR1F"
3.74082209121313e-75,0.671893534241471,0.449,0.099,5.32019717812331e-71,"5","BRPF1"
3.84264060073991e-75,0.698434050509912,0.8,0.245,5.46500346237229e-71,"5","RAB33A"
3.87604047577227e-75,0.744164605701302,0.854,0.275,5.51250476464332e-71,"5","STAMBP"
4.87300993460507e-75,0.619923792980553,0.605,0.159,6.93039472899534e-71,"5","UNC13D"
4.98841734670248e-75,1.09418325254395,0.334,0.06,7.09452715048027e-71,"5","SULT1A1"
5.51799446699028e-75,0.683209916497014,0.334,0.06,7.84769173095358e-71,"5","ENSG00000290968"
5.64821354265083e-75,0.649205104715612,0.402,0.083,8.03288930035801e-71,"5","C20orf96"
5.77966075763976e-75,0.79732041952781,0.978,0.829,8.21983352951527e-71,"5","HNRNPD"
6.24511467401869e-75,0.535610193191197,0.332,0.058,8.88180208938938e-71,"5","DHODH"
6.53331224561156e-75,1.05720919255332,0.941,0.384,9.29167667570876e-71,"5","FIBP"
6.54128211182609e-75,0.836772201220915,0.995,0.963,9.30301141943907e-71,"5","HSPA8"
7.15645576128164e-75,0.824303121460256,0.32,0.055,1.01779113836948e-70,"5","ZSCAN2"
8.03388639006486e-75,0.500887758446528,0.524,0.127,1.14257932239502e-70,"5","CDK19"
9.10224866997135e-75,0.894920837790058,0.8,0.258,1.29452180584332e-70,"5","INPP5D"
1.01327265733887e-74,0.94829336864819,0.812,0.262,1.44107637326734e-70,"5","POLR2A"
1.07240821515269e-74,0.518416036524187,0.407,0.084,1.52517896359016e-70,"5","RRM2B"
1.07556408007243e-74,0.718421999367369,0.359,0.068,1.52966723467901e-70,"5","SPOPL"
1.09181676150433e-74,1.04813118009084,0.946,0.391,1.55278179821146e-70,"5","ITGB1BP1"
1.0959408182546e-74,0.579675026968099,0.351,0.065,1.55864703172169e-70,"5","GYS1"
1.37345151840578e-74,0.567770006632797,0.429,0.092,1.9533227494767e-70,"5","RIOX1"
1.37850033606707e-74,0.84385670899734,0.339,0.062,1.96050317795458e-70,"5","BLTP3A"
1.39722059211816e-74,0.892616946631551,0.285,0.045,1.98712712611044e-70,"5","CCRL2"
1.58343537626752e-74,0.563518786620002,0.41,0.085,2.25196179212767e-70,"5","MBOAT1"
1.79508919899098e-74,0.571013151304881,0.576,0.147,2.55297585880498e-70,"5","ENTPD1-AS1"
2.00025114453178e-74,0.610113841351106,0.817,0.247,2.8447571777531e-70,"5","FAF2"
2.00467367059226e-74,0.528008751261285,0.368,0.071,2.85104689431631e-70,"5","SLC43A1"
2.48156914109622e-74,0.700859300853069,0.427,0.092,3.52928763246705e-70,"5","NAT14"
2.56233500733038e-74,0.893092206521321,0.878,0.298,3.64415284742526e-70,"5","VOPP1"
2.70926085726029e-74,0.611668823225659,0.578,0.149,3.85311079119558e-70,"5","DHRSX"
2.74230074602847e-74,0.819074882554122,0.822,0.258,3.90010012100169e-70,"5","BAD"
3.08724144891048e-74,1.10545396976685,0.941,0.468,4.39067478864048e-70,"5","PDIA6"
3.10673780478492e-74,1.0053561865118,0.273,0.042,4.41840250596511e-70,"5","ACSF2"
3.35295277379555e-74,0.951495490898289,0.32,0.055,4.76856943489203e-70,"5","BAHD1"
4.01760413476723e-74,1.02505882456872,0.954,0.394,5.71383660046596e-70,"5","MPC2"
4.88152741112017e-74,0.988493963805176,0.893,0.307,6.9425082840951e-70,"5","CYB5R3"
5.76126466020393e-74,0.721986697006433,0.441,0.098,8.19367059974203e-70,"5","BAP1"
5.98704673373167e-74,0.978725062513278,0.968,0.6,8.51477786471317e-70,"5","TLN1"
6.13950157679729e-74,0.539717947054002,0.439,0.097,8.73159914252111e-70,"5","KLHL12"
6.16012788230718e-74,1.11318699732098,0.268,0.04,8.76093387421727e-70,"5","ATP13A2"
6.50785901359199e-74,0.746762862471702,0.324,0.057,9.25547708913052e-70,"5","MAP1S"
6.61317712818897e-74,0.504752104408218,0.524,0.128,9.40526051171036e-70,"5","GSE1"
7.3336045956271e-74,0.549336082238942,0.734,0.213,1.04298524559009e-69,"5","RABIF"
8.4634495370733e-74,0.724727228537684,0.354,0.067,1.20367179316256e-69,"5","CHST14"
8.46806141726111e-74,1.04635658102394,0.922,0.363,1.20432769476288e-69,"5","IAH1"
9.01936748582974e-74,0.599258390348801,0.349,0.065,1.28273444383471e-69,"5","LRRC8A"
9.15813995049651e-74,0.515106537183165,0.412,0.086,1.30247066375961e-69,"5","SIK2"
1.17996916236515e-73,0.853260915398759,0.868,0.288,1.67815214271572e-69,"5","PDHA1"
1.19863590081813e-73,0.561701892246492,0.532,0.132,1.70469997814355e-69,"5","BMP2K"
1.26595343892075e-73,0.894830102850437,0.973,0.699,1.80043898083309e-69,"5","BBLN"
1.28771266930647e-73,1.53213806430513,0.398,0.085,1.83138495828766e-69,"5","ENSG00000262202"
1.51268118049117e-73,0.814558708820191,0.432,0.094,2.15133517489454e-69,"5","MINPP1"
1.56875209828512e-73,1.07080288596251,0.41,0.086,2.23107923418109e-69,"5","UAP1"
1.65549326354794e-73,1.04484486619501,0.92,0.352,2.35444251941788e-69,"5","PTBP1"
1.79710733306328e-73,0.943615349941226,0.305,0.051,2.5558460490826e-69,"5","MED20"
1.90766072846559e-73,0.836292962166787,0.8,0.247,2.71307508802376e-69,"5","RANBP9"
1.98869368776226e-73,1.01984423796695,0.427,0.092,2.82832016273548e-69,"5","RBM15"
2.01255583728071e-73,0.92974245615384,0.98,0.811,2.86225691178063e-69,"5","LSP1"
2.06518043799632e-73,0.619412387084273,0.978,1,2.93709961891837e-69,"5","MT-CO2"
2.22336887205825e-73,0.76514463798247,0.978,0.841,3.16207520984124e-69,"5","CBX3"
3.45296289551083e-73,0.545782469132769,0.441,0.098,4.9108038299955e-69,"5","ULK4"
3.552459150854e-73,0.530248830719747,0.561,0.141,5.05230740434455e-69,"5","PPAT"
3.57561634251617e-73,1.0734670005326,0.949,0.414,5.08524156232649e-69,"5","OLA1"
4.24729183018081e-73,0.634425907601596,0.407,0.086,6.04049844088315e-69,"5","SEC24A"
4.24987056169077e-73,0.57882217789684,0.676,0.189,6.04416591283661e-69,"5","COX10"
5.48502630060088e-73,0.627921670789899,0.754,0.223,7.80080440471457e-69,"5","TBC1D2B"
5.9604343655091e-73,1.42221097869833,0.388,0.081,8.47692975462704e-69,"5","CAMTA2"
5.97613882884268e-73,0.588813971455802,0.717,0.207,8.49926464238006e-69,"5","BRD3"
6.29534447321977e-73,1.15004533322261,0.639,0.193,8.95323890981316e-69,"5","HDGFL3"
7.12108580810325e-73,1.1088918887746,0.283,0.045,1.01276082362844e-68,"5","PIGQ"
7.26613270756663e-73,0.60583837230784,0.756,0.224,1.03338939367013e-68,"5","OGDH"
7.75556311960808e-73,0.936069768851484,0.307,0.053,1.10299618687066e-68,"5","DYNC2LI1"
7.96995840076569e-73,1.16651517291589,0.966,0.583,1.1334874837569e-68,"5","CYCS"
8.09955225801621e-73,0.902451363328879,0.98,0.685,1.15191832213506e-68,"5","MDH2"
1.08790720269354e-72,0.67398771441748,0.798,0.245,1.54722162367075e-68,"5","ERG28"
1.15243028551944e-72,0.989455924873839,0.315,0.055,1.63898635206575e-68,"5","CHSY1"
1.20307044511216e-72,0.765852462991717,0.871,0.285,1.71100678703851e-68,"5","ATP6V0D1"
1.27376297060994e-72,0.504225232230577,0.471,0.109,1.81154569680145e-68,"5","ZNF335"
1.34154003782011e-72,1.04400178846494,0.288,0.047,1.90793824178776e-68,"5","ZNF689"
1.58787697978219e-72,0.776132994469146,0.973,0.828,2.25827864064623e-68,"5","NDUFS5"
1.63679395487117e-72,0.735516569611643,0.371,0.074,2.32784836261777e-68,"5","PTGER2"
1.65192358027046e-72,0.880806641075631,0.495,0.122,2.34936571586065e-68,"5","LGALS9"
1.7030073679782e-72,0.615244649555884,0.39,0.08,2.4220170787386e-68,"5","TNRC18"
1.74968581886224e-72,2.83248553600486,0.973,0.729,2.48840317158588e-68,"5","H4C3"
2.34181375346356e-72,0.506062702145875,0.649,0.179,3.33052752017588e-68,"5","SETD3"
2.35233490668866e-72,0.661372737481413,0.424,0.094,3.34549070429261e-68,"5","METTL8"
2.461012064404e-72,0.64095801453282,1,1,3.50005135799537e-68,"5","TMSB4X"
2.57305941943152e-72,0.914677209236566,0.983,0.707,3.6594051063155e-68,"5","ACTR3"
2.65294171061712e-72,0.987622392843705,0.888,0.308,3.77301370083967e-68,"5","PTPN11"
2.68489723575102e-72,0.63359329057363,0.446,0.099,3.81846084868509e-68,"5","COLGALT1"
2.84609536717873e-72,0.574383213867933,0.773,0.232,4.04771683120159e-68,"5","SLC39A1"
2.86298675650468e-72,0.530474307275643,0.668,0.187,4.07173976510095e-68,"5","LAS1L"
2.97454054552985e-72,0.897346757161913,0.463,0.109,4.23039156385255e-68,"5","EXT1"
3.18182634463906e-72,0.607234685880541,0.517,0.127,4.52519342734567e-68,"5","SLC2A1"
3.51124069257173e-72,0.852963045219323,0.976,0.775,4.99368651297551e-68,"5","IFI16"
3.67297026692406e-72,1.02697847003476,0.485,0.126,5.2236983136194e-68,"5","HLA-DRB1"
3.81496200638079e-72,0.623037208428276,0.512,0.124,5.42563896547476e-68,"5","PPM1D"
3.83775901204381e-72,0.632709690515285,0.676,0.191,5.45806086692871e-68,"5","UTP4"
4.23789692672353e-72,0.986244630860665,0.434,0.099,6.02713700918621e-68,"5","ICA1"
4.50775950489617e-72,0.914104032700092,0.854,0.287,6.41093556786334e-68,"5","FAM120A"
4.68618864028701e-72,0.608272078660448,0.466,0.109,6.66469748421619e-68,"5","DTX2"
4.72888737926993e-72,0.590931386439224,0.676,0.213,6.72542363079769e-68,"5","KLRD1"
4.76592811118168e-72,0.568551641195844,0.478,0.113,6.77810295972258e-68,"5","CEP164"
5.18210688191561e-72,0.849888303914554,0.317,0.056,7.36999240746038e-68,"5","VCL"
5.64630274073615e-72,0.70548158187274,0.778,0.233,8.03017175787495e-68,"5","PRORP"
6.18473158321901e-72,0.829559495495945,0.837,0.271,8.79592525765408e-68,"5","DDB1"
6.45257828851098e-72,0.85247592397396,0.3,0.051,9.17685684192032e-68,"5","GNA12"
6.94985731611226e-72,0.828230802012434,0.354,0.069,9.88408707497486e-68,"5","ZFAND2A-DT"
9.52976920244675e-72,0.640116188752756,0.98,0.92,1.35532377597198e-67,"5","ELOB"
1.11669117004735e-71,0.528057193169533,0.546,0.139,1.58815818204134e-67,"5","LRRC61"
1.13469957905513e-71,0.630276049756539,0.837,0.26,1.61376974133221e-67,"5","HTRA2"
1.26595736522597e-71,0.670400326223867,0.773,0.236,1.80044456482437e-67,"5","MAP2K1"
1.32478586197092e-71,0.899284754865362,0.356,0.07,1.88411045289504e-67,"5","FNDC3B"
1.36790210801773e-71,0.961323497522956,0.915,0.331,1.94543037802281e-67,"5","ITPA"
1.44704599730424e-71,0.527052541598891,0.602,0.161,2.05798881736609e-67,"5","ABHD17B"
1.51411896630677e-71,0.540724345299325,0.417,0.09,2.15337999388148e-67,"5","EEF2KMT"
1.66922894091095e-71,0.904389323836167,0.485,0.119,2.37397739976355e-67,"5","ARRB1"
1.95625047333477e-71,0.754316696710658,0.866,0.275,2.78217942317671e-67,"5","DLD"
2.01792664595504e-71,0.564896717161557,0.571,0.149,2.86989527587726e-67,"5","CHRNB1"
2.07347723811444e-71,0.571795185206644,0.78,0.234,2.94889932804636e-67,"5","UCHL3"
2.09554327039031e-71,0.981030883885267,0.959,0.502,2.9802816391491e-67,"5","VPS29"
2.15042779402316e-71,0.986562564941999,0.954,0.389,3.05833840865974e-67,"5","DBNL"
2.29034874892722e-71,0.663169509192436,0.595,0.158,3.25733399072429e-67,"5","FOCAD"
2.29610202801263e-71,0.514004194434881,0.478,0.114,3.26551630423956e-67,"5","TANGO6"
2.47450019149642e-71,0.905619752078912,0.968,0.616,3.5192341723462e-67,"5","GNB2"
2.69648625539757e-71,0.766409917193245,0.822,0.257,3.83494275242642e-67,"5","NFU1"
2.95490854453389e-71,1.03336485649932,0.929,0.38,4.2024709320361e-67,"5","CMTM6"
3.11212418375914e-71,0.573137705887346,0.734,0.217,4.42606301414226e-67,"5","OPA1"
3.1518164546119e-71,0.586210844730305,0.295,0.049,4.48251336174904e-67,"5","PROSER3"
3.39773141772828e-71,1.2205198807801,0.266,0.041,4.83225362229316e-67,"5","TBXAS1"
3.39802851524467e-71,0.823822776380563,0.302,0.052,4.83267615438097e-67,"5","PLCXD2"
3.45870114377895e-71,0.914874897414576,0.859,0.297,4.91896476668242e-67,"5","ANAPC15"
3.58908913710525e-71,0.528304694867048,0.307,0.053,5.10440257079109e-67,"5","ZNF684"
3.61934519011871e-71,1.0275566285948,0.895,0.341,5.14743272938684e-67,"5","TRIM28"
3.71010968793133e-71,0.54585089880351,0.439,0.099,5.27651799817593e-67,"5","ZNF700"
4.2064334000185e-71,0.680317733331459,0.817,0.253,5.98238958150631e-67,"5","PRCC"
4.8134940445617e-71,1.1634330327085,0.954,0.433,6.84575123017565e-67,"5","CDC123"
6.06378111916542e-71,0.813320698541084,0.261,0.039,8.62390950767705e-67,"5","FSD1L"
6.79612817806361e-71,0.704569077731685,0.854,0.271,9.66545349484206e-67,"5","PPIL3"
6.94887307356731e-71,0.586025890739941,0.493,0.118,9.88268728522742e-67,"5","NOM1"
7.11201629399723e-71,0.834297499380013,0.88,0.295,1.01147095733229e-66,"5","HDAC3"
8.29654995368199e-71,0.698883635805619,0.834,0.267,1.17993533441265e-66,"5","NFYC"
8.8815100613444e-71,0.989022783741099,0.951,0.485,1.2631283609244e-66,"5","POLR2K"
9.27312718686868e-71,0.693059531535925,0.31,0.054,1.31882414851646e-66,"5","TNFAIP1"
9.69629814964401e-71,0.764898879538092,0.549,0.146,1.37900752284237e-66,"5","HVCN1"
9.94313573561356e-71,0.534815957220852,0.522,0.13,1.41411276431896e-66,"5","MADD"
1.06191987062688e-70,0.655534586903898,0.38,0.079,1.51026244000554e-66,"5","LINC00467"
1.1263144251318e-70,0.826988718744328,0.99,0.955,1.60184437542244e-66,"5","UBB"
1.12952617032402e-70,1.03286871055,0.929,0.453,1.60641211943482e-66,"5","RBBP7"
1.13478808580716e-70,0.579478682603586,0.424,0.094,1.61389561563494e-66,"5","CTDP1"
1.18776212372803e-70,0.781475830902144,0.332,0.062,1.68923529236601e-66,"5","TBC1D22B"
1.22152646757995e-70,0.614202903075274,0.507,0.125,1.73725494219221e-66,"5","MAK16"
1.24635310399268e-70,0.744213972648867,0.807,0.26,1.77256338449839e-66,"5","ESYT1"
1.35100139667238e-70,1.01871401457117,0.863,0.317,1.92139418634746e-66,"5","SCLT1"
1.35234621955307e-70,0.59427708447602,0.434,0.097,1.92330679344838e-66,"5","RUBCN"
1.54676960824414e-70,1.08517203400255,0.92,0.44,2.19981573684481e-66,"5","SIRPG"
1.72161280295757e-70,0.534829427416875,0.595,0.159,2.44847772836625e-66,"5","GCH1"
1.80805685699001e-70,0.880629185554361,0.815,0.262,2.57141846201119e-66,"5","CS"
1.84176972603026e-70,0.818750908232654,0.298,0.051,2.61936490436024e-66,"5","ERV3-1"
1.87758863660357e-70,0.661129574596643,0.737,0.222,2.67030655897759e-66,"5","PAK1IP1"
1.9281829110297e-70,0.772259672117316,0.871,0.293,2.74226173606643e-66,"5","PYM1"
2.23060981377442e-70,1.01333767439223,0.951,0.429,3.17237327714998e-66,"5","LAMTOR2"
2.54040921805208e-70,0.508565235399273,0.666,0.191,3.61296998991366e-66,"5","EXOC3"
2.96008228750056e-70,0.539393485287354,0.7,0.203,4.2098290292833e-66,"5","GNL2"
3.28583603798623e-70,0.77681868260717,0.798,0.255,4.67311601322402e-66,"5","HDAC8"
3.5304952733321e-70,0.995646180705955,0.971,0.731,5.02107037773291e-66,"5","S100A11"
3.56707013862784e-70,1.04445663629183,0.937,0.41,5.07308715115651e-66,"5","TIMM8B"
4.00464738113492e-70,0.92305536637151,0.768,0.249,5.69540950545008e-66,"5","TRAP1"
4.44271510523915e-70,0.976089736896664,0.949,0.388,6.31842942267111e-66,"5","PSMC2"
4.73408550346813e-70,0.814032709603442,0.337,0.064,6.73281640303237e-66,"5","SPA17"
5.39694224992367e-70,0.757584714560559,0.8,0.257,7.67553126784144e-66,"5","SERPINB6"
5.4750758837765e-70,0.975084435920043,0.305,0.054,7.78665292190694e-66,"5","MREG"
5.66776422134026e-70,0.955776031080386,0.8,0.269,8.06069427559012e-66,"5","MBD2"
6.67105757263902e-70,0.502404130426974,0.454,0.106,9.48757807980722e-66,"5","APOOL"
6.76332305961936e-70,0.982767329641999,0.971,0.572,9.61879805539066e-66,"5","TKT"
6.806412421944e-70,0.609622653631119,0.844,0.267,9.68007974648876e-66,"5","HACD3"
7.10471473953484e-70,0.504576385263614,0.427,0.095,1.01043253025664e-65,"5","INTS1"
7.60748905016163e-70,0.798816960454707,0.878,0.295,1.08193709271399e-65,"5","GPS1"
7.88032335182658e-70,0.711158603450649,0.898,0.307,1.12073958709678e-65,"5","HCFC1R1"
7.94903453133211e-70,0.772846266284596,0.907,0.312,1.13051169104605e-65,"5","ARPP19"
8.11556625561662e-70,0.531103751202412,0.756,0.228,1.1541958328738e-65,"5","UROS"
9.81000110813951e-70,0.642031122843095,0.51,0.128,1.3951783575996e-65,"5","AGMAT"
9.86928061350428e-70,0.759166613475697,0.302,0.053,1.40360908885258e-65,"5","MON1A"
1.01804043319203e-69,0.511384100491048,0.773,0.232,1.4478571040857e-65,"5","DDX1"
1.0419370821213e-69,0.61156679195595,0.417,0.092,1.48184291819292e-65,"5","GTPBP3"
1.06996959086206e-69,0.552000386516057,0.641,0.182,1.52171075212402e-65,"5","CSNK1G1"
1.10877632798193e-69,0.512960224644489,0.685,0.198,1.57690169365591e-65,"5","MAPK3"
1.27784100454763e-69,0.714702323500641,0.637,0.177,1.81734547666765e-65,"5","COX15"
1.30838563895855e-69,0.998339291904248,0.915,0.366,1.86078605572685e-65,"5","PSMB5"
1.35586181055448e-69,0.924908906570973,0.966,0.594,1.92830666697058e-65,"5","EIF3I"
1.44208015380324e-69,0.754009462330019,0.98,0.801,2.05092639473897e-65,"5","PSMB1"
1.67702215350881e-69,1.08316393802095,0.263,0.041,2.38506090672024e-65,"5","TMEM53"
1.70509315331241e-69,0.955679332618391,0.917,0.337,2.42498348264091e-65,"5","VPS25"
1.7533637553383e-69,0.841805180673153,0.344,0.067,2.49363393284214e-65,"5","ENSG00000275964"
1.83144478496578e-69,0.799240503089611,0.32,0.059,2.60468077317833e-65,"5","SWAP70"
1.94764241551056e-69,0.998067667401973,0.815,0.287,2.76993704333912e-65,"5","IGF2R"
1.98789658004995e-69,1.00639450689821,0.971,0.793,2.82718651614704e-65,"5","S100A4"
2.28666388567941e-69,0.598940227382378,0.734,0.22,3.25209337821326e-65,"5","MSH3"
2.40589603483523e-69,0.86588784720626,0.266,0.042,3.42166534074266e-65,"5","TMEM104"
2.74196728356219e-69,0.72354488741457,0.776,0.245,3.89962587068215e-65,"5","SAMM50"
2.76713455332318e-69,0.753734322161049,0.385,0.082,3.93541876173622e-65,"5","TRAF3IP2"
2.80070491176239e-69,0.7412885792339,0.629,0.177,3.98316252550848e-65,"5","BAG6"
2.91124374564501e-69,2.03838866077289,0.346,0.072,4.14037085505634e-65,"5","NR4A2"
3.10412847612937e-69,0.511952734721163,0.505,0.125,4.41469151875119e-65,"5","FDX2"
3.45272141526487e-69,1.49260152981755,0.849,0.394,4.91046039678969e-65,"5","CCND2"
3.48468281421491e-69,1.18280256392731,0.334,0.065,4.95591589837644e-65,"5","APOBR"
3.96778022534781e-69,0.857505298906311,0.873,0.306,5.64297703648966e-65,"5","PRKCSH"
4.09765098738753e-69,0.80698281328342,0.62,0.181,5.82767923426254e-65,"5","RAB37"
4.23421844698859e-69,1.11725320409303,0.905,0.391,6.02190547530717e-65,"5","PTPN6"
4.34168092404681e-69,0.634006282731352,0.295,0.051,6.17473861017937e-65,"5","PRDM10"
4.78147780707362e-69,0.665137041232145,0.351,0.07,6.8002177372201e-65,"5","ZNF48"
4.79988496179119e-69,0.563556128248421,0.749,0.222,6.82639639265943e-65,"5","POM121"
4.99809390273343e-69,1.01242848564468,0.929,0.434,7.10828914846749e-65,"5","BAZ1B"
5.6332634366334e-69,0.50807254271565,0.632,0.177,8.01162725958002e-65,"5","RBFA"
7.1774899818233e-69,0.803450335732139,0.383,0.082,1.02078262521491e-64,"5","PAWR"
7.27051304300787e-69,0.537354032092322,0.78,0.239,1.03401236497658e-64,"5","NIT1"
7.3211444043518e-69,0.626729200788748,0.656,0.189,1.04121315718691e-64,"5","RPS6KA1"
7.83513990019611e-69,0.704633104988221,0.978,0.857,1.11431359660589e-64,"5","CAPZB"
8.00973441289813e-69,0.607259320140201,0.841,0.273,1.13914442820237e-64,"5","NAA50"
8.25412413742041e-69,0.542974257828038,0.712,0.212,1.17390153482393e-64,"5","ISG20L2"
8.91572608100806e-69,0.832296425566366,0.91,0.325,1.26799456324097e-64,"5","CHCHD5"
9.50807868923488e-69,0.678790144865498,0.302,0.053,1.35223895118298e-64,"5","EMC1"
9.76173022606024e-69,0.883837117520972,0.251,0.038,1.38831327275029e-64,"5","SEC61A2"
1.01318274928653e-68,0.56491301568087,0.432,0.099,1.44094850603531e-64,"5","IDH1"
1.10013785016284e-68,0.514992155843952,0.398,0.086,1.56461605050159e-64,"5","CBR1"
1.14438207120013e-68,0.994675365564416,0.946,0.392,1.62754018166083e-64,"5","SNF8"
1.50656992707442e-68,0.73567930629113,0.412,0.093,2.14264375028523e-64,"5","NBPF10"
1.53567046386289e-68,1.04783643089321,0.968,0.656,2.1840305337058e-64,"5","CCT2"
1.86254459641371e-68,0.93772121245721,0.959,0.69,2.64891092501958e-64,"5","PRELID1"
1.88901375529539e-68,0.606532932317903,0.795,0.251,2.68655536278111e-64,"5","STRBP"
2.48218270794644e-68,0.805095612748229,0.588,0.164,3.53016024724143e-64,"5","MSMO1"
2.49769206332668e-68,0.584631074490054,0.676,0.197,3.55221765246321e-64,"5","CSTF3"
2.8053097427431e-68,0.632105128294158,0.373,0.078,3.98971151612923e-64,"5","MARK4"
2.80989198535051e-68,0.501873469871349,0.354,0.071,3.9962283815655e-64,"5","DHX35"
2.854168008134e-68,0.7691440025466,0.854,0.288,4.05919774116818e-64,"5","CDC27"
2.89399553197268e-68,0.565556803858414,0.749,0.227,4.11584044557155e-64,"5","DELE1"
2.90166550047217e-68,0.527527724582244,0.337,0.065,4.12674867477151e-64,"5","TXNDC16"
2.91308564812554e-68,0.564597444361396,0.663,0.192,4.14299040876414e-64,"5","GPX7"
2.93464024855012e-68,0.565463417375283,0.593,0.162,4.17364536148798e-64,"5","MED14"
3.02443649284182e-68,0.611408167419063,0.388,0.083,4.30135358011964e-64,"5","PTDSS2"
3.19047097208341e-68,1.08671475446592,0.932,0.397,4.53748781649702e-64,"5","MRPL17"
3.23061564664528e-68,0.907835836200813,0.939,0.37,4.59458157265892e-64,"5","USP14"
3.31182517902262e-68,0.525502833963123,0.393,0.085,4.71007776960597e-64,"5","RAPGEF2"
3.34241168975603e-68,0.777810659811573,0.856,0.294,4.75357790517103e-64,"5","YARS1"
3.39498101570891e-68,0.50108418802413,0.52,0.131,4.82834200054122e-64,"5","TXNDC11"
3.79082914648164e-68,0.991349028473158,0.266,0.043,5.39131721212619e-64,"5","APOM"
4.08695926798968e-68,0.783506446342187,0.915,0.326,5.81247347093493e-64,"5","SZRD1"
4.10561719376119e-68,0.989713803255754,0.949,0.519,5.83900877296717e-64,"5","NUDC"
4.31176327817083e-68,0.51441289737339,0.498,0.124,6.13218973421456e-64,"5","FMNL3"
4.37596962548387e-68,0.532630607042773,0.478,0.118,6.22350400136316e-64,"5","HMGCR"
5.33701516860388e-68,0.50277201805834,0.324,0.061,7.59030297278843e-64,"5","TTPAL"
6.17247417051285e-68,0.816758269385302,0.288,0.049,8.77849276530338e-64,"5","TMEM184B"
6.29345597630717e-68,0.922340647648939,0.9,0.343,8.95055308950406e-64,"5","TMEM109"
6.33007342661265e-68,0.655053643601215,0.312,0.057,9.00263042732852e-64,"5","C1RL-AS1"
7.6189384539323e-68,0.860437534287749,0.905,0.324,1.08356542691825e-63,"5","E2F4"
8.21767855169367e-68,0.616577355546958,0.807,0.256,1.16871824362187e-63,"5","PPM1M"
9.00377723691269e-68,0.740974321450384,0.312,0.057,1.28051719863372e-63,"5","KSR1"
9.47034814868911e-68,0.60000621064633,0.802,0.251,1.34687291370657e-63,"5","DCAF11"
9.57235375714481e-68,0.709290718134132,0.888,0.31,1.36138015134113e-63,"5","TPRKB"
9.5903939584252e-68,0.679819558080151,0.878,0.293,1.36394582876723e-63,"5","VMA21"
1.08795593556395e-67,0.529534369532479,0.612,0.172,1.54729093155905e-63,"5","DIAPH2"
1.10777909950433e-67,0.729675614873635,0.746,0.23,1.57548343531505e-63,"5","MCMBP"
1.22334558871317e-67,0.658017973036531,0.393,0.085,1.73984209626788e-63,"5","SLC39A11"
1.31215556222311e-67,0.585002450568895,0.732,0.221,1.86614764059371e-63,"5","ARMCX6"
1.38507683828406e-67,0.960716514809448,0.932,0.446,1.96985627940759e-63,"5","UQCC2"
1.79106444878234e-67,0.554257507292254,0.663,0.193,2.54725185905824e-63,"5","METTL15"
1.92877624558377e-67,0.715077949554259,0.473,0.116,2.74310557646923e-63,"5","LINGO1"
2.56154281446557e-67,0.65141072410995,0.368,0.077,3.64302619073293e-63,"5","RPSA2"
2.92857460472751e-67,0.670422522649413,0.737,0.224,4.16501880284346e-63,"5","LYRM4"
3.00156783752415e-67,0.769102703583264,0.827,0.276,4.26882977852685e-63,"5","GALNT1"
4.4189611514089e-67,1.01388476618679,0.927,0.403,6.28464654953374e-63,"5","ZYX"
4.65068522684769e-67,0.79734340297313,0.351,0.072,6.61420452962279e-63,"5","MYO18A"
4.65827440657986e-67,0.928456177431298,0.407,0.091,6.62499786103788e-63,"5","B3GNTL1"
4.67107292001941e-67,0.967924080110391,0.685,0.22,6.64319990685161e-63,"5","CAPN2"
4.93375694155714e-67,0.709782360536195,0.82,0.269,7.01678912228257e-63,"5","SND1"
5.49742746996772e-67,0.633658316932542,0.312,0.058,7.81844134778809e-63,"5","MRPL53"
5.62104089177683e-67,1.11295894471082,0.944,0.536,7.99424435628501e-63,"5","ATP5MC1"
5.90466143328642e-67,0.911545054634499,0.966,0.64,8.39760949041995e-63,"5","CDK2AP2"
5.9817622987581e-67,0.539252102634944,0.783,0.24,8.50726234129376e-63,"5","IBTK"
6.22065669369337e-67,0.803285627152487,0.58,0.164,8.84701794977071e-63,"5","HIPK2"
6.25647813268275e-67,0.706998443455356,0.298,0.053,8.89796320030141e-63,"5","CLIC5"
6.45212707542637e-67,0.584378605431614,0.532,0.142,9.17621512667138e-63,"5","CD79B"
6.45385011437081e-67,0.545206190874136,0.359,0.074,9.17866563265817e-63,"5","CAPN15"
6.75297461422552e-67,0.645334070850436,0.82,0.269,9.60408049635153e-63,"5","MRPS28"
7.15365533706131e-67,0.577867202842061,0.441,0.104,1.01739286203686e-62,"5","ENSG00000291175"
7.16165952888385e-67,0.775640600024145,0.839,0.285,1.01853121819786e-62,"5","MANF"
9.52131111836774e-67,0.675638184894874,0.544,0.144,1.35412086725426e-62,"5","TYK2"
9.78345559093518e-67,1.03536530243553,0.254,0.04,1.3914030541428e-62,"5","PHLPP2"
1.00324319999509e-66,0.737274851899032,0.256,0.04,1.42681247903302e-62,"5","AP5B1"
1.01802525931986e-66,0.581820062298087,0.805,0.257,1.4478355238047e-62,"5","GAR1"
1.08690376606231e-66,0.856912730374264,0.976,0.599,1.54579453609382e-62,"5","BLOC1S1"
1.2852006003863e-66,0.989179341972673,0.966,0.618,1.82781229386939e-62,"5","CCT5"
1.4474028234197e-66,0.605472692573984,0.798,0.255,2.0584962954675e-62,"5","MRPS2"
1.45104406268282e-66,0.76164335603381,0.878,0.3,2.06367486594751e-62,"5","MRPL40"
1.800145743683e-66,0.66573751611964,0.376,0.08,2.56016727666596e-62,"5","PPRC1"
1.89667522041136e-66,0.930616510882224,0.498,0.132,2.69745149846903e-62,"5","DPP4"
1.91386838262111e-66,0.788714963637397,0.256,0.041,2.72190361376374e-62,"5","FAM27C"
1.92286341717603e-66,0.883064058742668,0.927,0.477,2.73469635190775e-62,"5","CD99"
1.93089944818304e-66,0.938330696176842,0.98,0.737,2.74612519520592e-62,"5","SRSF2"
1.98482805804001e-66,0.524761495304744,0.759,0.232,2.8228224641445e-62,"5","ERI3"
2.03488228061623e-66,0.631902009640556,0.363,0.076,2.8940095794924e-62,"5","KYAT1"
2.12083236338379e-66,0.746900930687708,0.912,0.352,3.01624778720443e-62,"5","DNAJC1"
2.2553547582942e-66,0.513524458393596,0.61,0.176,3.20756553724602e-62,"5","GLIPR2"
2.52527679163948e-66,0.738402727216733,0.807,0.269,3.59144865306967e-62,"5","GIHCG"
2.64689348510885e-66,0.685397209259148,0.641,0.189,3.7644119145218e-62,"5","SCFD2"
2.67560855495434e-66,0.656163730864602,0.695,0.209,3.80525048685606e-62,"5","CEP192"
2.74914332250553e-66,1.01032425444304,0.963,0.491,3.90983163326736e-62,"5","VCP"
3.26353695678483e-66,0.82121094461314,0.778,0.257,4.64140225993939e-62,"5","NPM3"
3.34721083569564e-66,0.555176850511041,0.48,0.12,4.76040325052633e-62,"5","PRIMPOL"
3.3774211030104e-66,0.586195009325315,0.351,0.072,4.80336829270139e-62,"5","INAFM1"
3.45385031007326e-66,0.676470288379174,0.593,0.166,4.91206591098619e-62,"5","IFT57"
5.07190229820855e-66,0.849204675689788,0.322,0.062,7.2132594485122e-62,"5","ACTMAP"
5.11930473985331e-66,0.707152970018493,0.729,0.232,7.28067520101937e-62,"5","LINC00342"
5.6814559766599e-66,0.94358133187513,0.949,0.425,8.08016669000571e-62,"5","PSMB7"
6.54605359239734e-66,0.640269572863125,0.317,0.061,9.3097974191075e-62,"5","SLC25A44"
6.82126990540053e-66,1.02923509651605,0.839,0.307,9.70121005946063e-62,"5","CHST11"
7.19327155327063e-66,0.68572155937481,0.795,0.257,1.02302708030615e-61,"5","MNAT1"
7.23703776585097e-66,0.641820832160786,0.371,0.079,1.02925151105932e-61,"5","ADARB1"
7.314366233235e-66,0.70319867258248,0.698,0.216,1.04024916569068e-61,"5","ARHGAP26"
7.46823814462238e-66,0.567157500030625,0.412,0.095,1.0621328289282e-61,"5","ZBTB17"
7.84364345795601e-66,0.525739403493167,0.327,0.064,1.1155229725905e-61,"5","STARD9"
9.44164526138205e-66,0.753529986430515,0.839,0.282,1.34279078907376e-61,"5","KCNAB2"
1.00594332687175e-65,0.758890293328349,0.871,0.304,1.430652599477e-61,"5","AKR7A2"
1.02653592212725e-65,0.51838524648623,0.983,0.973,1.45993938844937e-61,"5","ATP5MG"
1.10858166598544e-65,0.99113682036676,0.951,0.472,1.57662484536449e-61,"5","SF3B4"
1.28042479892908e-65,0.551391366814675,0.266,0.044,1.82102014903694e-61,"5","ALG14"
1.59132171968841e-65,0.861717746476037,0.98,0.775,2.26317774974086e-61,"5","SRSF3"
1.61484725406957e-65,0.562085823419202,0.388,0.085,2.29663576473774e-61,"5","ASB6"
1.6850017904535e-65,0.959560890223247,0.956,0.476,2.39640954638297e-61,"5","GNB1"
1.7350639362307e-65,0.828274570546181,0.78,0.262,2.4676079301073e-61,"5","ASXL2"
1.73836030837202e-65,0.709152823076506,0.793,0.27,2.47229603056669e-61,"5","CTSB"
1.75350401077379e-65,0.531656025911026,0.371,0.079,2.49383340412248e-61,"5","CHKA"
1.95774676766171e-65,0.559411681781971,0.354,0.074,2.78430745296848e-61,"5","TFE3"
1.97111314484379e-65,0.874611299334088,0.32,0.062,2.80331711459683e-61,"5","PIP5K1C"
2.09611028856796e-65,0.794065806348739,0.976,0.669,2.98108805240135e-61,"5","COPE"
3.27096951560482e-65,0.920207207044559,0.949,0.392,4.65197284509318e-61,"5","DCTN2"
3.9331454131686e-65,0.996971822307826,0.278,0.049,5.59371940660839e-61,"5","CDKL1"
4.39836493329728e-65,0.908408447718388,0.907,0.339,6.2553546081354e-61,"5","VMP1"
5.00276902634615e-65,1.25931020547171,0.776,0.349,7.11493810926949e-61,"5","ALOX5AP"
5.02183428713463e-65,0.506762381943547,0.661,0.194,7.14205272316287e-61,"5","GOLGA3"
5.36721281732127e-65,0.732606739298522,0.815,0.274,7.63325006879431e-61,"5","GATA3"
5.59073944961055e-65,0.750929045117778,0.978,0.804,7.95114964523613e-61,"5","NDUFB8"
5.6767537763431e-65,0.742334493790247,0.327,0.064,8.07347922071515e-61,"5","KLC2"
6.02155927267524e-65,0.884738608489275,0.961,0.575,8.56386159759872e-61,"5","LSM2"
7.18808456855355e-65,0.842384679158781,0.927,0.38,1.02228938733969e-60,"5","RECQL"
7.18955845699729e-65,0.614507498565072,0.978,0.91,1.02249900375416e-60,"5","COX6B1"
8.95028249865512e-65,0.580304720077478,0.793,0.257,1.27290917695873e-60,"5","TRNAU1AP"
1.15234147969722e-64,1.04161384704313,0.924,0.426,1.63886005242539e-60,"5","DCTN3"
1.15626533951084e-64,0.924486880944801,0.885,0.331,1.64444056585231e-60,"5","EIF2S1"
1.39070418032334e-64,0.603773606788664,0.32,0.062,1.97785948525585e-60,"5","ERCC2"
1.41418161617651e-64,0.851799892728919,0.68,0.212,2.01124909452623e-60,"5","FAM3C"
1.47794685883462e-64,0.782107144356926,0.98,0.778,2.1019360226346e-60,"5","U2AF1"
1.83934290892548e-64,0.855488359537591,0.859,0.301,2.61591348507382e-60,"5","TNIP1"
2.2155708772356e-64,0.633060671670783,0.485,0.124,3.15098490160447e-60,"5","MIDN"
2.3127066836694e-64,0.837577268571472,0.659,0.201,3.28913144551462e-60,"5","BCL2A1"
2.49518923322814e-64,0.951589677484949,0.568,0.162,3.54865812749706e-60,"5","TCTN3"
2.71105065292137e-64,0.557161287710808,0.415,0.097,3.85565623858477e-60,"5","GSTM3"
3.14763579803643e-64,0.934229596984368,0.949,0.401,4.4765676319674e-60,"5","CCDC124"
3.17260423682227e-64,0.651071153535653,0.741,0.233,4.51207774560863e-60,"5","NUP153"
3.3532371330155e-64,0.696063781785716,0.278,0.049,4.76897385057465e-60,"5","CSRP1-AS1"
3.64433972067742e-64,0.914595070386478,0.854,0.308,5.18297995074742e-60,"5","TRAF1"
3.76673766533927e-64,0.740503743097705,0.393,0.09,5.35705430764551e-60,"5","INF2"
4.05230876749527e-64,0.697963755033882,0.746,0.24,5.76319352913178e-60,"5","MPHOSPH9"
6.11203107890163e-64,0.969317996296143,0.276,0.049,8.69253060041389e-60,"5","TOMM40L"
6.38407435379066e-64,0.990810672771295,0.959,0.558,9.07943054596108e-60,"5","NHERF1"
7.18690822275918e-64,0.667342309972214,0.329,0.066,1.02212208744081e-59,"5","SCRIB"
7.31631037261449e-64,0.519717705295975,0.824,0.272,1.04052566119323e-59,"5","DDX23"
8.32616133958832e-64,1.00326951681549,0.915,0.398,1.18414666571625e-59,"5","HNRNPUL1"
8.54707146045343e-64,0.595187340901964,0.429,0.102,1.21556450310569e-59,"5","ELL"
9.57469330885965e-64,0.632206483192147,0.859,0.288,1.36171288238602e-59,"5","COMMD8"
9.62706698288565e-64,0.59592352282095,0.849,0.278,1.369161466306e-59,"5","PTPMT1"
1.10049106795882e-63,0.653304007492126,0.32,0.063,1.56511839685103e-59,"5","RCAN1"
1.14422335000584e-63,0.85233905190343,0.912,0.355,1.62731444837831e-59,"5","MAP4"
1.16524903744559e-63,0.700087052114322,0.298,0.056,1.65721718105512e-59,"5","AKAP1-DT"
1.26904531490565e-63,0.930696160052898,0.963,0.604,1.80483624685882e-59,"5","SRI"
1.31859467569333e-63,0.843419890196131,0.922,0.35,1.87530534777105e-59,"5","RBM42"
1.43386733586165e-63,0.959154518300632,0.929,0.374,2.03924612506244e-59,"5","PSMD11"
1.44687180580787e-63,0.652778324463446,0.283,0.051,2.05774108221995e-59,"5","TSPOAP1"
1.5323796416035e-63,0.564892690982697,0.851,0.284,2.1793503262885e-59,"5","GTF2F1"
1.7122008358482e-63,1.01177076682727,0.946,0.455,2.43509202874331e-59,"5","SLIRP"
1.75268177674133e-63,0.521512606746611,0.434,0.105,2.49266402288151e-59,"5","NAB1"
1.75863665951788e-63,0.581800456331553,0.817,0.27,2.50113305716633e-59,"5","ATP6V1D"
1.76389354734815e-63,1.08125846669147,0.983,0.747,2.50860940303854e-59,"5","HSPE1"
1.87715157311758e-63,0.65528462461854,0.851,0.287,2.66968496728782e-59,"5","AK6"
1.90335943866017e-63,1.04532003172085,0.893,0.392,2.7069577936625e-59,"5","SIT1"
1.95022286384763e-63,0.594886567221118,0.846,0.279,2.7736069569641e-59,"5","HARS1"
1.95069427743333e-63,1.08443738964468,0.795,0.313,2.77427740136568e-59,"5","TACC3"
2.00385482713274e-63,0.534134427551402,0.732,0.227,2.84988233514818e-59,"5","SYNC"
2.36670137669956e-63,0.703972820330006,0.854,0.298,3.36592269794212e-59,"5","PDS5B"
2.39929062035153e-63,0.568830410607313,0.802,0.261,3.41227112026395e-59,"5","ACD"
2.82277944216111e-63,0.519503388168002,0.795,0.253,4.01455692264153e-59,"5","CSNK2A1"
2.89516310617967e-63,0.50539030944114,0.744,0.23,4.11750096960872e-59,"5","C6orf89"
2.94951390808538e-63,0.691492942441352,0.395,0.092,4.19479868007903e-59,"5","CXXC5"
3.02008790957235e-63,0.623512704965511,0.732,0.236,4.2951690249938e-59,"5","PSTPIP1"
3.0308220604909e-63,0.673690022113751,0.415,0.098,4.31043513443016e-59,"5","MYBBP1A"
3.09599338855045e-63,0.963135379899571,0.944,0.455,4.40312179719645e-59,"5","ETFA"
3.10061467469138e-63,0.711444160117951,0.446,0.11,4.40969419034608e-59,"5","IPO11"
3.39801314334443e-63,0.51560670479937,0.437,0.106,4.83265429246445e-59,"5","HLCS"
3.90814505945076e-63,0.52700392094177,0.78,0.25,5.55816390355087e-59,"5","RPS6KB2"
4.13180748355925e-63,0.530867732499428,0.554,0.154,5.87625660311796e-59,"5","ADAT2"
4.14009305485019e-63,0.697101214614714,0.866,0.3,5.88804034260794e-59,"5","RPUSD3"
4.19765127134874e-63,0.63811536964965,0.59,0.169,5.96989963811217e-59,"5","SERTAD2"
4.19953207605311e-63,0.896374470667557,0.944,0.449,5.97257451856274e-59,"5","IMMT"
4.83571938990778e-63,1.09809187842493,0.52,0.149,6.87736011632684e-59,"5","P2RX5"
4.93134551589163e-63,0.654426719420662,0.834,0.275,7.01335959270108e-59,"5","RPP30"
4.94695302614703e-63,0.880592069117161,0.91,0.371,7.03555659378631e-59,"5","SRA1"
5.25675665390789e-63,0.541424417129567,0.371,0.081,7.4761593131878e-59,"5","DDX51"
6.5620660224667e-63,0.867468561281019,0.678,0.223,9.33257029715213e-59,"5","GPHN"
6.58425870327162e-63,0.619793923235627,0.388,0.089,9.3641327277929e-59,"5","KLRK1-AS1"
6.82866212063311e-63,0.610601354314707,0.854,0.286,9.71172326796442e-59,"5","USP39"
7.71695215988194e-63,0.512497874875708,0.702,0.213,1.09750493617841e-58,"5","GCDH"
8.15203309819864e-63,0.932532769674929,0.978,0.614,1.15938214722581e-58,"5","HNRNPM"
9.18770871423232e-63,1.18897944997909,0.268,0.047,1.30667593333812e-58,"5","PTP4A3"
9.91460423404937e-63,0.999278210064349,0.927,0.384,1.4100550141665e-58,"5","FMNL1"
1.00267694334278e-62,0.533155628497047,0.729,0.23,1.4260071488221e-58,"5","GATAD2A"
1.05046008447264e-62,0.615739619653784,0.849,0.29,1.49396433213699e-58,"5","ACTR1A"
1.06792538469854e-62,0.546429312381555,0.3,0.057,1.51880348211826e-58,"5","RPP25"
1.35629806254379e-62,0.631318023505677,0.983,0.877,1.92892710454978e-58,"5","COX7A2"
1.39034241631689e-62,0.910051407636559,0.915,0.393,1.97734498448588e-58,"5","DIAPH1"
1.56917307689522e-62,0.659179449004688,0.8,0.27,2.23167794996039e-58,"5","CCDC14"
1.59985009911474e-62,0.892187032902501,0.956,0.527,2.27530681096099e-58,"5","TWF2"
1.79653883560489e-62,0.632918329688741,0.82,0.274,2.55503753199727e-58,"5","BLMH"
1.90787481399458e-62,0.851401704914431,0.82,0.305,2.71337956046309e-58,"5","FAM111A"
2.0857434214749e-62,0.562876853780773,0.756,0.242,2.96634429402161e-58,"5","MARS1"
2.20471986458188e-62,0.816034481707449,0.878,0.31,3.13555259140835e-58,"5","USP22"
2.53851071642855e-62,0.88974692145288,0.251,0.042,3.61026994090469e-58,"5","PIK3R3"
3.50598730334864e-62,0.572994430613077,0.507,0.136,4.98621514282244e-58,"5","APP"
3.76966240606924e-62,0.816832490686306,0.261,0.045,5.36121387391167e-58,"5","PLEKHG2"
3.85219507261564e-62,0.66310596697644,0.315,0.063,5.47859183227396e-58,"5","GDF11"
4.09955516298504e-62,0.732148729743009,0.9,0.331,5.83038735279733e-58,"5","CRYBB2P1"
4.75303744132689e-62,0.777799176312053,0.941,0.369,6.75976984905511e-58,"5","ZCRB1"
4.79799363395883e-62,0.652720066451768,0.871,0.301,6.82370654621625e-58,"5","MTX1"
5.019251422296e-62,0.833239345207746,0.934,0.356,7.13837937278938e-58,"5","MRPL28"
5.21860203401737e-62,0.921482626045201,0.539,0.155,7.42189581277951e-58,"5","ITGA1"
5.29376879202317e-62,0.598998565341889,0.654,0.216,7.52879797601535e-58,"5","TRGC2"
5.44411034532157e-62,0.93482302202547,0.378,0.087,7.74261373311633e-58,"5","SMG9"
5.91851557065164e-62,0.835491593778878,0.878,0.321,8.41731284458076e-58,"5","AGFG1"
6.39508513503242e-62,1.07587429058322,0.276,0.05,9.0950900790431e-58,"5","SLCO3A1"
6.54687336885111e-62,0.605666125451157,0.832,0.278,9.31096330518006e-58,"5","GFUS"
6.90885491057283e-62,0.581438492024847,0.812,0.266,9.82577345381668e-58,"5","UBR4"
7.58134411751814e-62,0.925089703905197,0.922,0.401,1.07821876039343e-57,"5","RNF187"
7.75826344327597e-62,0.729376944728319,0.4,0.096,1.10338022690271e-57,"5","ENSG00000287100"
8.22084552143518e-62,0.731933005033537,0.978,0.754,1.16916865005851e-57,"5","PHB2"
8.92850179439316e-62,0.538645668323898,0.305,0.06,1.2698115251986e-57,"5","PINLYP"
8.9373655250584e-62,0.632623467453991,0.859,0.298,1.2710721249738e-57,"5","TMX1"
9.4408565958924e-62,0.933327431505468,0.924,0.417,1.34267862506782e-57,"5","PNP"
9.96439708265513e-62,0.61854741394315,0.256,0.043,1.41713655309521e-57,"5","NDOR1"
1.0362402589621e-61,1.02330981100548,0.261,0.045,1.4737408962959e-57,"5","NSMF"
1.07052634301798e-61,0.918336980106159,0.939,0.387,1.52250256504017e-57,"5","SASH3"
1.08605960536811e-61,0.537596000862964,0.788,0.255,1.54459397075453e-57,"5","CCDC57"
1.10274463766879e-61,0.58468147985545,0.839,0.28,1.56832342369256e-57,"5","PDCL3"
1.24172607992849e-61,0.5870751554416,0.363,0.081,1.7659828308743e-57,"5","SP2-DT"
1.31277310138376e-61,0.500101208233698,0.502,0.135,1.86702590478798e-57,"5","INTS6L"
1.33902503897353e-61,1.17803962796959,0.254,0.043,1.90436141042816e-57,"5","TFEB"
1.43201696630463e-61,0.888704654751976,0.834,0.295,2.03661452947845e-57,"5","RIN3"
1.46910827342707e-61,0.734201709233489,0.388,0.09,2.08936578646798e-57,"5","SLC9B2"
1.54970899627762e-61,0.948384153504824,0.378,0.088,2.20399613450603e-57,"5","LINC00426"
1.60587857022394e-61,0.644557705136253,0.502,0.135,2.28388050257248e-57,"5","H2BC5"
2.07615473376421e-61,0.539165738044315,0.549,0.156,2.95270726235946e-57,"5","MAP3K14"
2.12061026227987e-61,1.00712045584142,0.951,0.491,3.01593191501443e-57,"5","RNF167"
2.37271890694714e-61,0.682374316033106,0.873,0.301,3.37448082946022e-57,"5","POP4"
2.45887425478146e-61,0.813205897579332,0.298,0.058,3.49701096515019e-57,"5","ELL2"
2.57402707315057e-61,0.604909843016513,0.483,0.126,3.66078130343474e-57,"5","ARAP1"
2.69254386646685e-61,0.558445269763353,0.31,0.061,3.82933588688915e-57,"5","ACAP3"
2.72577757913928e-61,0.662535775521531,0.998,1,3.87660087305188e-57,"5","TMSB10"
2.78065533165153e-61,0.757483201614598,0.885,0.321,3.95464801267481e-57,"5","DNM2"
3.06453358953188e-61,0.596840560556622,0.376,0.085,4.35837967103224e-57,"5","PUS7"
3.15259078915674e-61,0.613822402261059,0.751,0.244,4.48361462033872e-57,"5","FARSB"
3.32885247221189e-61,0.914349967185684,0.951,0.467,4.73429398597975e-57,"5","PIN1"
3.64335024692206e-61,0.796912684538467,0.912,0.34,5.18157272117255e-57,"5","TMEM167A"
3.64728700087331e-61,0.643496060446913,0.795,0.267,5.18717157264203e-57,"5","DCAF13"
4.01656455336731e-61,0.593786920347574,0.329,0.069,5.71235810779898e-57,"5","SCAMP4"
4.05196024029056e-61,0.851953177992398,0.959,0.49,5.76269785374123e-57,"5","SARNP"
4.75346624746507e-61,0.752201900016964,0.88,0.308,6.76037969714483e-57,"5","PSPH"
5.33320747880179e-61,0.647867660457961,0.815,0.281,7.58488767635191e-57,"5","SPIDR"
5.80781311687259e-61,0.577734963082613,0.263,0.046,8.2598718148162e-57,"5","PANX1"
5.99343456710574e-61,0.663882126032213,0.61,0.182,8.52386264133778e-57,"5","PRDX4"
6.10157421860126e-61,0.814168279155259,0.973,0.629,8.67765885369472e-57,"5","NDUFS8"
6.13311327638936e-61,0.626203939092536,0.854,0.298,8.72251370168095e-57,"5","PANK2"
7.45227433964672e-61,0.607549270843285,0.254,0.043,1.05986245658456e-56,"5","ENKD1"
7.64025294355126e-61,0.533024583728571,0.793,0.269,1.08659677363186e-56,"5","TYMP"
1.04754623455115e-60,0.641311872600981,0.641,0.196,1.48982025477865e-56,"5","GTDC1"
1.18383712796569e-60,0.74025606004969,0.332,0.07,1.6836531633928e-56,"5","HEXIM2"
1.44906772243468e-60,0.713785647917835,0.888,0.322,2.0608641148466e-56,"5","MRPL32"
1.99984783100064e-60,0.56253336428867,0.859,0.295,2.84418358524911e-56,"5","RAP1GDS1"
2.36774298197128e-60,0.680970312334578,0.266,0.047,3.36740406895955e-56,"5","DOCK7"
3.02861346274702e-60,0.535277886135187,0.832,0.277,4.30729406671882e-56,"5","EMC8"
3.15026176751543e-60,0.561205440092476,0.322,0.067,4.48030228576044e-56,"5","GTF3C4"
3.29748429795788e-60,0.582916052587401,0.793,0.265,4.6896821685557e-56,"5","ANKRD36C"
3.55335279709101e-60,1.69276692880786,0.895,0.41,5.05357834802283e-56,"5","RBPJ"
3.83380104968367e-60,0.968916948537332,0.824,0.296,5.45243185286012e-56,"5","JARID2"
3.98802229290933e-60,0.828264168159477,0.915,0.353,5.67176530497564e-56,"5","PMF1"
4.63485795310091e-60,0.782300165670795,0.888,0.335,6.59169498090011e-56,"5","GRHPR"
4.81507655874835e-60,1.54507743023893,0.844,0.383,6.84800188185191e-56,"5","H2AC20"
5.06948103906238e-60,0.530726096183715,0.985,0.948,7.20981593375452e-56,"5","SNRPD2"
5.13643447304945e-60,0.659001989025862,0.839,0.298,7.30503710757093e-56,"5","IDI1"
5.22225026352328e-60,0.534974076099604,0.446,0.115,7.42708432478281e-56,"5","ANTXR2"
5.26895847491456e-60,0.639683480718758,0.302,0.06,7.49351274302349e-56,"5","INTS5"
5.32127878552909e-60,1.53508594671266,0.371,0.09,7.56792268877947e-56,"5","METRNL"
5.98874625185035e-60,0.524580861841982,0.268,0.048,8.51719491938156e-56,"5","ALG10"
5.98919153564094e-60,0.931813638390667,0.254,0.044,8.51782820198855e-56,"5","SORD"
8.2085525959524e-60,0.540562664381248,0.32,0.066,1.16742035019635e-55,"5","ZNF362"
9.77491194133352e-60,0.886722631702574,0.917,0.38,1.39018797629645e-55,"5","ECHS1"
1.01752955559679e-59,0.898522155351986,0.956,0.5,1.44713053396976e-55,"5","DDOST"
1.04742157129162e-59,0.906755575893779,0.949,0.484,1.48964295869094e-55,"5","VDAC3"
1.07358163472455e-59,0.574631488139669,0.802,0.269,1.52684780090526e-55,"5","ERO1A"
1.31770167943288e-59,0.667835787597114,0.298,0.059,1.87403532848945e-55,"5","CHN2"
1.43943248173264e-59,0.652394742149726,0.795,0.265,2.04716087552016e-55,"5","ATPAF1"
1.83814163962878e-59,1.09580638175687,0.276,0.052,2.61420503988006e-55,"5","ICAM1"
1.8814462070082e-59,0.614763402723925,0.856,0.296,2.67579279560706e-55,"5","SQOR"
2.01992949446582e-59,0.943021122316326,0.283,0.054,2.87274372702929e-55,"5","KIF9-AS1"
2.02891580810744e-59,0.606010269803031,0.807,0.282,2.8855240622904e-55,"5","C1orf35"
2.13977455417925e-59,0.912642510842993,0.946,0.419,3.04318737095373e-55,"5","MRPS12"
2.15058373257103e-59,0.54525256952976,0.854,0.296,3.05856018446251e-55,"5","WDR54"
2.17338405980186e-59,0.848413205929252,0.285,0.055,3.0909868098502e-55,"5","LDLR"
2.22283633565998e-59,0.759785928787323,0.763,0.265,3.16131783657562e-55,"5","MRTO4"
2.56804499444365e-59,0.596481622480241,0.841,0.289,3.65227359109776e-55,"5","ZNF326"
2.58625122179298e-59,0.636429633035219,0.802,0.268,3.67816648763398e-55,"5","CMIP"
2.89356154904871e-59,0.853574999342792,0.927,0.375,4.11522323505707e-55,"5","MRPL22"
3.57222368991189e-59,0.52649880479244,0.766,0.258,5.08041653179268e-55,"5","ZNF593"
4.86826608759212e-59,0.558713266456765,0.698,0.224,6.92364802977351e-55,"5","LPP"
6.68371062229749e-59,0.783538711354165,0.273,0.051,9.5055732470315e-55,"5","SH2B3"
7.49461476110013e-59,0.810602833605234,0.956,0.477,1.06588411132366e-54,"5","TMEM160"
8.62908805480424e-59,0.756399974560696,0.971,0.666,1.22722890315426e-54,"5","PPP4C"
9.08337800659586e-59,0.829669053635752,0.444,0.117,1.29183802009806e-54,"5","ZSWIM6"
9.83438366735331e-59,0.513232906245624,0.637,0.194,1.39864604517099e-54,"5","SART1"
1.11174253149814e-58,0.77396313074005,0.278,0.053,1.58112022829666e-54,"5","IPPK"
1.25991734381512e-58,0.517105669019627,0.473,0.125,1.79185444637387e-54,"5","HIP1R"
1.46408755599994e-58,0.711995055274203,0.834,0.3,2.08222532214312e-54,"5","NSMCE2"
1.54234635126425e-58,0.81765385409283,0.927,0.394,2.19352498076801e-54,"5","MRPS16"
1.54291665212465e-58,0.792740223474119,0.976,0.683,2.19433606265168e-54,"5","YWHAQ"
1.56926804131415e-58,0.521882510469081,0.841,0.278,2.23181300835698e-54,"5","PLRG1"
1.60160535869134e-58,0.869237046242018,0.934,0.433,2.27780314113082e-54,"5","ETHE1"
1.67564592427713e-58,0.810818664866443,0.283,0.055,2.38310363350694e-54,"5","TMEM121"
1.99378531136466e-58,0.557477106421154,0.763,0.25,2.83556146982281e-54,"5","TBRG4"
2.01572999484991e-58,0.889833889971325,0.254,0.045,2.86677119867554e-54,"5","CLUH"
2.06822730499445e-58,0.869570371537321,0.937,0.423,2.94143287316311e-54,"5","RAB8A"
3.54152335603279e-58,0.80874169734712,0.941,0.395,5.03675451694983e-54,"5","MPG"
3.83846673973889e-58,0.735643404021392,0.9,0.332,5.45906739725665e-54,"5","NDUFS4"
5.02317037815931e-58,0.838191180249027,0.954,0.519,7.14395291181818e-54,"5","NAA38"
5.0635987757358e-58,0.881405373498237,0.963,0.569,7.20145017885146e-54,"5","PDCD5"
5.23674750272747e-58,0.898938528319651,0.907,0.369,7.44770229837901e-54,"5","FDX1"
5.54826224215639e-58,0.834461194687315,0.878,0.333,7.89073856079482e-54,"5","RFTN1"
5.72449213378996e-58,0.959392364420932,0.91,0.405,8.14137271267608e-54,"5","RUNX3"
5.9333594639411e-58,0.8851021320578,0.951,0.482,8.43842382961703e-54,"5","MRPL16"
6.04058599522697e-58,0.820111565954251,0.949,0.571,8.5909214024118e-54,"5","PPP1R14B"
6.47931479627883e-58,0.551199188077505,0.876,0.306,9.21488150326774e-54,"5","ELOF1"
6.81714379470654e-58,0.959570575573814,0.907,0.405,9.69534190483164e-54,"5","NFATC3"
7.03481712255508e-58,0.587424008198001,0.312,0.065,1.00049169116978e-53,"5","ZNF337-AS1"
1.01326768972024e-57,0.81882054882884,0.288,0.057,1.44106930832012e-53,"5","FAM53B"
1.22862202383682e-57,0.865153943239521,0.929,0.402,1.74734624230073e-53,"5","GLRX5"
1.23953761334601e-57,1.03355584150891,0.283,0.056,1.76287039370069e-53,"5","AHI1-DT"
1.27607309633873e-57,0.517980651269821,0.81,0.279,1.81483115761294e-53,"5","KDELR2"
1.33743535043819e-57,0.671789349383558,0.741,0.251,1.9021005553932e-53,"5","PSD4"
1.56265870878099e-57,0.587065369330618,0.263,0.049,2.22241321562833e-53,"5","CCZ1"
1.59400963978366e-57,0.790929201126479,0.915,0.361,2.26700050970032e-53,"5","U2AF2"
1.71183033075875e-57,0.81906376094364,0.966,0.528,2.43456509640509e-53,"5","MRPL41"
2.30932988593388e-57,0.855410713690542,0.963,0.527,3.28432896377516e-53,"5","CYC1"
2.40619513520352e-57,0.514368807309879,0.985,0.977,3.42209072128645e-53,"5","SRP14"
2.45789744323071e-57,0.841521530851178,0.91,0.379,3.49562174376272e-53,"5","CHCHD1"
2.80448930206136e-57,0.758445416388236,0.917,0.348,3.98854468539167e-53,"5","POLR2J"
2.90112527558779e-57,1.38409389953744,0.268,0.052,4.12598036694095e-53,"5","RAB34"
3.59202605094154e-57,0.535115907336754,0.71,0.227,5.10857944964905e-53,"5","SRSF6"
4.205907878057e-57,0.860355391879971,0.941,0.471,5.98164218417266e-53,"5","PLP2"
4.32127871182812e-57,0.803127179781764,0.961,0.547,6.14572258396195e-53,"5","NDUFA7"
4.33741137604629e-57,0.86010973359257,0.951,0.565,6.16866645901303e-53,"5","NDUFA12"
4.37124301703155e-57,0.706053183773502,0.871,0.316,6.21678181882227e-53,"5","CD2BP2"
5.29079082424676e-57,0.689713157988863,0.851,0.314,7.52456271024374e-53,"5","NFATC2IP"
5.95681259293537e-57,0.688410288590043,0.973,0.764,8.47177886967269e-53,"5","TMEM258"
6.15970228914754e-57,0.523232507207865,0.3,0.062,8.76032859562564e-53,"5","CTC-338M12.4"
6.2104711996666e-57,0.557396728230827,0.385,0.095,8.83253214016584e-53,"5","GCNA"
7.67015323307367e-57,0.991927906475021,0.29,0.059,1.09084919280774e-52,"5","LINC01036"
7.77421739530852e-57,0.908015859012411,0.973,0.677,1.10564919796078e-52,"5","CCT3"
9.32723348578649e-57,0.719066346720186,0.983,0.766,1.32651914634855e-52,"5","NOP10"
9.43060920326564e-57,0.623011247931911,0.271,0.052,1.34122124088844e-52,"5","PRDM15"
9.64006769813794e-57,0.864562566251206,0.971,0.62,1.37101042802918e-52,"5","ANP32A"
9.84722666689423e-57,0.758327771235974,0.973,0.715,1.4004725765657e-52,"5","ATP5PB"
1.53349552686029e-56,0.6259627436984,0.341,0.077,2.1809373383007e-52,"5","SLC16A1-AS1"
1.5696663626246e-56,0.823161512075356,0.883,0.335,2.23237950092471e-52,"5","GARS1"
1.62943614568287e-56,0.763480573526452,0.973,0.998,2.31738408639017e-52,"5","MT-CO3"
1.73319519173751e-56,0.685756033993219,0.883,0.329,2.46495020168908e-52,"5","BCL7B"
1.9337212319799e-56,0.509129384650011,0.373,0.089,2.75013833612181e-52,"5","ACP6"
1.95431124347743e-56,0.562609705414281,0.837,0.296,2.7794214504736e-52,"5","CBX1"
1.96307870451627e-56,0.570707280778343,0.278,0.055,2.79189053356304e-52,"5","CD27-AS1"
1.96812379492425e-56,0.527095683718867,0.868,0.307,2.79906566114127e-52,"5","ADIPOR1"
1.99382779725633e-56,0.713312640345765,0.266,0.05,2.83562189325795e-52,"5","STXBP1"
2.07220036118397e-56,0.540010889343454,0.339,0.076,2.94708335367584e-52,"5","RPAP1"
2.56238117123221e-56,0.982568338339809,0.79,0.296,3.64421850172646e-52,"5","MIR142HG"
2.58519136392557e-56,0.90076550473294,0.89,0.38,3.67665915777495e-52,"5","ITGAL"
2.75616535149947e-56,0.628255459066817,0.295,0.061,3.91981836290255e-52,"5","SH3BP5L"
3.20328695288072e-56,0.65598658262206,0.598,0.21,4.55571470438697e-52,"5","HLA-DPA1"
5.20526007057546e-56,0.953400884416928,0.954,0.485,7.40292087237242e-52,"5","SFXN1"
5.31885319497046e-56,0.927093734739548,0.959,0.532,7.56447301388698e-52,"5","SERPINB1"
5.56170145400113e-56,0.741574099022947,0.295,0.061,7.9098518078804e-52,"5","DNAJC18"
6.37068655304466e-56,0.612059035493939,0.437,0.117,9.06039041574012e-52,"5","PDE6G"
6.59396066714364e-56,0.71251883306972,0.912,0.341,9.37793086081168e-52,"5","VBP1"
1.00647910429552e-55,0.556914096135882,0.978,0.906,1.4314145821291e-51,"5","UBL5"
1.10949179897315e-55,0.576325743593346,0.322,0.071,1.57791923649962e-51,"5","H4C16"
1.1131988728441e-55,0.536713404430682,0.832,0.294,1.58319143695887e-51,"5","ZNF106"
1.16385894122045e-55,0.596244182363629,0.42,0.108,1.65524018620372e-51,"5","TVP23C"
1.1701909071109e-55,0.694623758096679,0.88,0.338,1.66424550809312e-51,"5","PSMD12"
1.23680164893017e-55,0.934058264824316,0.256,0.048,1.75897930510849e-51,"5","VWA5A"
1.30343386979868e-55,0.600205926511671,0.276,0.054,1.85374364962768e-51,"5","FUT10"
1.57908533663237e-55,0.533770000931916,0.829,0.292,2.24577516575855e-51,"5","GTF2H5"
1.70190040775507e-55,0.82236097999257,0.951,0.486,2.42044275990927e-51,"5","TMEM256"
2.31486215181028e-55,0.645413643266422,0.785,0.273,3.29219695230458e-51,"5","LARP1"
2.64233173892986e-55,0.563841464532794,0.868,0.319,3.75792419910605e-51,"5","HACD4"
2.86930881224557e-55,0.841310864411148,0.878,0.346,4.08073099277565e-51,"5","HDLBP"
3.39817361501411e-55,0.658794842774862,0.256,0.048,4.83288251527307e-51,"5","AEN"
3.55098160594036e-55,0.778934765385018,0.973,0.654,5.05020603996838e-51,"5","NDUFA2"
4.13683541033818e-55,0.729591981773637,0.978,0.776,5.88340732058297e-51,"5","NDUFV2"
4.24639862040839e-55,0.816215756822965,0.949,0.418,6.03922811794481e-51,"5","ADSL"
4.35387266915868e-55,0.546318615373483,0.756,0.252,6.19207771007748e-51,"5","UBAP2L"
5.09071364451985e-55,0.688992550535597,0.649,0.214,7.24001294523613e-51,"5","ACP5"
5.14041128906588e-55,0.922336109181683,0.927,0.442,7.3106929353095e-51,"5","TCP1"
5.41650022988303e-55,0.544854750702666,0.827,0.286,7.70334662693965e-51,"5","AFG3L2"
6.04297847020113e-55,0.800258510074481,0.915,0.374,8.59432398032005e-51,"5","CNIH1"
6.88497112236557e-55,0.810633744396695,0.944,0.416,9.79180593022831e-51,"5","NDUFS3"
7.48848638175386e-55,0.613689319891401,0.985,0.935,1.06501253321303e-50,"5","TAGLN2"
9.88597400799543e-55,0.844449708693262,0.961,0.427,1.40598322341711e-50,"5","SUCLG1"
1.01162128463203e-54,0.803968263446088,0.963,0.562,1.43872779100367e-50,"5","EWSR1"
1.07171462908876e-54,0.527906961169572,0.451,0.122,1.52419254549003e-50,"5","HDAC10"
1.17814654796514e-54,0.611046863565676,0.873,0.319,1.67556002051602e-50,"5","NELFE"
1.29243911152801e-54,0.847890943046476,0.951,0.479,1.83810690441514e-50,"5","DECR1"
1.78289876291968e-54,0.636898427760721,0.332,0.075,2.53563862062437e-50,"5","HS1BP3"
1.83315145198712e-54,0.810180554271598,0.961,0.54,2.60710799501608e-50,"5","ENY2"
1.99585893731667e-54,0.796466492815079,0.963,0.652,2.83851058065177e-50,"5","BUB3"
2.40573257894175e-54,0.82103655474875,0.276,0.056,3.42143287377095e-50,"5","GPR55"
2.65092683090428e-54,0.566669724625509,0.315,0.07,3.77014813891206e-50,"5","HISLA"
4.29832603418467e-54,0.812475738089743,0.951,0.469,6.11307928581744e-50,"5","SUZ12"
4.54799923761473e-54,0.818116957923959,0.971,0.62,6.46816451573567e-50,"5","UQCRFS1"
5.14354413316473e-54,0.689440349333761,0.971,0.773,7.31514846618687e-50,"5","PSMA5"
5.38115888399494e-54,0.815382502331938,0.834,0.344,7.65308416481761e-50,"5","CISD3"
5.52383946780338e-54,0.545237055864409,0.288,0.06,7.85600449110997e-50,"5","RHBDF2"
5.6245635256646e-54,0.854677834090439,0.944,0.463,7.99925424620019e-50,"5","SLC25A39"
5.63347689122863e-54,0.609199312675166,0.868,0.33,8.01193083470536e-50,"5","UBE2E3"
5.77778290624652e-54,0.517006222018368,0.812,0.287,8.2171628492638e-50,"5","COQ4"
6.01841217211968e-54,0.544791695593486,0.271,0.054,8.5593857911886e-50,"5","MAPKBP1"
6.96996056875812e-54,0.854986440948813,0.966,0.571,9.9126779208878e-50,"5","DDX39A"
7.43323302193125e-54,0.866997236129138,0.317,0.072,1.05715440037906e-49,"5","SPACA9"
9.34588115376962e-54,0.641263551584341,0.337,0.078,1.32917121768912e-49,"5","TECPR2"
1.29790510964565e-53,0.576412085625128,0.278,0.057,1.84588064693804e-49,"5","FNIP2"
1.59855209729057e-53,0.605819049093248,0.873,0.32,2.27346079276665e-49,"5","MRPS14"
1.73864089864585e-53,0.861536223166409,0.954,0.457,2.47269508605412e-49,"5","RAB1B"
3.3509357792834e-53,0.680768437858615,0.444,0.124,4.76570086529685e-49,"5","KCNN4"
3.42529456270586e-53,0.811336108402218,0.961,0.619,4.87145392708027e-49,"5","TOMM5"
3.71939149611456e-53,0.659672235355271,0.759,0.272,5.28971858577413e-49,"5","CD226"
3.72873637487227e-53,0.668695675946168,0.91,0.355,5.30300887234334e-49,"5","MRPL21"
4.21714608265935e-53,0.592849164465612,0.627,0.205,5.99762515875813e-49,"5","ABTB3"
4.85463815966764e-53,0.860752572483386,0.927,0.41,6.90426639067932e-49,"5","PSMC1"
5.5027537980514e-53,0.87810075333512,0.941,0.484,7.8260164515887e-49,"5","SYNCRIP"
6.08599094725686e-53,0.62008417461558,0.978,0.823,8.6554963251887e-49,"5","ATP5PO"
6.71173094131107e-53,0.861688260366199,0.959,0.587,9.5454237447326e-49,"5","PPA1"
7.53891640768461e-53,0.689095796489084,0.888,0.33,1.07218469150091e-48,"5","CHMP4B"
8.55887919448732e-53,0.551490870134267,0.841,0.318,1.21724379903999e-48,"5","PLSCR1"
1.10972064000459e-52,0.64015380444308,0.844,0.318,1.57824469421453e-48,"5","RAD51B"
1.20732233365701e-52,0.505858147024364,0.841,0.303,1.71705382292699e-48,"5","CCDC47"
1.27030878142296e-52,0.712376921056895,0.895,0.34,1.80663314893973e-48,"5","PFDN4"
1.5205394816832e-52,0.819431075780063,0.934,0.405,2.16251125084984e-48,"5","CLTB"
1.52195266659399e-52,0.893006249999042,0.944,0.437,2.16452108242997e-48,"5","PSMC4"
1.66846876467105e-52,0.697848514431126,0.912,0.37,2.37289627711517e-48,"5","PSME3IP1"
1.80198167607526e-52,0.658751623680858,0.968,0.728,2.56277833971424e-48,"5","RAC1"
2.11185567965352e-52,0.584993004105402,0.82,0.295,3.00348114760324e-48,"5","ATXN2L"
2.2248286659821e-52,0.543645869878033,0.876,0.322,3.16415132875974e-48,"5","RTCB"
2.34314790160941e-52,0.772178692151882,0.91,0.384,3.3324249456689e-48,"5","POLR2H"
2.49314458940174e-52,0.76726141233544,0.827,0.309,3.54575023504716e-48,"5","CDKAL1"
2.56871582319719e-52,0.630896202457067,0.91,0.354,3.65322764375104e-48,"5","ISY1"
2.83849670722604e-52,0.824169089260337,0.959,0.485,4.03691001701687e-48,"5","PSMD13"
3.61617770518717e-52,0.620674018764857,0.268,0.054,5.1429279323172e-48,"5","MFSD13A"
3.76436056876641e-52,0.62221628096138,0.983,0.787,5.35367360089959e-48,"5","NDUFA11"
4.10330355029501e-52,0.569749515442096,0.822,0.298,5.83571830922956e-48,"5","CTDSP1"
4.53233375691714e-52,0.828370343030748,0.915,0.384,6.44588506908756e-48,"5","LYPLA1"
4.76403582506795e-52,0.729581581179857,0.449,0.131,6.77541175041164e-48,"5","ENSG00000273118"
5.2931903052454e-52,0.836257338704036,0.907,0.389,7.52797525212001e-48,"5","HSPA4"
5.65086001939791e-52,0.797699187826837,0.937,0.431,8.0366531195877e-48,"5","BUD31"
6.31071196283101e-52,1.49037788984454,0.68,0.263,8.97509455353826e-48,"5","SNX9"
6.36575173240179e-52,0.556058937534964,0.841,0.306,9.05337211382183e-48,"5","DRG1"
6.44109030179881e-52,1.04795761167379,0.7,0.285,9.16051862721827e-48,"5","LINC01871"
6.92964577536685e-52,0.557966570148182,0.293,0.064,9.85534222172674e-48,"5","NR1H3"
7.33602086564337e-52,0.67457072147783,0.966,0.698,1.0433288875118e-47,"5","ARF5"
7.38016100814511e-52,1.30903797660369,0.3,0.066,1.0496064985784e-47,"5","RORA-AS1"
7.62004258769998e-52,0.704239798073641,0.893,0.406,1.08372245682269e-47,"5","GCHFR"
7.96406553412033e-52,0.75356852045952,0.939,0.379,1.13264940026259e-47,"5","QARS1"
1.00629333439841e-51,0.524815246706068,0.8,0.279,1.43115038018142e-47,"5","SMIM15"
1.02032382478825e-51,0.667657254879687,0.971,0.751,1.45110454361385e-47,"5","NDUFB4"
1.21556643299877e-51,0.530022704741033,0.827,0.298,1.72877858101085e-47,"5","PEX2"
1.30123189886096e-51,0.532227885170867,0.28,0.059,1.85061200656006e-47,"5","NICN1"
1.33201294131313e-51,0.734894782703361,0.966,0.684,1.89438880513553e-47,"5","PRDX5"
1.73118416549035e-51,0.501565600711488,0.88,0.321,2.46209012016038e-47,"5","CDC34"
2.37153984180087e-51,0.710080191803498,0.927,0.42,3.3728039630092e-47,"5","PHPT1"
3.08235524268174e-51,0.937078592890215,0.99,0.985,4.38372562614197e-47,"5","IL32"
3.10392033908959e-51,0.815227919246701,0.951,0.492,4.41439550625322e-47,"5","CHD4"
3.52864852064622e-51,0.70065174549167,0.907,0.38,5.01844392606305e-47,"5","TMEM165"
3.53388407048376e-51,0.734062805574708,0.907,0.38,5.025889925042e-47,"5","AK2"
3.8623955474182e-51,0.770328038689586,0.968,0.627,5.49309894753817e-47,"5","NONO"
4.6784012936863e-51,0.746674708836858,0.48,0.14,6.65362231988066e-47,"5","LFNG"
5.40855555310441e-51,0.609611305065945,0.363,0.093,7.69204770762509e-47,"5","DAPP1"
5.51041387705468e-51,0.605171488680373,0.28,0.061,7.83691061594716e-47,"5","KIAA0825"
6.03165373392504e-51,1.04429438563942,0.28,0.061,8.57821794038819e-47,"5","ABAT"
6.2641419098637e-51,0.630680617000558,0.334,0.081,8.90886262420815e-47,"5","ADAM8"
6.85794035455948e-51,0.795239268073674,0.902,0.375,9.75336277225449e-47,"5","DOCK2"
7.59760063083837e-51,0.513844247158388,0.278,0.059,1.08053076171783e-46,"5","NMNAT1"
9.41787147560873e-51,0.671542222701044,0.89,0.358,1.33940968126107e-46,"5","BAG1"
9.62470634581438e-51,0.778297258926057,0.976,0.629,1.36882573650172e-46,"5","RBM3"
9.70514696117851e-51,0.788681635985368,0.944,0.472,1.38026600081881e-46,"5","OSTF1"
9.77216409204705e-51,0.752140656409815,0.927,0.392,1.38979717717093e-46,"5","OIP5-AS1"
1.0822608091722e-50,0.504217056662531,0.322,0.076,1.5391913228047e-46,"5","LPAR5"
1.16719492592408e-50,0.610748141311551,0.82,0.303,1.65998462364923e-46,"5","ATP1A1"
1.6558097522612e-50,0.508627734652052,0.259,0.053,2.35489262966587e-46,"5","ENSG00000207751"
1.69061961363077e-50,0.527289185112731,0.873,0.323,2.40439921450568e-46,"5","SKIC8"
1.71374387151757e-50,0.829086019528527,0.934,0.461,2.43728653407229e-46,"5","MACF1"
1.74286926666683e-50,0.83675244957201,0.951,0.536,2.47870867105357e-46,"5","CTSC"
2.50748671382557e-50,0.596416862832531,0.985,0.89,3.56614760440273e-46,"5","PGK1"
3.51245312301828e-50,0.773687452595151,0.98,0.619,4.9954108315566e-46,"5","HNRNPL"
3.55903492913024e-50,0.71255817728601,0.885,0.349,5.06165947620902e-46,"5","MRPS7"
4.28170896621423e-50,0.607113382528606,0.983,0.775,6.08944649174987e-46,"5","ATP5MJ"
5.59616035771394e-50,0.703106606068334,0.973,0.684,7.95885926074077e-46,"5","HNRNPR"
5.63276413173273e-50,0.618207011512109,0.859,0.323,8.01091714815029e-46,"5","MYO9B"
6.67767152036284e-50,0.838634396784926,0.954,0.727,9.49698443626003e-46,"5","PRDX2"
8.48584509828784e-50,0.67340038074384,0.912,0.37,1.2068568898785e-45,"5","CAMTA1"
1.14702335262541e-49,0.804419689735777,0.937,0.437,1.63129661210385e-45,"5","SEC13"
1.81049778667186e-49,0.746617635937152,0.978,0.691,2.57488995220471e-45,"5","BZW1"
1.95772618983136e-49,0.587011724919905,0.846,0.32,2.78427818717817e-45,"5","HK1"
2.00622699053261e-49,0.612690005603132,0.844,0.319,2.85325602593548e-45,"5","ERCC1"
2.05389053910293e-49,0.563697574261688,0.89,0.342,2.92104312471219e-45,"5","TMEM141"
2.09516566572248e-49,0.539552618966986,0.827,0.307,2.97974460979051e-45,"5","RUVBL1"
2.10875059889657e-49,0.72672712027834,0.924,0.407,2.9990651017507e-45,"5","SF3A2"
2.47849005710535e-49,0.626201106564022,0.885,0.356,3.52490855921523e-45,"5","SDF2L1"
2.60111542449259e-49,0.521550473380365,0.268,0.057,3.69930635671336e-45,"5","ARMC9"
2.72397469269098e-49,0.983481449497088,0.963,0.611,3.87403680794511e-45,"5","JUND"
2.82823062553051e-49,0.84828837109922,0.92,0.51,4.0223095956295e-45,"5","PHB1"
3.38418362659446e-49,0.801698119414735,0.968,0.67,4.81298595374264e-45,"5","CCT4"
3.39822773120356e-49,0.613853653093678,0.876,0.342,4.83295947931771e-45,"5","DHX15"
3.93702498806612e-49,0.848788224757998,0.905,0.388,5.59923693802764e-45,"5","FAF1"
4.13926305982495e-49,0.602739154778392,0.88,0.342,5.88685992368304e-45,"5","SDF4"
4.32065994809589e-49,0.631825667879758,0.893,0.351,6.14484257818198e-45,"5","MRPS23"
4.46033517197868e-49,0.628922813670339,0.971,0.792,6.34348868158807e-45,"5","TRAPPC1"
5.92746893339596e-49,0.74818514914976,0.968,0.588,8.43004631707573e-45,"5","RBBP4"
7.34362054708019e-49,0.566646524511037,0.873,0.325,1.04440971420575e-44,"5","PEF1"
8.43247636627728e-49,0.58659086482701,0.48,0.15,1.19926678881195e-44,"5","SOX4"
9.29694238327069e-49,0.792122663391092,0.968,0.577,1.32221114574876e-44,"5","ANXA11"
1.09699292899297e-48,0.778810228021296,0.844,0.33,1.5601433436138e-44,"5","GMDS"
1.15587788425822e-48,0.72518283588967,0.28,0.063,1.64388952699204e-44,"5","MAILR"
1.2113070134918e-48,0.63669793643368,0.878,0.347,1.72272083458803e-44,"5","GART"
1.30535749205022e-48,0.808429643412087,0.963,0.661,1.85647942519382e-44,"5","NHP2"
1.45764188521126e-48,0.727215900207203,0.922,0.394,2.07305828914745e-44,"5","MCTS1"
1.48561847839956e-48,0.84626389338772,0.956,0.612,2.11284659997985e-44,"5","HSPB1"
1.55769832099044e-48,0.526074227095613,0.849,0.329,2.2153585521126e-44,"5","RB1"
1.84489357299246e-48,0.664610181906679,0.902,0.359,2.62380763950988e-44,"5","URM1"
1.88667437387381e-48,0.76214684229893,0.815,0.319,2.68322829452334e-44,"5","CORO1B"
2.07187688235826e-48,0.730271997526558,0.917,0.411,2.94662330208992e-44,"5","CCAR1"
2.1781768676883e-48,0.727914209621912,0.973,0.66,3.0978031412263e-44,"5","CIAO2B"
3.2300008585706e-48,0.662557148189605,0.924,0.391,4.5937072210591e-44,"5","PSMD9"
3.91395913265932e-48,0.6368467790794,0.917,0.393,5.56643267846808e-44,"5","C4orf48"
3.9912618921078e-48,0.615322896798934,0.837,0.331,5.67637266295571e-44,"5","COX20"
4.7674261237479e-48,0.707962932187276,0.917,0.427,6.78023343319427e-44,"5","EXOSC8"
4.78632947235046e-48,0.558305245804582,0.846,0.317,6.80711777557682e-44,"5","IARS1"
4.97223331053842e-48,0.975790646101675,0.924,0.506,7.07151021424774e-44,"5","IKZF3"
5.6657705242461e-48,0.735241499983364,0.956,0.445,8.05785883958281e-44,"5","MRPS36"
6.97135108811436e-48,0.65691015354235,0.91,0.371,9.91465551751624e-44,"5","EIF4E2"
8.58516705002923e-48,1.02482882063342,0.893,0.628,1.22098245785516e-43,"5","CTSW"
8.73303378341687e-48,0.810428752001388,0.959,0.532,1.24201206467755e-43,"5","ADRM1"
9.06277691057812e-48,0.60834936474142,0.871,0.357,1.28890813222242e-43,"5","RGS19"
9.89664130347928e-48,0.705099708978277,0.971,0.634,1.40750032618082e-43,"5","PSMD4"
1.07032247003925e-47,0.770762096499038,0.941,0.484,1.52221261688982e-43,"5","EIF4H"
1.53507751386099e-47,1.61436501390585,0.944,0.69,2.1831872402131e-43,"5","H1-2"
2.29346578997468e-47,0.624845965473945,0.885,0.344,3.26176704650199e-43,"5","BLOC1S2"
2.31621575705552e-47,0.513807508245572,0.615,0.205,3.29412204968436e-43,"5","PKIA"
2.5043531709147e-47,0.734723217645542,0.951,0.514,3.56169107967489e-43,"5","WAS"
4.37670276801839e-47,0.694456331352559,0.902,0.399,6.22454667667575e-43,"5","PPIH"
4.83284281395443e-47,0.655667634885348,0.895,0.356,6.87326905000599e-43,"5","NDUFA9"
5.32167761626547e-47,0.515728910357302,0.268,0.06,7.56848990585276e-43,"5","SLFN12"
5.41217258378635e-47,0.771750768480781,0.968,0.563,7.69719184866094e-43,"5","RBM17"
5.82719724609585e-47,0.683578854550593,0.922,0.4,8.28743992339752e-43,"5","RHOF"
6.57903732912605e-47,0.812889765493381,0.902,0.397,9.35670688948307e-43,"5","GRK2"
1.02340740845813e-46,0.573243138430933,0.993,0.891,1.45549001630916e-42,"5","SET"
1.03540311709603e-46,0.675118955903295,0.973,0.72,1.47255031313398e-42,"5","LRRFIP1"
1.04931747585347e-46,0.84386238232066,0.627,0.225,1.4923393141588e-42,"5","ODC1"
1.08452376318273e-46,0.549290454454049,0.407,0.116,1.54240969599847e-42,"5","PLEC"
1.20667787916077e-46,0.676626646965285,0.971,0.604,1.71613727974244e-42,"5","AURKAIP1"
1.21363531109087e-46,0.674437189955741,0.937,0.437,1.72603213943344e-42,"5","BCL7C"
1.39441449554278e-46,0.691372613150081,0.368,0.1,1.98313629556094e-42,"5","TIPARP"
1.92560511267306e-46,0.65982210127255,0.934,0.415,2.73859559124362e-42,"5","MRPL18"
2.48048038160977e-46,1.01048531392818,0.251,0.053,3.52773919872541e-42,"5","TMEM143"
2.57942872518246e-46,0.741601901906929,0.939,0.511,3.66846353295449e-42,"5","MEA1"
4.27122486730263e-46,0.521702038486299,0.868,0.329,6.0745360062778e-42,"5","DPM1"
4.51152335959258e-46,0.740333947672675,0.966,0.614,6.41628852201257e-42,"5","EIF3A"
4.91123454583209e-46,0.662133390849904,0.939,0.437,6.9847577710824e-42,"5","SSR3"
5.51328786557005e-46,0.636020531630966,0.98,0.841,7.84099800241372e-42,"5","SELENOH"
5.63323796751015e-46,0.547329997874588,0.476,0.145,8.01159103739294e-42,"5","ELP1"
7.94383465617916e-46,0.812507610268395,0.888,0.439,1.1297721648018e-41,"5","SH2D1A"
8.11414343990239e-46,0.711750745523445,0.949,0.562,1.15399348002292e-41,"5","CAPZA1"
9.69660257041581e-46,0.542676093950177,0.863,0.33,1.37905081756454e-41,"5","HADHB"
1.28710495394754e-45,0.588188667278816,0.968,0.999,1.83052066550419e-41,"5","MT-ND4"
1.34079990914101e-45,0.564452782086846,0.856,0.339,1.90688563078034e-41,"5","HUWE1"
1.46210367633498e-45,0.720857785755177,0.932,0.463,2.07940384848361e-41,"5","PPP1R7"
1.49790405988097e-45,0.920727053083942,0.966,0.679,2.13031915396271e-41,"5","RPS27L"
1.49913173623746e-45,0.691325603348926,0.968,0.683,2.13206515527692e-41,"5","ANAPC11"
1.70769254617963e-45,0.589974944404296,0.973,0.74,2.42868033917667e-41,"5","KHDRBS1"
2.16905074699543e-45,0.608757517464457,0.832,0.312,3.0848239723769e-41,"5","DAXX"
2.18360540564711e-45,0.68466952914663,0.91,0.384,3.10552360791132e-41,"5","NAA20"
2.38126588142583e-45,0.715351487492909,0.959,0.591,3.38663633656381e-41,"5","HADHA"
2.67669145013493e-45,0.922155363465586,0.715,0.295,3.80679058038189e-41,"5","SP140"
2.97500868253911e-45,0.576272454829608,0.688,0.249,4.23105734830712e-41,"5","DHRS3"
3.11827051574724e-45,0.788273904928036,0.954,0.51,4.43480432749573e-41,"5","FDFT1"
3.13776485092243e-45,0.727935276464061,0.961,0.512,4.46252917098188e-41,"5","NDUFV1"
4.27151581650413e-45,0.502101822774599,0.849,0.322,6.07494979423217e-41,"5","ACTR1B"
4.61980480202696e-45,0.518344126490248,0.885,0.366,6.57028638944275e-41,"5","CISD2"
5.17367039155709e-45,0.603466733949757,0.99,0.934,7.35799403087249e-41,"5","PSME2"
5.48005617117476e-45,0.696107143053728,0.951,0.569,7.79373588664474e-41,"5","NDUFB1"
5.84712935291319e-45,0.503019824017722,0.756,0.283,8.31578736571315e-41,"5","MT1F"
6.3627573451174e-45,0.50761326103434,0.888,0.359,9.04911349622596e-41,"5","FAM136A"
7.37432490409561e-45,0.792514398528745,0.376,0.11,1.04877648786048e-40,"5","STAG3"
7.75634728923977e-45,0.769689947383089,0.927,0.46,1.10310771147568e-40,"5","LAGE3"
8.7625717879817e-45,0.540152905036094,1,0.986,1.24621295968676e-40,"5","NPM1"
8.85579198260283e-45,0.551665814717801,0.985,0.822,1.25947073576577e-40,"5","NEDD8"
9.91586656298264e-45,0.71205321863034,0.971,0.964,1.41023454258739e-40,"5","MT-ND1"
1.0902572827865e-44,1.02358227786122,0.263,0.06,1.55056390757897e-40,"5","HECW2-AS1"
1.55739634290167e-44,0.655005121972079,0.954,0.631,2.21492907887476e-40,"5","SF3B6"
1.62656477173767e-44,0.500598491716233,0.988,0.977,2.31330041836531e-40,"5","CALM1"
1.794293760682e-44,0.74980891525793,0.924,0.437,2.55184458644194e-40,"5","SDHB"
1.81083647750933e-44,0.613467037962424,0.961,0.719,2.57537163831377e-40,"5","RTRAF"
2.09444103333388e-44,0.531839059831413,0.871,0.344,2.97871403760744e-40,"5","TIMMDC1"
2.11323772647962e-44,0.681200721254821,0.973,0.627,3.00544669459932e-40,"5","TRA2B"
2.44895479559885e-44,0.694341615213303,0.944,0.493,3.48290351030069e-40,"5","RNASEH2C"
2.60012710141914e-44,0.561533685427161,0.907,0.378,3.6979007636383e-40,"5","IPO7"
2.64656633162054e-44,0.64801947767467,0.934,0.435,3.76394663683074e-40,"5","RER1"
2.92579677659911e-44,0.542188888832213,0.846,0.33,4.16106817567926e-40,"5","NUP107"
3.07521263875838e-44,0.647629013396858,0.939,0.451,4.37356741484217e-40,"5","CFLAR"
3.11173196031245e-44,0.514065335324866,0.856,0.337,4.42550519395636e-40,"5","ECI2"
4.07549111934324e-44,0.808217479926198,0.798,0.377,5.79616346992995e-40,"5","IKZF2"
4.6844843584743e-44,0.555686742662765,0.339,0.09,6.66227365462215e-40,"5","CIC"
4.91204514363644e-44,0.682131134223827,0.956,0.497,6.98591060327974e-40,"5","SRSF4"
6.57289785675983e-44,0.560843940560289,0.829,0.324,9.34797533188384e-40,"5","RBM38"
6.87105579818883e-44,0.917373346238287,0.968,0.807,9.77201555618415e-40,"5","ITM2A"
7.04628134337657e-44,0.645628093424322,0.976,0.703,1.00212213265502e-39,"5","EZR"
8.4800177203505e-44,0.77088669666447,0.963,0.684,1.20602812018825e-39,"5","SFPQ"
1.13604718763132e-43,0.587605413327167,0.98,0.867,1.61568631024926e-39,"5","SERBP1"
1.21323622924227e-43,0.672143865312597,0.971,0.636,1.72546456522835e-39,"5","NDUFB7"
1.5517279729279e-43,0.650470518587222,0.912,0.401,2.20686752309806e-39,"5","UCHL5"
1.58687173299172e-43,0.546152188814954,0.276,0.066,2.25684897866082e-39,"5","TEC"
1.63901220433105e-43,0.604093521050284,0.846,0.342,2.33100315699962e-39,"5","TBC1D5"
2.68162655512653e-43,0.58776385310329,0.895,0.372,3.81380928670096e-39,"5","ZBTB8OS"
3.33746859670425e-43,1.32730835634975,0.976,0.867,4.74654783823278e-39,"5","H1-4"
3.70604730762108e-43,0.711533995002236,0.359,0.104,5.2707404808987e-39,"5","EOMES"
4.57352406027214e-43,0.501580130881046,0.856,0.339,6.50446591851904e-39,"5","MTF2"
8.2331348727385e-43,0.701830333296145,0.968,0.622,1.17091644160087e-38,"5","SUMO1"
9.38952205451538e-43,1.01754404725677,0.915,0.526,1.33537782659318e-38,"5","SRM"
1.16526538516489e-42,0.53479796621982,0.9,0.354,1.65724043078151e-38,"5","SPAG7"
1.27896350091865e-42,0.938307236839846,0.334,0.09,1.81894189100651e-38,"5","CNNM2"
1.36249547567691e-42,0.793167252993023,0.949,0.496,1.9377410655077e-38,"5","MRPL4"
1.51381633252465e-42,0.603841183935665,0.959,0.723,2.15294958811656e-38,"5","NDUFB6"
1.67610039320433e-42,0.703413704025262,0.932,0.433,2.3837499792152e-38,"5","SNRPA1"
1.77369520587053e-42,0.552512846350417,0.885,0.358,2.52254932178906e-38,"5","LSM1"
2.09504188292767e-42,0.592494233198163,0.88,0.361,2.97956856589973e-38,"5","MPV17"
2.38307934689372e-42,0.680241897083843,0.946,0.438,3.38921544715225e-38,"5","MAZ"
3.44311826498986e-42,0.873748191100573,0.971,0.532,4.89680279646858e-38,"5","MYH9"
4.02649996105454e-42,0.606928351099866,0.849,0.348,5.72648824461177e-38,"5","TSPOAP1-AS1"
5.78858663776648e-42,0.723101972257317,0.898,0.415,8.23252791623149e-38,"5","NDUFAF8"
8.32751790452992e-42,0.639262869973354,0.934,0.47,1.18433959638224e-37,"5","POLR2F"
1.00889440018375e-41,0.66205821943195,0.956,0.604,1.43484961594133e-37,"5","MAGOH"
1.11755455279658e-41,0.707365490134661,0.905,0.43,1.5893860849873e-37,"5","ACADVL"
1.32613432588671e-41,0.690717251405254,0.944,0.533,1.88602823827608e-37,"5","AP2M1"
1.70329472060855e-41,0.638123290390274,0.963,0.783,2.42242575164948e-37,"5","ABRACL"
1.83009618928707e-41,0.596649090381382,0.966,0.679,2.60276280040407e-37,"5","RNPS1"
3.76236878013835e-41,0.636804769300084,0.937,0.443,5.35084087911277e-37,"5","MRPS18C"
4.26808881575648e-41,0.573716621261022,0.902,0.386,6.07007591376886e-37,"5","R3HDM1"
7.17326790125027e-41,0.62673760716469,0.846,0.352,1.02018216091581e-36,"5","BZW2"
8.49388896268296e-41,0.574905129602152,0.976,0.691,1.20800088827277e-36,"5","NDUFB10"
8.61087355116132e-41,0.664512113831236,0.31,0.084,1.22463843644616e-36,"5","STAP1"
1.02340538215715e-40,0.654000351863074,0.954,0.565,1.45548713450389e-36,"5","CAPNS1"
1.16394999684756e-40,0.73497471787081,0.978,0.675,1.6553696855166e-36,"5","CCT7"
1.28617798188668e-40,0.652080934495018,0.963,0.662,1.82920232583924e-36,"5","TXNL4A"
1.3281998945489e-40,0.507564961270993,0.917,0.457,1.88896589002744e-36,"5","CTSD"
1.47040553298768e-40,0.551262268795485,0.763,0.3,2.09121074901507e-36,"5","NFAT5"
2.25448717078547e-40,0.536396736172813,0.978,0.93,3.2063316542911e-36,"5","PPIB"
2.37836763723399e-40,0.651581256469226,0.912,0.408,3.38251445367418e-36,"5","NCOA4"
2.49022983205313e-40,0.634230824378347,0.929,0.459,3.54160486714596e-36,"5","RFC1"
2.77256686652419e-40,0.607386430819125,0.966,0.645,3.94314459757071e-36,"5","RHOG"
2.93135371020802e-40,0.577068000135045,0.293,0.077,4.16897124665785e-36,"5","AEBP1"
3.0270503422191e-40,0.630679514333907,0.898,0.39,4.305070996704e-36,"5","WNK1"
8.14351509881908e-40,0.606388815378945,0.893,0.378,1.15817071735405e-35,"5","COMMD7"
9.24600745028479e-40,0.528725343624736,0.898,0.381,1.3149671795795e-35,"5","RANGRF"
9.56515863526513e-40,0.791462414835699,0.949,0.549,1.36035686110741e-35,"5","NOP56"
1.04895727946133e-39,0.65588605332999,0.927,0.42,1.49182704284991e-35,"5","COPZ1"
1.31652526970598e-39,0.579485020412108,0.929,0.401,1.87236223857585e-35,"5","NDUFA8"
1.88406530215318e-39,0.527095252960136,0.846,0.353,2.67951767272225e-35,"5","REL"
2.08976531489231e-39,0.501454324803335,0.883,0.362,2.97206423083985e-35,"5","CTBP1"
2.50941351175021e-39,0.540569738050894,0.878,0.387,3.56888789641115e-35,"5","GTPBP4"
3.10543816785012e-39,0.638310295850374,0.932,0.475,4.41655416231644e-35,"5","PCMT1"
3.24698772086293e-39,0.634368534474533,0.946,0.564,4.61786593661126e-35,"5","LUC7L2"
3.30898946239991e-39,0.673359724688558,0.959,0.614,4.70604481342516e-35,"5","PSMA3"
3.43018491187927e-39,0.728257966458997,0.966,0.688,4.8784089816747e-35,"5","RAD21"
3.43510736977738e-39,0.668549925514703,0.871,0.438,4.8854097012974e-35,"5","PYCARD"
3.60227948215031e-39,0.873260691946889,0.99,0.958,5.12316187951416e-35,"5","HSP90AB1"
4.14238965410521e-39,1.15520666524859,0.951,0.764,5.89130656606842e-35,"5","MT2A"
5.79224976881092e-39,0.61901497895513,0.954,0.542,8.23773762120289e-35,"5","PSMG2"
6.17616603455303e-39,0.50162693843342,0.98,0.888,8.78374333434132e-35,"5","COX5B"
1.14332525435699e-38,0.594645057107368,0.912,0.396,1.6260371767465e-34,"5","DCAF7"
1.17017553546564e-38,0.518293236690508,0.876,0.382,1.66422364653923e-34,"5","SEC11C"
1.35159753265775e-38,0.673978277344622,0.954,0.534,1.92224201094585e-34,"5","MMADHC"
1.40402254656028e-38,0.595579679117292,0.444,0.153,1.99680086571803e-34,"5","PDE7B"
1.5801482956187e-38,0.563507141948333,0.973,0.747,2.24728690602891e-34,"5","NDUFB2"
2.14587534054116e-38,0.739345070813605,0.971,0.87,3.05186390931764e-34,"5","S100A10"
2.65292950337997e-38,0.528996642625019,0.934,0.444,3.77299633970699e-34,"5","PTPN22"
2.7312856200614e-38,0.632564514475948,0.924,0.472,3.88443440885132e-34,"5","DHX9"
2.89539341049369e-38,0.579265676762994,0.922,0.384,4.11782850840412e-34,"5","NDUFA10"
3.26280002884081e-38,0.561282671251445,0.905,0.398,4.6403542010174e-34,"5","TIMM17B"
3.70659656407598e-38,0.634137892026599,0.956,0.529,5.27152163342886e-34,"5","GTF2A2"
3.98668633436489e-38,0.795586695979502,0.829,0.385,5.66986530473374e-34,"5","TNFSF10"
4.02628906417506e-38,0.546309278203808,0.798,0.344,5.72618830706976e-34,"5","YBX3"
4.05787696181723e-38,0.618273490730053,0.963,0.707,5.77111261509646e-34,"5","SEC61G"
5.00761592486849e-38,0.615487355589324,0.927,0.43,7.12183136834796e-34,"5","SNRNP40"
6.01692509190683e-38,0.582973749508998,0.978,0.742,8.55727086570989e-34,"5","EIF3L"
6.06637151731371e-38,0.827397676133439,0.976,0.787,8.62759357192355e-34,"5","RPL22L1"
6.72780345256273e-38,0.589201362758613,0.907,0.396,9.56828207023472e-34,"5","CPSF6"
7.68277754034753e-38,0.512728860846856,0.293,0.08,1.09264462178823e-33,"5","IZUMO4"
7.98797557482026e-38,0.671684841002897,0.961,0.551,1.13604988625094e-33,"5","PDAP1"
8.66862374367706e-38,0.638105302086945,0.841,0.376,1.23285166882575e-33,"5","SPTBN1"
9.03629724380554e-38,0.636227872491132,0.961,0.599,1.28514219401402e-33,"5","GDI2"
9.48896886242669e-38,0.60807130887678,0.954,0.476,1.34952115161432e-33,"5","THOC7"
1.01590755919992e-37,0.780245849247451,0.956,0.663,1.44482373069413e-33,"5","CNN2"
1.87135933367978e-37,0.534924673838933,0.693,0.278,2.66144724435938e-33,"5","NOP16"
2.27826863184819e-37,0.604016319376048,0.922,0.449,3.2401536482145e-33,"5","LMAN1"
2.48271426138153e-37,0.563637816679802,0.9,0.409,3.53091622253682e-33,"5","SF3A3"
2.51768696744425e-37,0.869254120563864,0.81,0.417,3.58065440509921e-33,"5","ID2"
2.74880055091321e-37,0.666091169834484,0.9,0.431,3.90934414350877e-33,"5","TCF12"
3.38733314232961e-37,0.610554299344916,0.9,0.41,4.81746519502117e-33,"5","ACADM"
4.79804708034626e-37,0.600352523340876,0.961,0.675,6.82378255766845e-33,"5","ACTR2"
6.40496221824041e-37,0.618077558483709,0.966,0.686,9.1091372667815e-33,"5","MRPS34"
9.20935897071309e-37,0.558362404689521,0.934,0.494,1.30975503281482e-32,"5","RPN2"
1.45272179496374e-36,0.506998063093564,0.893,0.378,2.06606093679743e-32,"5","TMEM183A"
1.54359188525803e-36,0.577293767775494,0.971,0.978,2.19529637921397e-32,"5","MT-ND2"
1.55423468721311e-36,0.721946902058166,0.956,0.676,2.21043257215449e-32,"5","PRKCH"
1.67786178452264e-36,0.584438179798949,0.912,0.409,2.3862550299481e-32,"5","CMTM3"
1.93563882588234e-36,0.580421280916076,0.956,0.544,2.75286553816987e-32,"5","SPCS3"
2.20585922209024e-36,0.65268471914776,0.895,0.442,3.13717298565674e-32,"5","ARHGAP9"
2.42028959700211e-36,0.576233659672899,0.963,0.66,3.4421358648564e-32,"5","ENSA"
2.44251783675383e-36,0.64183904691361,0.963,0.572,3.4737488674313e-32,"5","ILF3"
4.23442369930415e-36,0.640751253036497,0.91,0.459,6.02219738515036e-32,"5","LDLRAD4"
4.66755274354214e-36,0.593475347400065,0.922,0.428,6.63819351186563e-32,"5","SPTAN1"
5.92238650966328e-36,0.613308915362568,0.895,0.438,8.42281809404311e-32,"5","ATIC"
9.04489331650689e-36,0.582670329520538,0.963,0.678,1.28636472747361e-31,"5","TUFM"
9.55681976935452e-36,0.570161128130515,0.939,0.449,1.3591709075976e-31,"5","KXD1"
1.0754808344132e-35,1.1532451960328,0.959,0.815,1.52954884270246e-31,"5","H1-3"
2.05308773472827e-35,0.60760686100664,0.983,0.819,2.91990137633054e-31,"5","HNRNPU"
2.12257584362699e-35,0.600485816618228,0.817,0.341,3.01872736480631e-31,"5","MSI2"
4.02377691349197e-35,0.50487937762475,0.837,0.367,5.72261552636828e-31,"5","DKC1"
5.34622422633633e-35,0.508429081628839,0.978,0.794,7.60340009469553e-31,"5","WDR83OS"
7.64151801091465e-35,0.596846387729916,0.966,0.628,1.08677669151228e-30,"5","HNRNPA0"
7.7520076663889e-35,0.611188037583393,0.968,0.715,1.10249053031383e-30,"5","SRSF10"
8.98486849470627e-35,0.612039252676715,0.934,0.487,1.27782799731713e-30,"5","ILK"
1.0070197882287e-34,0.614198311978995,0.973,0.634,1.43218354281885e-30,"5","GHITM"
1.08056299400518e-34,0.50527812310997,0.893,0.399,1.53677669007417e-30,"5","HIKESHI"
1.09379182231908e-34,0.592838317321914,0.932,0.482,1.5555907297022e-30,"5","PGLS"
1.25209605157762e-34,0.596840158088698,0.912,0.465,1.78073100455369e-30,"5","TIMM13"
1.37513678168584e-34,0.568867500766137,0.927,0.477,1.9557195309136e-30,"5","EPRS1"
1.42766910558691e-34,0.531001092339449,0.92,0.432,2.0304310019657e-30,"5","COMMD3"
2.09696490025956e-34,0.524152651783201,0.873,0.413,2.98230348114914e-30,"5","TCERG1"
2.11752888890179e-34,0.593205538356904,0.949,0.59,3.01154958579613e-30,"5","NOP58"
2.54755263876672e-34,0.663406376345629,0.298,0.087,3.62312936285402e-30,"5","NPDC1"
2.82965859099804e-34,0.61663930753169,0.946,0.47,4.02434044811741e-30,"5","NDUFB5"
2.91085304311778e-34,0.61257181684799,0.973,0.582,4.13981519792211e-30,"5","CLPP"
3.38686816948282e-34,0.604480754173905,0.956,0.541,4.81680391063847e-30,"5","LSM6"
8.03606051601514e-34,0.512619427753235,0.907,0.435,1.14288852658767e-29,"5","HDAC2"
1.27192447208482e-33,0.530283668636473,0.856,0.379,1.80893098419902e-29,"5","LYPLA2"
1.67402792469409e-33,0.549240268407184,0.944,0.56,2.38080251449993e-29,"5","LMAN2"
2.02975916244841e-33,0.514634832213574,0.924,0.455,2.88672348083413e-29,"5","MRPL36"
3.06070949596733e-33,0.550909285038046,0.256,0.07,4.35294104516473e-29,"5","ZNF512B"
3.16420206411205e-33,0.82137988038442,0.524,0.214,4.50012817558016e-29,"5","CD9"
3.2120222254838e-33,0.528564696179014,0.959,0.672,4.56813800908306e-29,"5","BSG"
6.46644685131103e-33,0.584717143501323,0.951,0.575,9.19658071193455e-29,"5","ATP6V0B"
1.14797871504174e-32,0.521793838799666,0.922,0.485,1.63265532853236e-28,"5","MGST3"
1.34450953876157e-32,0.702261469141416,0.956,0.648,1.9121614660267e-28,"5","CCND3"
1.91346455265082e-32,0.515835650612218,0.963,0.732,2.72132928677999e-28,"5","UBE2I"
2.90201075654654e-32,0.554877980926088,0.871,0.408,4.12723969796049e-28,"5","MT1X"
5.09459302225831e-32,0.547050044114959,0.893,0.427,7.24553019625577e-28,"5","CAPRIN1"
5.28178692208697e-32,0.724378678918104,0.839,0.396,7.51175736059209e-28,"5","RNF19A"
6.94163509349048e-32,0.621841783521323,0.898,0.451,9.87239342996216e-28,"5","HSPA9"
8.56839784701348e-32,0.58682662469107,0.927,0.42,1.21859754180226e-27,"5","EIF4E"
9.33928219878236e-32,0.570912131661639,0.951,0.53,1.32823271431083e-27,"5","POLR2G"
9.35124368762965e-32,0.601601891624886,0.939,0.493,1.32993387725469e-27,"5","CHMP2A"
1.32202779228173e-31,0.602678575785187,0.912,0.458,1.88018792618308e-27,"5","AHSA1"
1.52153833115158e-31,0.586687960866949,0.961,0.617,2.16393181456377e-27,"5","NDUFC1"
1.65036222915355e-31,0.536412570937309,0.959,0.603,2.34714516230217e-27,"5","GRB2"
2.35906561838404e-31,0.601775577471078,0.956,0.521,3.35506312246578e-27,"5","PPP2R1A"
2.5926507129216e-31,0.516559254845736,0.924,0.443,3.6872678439171e-27,"5","PDS5A"
3.01391839671667e-31,0.505170415817379,0.92,0.481,4.28639474381045e-27,"5","CEP57"
3.41935334983341e-31,0.576748116043853,0.932,0.442,4.86300433413308e-27,"5","RAD23B"
3.58402514076946e-31,0.54297431959266,0.985,0.732,5.09720055520233e-27,"5","VAMP8"
4.47128695299175e-31,0.501847057569802,0.917,0.482,6.35906430454487e-27,"5","CNTRL"
4.58831262899252e-31,0.572907642783737,0.98,0.768,6.52549822095316e-27,"5","PEBP1"
6.92953089655793e-31,0.526026617992184,0.888,0.404,9.85517884108469e-27,"5","PBRM1"
8.16300037164238e-31,0.58852513402057,0.951,0.601,1.16094191285498e-26,"5","IMPDH2"
1.02723531959413e-30,0.562894568852246,0.968,0.608,1.46093407152677e-26,"5","AIP"
1.85724147550413e-30,0.542945894471208,0.956,0.545,2.64136882646197e-26,"5","RNASEH2B"
2.3326620773696e-30,0.539573761336817,0.968,0.571,3.31751200643504e-26,"5","SSNA1"
5.55135596521617e-30,0.569903617429169,0.907,0.421,7.89513845373043e-26,"5","COPB2"
1.34446891761348e-29,0.556372946610167,0.959,0.609,1.9121036946299e-25,"5","KPNB1"
1.75357375070828e-29,0.570654493383184,0.956,0.535,2.49393258825732e-25,"5","PUF60"
2.21645357290505e-29,0.504965759522988,0.912,0.436,3.15224027138556e-25,"5","UBE2V2"
2.63676783704179e-29,0.510931477770528,0.961,0.569,3.75001121784083e-25,"5","SMARCE1"
3.52710771485605e-29,0.553630629455083,0.976,0.937,5.01625259206827e-25,"5","CD74"
4.56150476676879e-29,0.540888012484053,0.839,0.387,6.48737207929858e-25,"5","FKBP5"
5.40652130024373e-29,0.615727798706517,0.973,0.705,7.68915459320663e-25,"5","LCP2"
5.62340331582458e-29,0.666456587252902,0.976,0.738,7.99760419576572e-25,"5","C1QBP"
5.76545244660302e-29,0.540930830043608,0.956,0.581,8.19962646955882e-25,"5","SNRPB2"
6.7429323513092e-29,0.538372615254935,0.968,0.657,9.58979839003195e-25,"5","VDAC2"
8.66138458742683e-29,0.500539271129576,0.912,0.465,1.23182211602384e-24,"5","MRPL3"
1.08508782005838e-28,0.54561108007793,0.961,0.596,1.54321189768703e-24,"5","RAB5IF"
1.72288600866884e-28,0.527805016088775,0.937,0.532,2.45028848152882e-24,"5","GSPT1"
1.97890234753116e-28,0.540633243824028,0.956,0.548,2.81439491865881e-24,"5","ARF6"
2.22368933161876e-28,0.5433417512752,0.944,0.561,3.1625309674282e-24,"5","GNG2"
7.78018590881661e-28,0.507798176209623,0.917,0.479,1.1064980399519e-23,"5","PFDN6"
1.00462735823466e-27,0.507347656854238,0.961,0.519,1.42878102888134e-23,"5","SRP72"
1.34513021972001e-27,0.512220410832744,0.954,0.592,1.9130441984858e-23,"5","PSMD7"
1.59091002901802e-27,0.534223138509862,0.961,0.686,2.26259224326942e-23,"5","EID1"
5.73078788270377e-27,0.587810805954796,0.971,0.839,8.1503265267813e-23,"5","CD7"
9.93528051109958e-27,0.551284251417765,0.968,0.682,1.41299559428858e-22,"5","EIF1AX"
1.15337212153131e-26,0.504899347996931,0.898,0.425,1.64032583124183e-22,"5","SEPHS2"
2.13659095397804e-26,0.515292669375977,0.976,0.915,3.03865965474757e-22,"5","CALM2"
2.22024072191274e-26,1.06793734485265,0.659,0.311,3.1576263547043e-22,"5","CRTAM"
2.6609816269288e-26,0.579972947185058,0.917,0.474,3.78444806981815e-22,"5","SEMA4D"
1.06591238019489e-25,0.554444298534916,0.905,0.453,1.51594058711317e-21,"5","UGP2"
1.33575734218864e-25,0.512612281690152,0.971,0.687,1.89971409206068e-21,"5","EIF4G2"
2.17915009857303e-25,0.562599852675509,0.963,0.592,3.09918727019056e-21,"5","TOMM22"
3.48554876784042e-25,0.579597279278841,0.954,0.564,4.95714745762264e-21,"5","FLOT1"
6.83346180543218e-25,0.500878498205462,0.966,0.559,9.71854937968564e-21,"5","MRPL14"
3.23584050183687e-22,0.591549859724438,0.924,0.592,4.6020123617124e-18,"5","CBLB"
6.07205837980917e-22,0.512726346895719,0.956,0.572,8.6356814277646e-18,"5","RNF181"
8.58883201279496e-21,0.611792028199753,0.898,0.554,1.2215036888597e-16,"5","TUBA4A"
3.1007896764858e-16,0.518166992463408,0.956,0.674,4.40994307789811e-12,"5","CHCHD10"
2.36530771289802e-15,0.862615756460798,0.954,0.725,3.36394062928356e-11,"5","ARL6IP1"
7.7682885880331e-15,0.913117352007935,0.483,0.268,1.10480600299007e-10,"5","GZMA"
6.82212913870408e-11,0.685241717474105,0.359,0.184,9.70243206106494e-07,"5","LTA"
0,5.89810675032065,0.931,0.108,0,"6","KLRB1"
0,6.7967891448531,0.677,0.021,0,"6","CEBPD"
0,5.51606557815873,0.627,0.031,0,"6","CXCR6"
5.44298417438608e-305,7.29686453989829,0.377,0.006,7.74101209281188e-301,"6","SLC4A10"
2.36063602753388e-228,6.24271763609794,0.296,0.006,3.35729655835868e-224,"6","ZBTB16"
1.76655845400568e-215,5.17924495292721,0.408,0.02,2.51239943328688e-211,"6","BLK"
1.09437888343528e-178,5.63021875380286,0.415,0.03,1.55642564802165e-174,"6","IL18RAP"
1.21786258075284e-163,4.99869033551404,0.292,0.013,1.73204416234669e-159,"6","TRDV2"
8.61717552975256e-140,4.04633052376341,0.396,0.037,1.22553470384141e-135,"6","MAF"
6.57677027405692e-134,2.47143222740917,0.938,0.328,9.35348268376375e-130,"6","ANXA1"
4.33972486349872e-118,4.74683096268358,0.335,0.031,6.17195670086788e-114,"6","ENSG00000227240"
5.70736429910544e-108,3.26778524513608,0.465,0.072,8.11701350618776e-104,"6","GPR183"
1.17818566180538e-107,3.32218309478278,0.492,0.081,1.67561564821961e-103,"6","CPNE7"
5.3958584521541e-99,3.53127270789897,0.419,0.064,7.67398989065356e-95,"6","PLCB1"
4.69125425755101e-86,2.80600316890323,0.719,0.262,6.67190180508905e-82,"6","GZMA"
4.81772146437127e-80,2.40792450214589,0.635,0.189,6.85176346662882e-76,"6","GZMK"
4.60120266450955e-77,3.0928699617277,0.342,0.052,6.54383042946549e-73,"6","FASLG"
9.14204171255036e-76,2.53122316521826,0.777,0.362,1.30018117235891e-71,"6","ALOX5AP"
1.9516638055317e-74,2.89375291057897,0.504,0.125,2.77565626422718e-70,"6","ERN1"
2.4223023045843e-74,1.56510105738476,0.985,0.797,3.44499833757979e-70,"6","S100A4"
1.10461788078001e-73,2.31138769121102,0.673,0.236,1.57098755004534e-69,"6","KLRG1"
2.00553406984499e-71,2.55640499716281,0.646,0.231,2.85227055413354e-67,"6","IFNGR1"
5.28917334944577e-71,2.88050552361995,0.362,0.062,7.52226233758178e-67,"6","TRAV1-2"
2.30229614534146e-63,2.54640437812919,0.635,0.243,3.27432557790462e-59,"6","NCR3"
1.57131164468956e-60,1.41613082689516,0.708,0.265,2.23471942107749e-56,"6","CST7"
3.66032304369173e-60,1.33695695867715,0.95,0.739,5.20571143273837e-56,"6","S100A11"
1.59017691056747e-59,2.16205655564968,0.677,0.278,2.26154960220906e-55,"6","PHACTR2"
2.07298447195684e-58,3.76111682790263,0.25,0.037,2.94819851601701e-54,"6","LINC02481"
1.50188050254059e-56,0.50140679633614,0.388,0.082,2.13597445071323e-52,"6","CCL4"
1.39859293221795e-54,2.71223055647171,0.419,0.111,1.98907886820037e-50,"6","TRGV9"
6.98162295651949e-52,1.23731628644374,0.708,0.306,9.92926416876202e-48,"6","NKG7"
5.18728341317745e-46,0.878375939161205,0.992,0.946,7.37735447022097e-42,"6","S100A6"
3.81930380319642e-45,1.18756374416555,0.769,0.396,5.43181386890595e-41,"6","LYAR"
4.32065029385518e-45,3.38995865251113,0.265,0.054,6.14482884792083e-41,"6","PERP"
7.76041780105816e-44,1.26592770029969,0.919,0.685,1.10368661966649e-39,"6","SRGN"
7.0360572500707e-43,1.80903944677204,0.577,0.245,1.00066806210506e-38,"6","MYO1F"
7.11626519429568e-43,2.49968372645665,0.438,0.146,1.01207523593273e-38,"6","DPP4"
1.21581533169042e-41,0.704587771865574,0.988,0.962,1.72913256473011e-37,"6","CYBA"
1.93923381213748e-41,1.63344474038253,0.554,0.219,2.75797832762193e-37,"6","AHNAK"
2.83072991060036e-40,1.75639806523253,0.262,0.053,4.02586407885584e-36,"6","TRDC"
7.13191391104054e-40,1.18307134545965,0.819,0.497,1.01430079642819e-35,"6","CD99"
5.47993607550484e-39,1.22524354086348,0.731,0.371,7.79356508658299e-35,"6","CCL5"
2.65052837922825e-38,1.85990052316091,0.569,0.26,3.76958146093842e-34,"6","PRF1"
3.62179258859652e-38,2.20196819779304,0.515,0.227,5.15091341950197e-34,"6","GYG1"
4.47596830269784e-38,2.33296195488192,0.358,0.105,6.36572212009687e-34,"6","TCP10L"
9.66795979751168e-38,1.46346878031619,0.773,0.495,1.37497724240211e-33,"6","PLP2"
2.47769491758888e-37,1.49510974402686,0.727,0.458,3.5237777117949e-33,"6","XBP1"
3.54186565667719e-36,1.85004912590214,0.481,0.188,5.0372413369263e-32,"6","MATK"
1.38478786636046e-35,1.66855766880804,0.515,0.212,1.96944530353784e-31,"6","STOM"
1.18910479261732e-34,1.37563764746917,0.804,0.555,1.69114483606036e-30,"6","CKLF"
1.72567064939005e-34,0.717881929327068,0.969,0.899,2.45424879756252e-30,"6","SSR4"
1.01218491486323e-33,1.51953714697698,0.696,0.423,1.43952938591848e-29,"6","TNFAIP3"
2.77910554276932e-33,2.65876703875745,0.338,0.109,3.95244390292653e-29,"6","LGALS3"
5.98689827846785e-33,2.28083383511079,0.331,0.101,8.51456673163698e-29,"6","KLRC1"
8.83773080710574e-33,1.22738911295992,0.696,0.374,1.25690207538658e-28,"6","SH2D2A"
4.98308205764858e-32,3.0080128251133,0.265,0.072,7.08693930238782e-28,"6","IL18R1"
2.34400971488613e-31,1.39364831706137,0.55,0.239,3.33365061651105e-27,"6","PTMS"
7.61603416873964e-31,1.57500199080854,0.792,0.591,1.08315237947815e-26,"6","PPP1R14B"
1.07453094853399e-30,1.24981470527423,0.765,0.521,1.52819791500504e-26,"6","GLIPR1"
2.33803536363613e-30,1.31741042802708,0.538,0.236,3.3251538941633e-26,"6","HOPX"
5.62691166694801e-30,1.52627381349059,0.358,0.117,8.00259377273346e-26,"6","PLEK"
1.13076165178761e-29,0.802359497004438,0.938,0.735,1.60816922117234e-25,"6","CRIP1"
2.52515647066452e-29,1.3402051571446,0.658,0.395,3.59127753257908e-25,"6","CDC42EP3"
5.10763546268452e-29,0.705823586171268,0.977,0.931,7.26407915502993e-25,"6","PPIB"
7.19846676111177e-29,1.29908045010299,0.762,0.559,1.02376594276532e-24,"6","CTSC"
2.74534766092335e-28,0.952108005041038,0.873,0.666,3.90443344336519e-24,"6","TC2N"
4.34364935942346e-28,0.87468244796978,0.908,0.604,6.17753811897205e-24,"6","CLIC1"
5.77388428342724e-28,0.507281772681903,1,0.984,8.21161822789023e-24,"6","IL32"
9.12137685826961e-28,2.52573066360432,0.25,0.07,1.2972422167831e-23,"6","CASP4LP"
9.22862145516902e-28,2.94749551132582,0.254,0.074,1.31249454335414e-23,"6","MICAL2"
1.95000455052984e-27,1.75003669452934,0.446,0.198,2.77329647176354e-23,"6","GLIPR2"
2.84761236426537e-27,0.874383583429731,0.904,0.757,4.04987430445822e-23,"6","SEC61B"
2.99128556071296e-27,0.834491897616182,0.95,0.876,4.25420632444596e-23,"6","LCP1"
4.93730602997964e-27,2.44133055632477,0.304,0.103,7.02183663583705e-23,"6","HPGD"
1.95105607809131e-26,0.554111655941005,1,0.994,2.77479195426146e-22,"6","SH3BGRL3"
2.08454419107166e-26,1.55820934905455,0.623,0.364,2.96463874854211e-22,"6","APOBEC3G"
2.39701567755329e-26,1.17170405310074,0.696,0.431,3.40903569661629e-22,"6","ITM2C"
4.49626449630424e-26,0.999211371759189,0.762,0.567,6.39458736664389e-22,"6","REEP5"
4.78714196951701e-26,2.57106967529281,0.262,0.081,6.80827330904709e-22,"6","TNFSF14"
5.00423772653915e-26,1.27452457110088,0.704,0.484,7.11702689468397e-22,"6","RORA"
6.91821877096442e-26,0.688402020698986,0.977,0.945,9.8390907360656e-22,"6","UBC"
9.61637415673224e-26,1.4552983561527,0.592,0.345,1.36764073257046e-21,"6","CASP1"
1.59241817233315e-25,1.8560644006289,0.435,0.203,2.2647371246922e-21,"6","SESN1"
5.46713298551319e-25,1.91055383838978,0.454,0.221,7.77535653199686e-21,"6","DUSP16"
6.06321750525097e-25,1.19725089815684,0.638,0.396,8.62310793596793e-21,"6","SAMD3"
1.48406529801993e-24,0.627114698356539,0.977,0.887,2.11063766684395e-20,"6","IFITM2"
2.4562680099476e-24,0.521506681994139,0.996,0.978,3.49330436374748e-20,"6","RPL36AL"
2.85510831983091e-24,0.820936447870779,0.877,0.772,4.06053505246352e-20,"6","EMB"
6.25812319197527e-24,1.77061421745965,0.377,0.158,8.90030280362722e-20,"6","NIBAN1"
8.64443271587402e-24,0.995515907980384,0.769,0.588,1.2294112208516e-19,"6","TTC39C"
9.20638081519842e-24,0.911012759417366,0.804,0.656,1.30933147953752e-19,"6","EML4"
1.52926196265195e-23,0.704758891136994,0.969,0.93,2.17491636328361e-19,"6","LAPTM5"
1.7308450401111e-23,0.978045313847793,0.719,0.481,2.461607816046e-19,"6","PYHIN1"
1.83371774279605e-23,1.85530994445535,0.385,0.169,2.60791337380454e-19,"6","ENSG00000283674"
4.87665143666034e-23,2.09328315876216,0.365,0.155,6.93557367321833e-19,"6","ENSG00000290048"
1.04102008665262e-22,0.742256003654426,0.904,0.761,1.48053876723735e-18,"6","SYNE2"
1.25985505155917e-22,1.74846766951138,0.454,0.234,1.79176585432745e-18,"6","PLEKHF1"
2.67145589031499e-22,1.43033807507329,0.531,0.307,3.79934456720598e-18,"6","EFHD2"
4.21289867245557e-22,1.24217433841782,0.765,0.584,5.99158449196632e-18,"6","JUN"
4.33871549249632e-22,0.835892664458338,0.842,0.662,6.17052117342827e-18,"6","CD81"
1.14484968645834e-21,1.18082811134014,0.588,0.345,1.62820522408105e-17,"6","YWHAH"
1.37578664667038e-21,1.94007862980509,0.269,0.092,1.95664376889461e-17,"6","AUTS2"
1.42707033710343e-21,0.600100235142544,0.938,0.881,2.0295794334285e-17,"6","CD53"
1.70727520677344e-21,1.80265197170177,0.269,0.092,2.42808679907318e-17,"6","ZFYVE28"
2.23230652857652e-21,1.46852635788011,0.381,0.165,3.17478634494152e-17,"6","SLAMF7"
3.19230618116649e-21,0.775392591502216,0.865,0.72,4.54009785085499e-17,"6","SEC61G"
3.5258469573912e-21,1.01138124621645,0.792,0.629,5.01445954280176e-17,"6","SPOCK2"
3.65955167056207e-21,1.67731355388224,0.346,0.145,5.20461438587338e-17,"6","OASL"
5.4182615422895e-21,1.4942996276658,0.308,0.114,7.70585156544412e-17,"6","EOMES"
6.60082610200204e-21,1.31210875005502,0.646,0.435,9.38769488226731e-17,"6","GCHFR"
8.32754637496652e-21,1.28576532761374,0.715,0.563,1.18434364544774e-16,"6","CD69"
9.73748993119844e-21,1.9178351654904,0.354,0.157,1.38486581801504e-16,"6","SLAMF1"
1.52597509614589e-20,1.00684279333984,0.712,0.499,2.17024178173868e-16,"6","OSTF1"
2.0172100124408e-20,1.1919694002987,0.604,0.386,2.8688760796933e-16,"6","DNAJC1"
2.59481848752627e-20,1.70394120074175,0.454,0.242,3.69035085295986e-16,"6","TBCD"
3.76728079949069e-20,1.7274367269456,0.396,0.195,5.35782675303565e-16,"6","ZNRF1"
4.30299360958321e-20,0.847927126168255,0.835,0.686,6.11971751154924e-16,"6","KLF6"
5.2633042376376e-20,1.75026720221724,0.4,0.2,7.48547128676819e-16,"6","CD58"
1.03356806263434e-19,1.31297449043169,0.5,0.288,1.46994049867856e-15,"6","ACTN4"
1.35015883428202e-19,1.05701127657472,0.438,0.206,1.92019589411588e-15,"6","LAG3"
1.92563222841261e-19,1.97802375061557,0.262,0.095,2.73863415524842e-15,"6","NPDC1"
3.72287663853866e-19,2.0833796302231,0.258,0.094,5.29467515532969e-15,"6","GAB3"
3.8580551503316e-19,1.16785192322749,0.588,0.39,5.4869260348016e-15,"6","CCDC107"
4.56924006867375e-19,1.61631392521649,0.504,0.29,6.49837322566781e-15,"6","TNFSF13B"
7.74131957684882e-19,2.09059766835118,0.269,0.104,1.10097047021944e-14,"6","IL12RB2"
1.1148754932168e-18,1.03346782891323,0.696,0.517,1.58557592645293e-14,"6","GPR65"
1.18438488581315e-18,1.42263664413978,0.496,0.292,1.68443218460346e-14,"6","CERK"
2.47840522363834e-18,1.09108996560266,0.542,0.306,3.52478790905844e-14,"6","LINC01871"
2.57665853332045e-18,0.650906750811641,0.923,0.844,3.66452376608835e-14,"6","GPR171"
2.86216538325122e-18,0.953261700465279,0.662,0.456,4.07057160805988e-14,"6","DHRS7"
3.11065416003457e-18,0.665143480081416,0.885,0.826,4.42397234640116e-14,"6","PDIA3"
3.61292769036577e-18,0.503870231518274,0.977,0.873,5.13830576123819e-14,"6","S100A10"
4.31097853495204e-18,0.853279195422197,0.808,0.655,6.13107367240879e-14,"6","HSPA5"
5.32511351919501e-18,1.45773789112092,0.362,0.161,7.57337644699914e-14,"6","CDC42EP3-AS1"
7.49554530389886e-18,1.35771970438044,0.488,0.271,1.0660164531205e-13,"6","DUSP2"
1.53782054753962e-17,1.02155281945886,0.692,0.503,2.18708838271085e-13,"6","ARPC5L"
2.42741307116021e-17,0.798159462801657,0.765,0.583,3.45226686980405e-13,"6","GNG2"
2.5757375338774e-17,2.25153534510712,0.258,0.103,3.66321392068043e-13,"6","MBOAT1"
3.58750590374722e-17,0.875791473986634,0.892,0.858,5.1021508963093e-13,"6","IL7R"
5.17569036570362e-17,0.933470535276348,0.662,0.481,7.36086683810369e-13,"6","STAT4"
2.73909776947422e-16,0.982680277217357,0.6,0.407,3.89554484774623e-12,"6","TRAT1"
3.4797662541243e-16,1.34568801050915,0.412,0.219,4.94892356661557e-12,"6","ANXA2"
3.49633538226166e-16,1.3330930723709,0.515,0.328,4.97248818065253e-12,"6","SYTL2"
6.12034180370934e-16,0.996085888791876,0.612,0.44,8.70435011323542e-12,"6","RBPJ"
6.68970786668054e-16,0.681677652438396,0.815,0.658,9.51410252799307e-12,"6","CDK2AP2"
7.22948669432872e-16,1.81031545057612,0.304,0.139,1.02817759766743e-11,"6","ENSG00000232855"
8.07144427544033e-16,0.772444335657158,0.785,0.674,1.14792080485312e-11,"6","PARP8"
9.15537715379915e-16,1.15361787378865,0.527,0.342,1.30207773881331e-11,"6","ATP2B4"
9.71618403187644e-16,1.03064132390867,0.665,0.505,1.38183569301347e-11,"6","FKBP11"
2.93176245473618e-15,0.752453646548915,0.765,0.644,4.1695525631258e-11,"6","SELENOK"
4.64394825159006e-15,0.668644127866782,0.823,0.723,6.60462320341138e-11,"6","ARL4C"
4.75971774412873e-15,0.534942364075727,0.904,0.819,6.76927057569988e-11,"6","ARF1"
5.27170427480285e-15,0.730701275287192,0.769,0.643,7.49741781962461e-11,"6","CTSW"
8.02484686868302e-15,1.38390028362593,0.435,0.246,1.1412937216641e-10,"6","DUSP1"
8.64776444224293e-15,0.796914196516848,0.758,0.613,1.22988505897579e-10,"6","GLRX"
9.44094726388855e-15,0.667838824275979,0.854,0.797,1.34269151987023e-10,"6","CLEC2B"
1.60508950138532e-14,0.732120081757567,0.842,0.8,2.2827582888702e-10,"6","HCST"
3.05444783053981e-14,0.891255751255366,0.646,0.482,4.34403570459371e-10,"6","CFLAR"
3.9099490004428e-14,1.22256002132445,0.538,0.349,5.56072946842975e-10,"6","CLIC3"
4.0002417977033e-14,0.587116153512998,0.881,0.786,5.68914388469363e-10,"6","TMEM50A"
6.90710548314244e-14,0.886214259624553,0.581,0.421,9.82328541812517e-10,"6","RAB27A"
6.92501081356161e-14,0.928091393400204,0.577,0.394,9.84875037904733e-10,"6","SLFN12L"
8.70804508808947e-14,1.11538292745596,0.565,0.414,1.23845817242808e-09,"6","SEC11C"
1.13253211021693e-13,0.952729434249851,0.604,0.45,1.61068716715052e-09,"6","PNP"
1.2875396429589e-13,0.785443139077131,0.65,0.474,1.83113888021615e-09,"6","PTPN22"
1.65494691403145e-13,1.42629517390044,0.581,0.463,2.35366550113553e-09,"6","JAML"
1.91217279836679e-13,1.12241725129728,0.531,0.373,2.71949215383725e-09,"6","MRPL10"
1.95245148934997e-13,0.849474020469166,0.619,0.464,2.77677650815353e-09,"6","IDS"
4.3100017893162e-13,0.549044606100749,0.958,0.939,6.12968454476549e-09,"6","CD74"
5.58725617631218e-13,0.526556433308506,0.885,0.819,7.94619573395118e-09,"6","CD44"
1.22735257200988e-12,0.748087387060112,0.669,0.521,1.74554082791245e-08,"6","TMED10"
1.2572225443968e-12,0.562033680244573,0.858,0.73,1.78802190264112e-08,"6","FYN"
1.39488180794346e-12,0.623878881248994,0.869,0.811,1.98380090725718e-08,"6","RABAC1"
1.9147472927711e-12,0.920082765416022,0.612,0.473,2.72315359977907e-08,"6","MYDGF"
2.14162611934136e-12,0.945651975495474,0.562,0.422,3.04582066692728e-08,"6","PRKX"
2.46695252728243e-12,1.65136638092894,0.338,0.195,3.50849988430107e-08,"6","LUZP1"
2.60825802105718e-12,1.19703280634735,0.442,0.281,3.70946455754753e-08,"6","PRNP"
2.64614246315408e-12,0.613890885068635,0.308,0.147,3.76334381109773e-08,"6","HLA-DRB1"
3.7710199398311e-12,0.995230575328886,0.6,0.471,5.36314455842779e-08,"6","SSR3"
4.18587819194509e-12,1.23001800025633,0.388,0.233,5.95315596458431e-08,"6","BMAL1"
4.3105424804052e-12,0.565428560864868,0.438,0.241,6.13045351563227e-08,"6","TRGC2"
6.12125969563427e-12,0.999304321813996,0.523,0.367,8.70565553913106e-08,"6","CTSA"
8.87193659638853e-12,1.08738462727048,0.531,0.395,1.26176682273838e-07,"6","MXD4"
1.13039368250106e-11,0.795443774482385,0.646,0.513,1.60764589525301e-07,"6","HM13"
1.78286927406645e-11,1.06663772992104,0.462,0.301,2.53559668157731e-07,"6","LMO4"
1.95370478446322e-11,0.682864716277206,0.712,0.603,2.7785589444636e-07,"6","TMED9"
2.28224978341116e-11,1.74796991605477,0.254,0.125,3.24581564196735e-07,"6","NBEAL2"
3.6600789001169e-11,0.70601663570675,0.669,0.481,5.20536421174626e-07,"6","ANXA5"
3.91203055341946e-11,1.04159301766895,0.519,0.376,5.56368985307315e-07,"6","APMAP"
6.55910014866239e-11,0.949738195804194,0.55,0.413,9.32835223142765e-07,"6","TNFRSF25"
8.56414617475835e-11,1.15950021363811,0.412,0.275,1.21799286897413e-06,"6","PDLIM2"
8.96280384225151e-11,0.850904215431193,0.738,0.688,1.27468996244501e-06,"6","CXCR4"
9.59581213453293e-11,1.02420982897197,0.488,0.354,1.36471640177327e-06,"6","ARFGAP3"
9.63900399566603e-11,0.533408946401055,0.727,0.541,1.37085914826362e-06,"6","TXN"
1.33328972983838e-10,0.749240376176098,0.608,0.478,1.89620465377614e-06,"6","SELENOT"
1.39967617800315e-10,0.633186124937744,0.515,0.326,1.99061946035608e-06,"6","C12orf75"
1.52595247218385e-10,1.08255745996181,0.446,0.303,2.17020960593987e-06,"6","GPRIN3"
1.60462334423734e-10,0.783938482017324,0.604,0.468,2.28209532017435e-06,"6","SH2D1A"
1.92464212103252e-10,1.25243096496123,0.35,0.208,2.73722602453245e-06,"6","MIAT"
3.59249859013288e-10,0.814954289796487,0.642,0.544,5.10925149488698e-06,"6","RNASET2"
4.89662517962414e-10,0.569535242504576,0.765,0.622,6.96398033046145e-06,"6","TLN1"
5.46859629252576e-10,0.892061988073101,0.573,0.48,7.77743764723013e-06,"6","PDE4D"
7.09899190493921e-10,1.43682026022432,0.3,0.172,1.00961862872045e-05,"6","P2RX5"
9.0545829487585e-10,1.37291720214786,0.342,0.209,1.28774278697243e-05,"6","TMEM154"
1.11465765678402e-09,1.43017865276312,0.323,0.196,1.58526611947824e-05,"6","HNRNPLL"
1.12817710098814e-09,0.818990399433741,0.504,0.365,1.60449347302533e-05,"6","SURF4"
1.223659996e-09,0.823146809231121,0.554,0.425,1.7402892463112e-05,"6","RNF19A"
1.52475180187597e-09,0.643691140635332,0.731,0.641,2.16850201262801e-05,"6","CANX"
1.81523320800665e-09,1.04953108107821,0.4,0.268,2.58162466842706e-05,"6","NFATC2"
2.30234232465529e-09,0.774856984062865,0.588,0.466,3.27439125412476e-05,"6","ARAP2"
2.40050718494136e-09,0.749656707680238,0.646,0.557,3.4140013184236e-05,"6","SLC3A2"
2.44688593393862e-09,0.835297093265621,0.527,0.41,3.47996117524751e-05,"6","GLCCI1"
2.595954570929e-09,1.23983417942891,0.327,0.198,3.69196659077523e-05,"6","GABARAPL1"
2.64364723833954e-09,0.519706703690822,0.777,0.69,3.7597951023665e-05,"6","BSG"
2.96353444341018e-09,1.39245481148639,0.281,0.158,4.21473868541795e-05,"6","TBC1D31"
3.06197986559544e-09,0.738213160319588,0.554,0.391,4.35474776484984e-05,"6","APOBEC3C"
3.42710337273379e-09,1.63461465067717,0.312,0.193,4.874026416702e-05,"6","FHL3"
3.437435446886e-09,1.15999824189307,0.369,0.237,4.88872069256126e-05,"6","EIF4EBP1"
4.58556305022752e-09,0.638847750601143,0.715,0.662,6.52158777003358e-05,"6","SPCS2"
4.79611906691859e-09,1.80860817901084,0.292,0.174,6.82104053697161e-05,"6","LST1"
4.95551067569267e-09,0.96899893618033,0.45,0.325,7.04772728297012e-05,"6","TNFSF12"
7.255708415264e-09,0.517225798255293,0.719,0.622,0.000103190685081885,"6","RPS6KA3"
7.56557006178005e-09,1.21267114172061,0.373,0.249,0.000107597537418636,"6","UPP1"
8.08049894675174e-09,0.720223038977937,0.658,0.585,0.000114920856020703,"6","PVRIG"
9.92282708026686e-09,0.66191506364071,0.635,0.499,0.000141122446735555,"6","PDIA6"
1.03879606160971e-08,0.673383804730259,0.708,0.611,0.000147737575882133,"6","HIF1A"
1.12197982759486e-08,0.813804629470196,0.562,0.444,0.000159567971080542,"6","CMTM3"
1.78076018614921e-08,0.697801138010382,0.585,0.477,0.000253259713674141,"6","DNAJB6"
2.05930868728164e-08,0.678085264880225,0.596,0.482,0.000292874881505195,"6","SSBP4"
2.69610905449953e-08,0.72961930636177,0.646,0.56,0.000383440629730923,"6","ODF2L"
2.75777534791692e-08,1.14153222138568,0.435,0.318,0.000392210809980745,"6","SPIDR"
2.78768798564348e-08,0.585968218646132,0.685,0.615,0.000396464985318216,"6","PIP4K2A"
4.03018724516316e-08,0.541360045056997,0.669,0.583,0.000573173230007104,"6","RNF149"
4.13977588238516e-08,0.531296550796314,0.696,0.601,0.000588758925992818,"6","ATP6V0B"
4.56995595174292e-08,0.632010001152874,0.65,0.573,0.000649939135456878,"6","SPCS3"
5.26038333536746e-08,0.89334723303996,0.477,0.375,0.00074813171795596,"6","RASAL3"
5.50948269719611e-08,0.753639808104978,0.5,0.379,0.000783558629195231,"6","ABCB1"
5.8847934312266e-08,1.50131136482454,0.265,0.154,0.000836935321789047,"6","DNAJB9"
6.48848449004234e-08,0.715926616992529,0.581,0.482,0.000922792264173821,"6","TMED2"
6.52896285013139e-08,0.733942551414059,0.523,0.409,0.000928549096545686,"6","RNF166"
7.41858032757359e-08,0.623776240247353,0.604,0.514,0.00105507049418752,"6","SH3GLB1"
8.15784481497451e-08,1.04415251078819,0.523,0.433,0.00116020868958567,"6","TMIGD2"
9.27211289318051e-08,0.828938045122887,0.519,0.4,0.00131867989566813,"6","CD28"
9.37199483344025e-08,0.523055483703704,0.738,0.645,0.00133288510521187,"6","TERF2IP"
1.09880865209447e-07,1.04605091349349,0.427,0.323,0.00156272566500876,"6","DNAJC3"
1.3895587875364e-07,0.559260045065012,0.658,0.57,0.00197623050763427,"6","ARL14EP"
1.50146260303264e-07,0.823324014833778,0.5,0.403,0.00213538011403302,"6","SIK3"
2.02017447373567e-07,1.00094073846456,0.427,0.314,0.00287309213654688,"6","PIM1"
2.05278372979339e-07,0.710300569822768,0.508,0.411,0.00291946902051216,"6","DEGS1"
2.22447937004174e-07,0.891535253063624,0.292,0.177,0.00316365456007336,"6","C1orf21"
2.40699199617374e-07,0.861904092089319,0.373,0.251,0.00342322401695829,"6","CAPN2"
3.01950360592271e-07,0.717490680787083,0.654,0.568,0.00429433802834328,"6","CLDND1"
4.29796138125702e-07,1.12694432335762,0.35,0.249,0.00611256067642373,"6","ARHGAP26"
4.74172434173998e-07,0.860114950091773,0.469,0.354,0.0067436803588226,"6","PLSCR1"
5.22683028971096e-07,0.661482237949,0.573,0.481,0.00743359803802693,"6","SLC2A3"
5.268314851635e-07,0.878926806180621,0.419,0.313,0.00749259738199529,"6","NAA50"
5.7479693006614e-07,0.552681693286788,0.615,0.523,0.00817476193940064,"6","SCP2"
6.80756476575609e-07,0.917332675832866,0.473,0.378,0.00968171860985831,"6","CISD3"
7.0152921636883e-07,0.877924251836967,0.419,0.311,0.0099771485151975,"6","SKIL"
9.266246190914e-07,1.10334855246171,0.404,0.306,0.0131784553327179,"6","TYMP"
1.09406423403839e-06,0.597701743509075,0.55,0.44,0.015559781536494,"6","MT1X"
1.14124946922849e-06,1.4410224065761,0.258,0.163,0.0162308499513676,"6","RAB11FIP1"
1.42076131672179e-06,0.839614493552488,0.388,0.287,0.0202060674464174,"6","ITGB1"
1.5045875539521e-06,0.701674650492505,0.546,0.456,0.0213982441923067,"6","STK24"
1.57531041674858e-06,0.595962187543691,0.562,0.449,0.0224040647469984,"6","CLINT1"
1.63270276290895e-06,0.580618094617792,0.3,0.191,0.0232202986940911,"6","CYTOR"
1.85611280030971e-06,1.23841923196557,0.312,0.213,0.0263976362460047,"6","MPZL3"
1.86593368560711e-06,0.581494886087589,0.596,0.525,0.0265373088767043,"6","RPN2"
1.96322612750427e-06,0.97502765676414,0.377,0.272,0.0279210019853657,"6","FBXO34"
2.40229554415648e-06,0.862443497457769,0.458,0.369,0.0341654472289934,"6","YIPF5"
2.46109805792971e-06,1.23144638093338,0.315,0.219,0.0350017365798763,"6","SEC61A1"
2.90315310125264e-06,0.637041145157869,0.55,0.436,0.0412886434060151,"6","ITGAE"
3.20872059310198e-06,1.13133794508528,0.308,0.212,0.0456344242750964,"6","GALM"
3.25721293283243e-06,0.8064718866544,0.458,0.363,0.0463240823307428,"6","PBXIP1"
3.28929028568157e-06,0.699472068369388,0.435,0.323,0.0467802864429632,"6","SP140"
4.49330251035891e-06,1.04030650899666,0.308,0.206,0.0639037483023245,"6","DDX60"
4.62174610092756e-06,0.602522806077918,0.538,0.456,0.0657304730473918,"6","ELOVL5"
5.3085205774384e-06,0.516168798601254,0.658,0.586,0.075497779652329,"6","IRF1-AS1"
5.49142691622803e-06,0.760005958590555,0.496,0.421,0.0780990736025951,"6","TRADD"
5.78531277976781e-06,0.708527984845322,0.477,0.386,0.0822787183538577,"6","TGFB1"
6.01513505191974e-06,0.578488830177577,0.608,0.527,0.0855472507084026,"6","PLEKHO1"
7.05471934234561e-06,0.981553245196312,0.477,0.375,0.100332218486839,"6","FOS"
8.16707898131681e-06,0.729603168889782,0.519,0.451,0.116152197272288,"6","RAB18"
1.15187237869059e-05,0.57690941301215,0.55,0.487,0.163819289697376,"6","RPN1"
1.25280047875771e-05,0.650024625402735,0.454,0.349,0.178173284088921,"6","SLA"
1.35443470528607e-05,0.70765740273144,0.396,0.302,0.192627703785785,"6","MGAT5"
1.42857758309977e-05,0.799057427075235,0.358,0.262,0.203172303868449,"6","MPHOSPH6"
1.51428799970266e-05,0.897883366618849,0.369,0.287,0.215362039317712,"6","RANBP9"
1.55044139666311e-05,0.569538475106664,0.6,0.531,0.220503775433427,"6","ICAM3"
1.87600583859047e-05,0.729718325838379,0.492,0.417,0.266805550364336,"6","TNFSF10"
1.93060444752011e-05,0.670458800252799,0.473,0.39,0.27457056452631,"6","PDIA4"
1.97749183708525e-05,1.16586228370068,0.269,0.178,0.281238889070265,"6","PBX4"
2.18229972673283e-05,0.604923489331437,0.515,0.431,0.310366667135943,"6","C4orf48"
2.25247331823458e-05,0.853955363227273,0.412,0.322,0.320346755319322,"6","LIMS1"
2.49418281412186e-05,0.783309234331253,0.396,0.307,0.354722679824411,"6","ERO1A"
2.87820936592482e-05,0.641857675176935,0.508,0.427,0.409338936021828,"6","SASH3"
3.22538981490395e-05,0.721239823570817,0.615,0.555,0.45871493947564,"6","ISG15"
3.34550466964526e-05,0.947222381369622,0.358,0.278,0.475797674116948,"6","TNFRSF1A"
3.80514353423237e-05,0.659698629026894,0.735,0.712,0.541167513438527,"6","IER2"
3.98292731012047e-05,1.33848186821343,0.438,0.37,0.566451922045334,"6","TIMP1"
4.25862370199613e-05,0.917837564282528,0.338,0.252,0.60566146289789,"6","CCPG1"
4.30337127807003e-05,0.986639068261124,0.327,0.243,0.61202546316712,"6","TP53I13"
5.30232198443921e-05,0.899046164004839,0.354,0.268,0.754096232626945,"6","REEP3"
6.21499578457401e-05,0.516824200086838,0.569,0.495,0.883896700482115,"6","GOLGA7"
6.94568471814314e-05,0.526843532435242,0.669,0.637,0.987815280614317,"6","CDKN1B"
7.03221828250017e-05,0.654826289678154,0.481,0.394,1,"6","SDF2L1"
8.7654999066879e-05,0.758872805257883,0.423,0.347,1,"6","EIF2AK2"
9.47597111711106e-05,0.511386312300009,0.527,0.445,1,"6","PARP9"
9.81989271351812e-05,0.583095323016017,0.573,0.495,1,"6","MACF1"
9.9341597615432e-05,0.774596935803721,0.431,0.362,1,"6","TMX4"
0.00010357200979619,0.569891237060012,0.531,0.477,1,"6","N4BP1"
0.000111323071118577,0.921331562250494,0.4,0.332,1,"6","NRIP1"
0.000114972038592361,0.584873331270491,0.538,0.478,1,"6","CARD16"
0.000123926334430538,0.590872056638542,0.519,0.459,1,"6","TM9SF3"
0.000131218995333092,0.70074748306207,0.423,0.356,1,"6","TSEN54"
0.000131451748526506,0.725423507169686,0.469,0.409,1,"6","TMEM238"
0.000145220216585566,0.557653297100024,0.419,0.338,1,"6","TUBA1C"
0.000146489126893804,1.02436293876507,0.3,0.229,1,"6","ANO6"
0.000148847499370598,0.652117865092695,0.415,0.341,1,"6","HERPUD1"
0.000161345707431146,0.966270211000621,0.273,0.197,1,"6","PXK"
0.000166995984687526,0.640718039242996,0.462,0.393,1,"6","PTTG1IP"
0.000180469925409567,0.912262112508218,0.342,0.269,1,"6","LPCAT4"
0.000197933192894484,0.983208677406683,0.288,0.217,1,"6","SNX10"
0.000209618998368242,1.06012739615301,0.269,0.199,1,"6","MAN1A1"
0.000252772593993442,0.785622339565184,0.388,0.322,1,"6","ITCH"
0.000262225147349512,1.16131920985821,0.346,0.283,1,"6","KIAA0319L"
0.000263384611671887,0.5137016179506,0.562,0.511,1,"6","ATF7IP2"
0.000326150702514451,0.643278743508999,0.465,0.409,1,"6","NMRK1"
0.000347423768142527,0.924594815802212,0.396,0.33,1,"6","GOLGA8A"
0.000348922400252905,0.690567506311094,0.404,0.326,1,"6","MANF"
0.000364099185024308,0.828856311556985,0.254,0.182,1,"6","ITGA1"
0.000408034368183931,0.658339164120735,0.373,0.308,1,"6","CTSB"
0.000462214647028569,0.614587818041542,0.281,0.2,1,"6","BHLHE40"
0.000486152368752909,0.879406769546144,0.277,0.204,1,"6","GALNT10"
0.000491558665038197,0.969933358863466,0.269,0.205,1,"6","TBK1"
0.000524293750969738,0.7990650400109,0.292,0.223,1,"6","PDE4DIP"
0.000532789165538118,1.01054334844299,0.25,0.181,1,"6","OAS1"
0.000561250517195716,0.825662082290761,0.319,0.255,1,"6","PTPRJ"
0.000599280254794793,0.689233309456513,0.346,0.272,1,"6","PSTPIP1"
0.000615146918040475,0.69847102646313,0.373,0.294,1,"6","ABHD13"
0.00062899564387874,0.782521029448365,0.35,0.283,1,"6","TGIF1"
0.000672906616649933,0.685860449519062,0.435,0.387,1,"6","HELZ"
0.000709705041972898,0.911619768067718,0.288,0.22,1,"6","MAP3K5"
0.000773849084408343,0.67089526230809,0.396,0.327,1,"6","CD59"
0.000798966747363914,0.862211590726022,0.315,0.247,1,"6","ENSG00000288755"
0.000856590051573836,0.746547374257437,0.331,0.266,1,"6","BMI1"
0.000858123252843329,0.536792424991007,0.285,0.204,1,"6","EPHA4"
0.0008636253104556,0.655217232655006,0.388,0.329,1,"6","ACAA2"
0.00092647915565066,0.701082224370079,0.415,0.365,1,"6","MPC1"
0.000943554588189193,0.939416055685617,0.292,0.231,1,"6","STT3A"
0.00100239416443117,0.631166804449559,0.392,0.322,1,"6","SLK"
0.00105234371945058,0.580569877395914,0.408,0.35,1,"6","DERL1"
0.00115075537567899,0.736960605967182,0.338,0.263,1,"6","RGS1"
0.00120374804073455,0.938456298679706,0.269,0.204,1,"6","IFI44"
0.00144367920009995,0.626137243340443,0.412,0.364,1,"6","VHL"
0.00154418362760641,0.698272802845181,0.323,0.255,1,"6","RAB9A"
0.00173689539178727,0.8093950593832,0.292,0.234,1,"6","ARL3"
0.00173799566882399,0.678973308421382,0.392,0.338,1,"6","GBP3"
0.0018022166116434,0.653405080556734,0.392,0.338,1,"6","NCBP3"
0.00183320243277909,0.678203730752441,0.419,0.371,1,"6","NEK7"
0.00231520744946703,0.53882820900774,0.354,0.275,1,"6","DDIT4"
0.00236272225869016,0.780713163468024,0.273,0.212,1,"6","NR1D2"
0.00242402124510719,0.577795057419663,0.442,0.402,1,"6","ERLEC1"
0.00256070158991336,0.659841937970917,0.323,0.265,1,"6","BCAP29"
0.00261457156471367,0.64626145544576,0.377,0.318,1,"6","KDELR2"
0.00285376377486801,0.539972382476306,0.288,0.214,1,"6","RHOC"
0.00292917863236015,0.57505172240273,0.438,0.382,1,"6","TAGAP"
0.00293845173821073,0.520144544619201,0.473,0.432,1,"6","MESD"
0.00299051317114155,0.739095783798541,0.315,0.256,1,"6","MBNL2"
0.00321980550105985,0.63522431735464,0.346,0.29,1,"6","ABI3"
0.00331628209288968,0.750537773766848,0.308,0.256,1,"6","PRKD3"
0.00378953076088964,0.661284824252961,0.369,0.314,1,"6","NRBF2"
0.00416759513919326,0.567801923107999,0.435,0.379,1,"6","FERMT3"
0.00431427164213147,0.704144209787883,0.35,0.301,1,"6","MAEA"
0.0044559335326328,0.720369212810297,0.258,0.198,1,"6","MPST"
0.00508377797818282,0.549903849020367,0.385,0.336,1,"6","YARS1"
0.00522754083469393,0.516634324994248,0.415,0.372,1,"6","PICALM"
0.00532361598116003,0.638898485918545,0.312,0.259,1,"6","LPP"
0.00572507135281827,0.742982746552512,0.277,0.226,1,"6","LINC00623"
0.00588897174302698,0.543351327469227,0.327,0.271,1,"6","PPP3CA"
0.00628733264633568,0.666578778197947,0.35,0.31,1,"6","FAM89B"
0.00646909887008441,0.528493677600106,0.431,0.385,1,"6","TOR1AIP1"
0.00679174765006228,0.6150561010837,0.415,0.381,1,"6","EFCAB14"
0.00683788029951189,0.521118592933893,0.35,0.302,1,"6","TRAPPC2L"
0.00685613967471136,0.619450514024622,0.362,0.316,1,"6","TMED5"
0.0076527337770578,0.642703399720927,0.358,0.308,1,"6","DYNLT3"
0.00816608083451987,0.536732010134127,0.465,0.437,1,"6","RHEB"
0.00818798218312293,0.833792693660608,0.254,0.204,1,"6","ZFAND2A"
0.00835441997840133,0.714686941115094,0.262,0.214,1,"6","TOR3A"
0.00844608823984884,0.750042911188789,0.312,0.267,1,"6","CLIP4"
0.00909265222901627,0.780613488718475,0.292,0.246,1,"6","SIRT2"
0.00991543724797885,0.504441701820855,0.385,0.348,1,"6","CHST11"
0,4.87789398480027,1,0.049,0,"7","TRBV7-9"
5.8242629997609e-14,0.567442000282415,0.834,0.646,8.28326683825995e-10,"7","LINC00861"
2.68711379284557e-12,0.672140703568902,0.715,0.535,3.82161323618497e-08,"7","SATB1-AS1"
6.20634880661217e-10,0.538241177587232,0.901,0.849,8.82666927276383e-06,"7","GBP5"
1.85119050108084e-09,0.546585285104903,0.822,0.728,2.63276313063717e-05,"7","COA1"
8.94697544832462e-09,0.516132979928017,0.727,0.607,0.000127243884826073,"7","CD55"
2.11013705898547e-08,0.500892454508312,0.751,0.628,0.000300103692528913,"7","SNHG25"
1.08294060711096e-07,0.59809972754661,0.605,0.476,0.00154015813143321,"7","LDLRAP1"
1.41958592894489e-07,0.559746248332329,0.585,0.448,0.00201893510814542,"7","GPR155"
1.67962660068418e-07,0.627163256067139,0.486,0.327,0.00238876495149304,"7","MX2"
7.67474509329739e-07,0.570049547318746,0.518,0.373,0.0109150224716875,"7","FOS"
1.15411276745153e-06,0.544985916014294,0.628,0.527,0.0164137917786957,"7","SERINC5"
2.46423536403623e-05,0.538542992690659,0.577,0.486,0.350463553473233,"7","GNL3"
6.51769690248255e-05,0.602959981087717,0.47,0.386,0.926946853471068,"7","CLUAP1"
7.13911781582628e-05,0.668479194994213,0.316,0.216,1,"7","NT5E"
0.000119857729210118,0.509716898879685,0.415,0.31,1,"7","FBLN5"
0.000195676166023345,0.74300351415155,0.273,0.186,1,"7","C9orf72"
0.000295073292791583,0.528368127627235,0.435,0.358,1,"7","ZC3H8"
0.00079891129526754,0.51861762945592,0.522,0.469,1,"7","WHAMM"
0.00118711216512637,0.519555711465037,0.49,0.437,1,"7","RETREG1"
0.00131492815937453,0.585304708411178,0.368,0.286,1,"7","TMEM63A"
0.0016436603854359,0.879628979353836,0.253,0.185,1,"7","ENSG00000289093"
0.00344321519285807,0.558702407868534,0.443,0.39,1,"7","LINC00649"
0.00399647209820181,0.558491499404996,0.383,0.323,1,"7","PARP11"
0.00841028506231131,0.511457343718696,0.265,0.197,1,"7","LINC02964"
0.00900787865167858,0.537613607237828,0.328,0.269,1,"7","CHI3L2"
0,4.86407057950468,0.779,0.058,0,"8","MIR210HG"
1.13914036070666e-126,4.88584692665319,0.55,0.089,1.62008542099701e-122,"8","IGFBP2"
4.9540501330691e-111,3.13081271924505,0.871,0.341,7.04565009925087e-107,"8","BNIP3"
7.78726892504202e-110,3.1206874733118,0.762,0.232,1.10750538651948e-105,"8","P4HA1"
9.26022991174104e-99,2.02479887003472,0.992,0.893,1.31698989804781e-94,"8","PGK1"
5.65414765708282e-97,1.5718167717516,0.996,0.917,8.04132879790319e-93,"8","LDHA"
5.17781073442759e-94,1.79458363102877,0.996,0.908,7.36388242650292e-90,"8","ENO1"
2.16524291219283e-92,2.28672353646656,0.933,0.537,3.07940846972064e-88,"8","BNIP3L"
3.56605065836613e-91,1.8133403570459,0.992,0.881,5.0716372463283e-87,"8","TPI1"
3.20898420710476e-80,3.92490217484837,0.35,0.051,4.5638173393444e-76,"8","SAP30-DT"
4.8966516190762e-75,1.03059025887021,1,0.978,6.96401793265018e-71,"8","MIF"
2.85338720208064e-67,1.37350525812984,0.983,0.856,4.05808727879909e-63,"8","C4orf3"
3.11917685918892e-58,2.13352141031305,0.838,0.479,4.43609332913848e-54,"8","GPI"
4.64729828210919e-53,1.17917035352981,0.95,0.621,6.60938761681568e-49,"8","PKM"
6.88550920006425e-52,1.96128049386265,0.658,0.261,9.79257118433137e-48,"8","DDIT4"
7.08796946288196e-50,0.785458887200329,0.996,0.989,1.00805101701107e-45,"8","PNRC1"
5.90393674149816e-49,1.75404021698327,0.829,0.545,8.39657883375868e-45,"8","FAM162A"
1.36385026242133e-45,2.02503904819136,0.613,0.253,1.93966784321562e-41,"8","MXI1"
1.07568413297831e-42,2.10832651291486,0.562,0.223,1.52983797392176e-38,"8","PDK1-AS1"
1.31739026633409e-37,1.19410424590388,0.917,0.748,1.87359243678034e-33,"8","THEMIS"
1.4364066162018e-36,1.80377555351454,0.542,0.227,2.0428574895622e-32,"8","CALHM6"
8.94502049880555e-36,2.26783026842312,0.388,0.125,1.27216081534013e-31,"8","ANKRD37"
1.6456843696224e-35,1.08450071373684,0.925,0.708,2.34049231047698e-31,"8","ALDOA"
5.93848290567993e-35,1.97796595231102,0.554,0.261,8.44571038845799e-31,"8","ENO2"
9.71839121136381e-34,1.3052145316002,0.8,0.57,1.38214959808016e-29,"8","ZNF292"
1.62509182888132e-33,0.551743058474386,1,0.986,2.31120559903501e-29,"8","SARAF"
6.70402736197983e-33,1.46286663784285,0.729,0.473,9.53446771420772e-29,"8","SLC2A3"
3.29781559944566e-29,1.86716389550158,0.483,0.214,4.69015334553162e-25,"8","PDK1"
4.24693481191748e-28,0.555843832152338,0.996,0.965,6.03999068950904e-24,"8","GAS5"
2.99407063642581e-27,0.558278516576991,0.992,0.958,4.25816725912479e-23,"8","SRSF5"
5.10320528956085e-27,1.20790447722702,0.808,0.599,7.25777856281344e-23,"8","DARS1"
7.71712733596447e-27,2.08605214862502,0.417,0.176,1.09752984972087e-22,"8","ALDOC"
2.84361840745019e-26,1.5508298022588,0.6,0.337,4.04419409907567e-22,"8","ANKZF1"
2.0255374217818e-24,1.78453094791607,0.467,0.231,2.88071932125808e-20,"8","EGLN1"
7.62568383550726e-24,1.69591967341214,0.508,0.272,1.08452475508584e-19,"8","PFKP"
1.73842305662435e-23,1.71386787328897,0.4,0.16,2.47238527113115e-19,"8","NOG"
2.22479952189053e-23,1.30453992106873,0.575,0.302,3.16410988003271e-19,"8","FBLN5"
1.94005863404717e-21,0.698513201946952,0.946,0.854,2.75915138934189e-17,"8","ZFP36L2"
3.26227322745922e-21,0.525521378901028,0.992,0.944,4.6396049840925e-17,"8","CD48"
1.61835395605679e-19,1.08089831658385,0.667,0.466,2.30162299630397e-15,"8","HPCAL1"
2.01526218673362e-19,0.574491021330677,0.946,0.879,2.86610588197255e-15,"8","TOMM20"
7.72431250496226e-19,1.4167166136227,0.546,0.333,1.09855172445573e-14,"8","MTFP1"
1.30237182079436e-18,1.63530068598197,0.329,0.136,1.85223320353374e-14,"8","ENSG00000291174"
1.39319395968743e-18,1.31117270494603,0.542,0.316,1.98140044946746e-14,"8","KDM7A"
7.53647857203323e-18,0.61101772673001,0.929,0.746,1.07183798251457e-13,"8","PIK3IP1"
3.71151110433965e-17,1.89051905414679,0.35,0.169,5.27851109259185e-13,"8","SLC16A3"
6.75054675762393e-17,1.05779184591003,0.646,0.439,9.60062759869275e-13,"8","ACTN1"
7.50279238315775e-17,0.509816054244721,0.979,0.894,1.06704713273269e-12,"8","TMEM123"
1.11906170048215e-16,0.735058784844139,0.838,0.619,1.59152955042571e-12,"8","PGAM1"
1.68117556501256e-16,1.53540341767067,0.45,0.26,2.39096788856086e-12,"8","KDM3A"
3.98133613948701e-16,1.04285846745366,0.65,0.496,5.66225625757843e-12,"8","RNMT"
2.0935575279824e-15,0.613510509702285,0.879,0.819,2.97745751629657e-11,"8","PRKCQ-AS1"
9.9446861731295e-15,1.19002359253869,0.412,0.211,1.41433326754248e-10,"8","NT5E"
1.99559117373512e-14,1.24320931830497,0.504,0.321,2.83812976728608e-10,"8","ENSG00000291149"
3.92884964269557e-14,0.612853375162335,0.904,0.721,5.58760996184164e-10,"8","LINC02446"
1.64164309643176e-13,0.633989192328029,0.829,0.701,2.33474481174525e-09,"8","SNHG7"
8.24372768845317e-13,0.90008924595782,0.575,0.392,1.17242295185181e-08,"8","DCTN6-DT"
1.16993395433735e-12,1.24874752833416,0.45,0.286,1.66388006985858e-08,"8","RLF"
1.83042882902972e-12,1.11223546214767,0.533,0.364,2.60323588064607e-08,"8","ZBTB25"
1.98112397776282e-12,0.646207140444459,0.7,0.524,2.81755452117428e-08,"8","SERINC5"
7.44211924635962e-11,0.515782762620909,0.825,0.692,1.05841819921727e-06,"8","MGAT4A"
1.41792128154529e-10,1.07021917137115,0.479,0.334,2.01656764661371e-06,"8","WDR54"
1.84058970127381e-10,1.50886876936211,0.288,0.153,2.61768667315162e-06,"8","FUT11"
2.46841597653983e-10,0.719516965275995,0.683,0.529,3.51058120183494e-06,"8","TSC22D3"
2.61368954140159e-10,0.552376753275846,0.779,0.666,3.71718926578135e-06,"8","CHD2"
4.26007087136819e-10,0.547701877077948,0.8,0.711,6.05867279325984e-06,"8","EVI2A"
4.87205014340012e-10,0.637899779091083,0.671,0.515,6.92902971394365e-06,"8","SFXN1"
1.97825391210468e-09,0.656162392527974,0.692,0.571,2.81347271379527e-05,"8","RCAN3"
2.52951062982546e-09,1.56406552395424,0.296,0.168,3.59747001773778e-05,"8","ING2"
9.07333303467908e-09,1.1972329209423,0.25,0.126,0.000129040942419206,"8","ENSG00000242861"
9.44613577960851e-09,1.24334656872937,0.35,0.224,0.000134342943057592,"8","NREP"
9.62126667870933e-09,0.965871660243674,0.425,0.283,0.000136833654704604,"8","TMEM63A"
2.25994961131356e-08,1.18464416665078,0.288,0.161,0.000321410033721014,"8","ENSG00000289334"
2.73825270273668e-08,0.533650574466193,0.792,0.711,0.00038943429938321,"8","OXNAD1"
2.94806622955807e-08,0.654738995045981,0.633,0.489,0.000419273979167748,"8","SORL1"
3.11601758705016e-08,1.01246393450274,0.5,0.39,0.000443160021230274,"8","MGAT1"
5.33607283570675e-08,0.596324405470123,0.675,0.565,0.000758896278694215,"8","UBA2"
5.90343610650965e-08,0.617744992706011,0.617,0.507,0.000839586683067803,"8","RAB24"
6.13747486415921e-08,0.794320004039927,0.496,0.373,0.000872871675180723,"8","N4BP2L1"
9.66513651672588e-08,0.585181693608466,0.613,0.476,0.00137457571540875,"8","LDLRAP1"
1.08062275369995e-07,0.997846572361024,0.525,0.437,0.00153686168031207,"8","WSB1"
1.28802184284244e-07,1.30527161300744,0.321,0.207,0.00183182466489051,"8","FAM210A"
1.57684454196452e-07,0.984612567028591,0.454,0.335,0.00224258830758193,"8","PAICS"
2.02282405146542e-07,0.511859271737582,0.754,0.7,0.00287686036599412,"8","SNHG5"
3.49526052962964e-07,1.13961235896115,0.383,0.274,0.00497095952523928,"8","ZNF160"
5.11298295580482e-07,0.571016017064598,0.642,0.508,0.00727168435974561,"8","MYC"
5.17332618349872e-07,0.640294725038162,0.571,0.451,0.00735750449817188,"8","SVIP"
5.96943471687485e-07,1.05922897903271,0.317,0.205,0.00848973005433942,"8","BMT2"
7.63569353698759e-07,0.522970212552108,0.733,0.651,0.0108594833483037,"8","ALKBH7"
8.83695740801471e-07,0.902217741482964,0.433,0.329,0.0125679208256785,"8","GOLGA8A"
9.37584828580278e-07,1.19172699299371,0.342,0.239,0.0133343314320687,"8","PFKFB3"
1.03085177517438e-06,0.677229324102021,0.508,0.395,0.01466077394653,"8","CCDC107"
1.1024350590022e-06,1.07161223838399,0.262,0.156,0.0156788314091292,"8","ARRDC3"
1.59380440816346e-06,0.556941452734526,0.792,0.726,0.0226670862929008,"8","JUNB"
2.10301590736534e-06,0.903214037337958,0.308,0.19,0.0299090922345499,"8","MYLIP"
2.59622536762141e-06,1.03338602584,0.283,0.177,0.0369235171783118,"8","KDM6B"
3.89593255280152e-06,0.68516316801453,0.508,0.374,0.0554079527659432,"8","FOS"
5.18451910633546e-06,0.898620392654836,0.288,0.181,0.0737342307303028,"8","ITGA6"
5.3259981641965e-06,0.839720683594399,0.454,0.364,0.0757463458912026,"8","RASSF7"
5.90237732037394e-06,0.78427079303742,0.479,0.397,0.0839436102503582,"8","VEGFB"
6.52899556322281e-06,0.573824859038622,0.592,0.49,0.0928553749001547,"8","ZNF148"
1.05244918415658e-05,1.08310975894743,0.35,0.259,0.149679322970749,"8","HDHD5"
1.14893024376272e-05,1.16732325690462,0.283,0.191,0.163400859267934,"8","FAM216A"
1.54406365255804e-05,0.584852392576333,0.521,0.42,0.219596732666804,"8","AKTIP"
1.5967309912476e-05,1.19485477454206,0.279,0.19,0.227087081575234,"8","YEATS2"
2.09710530392432e-05,0.712095097770133,0.362,0.25,0.298250316324117,"8","DUSP1"
2.25826503604978e-05,0.507692370348498,0.542,0.45,0.321170453426999,"8","NSMCE3"
2.59795224101242e-05,0.783596863070767,0.308,0.205,0.369480767716786,"8","SELENOM"
3.9583830130988e-05,0.776305054104628,0.279,0.18,0.562961232122912,"8","ENSG00000290109"
4.26767865181518e-05,0.561065822561554,0.529,0.438,0.606949257861155,"8","IL6ST"
8.45196653919966e-05,0.968728758859291,0.329,0.246,1,"8","ALKBH5"
0.000100806295388925,1.00721111346975,0.271,0.186,1,"8","C9orf72"
0.000114409794189939,0.918465466576794,0.262,0.179,1,"8","LNPK"
0.000136120685262791,0.732763496801311,0.288,0.196,1,"8","PLAG1"
0.00015066151756375,0.71197580531473,0.308,0.219,1,"8","TBC1D22A-DT"
0.000154780198948443,0.633002481954792,0.475,0.375,1,"8","LINC01550"
0.000162387125772811,0.727601684815576,0.329,0.244,1,"8","ZNF654"
0.00018797874225905,0.893078511298421,0.25,0.165,1,"8","LRRC8C-DT"
0.000236775585134131,0.564277395011449,0.442,0.361,1,"8","PLCG1"
0.000267337270775934,1.26199132605254,0.325,0.258,1,"8","GALNT2"
0.000343951409832521,0.64941915202292,0.517,0.441,1,"8","IMMP2L"
0.000401124366717542,0.763953987580202,0.346,0.265,1,"8","TCP11L2"
0.000597899839776778,0.984397479502405,0.388,0.327,1,"8","MKNK2"
0.000784412236752048,0.651744937607026,0.5,0.44,1,"8","RASGRP1"
0.00116792148474746,0.626506661844135,0.433,0.366,1,"8","CITED2"
0.00118727734824557,0.967138133267454,0.288,0.227,1,"8","VGLL4"
0.00121745595557552,0.905800508283287,0.292,0.229,1,"8","EPS8L2"
0.00128780365740595,1.02715402910062,0.25,0.184,1,"8","ZNF12"
0.00129158102089793,0.842619616662982,0.346,0.285,1,"8","NFKBIZ"
0.00152019081315906,0.6703565039977,0.379,0.316,1,"8","LGALS8"
0.00158689141969452,0.567139799578101,0.379,0.3,1,"8","PHF1"
0.00171642136568631,0.75237551138779,0.362,0.309,1,"8","ERO1A"
0.00222194724386417,0.567443090271841,0.4,0.334,1,"8","DBP"
0.00243692057069487,0.592558272366193,0.421,0.364,1,"8","DRAM2"
0.00265259442150002,0.624789690683068,0.433,0.397,1,"8","ST3GAL1"
0.00287287834519698,0.644856881042145,0.371,0.31,1,"8","OXSR1"
0.0031391020093711,0.802995733895773,0.262,0.201,1,"8","WDR45B"
0.00322366153747355,0.633438438972966,0.321,0.253,1,"8","LEF1-AS1"
0.0032634541671917,0.660180572108435,0.4,0.354,1,"8","ZBTB24"
0.00328416991128729,0.599219058630856,0.417,0.37,1,"8","TMEM263"
0.00450090169299357,0.68140377341277,0.279,0.213,1,"8","TANC2"
0.00946850383695342,0.739756282368478,0.292,0.238,1,"8","LINC01215"
0,4.91408924742736,0.987,0.034,0,"9","TRBV4-1"
3.69490206531623e-13,0.581920385649978,0.926,0.848,5.25488971729274e-09,"9","GBP5"
3.65539887890963e-09,0.53128766290741,0.861,0.715,5.19870828558527e-05,"9","NELL2"
4.12309952672986e-08,0.600466329638633,0.792,0.729,0.00058638721469152,"9","COA1"
9.79956286123869e-07,0.588283657148708,0.649,0.491,0.0139369383012537,"9","PASK"
1.17268547220535e-06,0.554822533375401,0.593,0.451,0.0166779327857045,"9","FAAH2"
1.39257382880631e-06,0.585499575151856,0.58,0.444,0.0198051849932834,"9","DPH5-DT"
1.83363222343528e-06,0.529598914563805,0.645,0.508,0.0260779174816966,"9","MYC"
3.82515887434831e-06,0.796331574844647,0.303,0.183,0.0544014095109817,"9","SCML1"
1.65954352540762e-05,0.503079606576528,0.498,0.375,0.236020280183471,"9","FOS"
1.77974384098808e-05,0.525415439315403,0.563,0.445,0.253115169065324,"9","DYRK2"
1.92704522986937e-05,0.521751453629834,0.468,0.333,0.274064372592022,"9","FCER1G"
6.49671725690825e-05,0.658615921849335,0.273,0.168,0.923963128277491,"9","SYNM"
0.000151159614275355,0.616594528090345,0.398,0.297,1,"9","TNFSF13B"
0.00019571154344194,0.563537591650936,0.437,0.33,1,"9","MX2"
0.000364698405138285,0.526260537802743,0.32,0.222,1,"9","IFI44L"
0.000393866352829555,0.56002135535962,0.407,0.31,1,"9","APBA2"
0.000557603138260668,0.64653550260419,0.268,0.182,1,"9","ITGA6"
0.000632067508191294,0.547803531771387,0.481,0.397,1,"9","CNST"
0.000633727790557203,0.686451217541735,0.26,0.177,1,"9","SERPINF1"
0.000702952967852599,0.664293076639303,0.429,0.348,1,"9","ENSG00000290067"
0.00159135903010049,0.575292326364353,0.446,0.381,1,"9","PPAN"
0.00267330519110419,0.574446266469602,0.407,0.338,1,"9","LINS1"
0.00358244975452961,0.581420246477078,0.32,0.247,1,"9","ENSG00000290879"
0.0037044547683813,0.546445720974006,0.342,0.267,1,"9","TRMO"
0.00424205584760232,0.539974514547583,0.351,0.284,1,"9","NFKBIZ"
0.00590046299532393,0.74981929367372,0.329,0.28,1,"9","WDR6"
