p_val,avg_log2FC,pct.1,pct.2,p_val_adj,gene
5.858960252335018e-55,4.070113422988653,0.295,0.016,1.3133445301634177e-50,TRBV11-2
1.08952399329995e-46,6.298266039800444,0.125,0.001,2.4422769833811678e-42,TRBV10-1
1.4627168313166642e-37,3.7661985806167912,0.307,0.03,3.2788260490794345e-33,TRAV26-1
3.881186102391768e-17,2.4164406671665932,0.284,0.057,8.700066767121387e-13,TRAV8-3
1.3217654058902899e-15,3.064283670644489,0.148,0.017,2.962869333843674e-11,TRAV12-3
4.393948738124778e-13,2.000436811459914,0.318,0.088,9.849475491380502e-9,TRBV7-2
3.1363955752156176e-8,-1.4784556725244924,0.295,0.585,7.030544321403328e-4,KLRD1
5.5815750103407154e-6,2.002927649819525,0.114,0.027,0.1251165854317975,TNFRSF18
8.792860088080357e-6,1.055242906340025,0.5,0.315,0.19710075173440927,TRAT1
1.3594424598985197e-5,-0.7642518163795149,0.864,0.909,0.3047326218108522,CCL5
1.756742655659938e-5,0.7966684174115812,0.67,0.498,0.39379143369273173,APOO
2.8584380001892762e-5,0.6695387319143005,0.716,0.573,0.6407474621224282,TUBA1A
2.9371527857224423e-5,-1.4800681395275745,0.17,0.383,0.6583921684475427,IFITM2
3.179700504876725e-5,-0.935041676705588,0.523,0.772,0.7127616651731667,IFITM1
3.6044807867020035e-5,-1.1200140918445864,0.239,0.469,0.8079804131471211,LY6E
3.961671669130011e-5,1.9740375680538658,0.17,0.061,0.8880483213521834,TRAV8-1
4.32288344875778e-5,0.6010353615922215,0.727,0.485,0.9690175538735439,ENSG00000280441
1.644482964881227e-4,-5.870492486995606,0,0.141,1,TRAV8-6
5.431818520042701e-4,-5.334228916017706,0,0.121,1,TRBV5-1
0.013795456950506055,-3.209641476409205,0.023,0.102,1,TRGV9
0.4542475916770209,3.1281924102846332,0.148,0.128,1,HSPA1A
0.06792459829784674,-3.110100592094263,0.045,0.102,1,KLRC2
0.001591107667430003,-3.00135402520055,0.011,0.122,1,CBR4
0.005053495996381658,-2.9789901782183286,0.011,0.102,1,SELENOI
0.006305565917078821,-2.8553505427825585,0.023,0.115,1,PCLAF
2.0136987921998023e-4,-2.622375794293152,0.045,0.204,1,ZNF581
0.0031217806311844205,-2.5504920133025224,0.011,0.112,1,LMNB2
0.0011797191424962104,-2.3275660721130462,0.034,0.162,1,MPST
0.006864939246643938,-2.1818517584490866,0.023,0.115,1,DDAH2
6.67261253931715e-4,-2.0606087492862146,0.045,0.189,1,PHF23
0.014043915436050868,-2.0268240110502473,0.057,0.146,1,HAVCR2
7.075725687526584e-4,-1.9959906265645164,0.034,0.175,1,RDH14
0.014219288438590582,-1.9564088554274166,0.023,0.103,1,TMEM140
0.00481759583121462,-1.9177470380552282,0.023,0.123,1,ARMT1
0.004817595739046305,-1.9076539923708862,0.023,0.123,1,KMT2B
0.016745068283636082,-1.8994682587677807,0.023,0.1,1,C2CD5-AS1
0.029378291022237213,-1.8712302862571546,0.034,0.105,1,RAB11FIP2
0.026224890042768203,-1.8694270639360906,0.034,0.108,1,H2BC4
0.007922672616412767,-1.8497600694660423,0.034,0.131,1,HDGFL2
0.018463557135162876,-1.8473938201503728,0.034,0.114,1,ENSG00000291117
0.001052508506105229,1.8354348800389402,0.159,0.068,1,TNFRSF9
0.0067373576146373265,-1.8279904019084254,0.045,0.148,1,MAP3K7
0.004980255407501562,-1.7985812921616566,0.045,0.154,1,RUFY1
0.0028705989596424686,-1.7980171885017748,0.057,0.181,1,PLCG2
0.0066925181809214624,-1.7966732258256686,0.023,0.118,1,HADH
0.006572022049842112,-1.7577739962635186,0.034,0.135,1,STX16
0.0011973976588372074,-1.7241420579255982,0.034,0.167,1,RUBCN
0.009817447755831207,-1.7181609670328832,0.034,0.126,1,TEN1
0.004439491239868327,-1.7009939984985363,0.045,0.157,1,MFSD12
0.016767200612859027,1.6730730396508522,0.102,0.048,1,MCOLN1
0.001659904297082521,-1.6667588874698644,0.068,0.205,1,ABTB1
0.013122802723769008,-1.6625195753665762,0.034,0.122,1,C6orf226
1.691827022957827e-4,1.6582414273476918,0.159,0.06,1,GPR180
0.0036985050861422972,1.6561029808843717,0.114,0.047,1,SFT2D3
0.009481342939871042,1.653268301676775,0.102,0.044,1,ATAD3A
0.0014857183387007148,-1.6528772816528337,0.08,0.22,1,ECPAS
0.03810732103136509,1.6509837932680473,0.159,0.1,1,ABAT
0.21252704740638279,1.6503966390578735,0.114,0.081,1,INPP4B
0.022197240768461503,-1.6486886635414473,0.045,0.127,1,CADM1
0.01461175044695944,-1.6239909557169847,0.034,0.12,1,MTFR1
0.01787895658639757,-1.611121446990683,0.023,0.1,1,WDR89
0.017086163544741156,-1.6088244875555655,0.034,0.117,1,CALHM2
0.008530775390123112,-1.6035607220491717,0.023,0.115,1,TRBV7-9
0.03853295278468607,1.5881759341219204,0.125,0.071,1,RFX2
0.0077403849009001656,-1.5856532510723236,0.045,0.148,1,TMEM14C
0.014409628117377761,1.5744318400514026,0.114,0.055,1,HECTD2
0.004608914186102793,-1.5717442214029425,0.034,0.142,1,NOL8
0.007436597124056824,-1.5669481386481994,0.034,0.134,1,ABTB3
0.02039925075276651,-1.5628200462824293,0.034,0.114,1,CENPX
0.00469821079278956,-1.5300475728053864,0.068,0.186,1,NDUFS1
0.0037027081570060573,-1.5214249521181564,0.034,0.148,1,NIT1
0.0194366608985803,-1.5152741203754756,0.045,0.13,1,RBM34
0.0064802559435596496,-1.5093182838607813,0.034,0.137,1,KCTD13
0.0027173212321541275,1.4786583125443182,0.148,0.067,1,ZC3H12B
0.010454348337701872,-1.4639814231647503,0.045,0.143,1,AGAP2
0.011654420305437577,-1.4578851496571263,0.057,0.155,1,ANKS1A
0.0074757532732147025,-1.4571577246463139,0.057,0.163,1,E2F3
0.007824115148263226,-1.4507363876488468,0.045,0.149,1,COA5
0.010790819961597585,-1.4503484003895186,0.08,0.189,1,ALOX5AP
0.03475788474526682,-1.4446408021789243,0.034,0.104,1,CDC23
0.013698192574517438,-1.4345990795259813,0.045,0.138,1,MCU
0.03749896235580834,-1.4318592167081774,0.034,0.102,1,LAS1L
0.02207044848150737,-1.4187630659885258,0.045,0.127,1,FOXP4
0.009949261854315467,-1.4144168288391537,0.045,0.145,1,TMEM18
0.016766712146517766,-1.406429067697204,0.045,0.134,1,COMTD1
0.019517326399470125,-1.4000149305311622,0.057,0.145,1,EMC2
0.012229128553076334,-1.3999174627564812,0.045,0.141,1,EXOC6B
0.002739749171646478,-1.3914396646101048,0.068,0.196,1,DTNBP1
0.010606060904049001,-1.3898610393438051,0.057,0.158,1,MFSD8
0.0014873600735767676,-1.3811139856172885,0.057,0.197,1,COQ4
0.006525086442819597,-1.372115144125187,0.034,0.137,1,ACTL6A
0.007917047383924606,-1.3712901578824102,0.034,0.134,1,ARMCX3
0.021138396627866235,1.3689667835317774,0.182,0.11,1,POLB
0.03653457551605792,-1.3603968719453565,0.034,0.103,1,WEE1
0.0067955139990909085,-1.3602391078538654,0.068,0.183,1,TSPO
0.029633004596959965,1.3559609809891078,0.102,0.05,1,POP1
0.022678635346827798,-1.3528762259185099,0.034,0.112,1,THAP3
0.009954000154958918,-1.3526923778823239,0.068,0.175,1,FUT8
0.04638614206303344,1.3524832265829585,0.125,0.073,1,ATP1A1-AS1
0.0767480856897577,1.3444251812406462,0.136,0.086,1,IFT22
0.02280352822209204,-1.341608465943375,0.068,0.156,1,DNAJC13
0.018205314061623106,1.3399780126110197,0.182,0.107,1,HOXB2
0.013914739086950172,-1.3385993781009873,0.034,0.123,1,FBXL14
0.014157121822827462,-1.3356854306303494,0.034,0.122,1,PMM1
0.0753689322403309,-1.3314877356005121,0.045,0.103,1,WDR59
0.09520755728269084,1.3233238763230335,0.148,0.096,1,BTG1-DT
0.04008703061831384,1.3220179927758158,0.125,0.071,1,METTL4
0.007445726903309837,-1.3194585884125276,0.068,0.181,1,GTPBP6
0.005993749228284423,1.3132781366521198,0.125,0.056,1,ENSG00000288755
0.002745245444871919,-1.309533774145553,0.136,0.275,1,ZDHHC20
0.04165681938110492,1.3072029121887867,0.114,0.062,1,SPTSSA
0.006123860458477097,-1.3044939229381274,0.068,0.185,1,NCOA6
0.04506847748213287,-1.2970986779088545,0.057,0.128,1,ZNF195
0.03704272449893637,-1.294520433226058,0.034,0.103,1,RBM12
0.004442030713438946,-1.279357352982287,0.057,0.176,1,SNX9
0.026864851228210505,-1.278575122581855,0.034,0.109,1,BMPR1A
0.045687807093943746,-1.275144129213284,0.057,0.128,1,DVL3
0.03717994666187874,-1.2717804405374773,0.045,0.118,1,ATMIN
0.04330097475407453,-1.269762361093728,0.045,0.116,1,HLA-DQB1
0.04260444785399457,1.2661884986023053,0.102,0.053,1,IRF2BPL
0.01621537414198137,-1.2655979716817545,0.034,0.121,1,SMPD1
0.00833080509940147,1.2639679357873745,0.125,0.056,1,TRAV8-2
0.03034536782979909,-1.2609603984431184,0.068,0.152,1,CTSW
0.002040701044436427,1.2603622335196378,0.182,0.088,1,ZNF567
0.03646742114926836,1.258072552853898,0.102,0.052,1,FAM149B1
0.011171176069445165,-1.2545072767109056,0.057,0.159,1,HINT2
0.0025121573854925312,1.2489103383978983,0.216,0.113,1,ANTXR2
0.07171119374244772,-1.2476198136130017,0.08,0.149,1,ZNF683
0.003880778957484498,1.2466532580747014,0.227,0.125,1,KLRB1
0.0014037301937419543,-1.2398534126606975,0.125,0.282,1,EGLN2
0.042148962813219774,-1.2373858855786275,0.034,0.101,1,TIMM9
0.002019467539801738,1.2311199754864215,0.216,0.112,1,HLA-DQA1
0.03546146004885545,-1.2222827350781686,0.068,0.148,1,NOP2
0.03112035212322765,-1.2217707650457137,0.045,0.122,1,DUSP22
0.07610804601397766,-1.215914387569062,0.057,0.117,1,MPV17
0.004357060591936119,-1.2145300625017674,0.08,0.205,1,CPB2-AS1
0.008186423103460148,-1.2137462898495537,0.057,0.165,1,ANAPC15
0.02221519997121659,-1.2122428042381035,0.034,0.112,1,EMG1
0.015347736664622276,-1.2109385831422042,0.034,0.121,1,LLGL2
0.01837584212783544,-1.209801819135158,0.045,0.134,1,TTC28-AS1
0.2397649701245134,1.208185278045071,0.114,0.081,1,TNFSF14
0.06678298125547599,1.2046028630580152,0.102,0.057,1,MDM1
0.058714761022468566,1.1951035188867922,0.125,0.073,1,FUT11
0.06745996812562269,1.1910348368115689,0.125,0.075,1,POLR1E
0.025737479224595062,1.1887570031048587,0.148,0.083,1,CEP89
0.011487729049910023,-1.1885289355377284,0.08,0.188,1,JAK2
0.0016755449222309003,1.1851132234789452,0.148,0.062,1,ENSG00000290192
0.01432986249113834,-1.1847534675099483,0.091,0.195,1,NR2C2
0.05835285194659117,-1.1830505993308313,0.045,0.109,1,SERTAD2
0.057804394920910655,1.1792681088085724,0.148,0.092,1,CRTAM
0.15584588013792358,1.1766410983043254,0.102,0.067,1,ENSG00000291147
0.02765490675316514,-1.1750110620650194,0.057,0.139,1,TBC1D17
0.08067447180021052,-1.1703522151770565,0.057,0.116,1,MRE11
0.001209580372713614,-1.1672525274825116,0.08,0.231,1,CEP85L
0.009403376793614904,1.1596419280053147,0.102,0.043,1,SVIL
0.025504346816505544,-1.1596074808637902,0.068,0.156,1,PHKG2
0.07060019903541316,1.1592007347794329,0.125,0.075,1,ARL4A
0.014046411300335099,-1.1590947607948976,0.057,0.154,1,CRCP
0.039315630859999944,-1.1582216745587952,0.068,0.146,1,MED29
0.0550469427162432,-1.1569457573788688,0.045,0.11,1,COG8
0.1024855525877328,1.1563498465797186,0.125,0.08,1,MIR155HG
0.011271403973707165,-1.1558952870964416,0.045,0.145,1,FOXO3
0.025587847431965367,-1.1547650420457736,0.057,0.142,1,MCFD2
0.0018220226280633923,-1.1522024963752338,0.136,0.286,1,CREBRF
0.08260177898240839,-1.1470652035167621,0.045,0.102,1,CHM
0.02547738210279201,-1.1461794923648327,0.057,0.142,1,NPC2
0.09253533335960369,1.1430234509122643,0.114,0.07,1,GUSBP1
0.018038654415758037,-1.141029423944133,0.08,0.177,1,CUX1
0.006970073798722514,-1.136108314563029,0.057,0.17,1,C11orf68
0.06520272097852242,-1.1358457902713055,0.045,0.107,1,TANGO6
0.038392241124290134,-1.134839535528205,0.057,0.134,1,CLIP4
0.029384913136775832,1.134369107652114,0.102,0.05,1,ATP1A3
0.004166751871729834,-1.13358342039044,0.114,0.25,1,COA1
0.11709073044387719,1.1297615757515354,0.114,0.072,1,DUS3L
0.004075481279791693,-1.1292340268072811,0.068,0.196,1,CLSTN1
6.913355944737781e-4,-1.1234042267049684,0.136,0.313,1,ANKIB1
0.031486096536216986,-1.122466037686889,0.045,0.123,1,NUBP1
0.0014191436011868296,-1.1215066801000415,0.114,0.281,1,CARD11
0.00829310157800286,1.121350604842736,0.273,0.179,1,ZNF410
0.027485790056750486,-1.120006804110596,0.034,0.109,1,PIGF
0.057692299261220305,-1.116809069595179,0.045,0.11,1,PAFAH1B3
0.028920561978164346,-1.1160450090727272,0.08,0.168,1,ATP13A3
0.040522557983036646,-1.1073774354643908,0.045,0.118,1,PPIF
0.024804355064219904,-1.1039241899038077,0.068,0.158,1,ABHD17B
0.05706025647104436,1.1030246590169719,0.114,0.063,1,RHNO1
0.030095587599448106,-1.101504134829307,0.057,0.14,1,SERINC5
0.03808958608763054,-1.1011133726268363,0.057,0.134,1,FN3KRP
0.027594994104877413,-1.0997346480492471,0.057,0.141,1,RBMX2
0.0070809308621716,-1.099346678707109,0.057,0.172,1,SOAT1
0.010233733892264627,-1.0993259515192835,0.08,0.19,1,C8orf76
0.003164796194332992,-1.0985260865493873,0.125,0.272,1,GK5
0.027797501540254538,-1.0948822087984351,0.057,0.142,1,ELL2
0.13674640173757316,-1.0926751170018092,0.068,0.123,1,HERC5
0.04622177477937361,-1.0912961010855962,0.045,0.115,1,IPO4
0.0038598582504537388,-1.0893052201325129,0.102,0.243,1,SHMT2
0.03471791033478531,-1.0875915986689035,0.045,0.121,1,TMEM101
0.034390659125488096,-1.085895953270811,0.034,0.106,1,GLE1
0.14604084057554623,-1.084623431987945,0.068,0.123,1,IFIT2
0.014944327279391486,-1.0839409359684011,0.057,0.155,1,MYSM1
0.08598006298010312,1.0770485332179205,0.136,0.087,1,GPR89A
0.018906234881383946,-1.0719154458621203,0.08,0.179,1,DYNC1I2
0.04946130051050146,1.0700042143085198,0.114,0.062,1,MEPCE
0.026965220148488435,-1.0699749231225086,0.091,0.183,1,MCM7
0.015635556455720144,-1.0695880993901228,0.068,0.169,1,PRR14L
4.032501045137671e-4,1.0681110502265054,0.318,0.184,1,MALSU1
0.1721936654741916,1.0675315178360532,0.102,0.068,1,GNPDA2
0.08357321923342804,-1.0618007304849266,0.045,0.103,1,TMEM65
0.002024999557388622,-1.0576317046148374,0.159,0.321,1,GALNT2
0.034252089597965586,-1.0560700258311506,0.045,0.122,1,AKT1
0.09187326533583005,-1.055904071931098,0.045,0.1,1,ZNF487
0.04185527780456861,-1.0552700757690903,0.045,0.118,1,MTHFD1L
0.45990320152075476,1.0548488051989429,0.17,0.149,1,CEBPD
0.034428557186553584,-1.0543760819284853,0.045,0.121,1,RABGGTA
0.02997550581902591,1.0536843858941538,0.159,0.093,1,ZNG1A
0.3899907203958037,1.0534156797226273,0.114,0.093,1,SLC25A17
0.1958361648106703,1.0526761286530153,0.102,0.069,1,COQ2
0.007532100848798763,-1.052475311267158,0.102,0.229,1,NLRC3
0.07691916270596859,1.0494675202164354,0.193,0.139,1,RPUSD1
0.023701898221242013,-1.0460822332776076,0.034,0.114,1,LYSMD3
0.006941623970116642,-1.0433128138465564,0.08,0.2,1,CCDC93
0.34012038325960287,1.0414455066475248,0.102,0.079,1,CC2D1B
0.06043703177064647,1.0401001650973243,0.136,0.083,1,RANBP6
0.00918276480021994,-1.0376114303632198,0.057,0.164,1,ITFG2
0.09284446716591177,1.0332737763953297,0.125,0.079,1,ENSG00000290921
0.1909319004718826,1.0327797296023256,0.102,0.069,1,DNAAF5
0.011820702000799828,-1.0310889362335884,0.068,0.176,1,ELK4
0.8217462274240075,1.0302993562383136,0.148,0.152,1,CHMP7
0.04096274352430661,-1.0297181562584585,0.045,0.118,1,ALDH16A1
0.04522302486795946,-1.0290663395821842,0.091,0.176,1,MT1E
0.021731822348681845,-1.0282976309579213,0.114,0.215,1,FCGR3A
5.310234055294719e-4,-1.0274145487142163,0.136,0.322,1,UBE2G1
0.02066909305827203,1.0262006269906574,0.25,0.165,1,LINC01871
0.020326963900764588,-1.0256093922936262,0.045,0.133,1,ZNF414
0.032081982910577234,-1.0247971630230255,0.045,0.123,1,YJU2
0.011501505940326404,1.0246302845522262,0.159,0.083,1,ENSG00000272742
0.021018529716838142,-1.0244998341589147,0.045,0.133,1,SUCLG2
0.06986612675168388,-1.022246856231992,0.057,0.121,1,CDK2AP1
0.0029374741750866065,-1.0207444348334036,0.102,0.247,1,KIAA2026
0.10252618253253483,1.0195491713852243,0.125,0.08,1,PRDM4
0.01807251284622146,1.0192587799456292,0.239,0.156,1,SLC35A1
0.04029660267864718,-1.0191827294545694,0.045,0.119,1,GPR137
0.0117693024692727,-1.0171874294300665,0.102,0.217,1,LEMD3
0.06109719568995776,-1.0168926093132935,0.045,0.11,1,TTC5
0.08539722312568407,1.0159884879544283,0.125,0.078,1,AGPAT5
0.007535415092308745,-1.0155190495137616,0.102,0.224,1,DAPK2
0.43151754392111824,1.014291932910194,0.102,0.082,1,ENSG00000290832
3.548451066934373e-4,1.0141693666601155,0.409,0.27,1,ATP6V1D
0.11239065559669606,1.010010084005178,0.17,0.122,1,PSMD5
0.048121035740645725,-1.0098510798486673,0.057,0.13,1,HPS3
0.04258750674205023,1.0096498081335517,0.159,0.097,1,WDR41
0.004101004324374964,1.0094888243565545,0.182,0.09,1,TNFRSF25
0.023613203610298703,-1.0093678066933247,0.034,0.113,1,TRERF1
0.10194391504944415,1.0061146650340382,0.114,0.07,1,POMT1
0.002896027444720247,-1.0055231649733323,0.08,0.22,1,NUP214
0.023914403170361576,-1.0053718696274312,0.091,0.188,1,CASK
0.03437250417078004,-1.0038577385302259,0.057,0.137,1,ASB1
0.018401058478640188,-1.0024142349093697,0.057,0.151,1,ABHD5
0.08823968136484914,-1.001295064487485,0.045,0.101,1,ZBTB4
0.3470174299913612,1.000266406864909,0.102,0.077,1,SLC2A13
0.14900383716642332,0.9998579762828281,0.136,0.094,1,FCHSD1
0.0051992538842916105,-0.9980633230253861,0.148,0.287,1,DECR1
0.049902902998341,-0.9967807633790533,0.068,0.143,1,ARNT
0.06433329199793728,-0.9962710109091186,0.045,0.108,1,EIF2D
0.1506366929132262,0.9939273399996071,0.136,0.095,1,STAG3L4
0.2291808193234613,0.9934796124696361,0.125,0.091,1,MAP3K13
0.012356998609959754,-0.9933790930838408,0.08,0.191,1,SOCS1
0.006454176085489221,-0.9917541005990986,0.091,0.217,1,NT5C2
0.037669820303218526,-0.9912018501219184,0.057,0.134,1,TFEB
0.21189896737959066,0.9911638975360875,0.148,0.11,1,FOS
0.027035071612853543,-0.988572974495098,0.068,0.157,1,CCDC25
0.45568465324597146,0.9876473560651453,0.102,0.084,1,LRRC37B
0.04142007276946368,-0.9863523597805939,0.08,0.161,1,SYVN1
0.1544097454831188,-0.9852100072337486,0.136,0.199,1,ENSG00000282885
0.01509406038892005,-0.9834023992560076,0.091,0.202,1,CAMKMT
0.0164505902439277,-0.9823739301691756,0.08,0.182,1,KAT5
0.0348977039209272,-0.979247846341569,0.068,0.152,1,BOLA2B
0.024424546075717552,-0.9778614565050239,0.068,0.16,1,THOC3
0.0072608108975468055,-0.9774356598091859,0.102,0.232,1,PLCXD2
0.0902499367804527,-0.975528811962586,0.057,0.116,1,SLF2
0.036433694523711306,-0.9738911288283356,0.068,0.15,1,TMUB2
0.02419173479222966,-0.9737036509510679,0.057,0.143,1,ABCB1
0.1347019383881787,0.9703985292686974,0.182,0.136,1,MAU2
0.4513553965333358,0.9699155894422014,0.125,0.105,1,NME6
0.03852044251588101,-0.9685650915974766,0.034,0.104,1,VAT1
0.04271581039758856,-0.9682394848560607,0.045,0.117,1,CDYL
0.07267801397963751,-0.9636077063743982,0.045,0.106,1,PI4K2A
0.13167909061834907,0.9630549575526209,0.193,0.147,1,TAF2
0.22992400453670347,0.9626519656116792,0.136,0.102,1,BICD2
0.03480295578742159,-0.962127358723615,0.08,0.165,1,MAD1L1
0.06399642340370759,-0.9618855948491392,0.08,0.151,1,BMP2K
0.7035768186766502,0.9614895604117937,0.102,0.095,1,TOMM34
0.03481389910194889,-0.9606554954680979,0.057,0.138,1,ZNF652
0.10261086172473655,-0.9570462316091786,0.068,0.127,1,TTC38
0.054255433231153796,0.9569525713591323,0.159,0.1,1,BAG4
0.045305243363351094,-0.9551759213415429,0.08,0.16,1,SMIM27
2.8496279332218105e-4,0.9511314640849926,0.352,0.205,1,DUSP1
0.0030689682592230046,-0.9489998489475682,0.182,0.339,1,SDHB
0.008556718488856765,0.9488507234484166,0.432,0.345,1,SDF4
0.22834792440047644,0.9480268924644202,0.136,0.103,1,B3GALT6
0.03757090832257638,-0.9475608857321955,0.068,0.151,1,CCDC18-AS1
0.19842382400278322,0.9469331648935144,0.159,0.121,1,BMS1
0.018544544500790367,-0.945884020052963,0.102,0.208,1,IRAK4
0.016873467325435987,-0.945341749180032,0.148,0.258,1,RCN2
0.20737044495662962,0.9451893340091098,0.125,0.089,1,SPOUT1
0.16456802959681638,0.9439698454742631,0.125,0.085,1,TG
0.15417655937299796,0.9434323550994754,0.114,0.074,1,PHLPP1
0.2215096848780321,0.9407994028815694,0.102,0.071,1,SLC46A3
0.04862917414776182,-0.9401468514574167,0.068,0.145,1,MAP2K5
0.02778846862840137,-0.93763541210399,0.08,0.171,1,TSEN15
0.07864816516635069,0.9355442464328039,0.148,0.093,1,CEP83
0.0154254505741615,-0.9352821294781888,0.068,0.172,1,LPP
0.03513680609868175,-0.932884529810821,0.045,0.122,1,TCF20
0.008169940063073103,-0.9321810948007758,0.125,0.257,1,SURF1
0.014255989456584467,-0.9311037829934474,0.08,0.189,1,KCNAB2
0.08671055809130784,0.9305847164232466,0.17,0.117,1,PRR7
0.030164446606747962,-0.9303923270792949,0.068,0.156,1,DDX23
0.19091963732506836,0.9295400100841622,0.136,0.1,1,ZNF266
0.0035532662803972655,0.9295172828514172,0.227,0.119,1,RHOB
0.28969180442726244,0.928184911862185,0.159,0.132,1,RUVBL1
0.053603446444888174,0.9271015381711036,0.125,0.07,1,DLGAP4
0.11599918697246178,-0.9262722405653995,0.216,0.281,1,STMN1
0.17468448193885952,-0.9249124613973247,0.057,0.1,1,TRIM23
0.00716503906545717,0.9241326037911426,0.273,0.172,1,TP53BP1
0.014193922976351714,-0.9230118268391921,0.125,0.24,1,MYLIP
0.06569848054367945,-0.92215294520773194,0.057,0.123,1,PIGK
0.014616225058618551,-0.9216927041247085,0.057,0.157,1,GDAP2
0.021429849822648415,-0.9194901126116977,0.091,0.192,1,DCAF10
0.12616372709813792,-0.9186131283401984,0.148,0.203,1,STOM
0.05771622193471943,-0.917875906873546,0.091,0.168,1,ZC3H8
0.39760122496895867,0.9172919711578531,0.102,0.081,1,QRSL1
0.17352791747421847,0.9168521395108531,0.17,0.127,1,AUH
0.05912439532573362,0.9165762915820006,0.227,0.161,1,WDR20
0.11413994437635877,-0.9160692342158225,0.057,0.11,1,PGM2
0.03519251482592878,-0.91533974796838935,0.091,0.18,1,LETMD1
0.304694148819135,0.9148718533938998,0.136,0.106,1,FAM111A
0.10484774475810602,0.9147861878651333,0.205,0.152,1,DHX40
0.10802128793461507,0.914733152808047,0.193,0.144,1,GOLGA2
0.05793999064716483,-0.9146909381793695,0.045,0.11,1,TMCO3
0.011054647146556936,-0.9145802813251127,0.193,0.328,1,LAG3
0.05668326545632351,-0.9144454223876208,0.125,0.206,1,PYCARD
0.00994865763958606,-0.9139892974180718,0.114,0.237,1,CLPTM1L
0.002834542148666463,-0.9130476790726555,0.136,0.288,1,LINC00486
0.016830653340203686,-0.9118490815877012,0.102,0.214,1,IARS2
0.432494201986893,0.9088378684419385,0.114,0.093,1,EXOC8
0.21167882231401186,0.9065136154382352,0.136,0.1,1,PEX19
0.34557052664158855,0.9063779971774866,0.102,0.078,1,NLK
0.3456353008319941,0.9062578166763218,0.102,0.077,1,MCCC1
0.1318066703688152,-0.9042092464420546,0.057,0.107,1,USP21
0.42165395632562513,0.9016126826231907,0.102,0.081,1,ZNF407-AS1
5.274823898008122e-5,0.9003440936662788,0.795,0.767,1,TRBC2
0.00040824024296696576,-0.8992677638900526,0.318,0.497,1,PIP4K2A
0.3719096890201914,0.8990420771526455,0.125,0.101,1,PGAP6
0.015660050363158002,-0.8987246013834926,0.068,0.171,1,USP12
0.04255573208964789,-0.8976398432428725,0.068,0.146,1,AKAP10
0.04855459084564817,-0.8975496277464252,0.08,0.158,1,HPS6
0.07055061434186974,-0.897141612782085,0.068,0.136,1,FAM168A
0.3115111507910715,0.8962004598807742,0.136,0.106,1,ENSG00000288915
0.46666766516655955,0.8947497922114691,0.102,0.085,1,RFC2
0.0632527463253406,-0.893818885735326,0.045,0.109,1,PIK3R4
0.0012679618781978835,0.8929788794865036,0.409,0.272,1,CMC1
0.09511664020137978,0.89198407025307,0.239,0.185,1,GPR171
0.02047791703571924,-0.8919389463385747,0.034,0.116,1,ZC3H4
0.03627485997769855,-0.8918033301008154,0.125,0.218,1,CABIN1
0.07054296546411776,-0.8911259042231316,0.068,0.136,1,ZDHHC18
0.19030701742161202,0.8909832600642114,0.102,0.068,1,KATNAL1
0.03285798303818584,-0.8896642750328412,0.068,0.151,1,SATB1
0.1433049623660003,0.8891685787260821,0.114,0.073,1,MRPL20-AS1
0.07360829833327544,0.8890633283427292,0.102,0.056,1,TUBG1
0.12121398102119361,0.8881265570823369,0.148,0.101,1,RIMOC1
0.05277149426453729,0.8874080461387615,0.205,0.142,1,GAR1
0.016582875729452676,-0.8863054687036845,0.125,0.239,1,ICE1
0.40907514952455526,0.8856871512089255,0.125,0.103,1,INTS6L
0.010484622149970367,-0.8853633270551047,0.17,0.299,1,BCOR
0.2150738389281298,0.8850108721094938,0.102,0.07,1,C12orf4
0.01517231763864802,-0.8847214906166145,0.034,0.119,1,ANXA4
0.09471078602746574,0.884165191406987,0.182,0.129,1,ELOA
0.046575232694270344,-0.8840629652190544,0.057,0.132,1,GABPA
0.15591684371906353,0.8824227939534444,0.148,0.104,1,PSMG3
1.0745839636095103e-4,0.8802505918995344,0.58,0.425,1,GLUD1
0.06228155190305036,0.8801282465486749,0.216,0.148,1,OTUD6B-AS1
0.25141512756880924,0.8801091402536088,0.102,0.072,1,SRRD
0.08242991166003572,0.8797510533006867,0.114,0.067,1,ALDH18A1
0.19065455340504972,0.8794580632380554,0.182,0.142,1,NOC4L
0.22108858674919105,0.8781024057741103,0.102,0.069,1,TRAF2
0.0014246843158106574,0.8778347418274824,0.455,0.326,1,GPR183
0.1564861343737726,0.8765276594000431,0.114,0.075,1,RINL
0.06757949856426029,-0.8750685534444513,0.045,0.107,1,CENATAC
0.05076991837736601,-0.8733872158543194,0.057,0.13,1,RSPRY1
0.025376785235964858,-0.8731722067999816,0.102,0.204,1,STX4
0.01682636580591973,-0.8726370745847345,0.057,0.153,1,STX8
0.09999727501009481,0.8717843365498337,0.182,0.13,1,EXOC3
0.030519790746072216,-0.8714347768362836,0.102,0.199,1,INVS
0.001826657104567707,-0.8711954251884222,0.193,0.368,1,CCDC85B
0.0598049249723406,-0.870169218905152,0.102,0.18,1,CHD9
0.020983929115086425,-0.86924937611368025,0.125,0.234,1,NCOA7
0.08549284248739587,0.869201100329031,0.17,0.116,1,PPP4R1
0.00480673948867165,-0.8667265392828354,0.227,0.377,1,TC2N
0.14101123662222884,0.8663257147545367,0.114,0.073,1,BBS2
0.1284076082483263,0.8658443162203482,0.102,0.062,1,PDIK1L
0.049103700336869296,0.8653819220543618,0.227,0.159,1,IQCB1
0.14816471190558556,0.8649864615150319,0.182,0.137,1,NUP107
0.035963264510192994,-0.8640670692904258,0.136,0.235,1,GRAMD1B
0.15371089386305734,0.8637598124138597,0.102,0.064,1,HELZ2
0.08282125357078753,-0.8629539340368244,0.045,0.104,1,SETDB1
0.03210596238803494,-0.8627641058304913,0.125,0.219,1,MED27
0.0022374604886794174,-0.8626643831748939,0.216,0.39,1,ATP11B
0.5915931682172872,-0.8606691622796594,0.091,0.104,1,TRGV4
0.4905275602302299,0.8605312545748656,0.148,0.13,1,AIM2
0.07100820568775358,-0.8602212308109027,0.08,0.15,1,NUP133
0.3650774222550041,0.8599326621755341,0.159,0.135,1,ARL14EP
0.025631848837859,-0.859634216147029,0.125,0.228,1,GEMIN7
0.05932646183624853,-0.8584143813831293,0.068,0.141,1,COIL
0.08780342235690364,-0.8581999965671283,0.045,0.102,1,TMEM60
0.0982361871355112,0.8580100465572329,0.136,0.088,1,JADE1
0.30666676064093595,0.8573202573077601,0.136,0.193,1,VSIR
0.08010992572790503,-0.8561557397113879,0.045,0.105,1,TDP1
0.060682301312416795,-0.8546335691840499,0.08,0.154,1,NAA16
0.7013000006532157,0.8537677330885083,0.125,0.12,1,PDZD11
0.028773182258392878,-0.8530594819960229,0.114,0.214,1,CTDSP2
0.41994592561671396,0.8522152208722185,0.227,0.208,1,MAML2
0.1767257043836555,-0.8519887521930873,0.068,0.114,1,FASTKD1
0.030565981020230937,-0.8519322739563191,0.08,0.172,1,STAMBP
0.025058193363821212,0.8518395429837039,0.216,0.135,1,DKC1
0.08623560812324474,0.8493072735821026,0.182,0.125,1,DPP9
0.04076626050540188,-0.8486865903705427,0.08,0.165,1,DCTN6
0.10518860757108851,0.8481234812768975,0.227,0.175,1,CDC37L1
0.14368156447135083,0.847922309277839,0.17,0.12,1,TARS3
0.4334822797369522,0.8474077996819418,0.148,0.13,1,IDH3A
0.1486271533986136,0.8462843822524475,0.114,0.074,1,AHDC1
0.02525210057315102,-0.8438048563558086,0.114,0.219,1,KDM5B
0.009813802739097027,-0.8433380271298345,0.159,0.294,1,TRIM33
0.022576382001017,-0.8431689712499391,0.057,0.148,1,B3GALT4
0.0707019018943971,-0.8426307330708462,0.068,0.137,1,EEF1AKMT2
0.44149570341157035,0.8418229025876922,0.136,0.117,1,ENSG00000287555
0.03565580298976403,-0.8414599749657254,0.068,0.151,1,VPS54
0.030481101010955254,-0.841443806712187,0.091,0.185,1,DCK
0.004504967107037588,-0.8410981988390843,0.216,0.378,1,GPI
0.12240511892374226,-0.8399310530260522,0.091,0.149,1,RLIM
0.0889572506139563,-0.8389709875397489,0.045,0.102,1,RAD51B
0.05860531948741171,0.8381757485095837,0.216,0.151,1,LSG1
0.004285835567276182,-0.8379476905556507,0.216,0.369,1,TRAF3IP3
0.0144351457115324,-0.8376123438063521,0.182,0.306,1,CTCF
0.02956629071040153,-0.8372505597341335,0.057,0.143,1,TOR3A
0.04432851098903469,-0.8350800920689516,0.057,0.133,1,ARL1
0.7429565949223698,0.834729585281883,0.114,0.11,1,LANCL1
0.15881397598450903,0.8335875363854748,0.125,0.084,1,TUBA1B-AS1
0.3411282611130487,0.8329370399204543,0.136,0.107,1,IL6ST
0.2547922931938954,0.8328428049107905,0.136,0.104,1,DCAF1
0.1888446418522453,0.8320973296514864,0.114,0.076,1,GIPR
0.6845057486963102,0.8319108489303195,0.125,0.119,1,SPOPL
0.026012763503061354,-0.831277557006914,0.057,0.147,1,LINC00623
0.05323606937313138,-0.8311530310093538,0.068,0.144,1,HEXB
0.02909868180689194,-0.8311413848408824,0.091,0.184,1,MT1F
0.013549660243105931,-0.8308718758335283,0.091,0.205,1,TMEM238
0.13175966292686786,0.8301464030867459,0.182,0.131,1,PREPL
0.1307512652236226,0.8293849906611619,0.227,0.18,1,FPGS
0.024902755448817527,-0.826631699255892,0.091,0.191,1,POR
0.01983572779327213,-0.8246654536502479,0.125,0.237,1,C1orf122
0.014635670017738921,-0.8244720907481733,0.091,0.205,1,GFI1
0.01500621398444051,-0.8238586200711785,0.159,0.279,1,CKAP2
0.444565438856309,0.8233926106761426,0.182,0.162,1,HSPB1
0.288391157380304,0.8224734240639335,0.193,0.16,1,YTHDC2
0.25337732917455635,0.8222660441271181,0.148,0.115,1,INTS13
0.06697249261141047,-0.8213785382218588,0.125,0.206,1,CCL4L2
0.14193330162697138,0.8211060069449637,0.205,0.158,1,GNG10
0.11858826066212828,-0.8208956997085222,0.068,0.124,1,HCFC1
0.10339744215086011,-0.8203120428800732,0.068,0.127,1,MINDY3
0.8032771299646723,0.8198913585621883,0.148,0.152,1,INTS7
3.2443130480611646e-4,-0.8196514995804218,0.273,0.504,1,GZMA
0.04509319753918999,-0.8192670495203374,0.057,0.133,1,ESF1
0.17310126031848808,0.818837314321727,0.193,0.149,1,GTPBP8
0.10211317472302937,-0.8185918279706499,0.057,0.114,1,GALK2
0.021489670995008852,-0.8153332120153429,0.148,0.26,1,AKT3
0.35506984074634335,0.8146978467041459,0.125,0.1,1,NKIRAS2
0.014002575090869886,-0.8144626249215083,0.091,0.206,1,MED8
0.02593588378549256,-0.813879113764979,0.102,0.204,1,EMC8
0.12037810546356245,0.8132116254920021,0.193,0.141,1,WDR13
0.01038830103369246,-0.81168995252099,0.091,0.21,1,DMTF1
0.15019195599069,0.8109391505768537,0.148,0.104,1,BOP1
0.2983881452605727,0.8091969761091911,0.159,0.13,1,DIPK2A
0.006334961287721836,-0.8090888468622559,0.182,0.318,1,AATF
0.04574789911011601,-0.808826444203067,0.102,0.189,1,RSBN1
0.10989532875217771,0.808118730455652,0.239,0.18,1,MED23
0.17399859612370744,0.8079448300573681,0.216,0.171,1,PDLIM5
0.027101353865661114,-0.8072900705243113,0.182,0.288,1,SNRPA
0.046177003858573935,-0.8061496039133615,0.08,0.162,1,MRGBP
0.0762370446932042,-0.8057487305967757,0.068,0.135,1,CASTOR3P
0.28851687916475643,0.8057033739205723,0.136,0.106,1,RPL23AP7
0.0986975096437792,0.8044581033399261,0.17,0.117,1,AKAP11
0.45630688273372094,0.8041119440976692,0.136,0.115,1,GSS
0.20741382218444987,0.8026572887192283,0.136,0.1,1,GALNT7
0.9858081660281454,0.8024849309563248,0.17,0.177,1,FKBP4
0.018854179894764008,-0.8016536482804553,0.227,0.351,1,BRAF
0.39369833292230194,0.8016312365481455,0.102,0.079,1,TPRG1
0.3853111720248779,0.8014954891328929,0.182,0.158,1,CENPF
0.17086889235590505,0.8009250814012148,0.205,0.165,1,NBAS
0.09459562958744587,-0.8006896292155263,0.114,0.183,1,COMMD10
0.4053069102634639,0.800660524193149,0.159,0.137,1,C18orf25
0.11693324823879447,0.7978692505913059,0.205,0.152,1,TBP
0.09117732988952867,-0.7976028215523523,0.057,0.116,1,AGK
0.1147965072017933,-0.7975677898941356,0.08,0.139,1,OSBPL3
0.6983898475872112,0.7974679337756143,0.136,0.132,1,AHR
0.4123916460989097,0.7963303262386932,0.102,0.08,1,SCMH1
0.02855465152488666,-0.7959654460249678,0.159,0.265,1,ALKBH5
0.06431881236314617,0.7956262773009013,0.17,0.11,1,SEC24D
0.0403643695405944,-0.7943744949801836,0.102,0.193,1,DIP2B
0.06783515736639319,-0.7931705548283186,0.057,0.124,1,APOL3
0.03817550079442598,-0.7930189494468616,0.091,0.182,1,METTL17
0.060631473066330835,-0.7929927754518751,0.045,0.111,1,LRRC40
0.8958051867938505,0.7925433970372582,0.091,0.102,1,PHTF2
0.24224591503851564,0.7925224781744729,0.136,0.101,1,ELP3
0.4901565389673458,0.7924391702350602,0.136,0.117,1,MIB1
0.0223833565056672,-0.7915517934645451,0.08,0.181,1,DNAJB12
0.007025083910238526,-0.7915480443735172,0.08,0.2,1,GINM1
0.546301394122032,0.791472954174365,0.148,0.131,1,ICAM2
0.10265707310179524,-0.7902908991004964,0.045,0.1,1,PHC2
0.08388107273657693,-0.7899129357090136,0.045,0.104,1,OXR1
0.2856195249236831,0.7889676640656937,0.182,0.151,1,NBL1
0.04866415142646977,-0.7885015778639328,0.08,0.162,1,STMN3
0.07231141408343167,-0.7884324983914308,0.068,0.137,1,TRAPPC2
0.47368546642834264,0.7884301024721776,0.102,0.083,1,CPSF1
0.06536633047566455,0.7878524501450197,0.159,0.1,1,ANAPC2
0.03876165680650268,-0.7866673053582229,0.159,0.262,1,DDIT4
0.004993203836801377,-0.7864817269816291,0.227,0.379,1,TBL1XR1
0.033902214913805316,-0.7858924279959061,0.057,0.142,1,PER1
0.010500771966027871,-0.7856380758790902,0.08,0.194,1,ABHD3
0.01043667356921793,-0.7855594908151825,0.125,0.254,1,SFSWAP
0.06288222094024505,-0.7852501603357587,0.057,0.125,1,PHRF1
0.2563923903005724,0.7851806164974487,0.261,0.228,1,CCDC47
0.012266109315521726,-0.7844022243674407,0.17,0.304,1,DDI2
0.006917455957181318,-0.7837622842419337,0.125,0.265,1,FLI1
0.01537938878793026,-0.78369836400945,0.136,0.258,1,SEC24B
0.0015930946728943314,-0.7835354254557227,0.239,0.421,1,ACIN1
0.023302358776662997,-0.7824790189394213,0.045,0.132,1,PIGB
0.36884131064396075,0.7818870315392996,0.102,0.078,1,RALB
0.18166826399824682,0.7801607180305861,0.125,0.086,1,SEPHS1
0.010883196417806504,-0.7799856470267148,0.102,0.223,1,ATP6V1B2
0.3924393548085792,0.7798650543379384,0.102,0.08,1,SCLY
0.019337120427369073,-0.7797995451622491,0.114,0.225,1,L3MBTL3
0.021247829329533095,-0.7792732356007535,0.17,0.284,1,SPPL3
0.1294914714742013,-0.7789401177852495,0.068,0.122,1,LRWD1
0.131879103355089,-0.7780473942670281,0.08,0.136,1,PARD6G
0.3186324526145738,0.7774892849224748,0.148,0.119,1,UBQLN2
0.06655421003534337,-0.7774643922283451,0.08,0.153,1,PLD3
0.08095007453163845,0.7772500021691875,0.261,0.206,1,ETFA
0.9172408882572503,0.7771312120087458,0.114,0.112,1,PIM2
0.40698194495760925,0.7766233617854245,0.205,0.178,1,ZNF664
0.10036313306985856,-0.7758967009893365,0.136,0.205,1,NR1D2
0.516206649453187,0.7755512349145381,0.125,0.11,1,TFRC
0.014632489943651081,-0.7752468533030785,0.102,0.215,1,PSMD3
0.07037463961434805,-0.7750636761800227,0.057,0.123,1,NUP210
0.6536082467641877,0.7742345418114462,0.114,0.103,1,KLHL9
0.1489105112077516,-0.773942069989292,0.08,0.132,1,ELAC2
0.16753440765549457,-0.7739409694051016,0.091,0.141,1,UBP1
0.07987462447498456,-0.7722114919598451,0.068,0.135,1,ASTE1
0.009267479170222597,-0.7720334169996725,0.205,0.341,1,PANK2
0.17948121427499164,0.7711567547989828,0.136,0.096,1,GABPB1-AS1
0.14874038058315137,0.769796611784342,0.182,0.134,1,PFDN6
0.018013882238435346,-0.7697091604520497,0.148,0.268,1,BABAM1
0.005473832201959106,0.7695374906257736,0.432,0.309,1,TIGIT
0.14388827126462408,0.7658497551209957,0.136,0.092,1,ZC3H11A
0.0738892789082081,-0.7657064642179099,0.114,0.189,1,MIB2
0.3025691569811747,0.7653707733718536,0.102,0.074,1,TMEM14A
0.08681114352522773,-0.763634749906418,0.114,0.184,1,CEP120
0.06501858310672234,-0.7635624529059104,0.045,0.11,1,PARG
0.10331658412663672,-0.763073017954,0.057,0.114,1,PACC1
0.24524428738213394,0.7624829718021809,0.193,0.157,1,VCPIP1
0.08319406140849366,-0.7619554387264604,0.045,0.104,1,EIPR1
0.29743321761016206,0.7612148127160234,0.114,0.084,1,SAAL1
0.3267739401493521,0.7608939216723056,0.102,0.075,1,LY75
0.05085571346542477,-0.760736882782459,0.08,0.159,1,EED
0.008475165747417334,-0.7605245067778434,0.239,0.392,1,BAX
0.0202843899521892,-0.7600552207602188,0.136,0.251,1,SLC5A3
0.04280658361277454,-0.7598377006986878,0.102,0.192,1,SLC25A1
0.3040501139601666,0.7573573091868608,0.136,0.106,1,ANKRD54
0.004097623980333282,-0.7565914312189714,0.148,0.311,1,MICU2
0.01905681502504289,0.7556590236739332,0.409,0.312,1,TOX
0.05557398305923735,-0.7556543240744356,0.091,0.171,1,SEC22C
0.08474930948289996,-0.7554247150252948,0.08,0.147,1,USB1
0.17877094857325138,-0.7547411290101764,0.057,0.101,1,RBM4B
0.11236213280102521,-0.7536872293714114,0.057,0.112,1,PDSS2
0.027326285189207968,-0.7533985966049532,0.102,0.204,1,DESI2
0.10758666292997865,-0.7524348446064202,0.091,0.154,1,KAT2B
0.010878571598113984,0.7522926466904256,0.284,0.183,1,NOLC1
0.1134573560996753,-0.7522770286872908,0.091,0.153,1,USP32
0.04430143656229107,-0.7520565442779938,0.057,0.131,1,PEAK1
0.07576338650521477,-0.7511553573020746,0.08,0.148,1,JAK3
0.1730940828020917,0.7498352036238161,0.159,0.115,1,SH3GL1
0.06401636536098587,0.7493308520185241,0.273,0.202,1,DIMT1
0.02291632754345526,-0.7489439397166398,0.08,0.18,1,BAK1
0.049182109980995294,0.7487591668471281,0.182,0.114,1,PMVK
0.04638808167372266,-0.748424104232096,0.091,0.177,1,RAP2C
0.04590593634166584,-0.7480506522315631,0.114,0.204,1,SUPT20H
0.009128396164646616,-0.7474369516454411,0.17,0.309,1,ADH5
0.018083507660018507,-0.747308283719844,0.114,0.222,1,PRDX2
0.04026094671836793,-0.7465670512898871,0.239,0.342,1,IFI6
0.04984258519558295,-0.7465020583037791,0.068,0.147,1,MPDU1
0.18102383921125023,-0.74603057506588355,0.068,0.114,1,INTS15
0.023287335121497818,-0.7454562770483752,0.057,0.143,1,SETD3
0.07138624356218257,-0.7453632456632027,0.091,0.164,1,DELE1
0.003704306538133422,-0.744974995967362,0.17,0.333,1,CASP4
0.018878758867547852,-0.7445947668363905,0.17,0.29,1,RBM26
0.005392948312028624,-0.7443098785915134,0.216,0.37,1,CYFIP2
0.08574722460676783,-0.7441725280330265,0.057,0.118,1,CROCCP2
0.12649094207134087,-0.7441227580061582,0.057,0.109,1,THUMPD3
0.6231319399662341,0.7426634030701604,0.148,0.138,1,ING3
0.10386565249971409,-0.7425406387635405,0.091,0.156,1,ZNF611
0.009022284586413703,-0.7412869362099888,0.239,0.376,1,ATF7IP
0.06548540727037279,-0.741225713826718,0.102,0.18,1,RCOR1
0.4039406550476075,0.7408285977472577,0.148,0.122,1,DNAJB9
0.005833910716123515,-0.7405836663533902,0.182,0.332,1,MPC2
0.25944700036236645,-0.7395350674156536,0.068,0.105,1,FCRL3
0.48062287639758544,0.7394905193507981,0.114,0.094,1,RTP4
0.12164222110242164,0.7387427168244836,0.182,0.13,1,HIF1AN
0.07104641847730293,-0.7379993786295065,0.091,0.166,1,NAA35
0.24692407939267874,0.7375845566989323,0.307,0.28,1,PCID2
0.0821845200351355,-0.7375321068985574,0.068,0.135,1,UTP18
0.029257918353698047,-0.7375276590774773,0.102,0.203,1,UBR3
0.6138024971218428,0.7358219918132607,0.102,0.091,1,EDEM1
0.09017957967790238,-0.7354493592525109,0.068,0.132,1,MKRN2
0.1578196193128736,-0.7350111856050161,0.08,0.133,1,RAP1GAP2
0.05529392499139724,-0.7340377600990777,0.057,0.13,1,NR2C1
0.05768554412815132,-0.7336777537033765,0.159,0.248,1,UBE4A
0.7065033622581252,0.733645644494592,0.125,0.117,1,TIMM29
0.2612676394143459,0.7335609773840766,0.102,0.071,1,SKP2
0.05092083070178721,-0.7319269362056067,0.114,0.202,1,SGF29
0.035380605462420556,0.7318115456917855,0.216,0.14,1,PLAAT3
0.10317580922327105,-0.7317449254732922,0.08,0.142,1,ECHS1
0.002600656007653751,-0.7310207492664154,0.193,0.365,1,CAB39
0.011718770132043832,0.730945973573806,0.17,0.092,1,TNFSF9
0.17962421935174144,0.7304509713954588,0.148,0.106,1,BAP1
0.27412123353219425,0.7302986551207791,0.136,0.104,1,SKIC2
0.024057997035709624,-0.7302182013725212,0.114,0.22,1,PRKAA1
0.015585675365841788,-0.729797186008716,0.193,0.319,1,LRCH3
0.04682455647215071,-0.7295722405424367,0.08,0.163,1,ZFAND1
0.06919494625498962,0.7294518834461453,0.205,0.141,1,TBRG4
0.007857233143221697,-0.7294060305615324,0.182,0.328,1,STXBP2
0.28771897001433605,-0.7291066016433403,0.068,0.102,1,MFSD1
0.5526672485631718,0.7288246796827402,0.193,0.184,1,TMEM35B
0.22045799584220438,0.7288135629949841,0.102,0.07,1,ATXN7L2
0.17057664822840013,0.7287538677806993,0.148,0.104,1,NAA30
0.4057055441228186,0.728184329017969,0.136,0.115,1,CDK10
0.2589481167344823,0.7272945371006674,0.125,0.091,1,CHPT1
0.25540648890642015,0.7271638011963801,0.17,0.135,1,MRPL23
0.05271467260906444,-0.7269726444004083,0.08,0.16,1,IPO5
0.2473984474840175,-0.7263477794440703,0.068,0.106,1,PIK3CB
0.1283580239608454,0.7260534596891519,0.193,0.143,1,BORCS6
0.025158442085821416,-0.7260356756245046,0.091,0.194,1,ORAI2
0.17162030172491785,0.7257444984050624,0.261,0.222,1,IFNGR1
0.19098805988923484,0.7250592808210545,0.148,0.107,1,SLC38A10
0.026677382421410524,-0.7248600582409506,0.193,0.306,1,COX20
8.192906857084225e-5,-0.7244003217352901,0.511,0.709,1,GZMB
0.007884939804739779,-0.724327680625173,0.386,0.519,1,RASA3
0.001372786713614594,-0.7231824493042658,0.795,0.886,1,ACTG1
0.5054421747252706,0.7227189834451835,0.114,0.098,1,ZNF827
0.10444660212652371,-0.7225855195126636,0.057,0.114,1,SNRNP48
0.03536193937864698,-0.7222793794329834,0.091,0.185,1,TBC1D20
0.0869034173853918,-0.721564346645739,0.148,0.222,1,CHMP3
0.02327377728169839,0.7206079695323854,0.239,0.153,1,ENO2
0.925682372938923,0.7202787019660504,0.114,0.118,1,ZMIZ1
0.08322274449847249,-0.7178941012997766,0.068,0.134,1,E4F1
0.0360329564641044,-0.7177480111854149,0.068,0.154,1,CZIB
0.064835210536165,0.7176371288480777,0.25,0.183,1,NXF1
0.21286328661490844,-0.7176102970671581,0.068,0.11,1,TEPSIN
0.019133202417499946,-0.7174890264971177,0.136,0.254,1,GIMAP2
0.09142617581602495,-0.7169109917245919,0.091,0.16,1,SLC2A1
0.04697726192921354,0.7165421246770404,0.239,0.167,1,RFX1
0.1386450223329752,0.7164550425826427,0.25,0.204,1,SFT2D2
9.337171266369993e-4,0.7164054503897268,0.705,0.539,1,JUN
0.01267413195660351,0.7154880347098975,0.386,0.28,1,UBE2Q2
0.09677808416738476,0.7153666031949264,0.193,0.138,1,WDR43
0.06592630528762698,-0.7150012172142164,0.114,0.195,1,FBXO42
0.28782677398476275,0.7149730266909418,0.227,0.197,1,UBLCP1
0.03383715731156303,0.7148702948507569,0.398,0.333,1,COX16
0.04556638698455582,0.7136804204287488,0.341,0.262,1,MDFIC
0.19325120333750484,0.7135465771260225,0.114,0.077,1,TRAPPC14
0.03027809257826569,-0.7132919839168571,0.136,0.239,1,TCERG1
0.1320469959937583,-0.7130183413304148,0.08,0.136,1,RALGAPA2
0.2902582643017232,0.7126330463252644,0.114,0.084,1,PEX26
0.22115009575639186,-0.7125967013842875,0.068,0.108,1,ZBTB24
0.050108256427319725,-0.7125116163659836,0.295,0.392,1,SKAP1
0.020601336569054413,0.7124411132566937,0.261,0.171,1,CYB561D2
0.08256145702355382,-0.7123014057836579,0.08,0.148,1,EML3
0.4018880858027817,0.7118639321801765,0.17,0.145,1,JOSD2
0.018756342585061044,-0.7117636487659065,0.216,0.339,1,ZFYVE28
0.012178478529617407,-0.7117432985405091,0.159,0.296,1,CISD2
0.3011439185675975,0.7116854216822077,0.136,0.105,1,PAK1IP1
0.06482405715305567,0.7113761591612062,0.273,0.207,1,CUEDC2
0.23259165789053302,0.7113356327378726,0.114,0.079,1,GBE1
0.047925767542581925,-0.7110761062530657,0.057,0.133,1,FBXL6
0.054411225715866415,-0.7110207813288671,0.17,0.26,1,ATXN7
0.11984032697707121,0.7107206338839236,0.273,0.22,1,SNX2
0.35454024985520743,0.7105234245483925,0.125,0.099,1,ZDHHC16
0.05300765945629669,0.7104912473067825,0.216,0.147,1,CCL3L3
0.002612231496896869,-0.7103802385813134,0.273,0.436,1,RNF115
0.7296898571376322,0.709778290504538,0.102,0.095,1,COX10
0.1938691118873343,0.7097075750980766,0.136,0.096,1,NUDT2
0.5531201427354222,0.7091009964784185,0.114,0.099,1,DOP1B
0.9696258032872148,0.7084896129743112,0.125,0.132,1,ZNF688
0.2817457475118852,0.7084063871109039,0.136,0.104,1,RINT1
0.5218297929657372,0.7082574114098921,0.148,0.132,1,WASHC2A
0.9559408067549238,0.7073798700572418,0.102,0.11,1,YRDC
0.038141484212618745,-0.7069803345465484,0.091,0.183,1,HRAS
0.1509423265864778,-0.7062317682872714,0.068,0.119,1,CSRP1
0.4070150034824914,0.7060108288870939,0.205,0.18,1,SNRNP27
0.12362189233032206,0.7052317728261264,0.216,0.164,1,ODF2
0.2296002051733764,-0.7041253724313241,0.08,0.12,1,PIK3AP1
0.044164669256971684,0.703930282287028,0.216,0.143,1,PHLDB2
0.034100799797204234,-0.7036593517207809,0.159,0.269,1,LRRC8C
0.6102487182613063,0.7036238265540282,0.17,0.16,1,LYRM2
0.003594362923520646,0.7033674784252504,0.398,0.272,1,TUBA1C
0.264423703480768,0.7031718766733057,0.148,0.112,1,SERTAD3
0.027028614974143144,-0.7026563911732469,0.114,0.216,1,PTMS
0.6358152265208314,0.7018628731591856,0.125,0.114,1,GON7
0.024292042514979562,0.7017320945120962,0.409,0.314,1,PPP1R15A
0.14623848969237266,-0.7009873611571167,0.057,0.106,1,NDUFAF7
0.04829940852570557,-0.7005845585281965,0.068,0.147,1,NECAP1
6.036448718719574e-4,-0.6999753241517421,0.375,0.547,1,IFI16
0.009768453825550832,-0.6997111055246403,0.784,0.851,1,IL32
0.32485876419832277,0.699549624102791,0.102,0.076,1,RCC1
0.07504263054477438,-0.6995003907058714,0.091,0.165,1,WWP2
0.02848242943829859,0.6992600021645986,0.239,0.155,1,CSPP1
0.030822736386320933,-0.6983669707772793,0.068,0.157,1,TMEM39A
0.030409197573944287,-0.698080320045013,0.136,0.242,1,IFI35
0.49287975471078965,0.6979034675767999,0.136,0.117,1,COQ9
0.03445917471229134,-0.6978790284007508,0.102,0.2,1,TRIM38
0.6416625971627854,0.697410537203893,0.136,0.126,1,UBL4A
0.1762441275100923,-0.6972329819559722,0.057,0.102,1,POMZP3
0.01862967784468621,-0.696962769357931,0.148,0.269,1,KIF22
0.11913729548222787,-0.6964000720320831,0.08,0.139,1,TSHZ1
0.05455569974851179,-0.6963878095011027,0.068,0.145,1,DGKA
0.01657092167783039,-0.6954161834855515,0.102,0.216,1,UBE2J1
0.12061866904751713,0.6952637053668033,0.216,0.158,1,SHLD1
0.8050953473280276,0.6951489585956533,0.159,0.161,1,KIAA0513
0.04956393121303167,-0.694916885598725,0.102,0.19,1,ZEB1
0.5504610453488389,0.6948305360516187,0.102,0.133,1,ZNF236
0.6229868754758039,0.6942228674543744,0.148,0.139,1,EDRF1
0.01632722718935689,-0.6934734554943103,0.205,0.33,1,TBX21
0.0950661800752044,-0.6932508976701747,0.125,0.198,1,CD59
0.08672307371176159,-0.692706488480225,0.091,0.16,1,CORO1B
0.06166173449503087,-0.6925856969461719,0.057,0.125,1,MAD2L2
0.0703783055380109,0.6920849784825286,0.307,0.238,1,CNIH4
0.6181148146205638,0.6920226162690535,0.125,0.114,1,TMEM120A
0.05096146198644308,-0.691996028478579,0.17,0.263,1,MKRN1
0.040092698663796944,-0.6919566690009002,0.08,0.169,1,MTMR3
0.2562744818424645,0.6919541326307059,0.125,0.09,1,RSAD1
0.09031310007024565,-0.6919401410714456,0.068,0.132,1,DGAT1
0.07576394995530178,-0.6912914169374296,0.057,0.123,1,BCL2L13
0.01160873157177176,-0.6898323612222192,0.193,0.336,1,COPS5
0.9101373233482186,0.6895365894295453,0.136,0.153,1,RELL1
0.05834589947085074,0.6894946431999835,0.295,0.224,1,TPGS2
0.15169843544218387,0.6885095529061075,0.295,0.258,1,INTS6
0.001197200166511103,-0.688179565993127,0.307,0.505,1,TUT4
0.22929457185443355,0.687040404297468,0.159,0.122,1,PLEKHF2
0.35279699181991747,0.686944348684281,0.17,0.144,1,MARK4
0.05858558503525275,-0.685943877041121,0.125,0.212,1,ARAP1
0.37624842800642905,0.6856114992939427,0.216,0.197,1,NUP58
0.3615334720008994,0.6850502827072686,0.148,0.122,1,HENMT1
0.9073060948384424,0.6844751629336616,0.102,0.102,1,PIAS2
0.0030511195612503207,-0.6844635108138849,0.273,0.437,1,PHF3
0.012305865620230335,-0.6842550691587159,0.205,0.346,1,SNF8
0.14014054654641311,-0.6841110982318207,0.261,0.324,1,TXNIP
0.36398745483971073,0.6840397037932553,0.17,0.143,1,METTL14
0.6206730567594708,0.6840165994358642,0.114,0.102,1,LARS1
0.07295850136404021,-0.6836675622010229,0.114,0.193,1,SPECC1L
0.8517697133435993,0.6834834908312357,0.159,0.167,1,RCC2
0.39392956764546,0.6834243049436446,0.136,0.113,1,TRMU
0.004210283074411826,-0.6825857895754508,0.25,0.407,1,ARHGAP30
0.005658987387882776,0.6823506658497724,0.307,0.195,1,ICOS
0.0230281520936284,-0.6821188811707064,0.159,0.276,1,LMNB1
0.03987898774555027,-0.6817930978328842,0.17,0.273,1,MAN1A2
0.06831908831859157,-0.6816312342162278,0.159,0.242,1,SUCO
0.48993063819563243,-0.6814007489337899,0.102,0.121,1,CX3CR1
0.03824878304315381,0.6805790986011722,0.318,0.241,1,LYPLA2
0.6502934725043586,0.6804480508950814,0.125,0.114,1,KLHL6
0.10046765281148216,0.6800949409505443,0.193,0.137,1,GPATCH2
0.025513476769889958,0.6800583376976255,0.307,0.218,1,INTS10
0.11612613018684623,-0.6798194537377764,0.125,0.191,1,AQR
0.0674767365214741,0.6793393616433936,0.466,0.412,1,CARHSP1
0.06005053650267756,-0.6791114483383134,0.045,0.111,1,ARFIP2
0.08162915504469095,0.6786161275214055,0.273,0.21,1,CDC5L
0.005285677104290035,-0.6778323940326098,0.318,0.458,1,GYPC
0.17347405199110943,-0.6777820924250573,0.068,0.116,1,PDLIM2
0.2685155138378979,0.677200459796137,0.432,0.411,1,HSPE1
0.1164587945388567,0.6771158426179622,0.148,0.098,1,FCF1
0.26792018120053823,0.6766108198825815,0.114,0.082,1,TYW1B
0.031138165769598665,0.6748904135482255,0.318,0.235,1,DNLZ
0.09454073426099363,0.6744812669021275,0.273,0.213,1,CCDC90B
0.06888599074654565,0.674045331148152,0.205,0.139,1,BOLA3
0.4511415734904244,0.6738560073094197,0.216,0.202,1,RTCA
0.44711998831350996,0.673607285777793,0.125,0.104,1,CD82
0.17050031561827247,0.6731139805775223,0.205,0.16,1,UBE2G2
0.020023788833006206,-0.6729290778377657,0.091,0.191,1,HOPX
0.13971152569141415,-0.6724239998281445,0.114,0.174,1,RASSF1
0.07260108203888987,-0.6713143335238829,0.091,0.167,1,UCHL5
0.036888252003776836,-0.6708050937380975,0.182,0.293,1,MAPK8
0.70468016511533,0.6707106404618275,0.216,0.221,1,TDP2
3.146994759394237e-4,0.6703307669574208,0.727,0.607,1,ITM2A
0.1595909367710065,0.6702634970433401,0.182,0.134,1,ATP6V1C1
0.06343103374769436,-0.6702355696083295,0.057,0.125,1,BET1L
0.1096526806486407,-0.6687192981887597,0.057,0.114,1,SVIP
0.57296359375708406,0.6684863852006426,0.136,0.122,1,MGAT2
2.9138764021307114e-4,-0.6684665906397778,0.568,0.682,1,S1PR4
0.0302701981190057,-0.6682496639650563,0.193,0.313,1,SUPT6H
0.05138156648169059,-0.6681132732166974,0.136,0.229,1,NCBP2
0.16052661814169442,-0.6680932096765548,0.091,0.144,1,SORL1
0.021334008975952525,-0.6680807902526888,0.08,0.181,1,NIPAL3
0.3341535930349951,0.6679234903485793,0.136,0.108,1,EIF1AD
0.6551361136227793,0.6669433849505129,0.102,0.124,1,PRPF4
0.3800766361049429,0.6661268124848327,0.17,0.146,1,NSUN5
0.004144026419118935,-0.6658944553462465,0.205,0.371,1,CCND2
0.11772494564724084,0.6655981791993495,0.273,0.219,1,UAP1
0.35592295872790747,0.6650885328122192,0.273,0.247,1,SMS
0.46924826054703705,0.6644110265375271,0.125,0.106,1,SMIM13
0.11860944652864214,-0.6642255990141424,0.08,0.14,1,ENOPH1
0.46127874345331116,0.6642223446292327,0.17,0.151,1,RPP38
0.2354896145454167,0.6639960438324151,0.17,0.133,1,PMPCA
0.13311882020402266,0.6639635969281532,0.193,0.14,1,SNAPC5
0.00621192448573091,-0.6637414508452815,0.125,0.274,1,EIF3B
7.971651790092997e-4,0.6627560661511301,0.58,0.43,1,SRRT
0.06136348438718234,-0.6627520733314678,0.091,0.169,1,NSUN2
0.6002809572124925,0.6620548574570109,0.102,0.09,1,GIPC1
0.011934513025305545,-0.6619661910628998,0.08,0.191,1,KDM5C
0.5344186911557283,0.6615089691479505,0.114,0.099,1,FBXO8
0.26804022549729506,0.6604841336549125,0.148,0.114,1,SPRING1
0.028548293755936482,-0.6604516635122162,0.068,0.157,1,PPP2R2B
0.0017439141441878748,-0.6594572722484526,0.239,0.418,1,RASGEF1B
0.22937000443269548,-0.659417094708403,0.08,0.121,1,ZNF32
0.14703795242069623,0.6590395045655906,0.205,0.154,1,TTC33
0.09533090477471513,-0.6589770511676605,0.057,0.116,1,AIMP2
0.013133183434532474,-0.6576170522200437,0.148,0.281,1,CDS2
0.05327159285773139,0.6575188623996597,0.284,0.218,1,COQ10B
0.14535365676270295,0.6573672321775774,0.159,0.109,1,CYB5A
0.021934508948973374,-0.6566451513357701,0.216,0.331,1,EIF4G3
0.17343161963209913,-0.6564274713383864,0.057,0.102,1,PITRM1
0.22623404763862187,-0.6552940181075755,0.091,0.135,1,SLC66A3
0.4799425005355777,0.6549230084173462,0.193,0.178,1,TIMM50
0.11505795607039594,-0.6548901058029777,0.102,0.168,1,MTHFS
0.8334640006634711,0.6548319655986495,0.159,0.184,1,ENSG00000289614
0.18509498887299997,-0.654753084515753,0.057,0.101,1,AP3S2
0.28321778034382195,-0.6538927617874779,0.068,0.103,1,HDHD3
0.10868684661819912,-0.6532081728043617,0.057,0.114,1,STK11
0.028041469685714977,-0.6527334170548866,0.193,0.31,1,NDUFA7
0.0987228421147479,0.6520666260983979,0.318,0.267,1,ELK3
0.055229512647393675,-0.6518382060419725,0.045,0.114,1,DNAJC17
0.013425375564612234,-0.6511763405233406,0.295,0.421,1,RALA
0.05402386323413129,-0.6511036919392149,0.182,0.278,1,PAG1
0.05003706197113343,-0.6510922896059397,0.114,0.201,1,BTBD10
0.07819536316129817,-0.6509170856068691,0.102,0.179,1,ARHGAP35
0.013038875117931894,-0.6508892648005783,0.125,0.245,1,CHD4
0.328927141090983,0.6507621573912934,0.136,0.108,1,LETM1
0.06908697525630189,-0.650446737267663,0.114,0.197,1,ZBP1
0.32721130078638566,0.6503114990463854,0.159,0.128,1,C2orf68
0.09770449379506044,-0.6481592262529667,0.045,0.101,1,MUL1
0.20984326768185232,0.6479104311350765,0.193,0.153,1,KARS1
0.017626556202105237,-0.647488938419826,0.261,0.399,1,TRANK1
0.318467919478174,0.64679765743614,0.205,0.177,1,CCDC32
0.20988668081183925,0.6458921166353906,0.182,0.141,1,SMPD4
0.0977884701567803,-0.6455718999616593,0.08,0.146,1,GGA1
0.363450017996663,0.6450427829418954,0.114,0.088,1,MAF
0.10554505473806339,-0.6440110311775973,0.045,0.1,1,SBK1
0.012568455198493504,0.6437862788787111,0.489,0.403,1,HNRNPLL
0.6232934759676295,0.6432618416377365,0.102,0.091,1,KCTD17
0.05733578151979818,0.6428409224317615,0.261,0.187,1,RNPC3
0.45710358357996755,0.6426274188680504,0.17,0.15,1,NOTCH2NLC
0.4283614270152782,0.6419694930079838,0.102,0.081,1,PRAF2
0.07568830069498418,0.6418294877125674,0.364,0.306,1,AP1M1
0.040245865672521336,-0.6418001327047023,0.08,0.168,1,SYPL1
0.4122400091684778,0.6415116658058946,0.125,0.102,1,PKNOX1
0.2848524052024475,0.6414529437581151,0.159,0.126,1,KLHL5
0.3532642952082606,0.6408399734944585,0.102,0.077,1,DHRS13
0.09935611310590241,-0.6407417531619162,0.091,0.158,1,ERO1A
0.17569247370799224,-0.6407161832126396,0.068,0.116,1,OGFOD1
0.02151730889877295,-0.6397199623962992,0.25,0.378,1,BRWD1
0.6741500546001502,0.6395886441480885,0.102,0.092,1,RNF146
0.04433286433039624,-0.6389761960329846,0.205,0.308,1,ARPC1A
0.017163265261192624,-0.6383576581296097,0.114,0.234,1,ABHD14B
0.014459900026203242,-0.6382865381333925,0.125,0.252,1,TMEM167A
0.43911065988906034,0.637428489444672,0.114,0.092,1,ATP13A2
0.24213828655820907,-0.6371994179487248,0.068,0.108,1,NHEJ1
0.0793331880596282,-0.6371686283019091,0.102,0.178,1,TSNAX
0.08827056399590642,-0.6369000323263145,0.114,0.19,1,FAM162A
0.015344126209468652,0.6368236400018255,0.466,0.391,1,OSTC
0.07642877813492804,-0.6367863065501331,0.102,0.18,1,ZNF22
0.08112804911412773,0.6359996243857922,0.375,0.321,1,FHIP2A
0.8024166573415394,0.6354299942683315,0.125,0.123,1,ECE1
0.34190221867352405,0.6352328036857984,0.205,0.179,1,SHLD2
0.02322637074114476,-0.6352024491060251,0.136,0.248,1,CDC25B
0.043655525181137605,0.6351984339685582,0.375,0.305,1,TMEM208
0.3185829008979599,0.6350323342506705,0.148,0.116,1,LNPK
0.14511054001358395,-0.633952721567379,0.068,0.121,1,HYCC1
0.671195575785096,0.6339097313844668,0.091,0.113,1,SRPRB
0.01929701029701599,-0.633746529695955,0.102,0.216,1,HCFC1R1
0.30524781072206425,0.633673328945848,0.489,0.463,1,CD69
0.19601214313947243,0.6336462959579952,0.295,0.263,1,PLEKHO1
0.11403396479338357,-0.6335621399676881,0.114,0.181,1,BORCS5
0.32968292384977355,0.6333358132379538,0.25,0.223,1,NUP54
0.04115017978860597,-0.6327711566435472,0.136,0.236,1,FBXO3
0.06964270083310466,-0.6323884273928215,0.125,0.208,1,RGS19
0.007777354678721138,-0.6322567345036347,0.216,0.369,1,CDC123
0.2207955063380767,0.631801493752644,0.205,0.164,1,STT3A
0.2597193163218024,0.6316430382273757,0.284,0.26,1,CORO7
0.08802644045732379,-0.6313250773399322,0.125,0.203,1,MZT1
0.534353456935626,0.6312862305347554,0.17,0.151,1,BORCS8
0.011993489306166893,-0.6298448361354062,0.193,0.337,1,NDUFAF3
0.009649055269587576,-0.6293017776109051,0.114,0.247,1,AKR1B1
0.04569626107000822,0.6289164146133763,0.42,0.361,1,GET3
0.2470616636255865,-0.6288781993033958,0.159,0.209,1,BICD1
0.09603115949886215,-0.6283338018836269,0.08,0.144,1,ORMDL3
0.2282637628908055,0.6276612190154558,0.205,0.169,1,RHOT2
0.4791377769352515,0.6271327586989736,0.182,0.167,1,ENSG00000284707
0.14133449908541648,0.6269257499261829,0.273,0.221,1,EPRS1
0.1759058550376262,-0.6268290324659977,0.057,0.102,1,CORO1C
0.0377121977439282,-0.6267855032197126,0.17,0.271,1,APEX1
0.2286150282002324,0.626664999864907,0.33,0.3,1,GORASP2
0.3289141286714697,0.6266223772331818,0.159,0.128,1,ZNF831
0.596056585003059,0.6265703726195653,0.125,0.114,1,DDX19A
0.27984997854040095,0.6265526729926632,0.148,0.115,1,EIF5A2
0.5995686755974192,0.6262743064571111,0.17,0.21,1,LRRC8D
0.3939872095515405,0.6257673503473,0.159,0.135,1,CASZ1
0.14505726562381904,-0.6254261734127562,0.102,0.162,1,MDM2
0.08574802426061057,-0.6254257721773495,0.102,0.177,1,MINDY2
0.1394804366162894,-0.6252659573952783,0.068,0.121,1,RPRD1A
0.10770769643078615,-0.624889962882129,0.08,0.143,1,CLEC16A
0.17361773916544435,-0.6244722039396025,0.068,0.117,1,EEFSEC
0.19045498716021056,0.62419687911792,0.193,0.147,1,CDK4
0.07436555202466762,-0.6239414971387642,0.08,0.153,1,C5orf24
0.024852701686073668,-0.6236487768875395,0.216,0.337,1,PGLS
0.19952727714749016,0.6235130518525498,0.307,0.276,1,PDCD7
0.07528504810072348,0.623333390443835,0.284,0.216,1,ENSG00000291149
0.08773858906500903,-0.6231457341025646,0.114,0.19,1,ALDH9A1
0.00919565857681506,0.6229619582538366,0.591,0.524,1,APRT
0.19161922455115163,0.6216865031262675,0.193,0.148,1,EHD4
0.11011789524756559,0.6210855885624853,0.307,0.244,1,HIPK1
0.41955696401678155,0.6208573557695369,0.148,0.126,1,TMEM138
0.003519748245431512,-0.6205401116463233,0.159,0.32,1,EIF4EBP1
0.039719138017105325,-0.6204811990825317,0.136,0.238,1,ATP2A3
0.2076225102674904,-0.6203732007457674,0.068,0.112,1,N4BP2
0.02515114462348914,-0.6201824213475982,0.068,0.164,1,ENSG00000290928
0.026174055531353754,-0.6200270158230036,0.159,0.281,1,USP22
0.15130772706090695,0.619643494281332,0.239,0.192,1,BROX
0.7320714487048761,0.6196415204882773,0.125,0.12,1,ENSG00000272256
0.3207779213403232,0.6191359955460523,0.102,0.074,1,SLC12A7
0.46617639311527986,0.6186351139861257,0.136,0.116,1,UBE2Q1
0.23453946722293104,0.6186197889708647,0.159,0.121,1,TBC1D14
0.03752685946204148,-0.6185580995786139,0.136,0.244,1,IRF3
0.5787648192923249,0.6181565348389613,0.125,0.112,1,SLC35F5
0.015656190604949896,-0.6178999290122151,0.216,0.355,1,SP140
0.0050370440228531335,-0.6178785457187953,0.239,0.413,1,LRBA
0.41819215072379684,0.6176803817575887,0.136,0.113,1,ARMC10
0.3602650379563198,0.6176486007120858,0.136,0.11,1,TIMM10B
0.08114175347908384,-0.6172580048905458,0.08,0.149,1,GABPB1-IT1
0.02165175899005835,-0.6171115020786797,0.295,0.417,1,IDH2
0.28733904421108253,-0.6165098064475467,0.08,0.115,1,STX17
0.20768456665310797,0.6163404798936338,0.17,0.129,1,JMJD8
0.07286364586021085,-0.6163095491497343,0.102,0.179,1,CAMK2D
0.30341197692354765,0.6160736117282242,0.239,0.204,1,APC
0.004482341824963535,-0.6153256801433927,0.159,0.308,1,PSPC1
0.02419007223424623,-0.6152093413402595,0.114,0.226,1,LYPLA1
0.03746978763467174,0.6151595413909886,0.364,0.28,1,RECQL
0.2511712484942523,0.6150725560002238,0.193,0.158,1,C15orf40
0.06879546939710128,-0.6145736478314086,0.114,0.196,1,TRIP4
0.4181122401786829,0.6143963405115698,0.159,0.136,1,HDAC5
0.33436597471054097,0.6143429995782164,0.148,0.116,1,ENSG00000289474
0.4312831276878502,0.6142076011156072,0.17,0.147,1,CASP1
0.15426927119467687,0.6139235100458305,0.307,0.251,1,CCDC186
0.14257568862493591,0.6138783804999566,0.273,0.22,1,C1orf174
0.01098279979434116,0.6137564535604674,0.545,0.441,1,EMC7
0.14596980568187587,-0.6137447612200742,0.114,0.175,1,RPS6KB1
0.9307638967424976,0.6137385628810073,0.182,0.197,1,B4GALT3
0.41741186696815497,-0.6135392145508842,0.102,0.128,1,ZNF600
0.8551649773922594,0.613027064215711,0.136,0.152,1,EXOSC9
0.1630523405126417,0.6127957605756813,0.216,0.164,1,RUVBL2
0.5462675234052413,0.6125947597622229,0.193,0.183,1,MARF1
0.0330840117317043,-0.6123209557741942,0.318,0.433,1,RASA2
0.3452630501008831,0.6120316342708185,0.182,0.155,1,GTF2H1
0.04843763675674527,-0.6118196440860685,0.17,0.269,1,RPTOR
0.237794624644245,0.611620910901117,0.193,0.155,1,CREB3
0.7972792854125439,0.6111301570999008,0.091,0.105,1,KCTD10
0.02287941509712065,-0.6107987861189166,0.102,0.21,1,B3GAT3
0.009234857523050666,0.6106643597429171,0.216,0.122,1,TRGV7
0.03499869571764131,-0.6103996584913174,0.08,0.17,1,SELL
0.05406264866295414,-0.6102663874269717,0.159,0.256,1,RAB21
0.003769336895052092,0.6102353980351677,0.443,0.317,1,MIR142HG
0.30446560433161385,0.6098603599992812,0.227,0.197,1,YKT6
0.01927373072617026,-0.6097268706048797,0.193,0.325,1,TTC3
0.2805843714527429,-0.6094705826168303,0.068,0.104,1,CEP43
0.2551050777630389,0.608643539745054,0.261,0.229,1,MRPL32
0.044552887923174384,-0.6085663625276205,0.034,0.103,1,MTA1
0.27022582684795216,0.6082442076207697,0.182,0.146,1,FAM168B
0.19375299360734613,-0.6082307101675237,0.091,0.14,1,USP38
0.14867644409315628,0.6080310140385341,0.295,0.248,1,SLC30A7
0.10631309736028981,-0.6078890344427588,0.091,0.157,1,PI4KB
0.07150725914730947,-0.6077687192442343,0.057,0.122,1,RNF14
0.14763778875819633,0.607719361815932,0.182,0.132,1,ACTR1B
0.09609470791024972,-0.6077187302123166,0.08,0.145,1,PIGH
0.03819934373917957,0.6067868070057478,0.511,0.457,1,PNPLA2
0.6226490199277288,0.6057351652283112,0.102,0.09,1,CYB561A3
0.20786795621543874,-0.605448131887977,0.08,0.125,1,PMM2
0.14839547765458172,-0.6051976096509966,0.102,0.161,1,CHP1
0.6976619398176958,0.6051187598814458,0.148,0.142,1,USF2
0.019053257874316425,0.6049606721445728,0.42,0.331,1,SNHG16
0.019647070499879384,-0.604945128157549,0.148,0.263,1,IFI27L2
0.13375844206252274,0.604939803463663,0.216,0.16,1,ZXDC
0.385262368938991,0.604740649568845,0.125,0.099,1,REXO1
0.8706203525313895,0.6045210922434963,0.102,0.101,1,GLB1
0.03258330499085175,-0.6044919263256141,0.148,0.262,1,UBR1
0.027462083251496447,-0.6037297695681557,0.159,0.277,1,ZNF131
0.2898484547193249,0.6036752248022836,0.136,0.104,1,NEK9
0.11162841978317552,-0.6035320929883494,0.068,0.127,1,TOR1AIP2
0.017434219762507162,-0.6035246902460927,0.057,0.154,1,BRWD3
0.02250265549393769,0.6035142558077116,0.398,0.3,1,CPNE1
0.06577299708888025,0.6033209211304096,0.455,0.409,1,TOMM5
0.19520156889309048,-0.6032745330987783,0.08,0.127,1,TCOF1
0.29948323135316973,0.6030122716671189,0.102,0.073,1,PKIA
0.013216449756554819,-0.6023653435980384,0.33,0.466,1,MED15
0.004900256929457448,-0.6015026362081508,0.261,0.434,1,RGS10
0.020954462462148472,-0.601405412356133,0.102,0.209,1,ZNF33A
0.5513801399110587,0.601355918514668,0.148,0.13,1,AP1B1
0.08277147137008371,-0.6012179024939072,0.148,0.227,1,PDS5B
0.698751221651912,0.6010916766200811,0.102,0.121,1,RYBP
0.22675006513412468,-0.6007714794808079,0.114,0.161,1,DTHD1
0.19098690078084077,-0.6007460182667821,0.08,0.127,1,CIZ1
0.12683162599906228,-0.6000422981773594,0.057,0.11,1,COPS7A
0.24169843641681804,0.5997802933839097,0.239,0.204,1,SEPHS2
0.015150364477664224,-0.5996944068639316,0.284,0.419,1,RIPOR2
0.21932294164763783,-0.5994155851901142,0.08,0.123,1,GMEB1
0.654117447120304,0.5988792193616146,0.102,0.09,1,SMARCAL1
0.019371504644458942,-0.598852770837917,0.148,0.268,1,ATF6B
0.23476193712574078,-0.5985704165177621,0.068,0.108,1,ANKRA2
0.22389105295276074,0.5985149733630728,0.261,0.223,1,ELOF1
0.23110868023697742,0.5982870294930374,0.148,0.11,1,PRKAG2
0.20565119174784188,0.5978394726590915,0.375,0.345,1,MRPS18C
0.3724232441347687,0.5972958605327765,0.17,0.142,1,BCKDHA
0.29837736124243613,0.5970946735969767,0.159,0.126,1,INTS8
0.8778332570793445,0.5967104554093423,0.136,0.137,1,SENP2
0.2044248088609939,0.5962591523531967,0.08,0.134,1,TRBV4-1
0.6053232632578771,0.5962548162960042,0.227,0.225,1,NAMPT
0.09396165255439563,-0.5962459772572584,0.068,0.133,1,NPHP3
0.09298103585353203,-0.5961778770236745,0.068,0.133,1,INTS4
0.19969162094815132,0.5960814609159805,0.239,0.195,1,ACTR6
0.2808228671918964,0.5957716787955362,0.205,0.168,1,ERG28
0.01985633552768829,-0.595352101739889,0.102,0.214,1,RRBP1
0.06142116746265809,-0.5952204962011809,0.091,0.173,1,HAUS2
0.4889625743519525,0.5944006807484292,0.25,0.24,1,SERTAD1
0.42011023456364366,0.5942601877202462,0.148,0.125,1,FAM3C
5.291743195117435e-4,-0.5938211659672072,0.591,0.709,1,RUNX3
0.10974552015993297,0.5933133442243613,0.386,0.324,1,YAF2
0.12903945796710545,-0.5931925079403191,0.057,0.111,1,PYGO2
0.06629477998407846,-0.5928754159050056,0.227,0.32,1,FAM172A
0.12550885359136596,-0.5924682192253634,0.08,0.138,1,NUDT4
0.26776613532255245,0.5923567882389202,0.261,0.224,1,YIPF4
0.029264512152694797,-0.591763557664033,0.182,0.299,1,TBL1X
0.04700446203583079,-0.5914740751594598,0.08,0.166,1,MRPL15
0.04539538050321885,-0.591205626916075,0.239,0.346,1,HELZ
0.027663267766263773,-0.5910994969341257,0.239,0.361,1,IRF7
0.039030863210842606,-0.5910484608811424,0.091,0.186,1,SRCAP
0.2611257111444742,0.5910209474112431,0.193,0.156,1,EIF2B1
0.13918779844625673,-0.5905482520475183,0.102,0.163,1,NCOA5
0.011348330774686317,-0.5905073684486167,0.182,0.324,1,FASLG
0.6983204226263817,0.5901969346648763,0.114,0.105,1,ETV3
0.050854464817285665,-0.5901028647082294,0.114,0.205,1,MSI2
0.28932659453411036,0.59004526309962,0.227,0.193,1,TNFSF10
0.05297539737959925,-0.5899287924255117,0.17,0.271,1,LMBR1
0.02255484388286885,-0.5892160209211253,0.273,0.409,1,KDM6A
0.01573469933086977,-0.5889564399817748,0.216,0.359,1,SIPA1
0.9284626637140241,0.5887473144984584,0.17,0.188,1,NEPRO
0.06633833764787724,0.5886217477903227,0.455,0.399,1,TCF7
0.07553153225269928,-0.5884803744302277,0.182,0.272,1,TMEM219
0.058741250793055866,-0.5883941369369717,0.33,0.407,1,PPP1R14B
0.039269034595906464,-0.5882937769363443,0.045,0.123,1,UBFD1
0.23652121629190045,-0.5877662732738438,0.068,0.108,1,KANSL3
0.6733830321705547,0.587723219208548,0.091,0.11,1,MAP4K2
0.5326778068602818,0.5873472452997803,0.136,0.12,1,TAPBPL
0.3506647851814393,0.587205943170855,0.25,0.217,1,SLC10A3
0.2444061672599464,0.5870934193977582,0.148,0.111,1,GNGT2
0.0899478027621497,-0.5863145041440022,0.17,0.251,1,NDUFA8
0.0761292430205515,-0.5862541353621438,0.114,0.193,1,STIM1
0.01847658452779569,-0.5858755307912729,0.307,0.435,1,PTK2B
0.11988415570703304,-0.5857987437951797,0.057,0.111,1,DNAJC10
0.05440036856261115,-0.5857651187902266,0.091,0.174,1,MTMR6
0.06946692359952608,0.5850967606165949,0.125,0.073,1,CCL3
0.03597021512979317,-0.5847852008772949,0.034,0.106,1,TRAV17
0.24252980728034176,0.5845876647366489,0.261,0.22,1,ASB8
0.1419107820027068,-0.5845269201404047,0.159,0.224,1,PCBP1-AS1
0.2662341538108521,0.5842106333430299,0.239,0.205,1,TAF12
0.0902837676463298,-0.5841600329581775,0.068,0.133,1,HELB
0.0110321773302083,-0.5839921353310271,0.409,0.545,1,GABARAPL1
0.22923222379134872,0.5837065705689729,0.205,0.163,1,MDP1
0.3503437626493628,0.5836490967789059,0.136,0.107,1,CCDC71
0.16907572738779594,-0.5836308311585796,0.08,0.131,1,ZNRF1
0.6054488903253312,0.5835097812847669,0.159,0.146,1,TERF2
0.07729820775794956,-0.583396460552067,0.091,0.167,1,KDM1A
0.025068296046341223,-0.5831148856618658,0.114,0.221,1,PARP9
0.831928020860447,0.5830266153273086,0.17,0.174,1,DDX56
0.07871102027134676,0.582744551504384,0.455,0.394,1,BICDL1
0.08565382731076691,-0.5825767408508187,0.136,0.217,1,PCSK7
0.6874271543003941,0.5817087395773326,0.159,0.151,1,CPT1A
0.4244244799841371,0.5816479663268147,0.193,0.172,1,KRIT1
2.974412579858545e-4,-0.5815395028915645,0.42,0.647,1,TAX1BP1
0.021819703888753334,-0.5814336616722109,0.102,0.213,1,AP5Z1
0.6752726583740167,0.5811886337544658,0.102,0.093,1,MARCHF8
0.12598792662037797,-0.580895442167918,0.102,0.166,1,CD2AP
0.2381769428454725,0.5803731670940513,0.25,0.212,1,RNF169
0.019002891273803068,0.5799450112120832,0.466,0.37,1,KDELR2
0.4960589234890171,0.579942485825282,0.17,0.154,1,RBM10
0.670990353996415,0.5799229901880483,0.136,0.127,1,NQO2
0.14746021457836037,0.5797065533543619,0.318,0.266,1,MPC1
0.0076951891036874855,-0.5787629472218014,0.17,0.327,1,DCP2
0.07764057176878511,-0.5784050674708888,0.17,0.26,1,MBD5
0.18852077486152358,0.5783858874273122,0.239,0.19,1,UMAD1
0.1311218410818657,-0.5782792724924972,0.057,0.11,1,HMGCS1
0.17609964431573533,-0.5779182284357098,0.057,0.103,1,UNC13D
0.13807733248001502,-0.5778244315661878,0.102,0.163,1,ACLY
0.09134856686069381,0.5777060266860401,0.432,0.403,1,CD5
0.10937443664804279,-0.5773195791895149,0.091,0.155,1,RHOT1
0.28722993020985627,0.5772691180035376,0.193,0.159,1,TAF6
0.09638363049261754,0.576933088691948,0.295,0.236,1,TIMM10
0.09169155337231133,-0.5766553762724351,0.114,0.189,1,GTF2H5
0.033216907210394,-0.5765691457713351,0.102,0.202,1,MTHFD2
0.058725890649681735,-0.5760092763025881,0.159,0.257,1,ZC3H18
0.12387879243817419,0.5759918753179043,0.182,0.125,1,TSPAN3
0.15713168318137022,-0.5757531839907633,0.057,0.106,1,PRMT3
0.06353984249263213,-0.5757464960035636,0.159,0.253,1,GPX1
0.16987195498589744,-0.5756933769442749,0.08,0.131,1,HACL1
0.7524504937002808,0.5753319671564916,0.205,0.203,1,ZC3H12A
0.1488620284807265,-0.5742163442852914,0.08,0.135,1,ABHD13
0.7332850223528748,0.5740770674895399,0.182,0.177,1,POLG
0.4092665597704229,0.5740415234763474,0.125,0.101,1,TSC2
0.09847789651334929,-0.5739867759670396,0.08,0.147,1,ENSG00000291188
0.06404987005494338,0.5737470449208866,0.295,0.224,1,IL27RA
0.12985564667003066,-0.5731541137909679,0.057,0.111,1,GCN1
0.13367827077962158,0.5730666605964054,0.341,0.291,1,XPO1
0.3639984518380088,0.5730140909299395,0.125,0.098,1,TM2D2
0.7212338420768918,0.5719113428158169,0.136,0.127,1,HSPA13
0.03832327670873375,-0.5718003631916337,0.227,0.348,1,TOP2B
0.30689367175410365,0.5717301402837216,0.102,0.074,1,ENSG00000283674
0.25411195340516196,0.5717059808496187,0.227,0.189,1,RPUSD3
0.8393728894717107,0.57121106647126,0.159,0.165,1,TRIM59
0.7195738524363913,0.5711019448764028,0.125,0.118,1,PRR12
0.15210631241288242,-0.5707427135067356,0.057,0.106,1,PRKAR1B
0.02082196432057128,-0.5706353737051406,0.239,0.369,1,ARIH1
0.466019149392605,0.5696454892929683,0.102,0.082,1,CCDC22
0.019167101065250738,-0.5695005174023676,0.205,0.34,1,HADHA
0.838532908164911,0.5688582555606501,0.148,0.15,1,ABCB7
0.1297851535269074,-0.5687962804369653,0.114,0.177,1,ZKSCAN1
0.8317257100296843,0.5682441491615502,0.136,0.137,1,MMGT1
0.16147330663594267,-0.5680071356875442,0.08,0.133,1,FBXL4
0.03735865016983995,-0.5677767585064224,0.148,0.247,1,NAXE
0.06505265560024256,0.5664863044825246,0.386,0.319,1,MANF
0.04908460763535916,-0.5663855795631798,0.295,0.402,1,SF3A1
0.17329778551839448,0.5660007004132586,0.375,0.326,1,NEU1
0.31125160645686617,0.565648620837869,0.136,0.104,1,ERI3
0.5258456035170691,0.5654445301469253,0.125,0.107,1,UNC119
0.08550721890868561,-0.5651733194352213,0.091,0.163,1,TAF1
0.14645601639883085,0.5648925894788996,0.273,0.216,1,RAP1GDS1
0.03295270527672488,-0.5638870217925358,0.182,0.299,1,NIN
0.41724822907087583,0.5634630083557337,0.25,0.237,1,LSM5
0.06106113221662649,-0.5630760676402453,0.068,0.141,1,MTRF1L
0.8628870199158453,0.5630522640464389,0.17,0.171,1,HIVEP1
0.09067262481200462,-0.5630027307406809,0.045,0.104,1,ENSG00000290993
0.21513714301672857,0.5627776689635189,0.17,0.128,1,RTL8C
0.15684067601033894,0.562601721608317,0.17,0.121,1,HYOU1
0.06186160396639535,0.5622326155002949,0.352,0.28,1,ANP32E
0.03391767198715969,-0.5621271759827168,0.148,0.259,1,MNAT1
0.6475519774386973,0.5620647670152279,0.114,0.104,1,AP2A2
0.3222795855097787,0.5620644590311018,0.295,0.274,1,MBNL2
0.18511679691174523,-0.561816504872741,0.216,0.283,1,EPSTI1
0.03789789320713152,-0.5614597215159388,0.148,0.25,1,MEF2A
0.0658386286766372,-0.5610942623342574,0.216,0.312,1,MACROH2A1
0.13325865846847612,-0.5602494267425269,0.057,0.109,1,USP20
0.13618473659882221,-0.5599952704147946,0.091,0.15,1,ZNF37A
0.32249209500638565,0.5592395160204009,0.477,0.476,1,BCL3
0.1299952798736903,-0.5592324963405084,0.057,0.11,1,TDRD3
0.04442366914127902,0.5590769031550651,0.261,0.183,1,IL7R
0.20698593266203785,-0.5584878217300042,0.136,0.189,1,ARRDC1
0.10360357677693405,-0.5584494815199632,0.114,0.185,1,PPIH
0.029320780436047023,-0.5583627414155748,0.398,0.5,1,CNOT6L
0.7187119375924316,0.5582721141986604,0.114,0.134,1,TRAFD1
0.3625345978648516,0.5580921120987328,0.17,0.143,1,CASP8AP2
0.2815076290104892,0.5579364378475006,0.239,0.204,1,COA6
0.13213717713806591,-0.5573135304653483,0.057,0.11,1,CPSF3
0.0056575661098490345,0.5569868369338112,0.523,0.417,1,TAF15
0.3225470870734837,-0.55662592972107094,0.091,0.125,1,ZNF83
0.0018277752912714904,0.5563608685599686,0.477,0.304,1,ENSG00000257322
0.09444344959608178,-0.556113802283797,0.239,0.327,1,STAT1
0.5102008442397487,0.5560830183558801,0.148,0.128,1,ZNF331
0.15373498682015999,0.5552257311754829,0.227,0.176,1,ING4
0.7351143480799962,0.5550758127371027,0.102,0.12,1,DDX59
0.21242683002213378,0.5550484327737746,0.205,0.161,1,COMMD7
0.07247387760490967,-0.5544636708812223,0.17,0.26,1,CASP3
0.04180188360185433,-0.5540732808592279,0.102,0.198,1,NCBP1
0.0046735458376513436,0.5538469496986287,0.636,0.509,1,NFKBIA
0.13723098603409883,-0.5536709292659456,0.114,0.174,1,ROCK2
0.3706911024963487,0.5535718219046314,0.205,0.176,1,BSDC1
0.035423965649999035,-0.5530826876394672,0.25,0.366,1,FGFR1OP2
0.07648395683132725,0.5529138885981073,0.284,0.213,1,SBDS
0.36885340945232603,0.5528463092657205,0.114,0.087,1,MTERF3
0.5267348982318374,0.5527641819787692,0.125,0.107,1,DMAC2L
0.05987610719214806,-0.5527262369870298,0.114,0.197,1,CLIP1
0.09364802606380954,-0.5525266249549146,0.08,0.148,1,GTF2IRD2B
0.23891481210413473,0.5524969877386924,0.33,0.295,1,OAT
0.07330236613204338,-0.5523837376925043,0.182,0.275,1,CERT1
3.0408664024020424e-4,-0.5523540955665753,0.409,0.605,1,UFC1
0.07722724421074509,-0.552314676131483,0.159,0.248,1,UBXN7
0.11571609464780593,-0.552252853380535,0.17,0.246,1,DENND1B
0.2505242628507136,0.5517372954468562,0.102,0.07,1,TPM1
0.28948710805513356,-0.5516900386072479,0.091,0.128,1,CENPT
0.5193742620698347,0.5515730764372888,0.25,0.244,1,TENT4B
0.07794039695533184,-0.5514641333487691,0.125,0.204,1,AP3M2
0.05242629892253246,-0.5511206091506251,0.114,0.205,1,RNF44
0.7805989848794964,0.5509373709435903,0.102,0.096,1,SOCS4
0.016555801917217325,-0.550386281049763,0.205,0.335,1,PPP2R5A
0.14878000928248056,-0.5501786693162116,0.057,0.106,1,XPO5
0.30445311212747656,-0.5496722957414932,0.08,0.114,1,NOP16
0.8449630139596207,-0.5491957431424646,0.102,0.094,1,IFNG
0.0177461618687108,0.5491905348746253,0.705,0.658,1,TUBA4A
0.5881188611667953,0.548917648275498,0.114,0.099,1,PARP6
0.1204971049494383,0.5487124105066647,0.25,0.192,1,ESD
0.5379646580644429,0.5483155562838992,0.273,0.265,1,PRDM2
0.4921367082179186,0.5479336982549651,0.227,0.212,1,PAXBP1
0.1986128715775755,-0.5478756346214537,0.091,0.14,1,ZDHHC24
0.030324223978842636,-0.5470914652650205,0.17,0.284,1,COPS2
0.13788053531731992,-0.546754684677321,0.148,0.214,1,PTTG1IP
0.025245127236452093,-0.5466234255160889,0.239,0.373,1,MECP2
0.025593617259017234,-0.5464324608404063,0.239,0.371,1,MYO9B
0.26369658697307646,0.5463851488008267,0.114,0.081,1,ING1
0.09538824452638481,-0.5462294059549937,0.136,0.216,1,EXOC6
0.2247696611352805,0.5458200993647312,0.284,0.251,1,ADSL
0.19719562866558776,0.5454537924915945,0.341,0.304,1,SPAG9
0.14732079227683328,-0.5448929062630761,0.08,0.135,1,GGA3
0.11551088639337492,-0.5448712992909712,0.148,0.219,1,COG3
0.1863423448934851,0.5448239924685296,0.148,0.105,1,MGA
0.15214331343250306,-0.5447030898871734,0.136,0.195,1,DTX3L
0.058803220126923156,-0.54434400557824425,0.114,0.202,1,SMG6
0.7043285188315536,0.544326981742751,0.102,0.093,1,ENSG00000174171
0.21913228706664017,0.544308861453842,0.159,0.118,1,CGRRF1
0.06387809974856731,-0.5438925540964223,0.125,0.213,1,CTNNBL1
0.02918211584829626,-0.5432133441194572,0.182,0.298,1,PMF1
0.19947197286458476,0.5430382201335069,0.284,0.239,1,CCDC82
0.2561227155254738,-0.5427462028234296,0.125,0.17,1,MX2
0.3510409505838422,0.5422274106674375,0.307,0.283,1,PIGT
0.18823341419210912,0.5418835191792761,0.148,0.105,1,GEMIN8
0.0591313948559574,-0.5411604380632462,0.136,0.227,1,MARK2
0.11522822293196125,-0.5410980889690701,0.148,0.223,1,CYP20A1
0.8083237413713151,0.5408393589838343,0.193,0.198,1,TPRKB
0.04633712217382915,-0.5408044474241557,0.17,0.278,1,UBE2J2
0.14389755311046795,-0.54069264842208,0.068,0.122,1,TRIM11
0.3107064481074417,0.5405638172867155,0.17,0.138,1,MAPKAPK5
0.7579796023544851,0.5404265160392345,0.114,0.108,1,PGGT1B
0.3845676228622773,0.5404232641855977,0.239,0.209,1,CWC25
0.2614415441552641,0.5403946637145431,0.205,0.166,1,PSMD10
0.017539573726656488,-0.5402633443017357,0.273,0.416,1,RAB14
0.4534789158808315,0.5399014730126812,0.216,0.195,1,MTLN
0.1428402405961958,-0.5398618255290887,0.148,0.217,1,SCLT1
0.14677801709062802,-0.5397142143510509,0.08,0.134,1,ARHGEF2
0.1097546699189412,-0.5395724560522004,0.125,0.195,1,CDCA4
0.14086361462869332,-0.5393042048508383,0.08,0.136,1,AMFR
0.11966222532739347,-0.5390102268974053,0.136,0.208,1,RRAGC
0.10527638744199502,-0.5389428459124481,0.045,0.1,1,GNL3L
0.5636325927459327,0.5386908447546701,0.136,0.121,1,XRRA1
0.042913543155892346,-0.5383163737234495,0.159,0.263,1,RIC8A
0.10009388172891073,-0.5381394641786363,0.114,0.186,1,CARD19
0.4651049810408558,0.5381134521168711,0.102,0.082,1,LEPROT
0.574408458234756,0.5373968890966361,0.193,0.182,1,RFFL
0.19441817719510443,-0.5372188083759624,0.057,0.1,1,ATIC
0.011608611410630954,-0.536940534879746,0.091,0.214,1,IREB2
0.009506393220438704,-0.5366962166477692,0.273,0.437,1,SNHG5
0.30973059569049205,0.5363167910912862,0.227,0.193,1,PPTC7
0.2236296910001076,0.5363079620292748,0.364,0.324,1,ARPP19
0.010508727035515452,-0.5360341354039768,0.159,0.299,1,HDLBP
0.1573294813041247,-0.5358184895827915,0.057,0.105,1,SLC39A8
0.8089613617568712,0.5357403801681075,0.102,0.098,1,RITA1
0.5785886959995032,0.5357023091327449,0.193,0.179,1,GRPEL1
0.08375665769250654,-0.5356401349312749,0.239,0.326,1,SNRK
0.5652895602713006,0.5352023865324458,0.114,0.098,1,MEN1
0.4031102031953001,0.535026179924114,0.182,0.153,1,CIAPIN1
0.07028452073390325,-0.5348085553949019,0.159,0.247,1,SREK1IP1
0.6957950740706037,0.5346491878026354,0.205,0.205,1,SEC14L1
0.045442885294929534,-0.5344933104436909,0.17,0.277,1,ARRDC2
0.09780305168123464,-0.5342859660176231,0.091,0.162,1,U2AF1L4
0.03472228150607812,-0.534104293518282,0.295,0.424,1,TBC1D10C
0.022688093376074837,-0.5338822285344568,0.136,0.254,1,AMBRA1
0.1070194192920653,-0.533529701839826,0.136,0.214,1,OFD1
0.590799619474426,0.5332971607061316,0.136,0.123,1,MOSMO
0.9340657736737952,0.5329076823058434,0.114,0.121,1,LAX1
0.3725590350901174,-0.5326975302011745,0.102,0.134,1,RIOK1
0.03286299418264061,-0.5326712045833888,0.17,0.283,1,EP300
0.5292129075196628,0.5324270203047827,0.261,0.249,1,RAPGEF2
0.10119989190229932,-0.5324194729366529,0.125,0.199,1,PTPMT1
0.026649086779053494,-0.5319056115963551,0.148,0.266,1,THOC7
0.016377851273118325,0.5318079118196863,0.648,0.59,1,GPS2
0.1946492996892304,-0.5318045382579542,0.148,0.205,1,PHKB
0.9168927316729127,0.5316785498669274,0.114,0.113,1,NBPF19
0.025136878114798283,-0.5314508457773854,0.318,0.449,1,CNN2
0.0889626518039608,-0.531288459774701,0.125,0.206,1,MCM6
0.14313413612213602,0.5309730307757985,0.318,0.272,1,MOB2
0.11122807922931945,0.530614214528607,0.386,0.331,1,PRPF8
0.6694818181700986,0.5301698996939945,0.102,0.091,1,SLC35B3
0.8286094112227891,0.5299264013006194,0.227,0.247,1,ATF2
0.14922241234340888,0.5298940567164845,0.443,0.398,1,CYCS
0.42429879144450733,0.5295763954282057,0.182,0.156,1,BBC3
0.034931408265910215,-0.5294846741515498,0.33,0.455,1,ITGB2
0.46892607477835274,0.5288073602569437,0.261,0.248,1,DYNC1LI1
0.6031268142715223,0.5287403911704636,0.091,0.114,1,FLAD1
0.007027785874421506,0.5284412739717146,0.739,0.635,1,COTL1
0.6352151297394586,0.5283395751843443,0.102,0.09,1,HSD17B12
4.615507598282344e-4,0.5279521114189776,0.75,0.633,1,KLF6
0.05637205925355558,0.527871306521873,0.307,0.235,1,STX11
0.2846048515618303,0.5275488274489206,0.159,0.123,1,ERCC6L2
0.8472508974169897,0.527274044473947,0.114,0.112,1,B3GLCT
0.03214760111974156,-0.5272250291704353,0.273,0.397,1,PSMF1
0.6967760456930508,0.5270151913136105,0.182,0.177,1,AP3D1
0.15341060265780324,-0.5264363331848385,0.148,0.214,1,PHF14
0.20454382570845525,0.5263388893851091,0.284,0.242,1,ATP6V1E1
5.305610382558309e-5,0.526252527833571,0.989,0.984,1,CRIP1
0.5942333236555994,0.5262287047389966,0.114,0.1,1,FBXL12
0.07861796543138894,-0.5256315030775551,0.114,0.198,1,GPAA1
0.20877011561308853,-0.5251928016733314,0.08,0.125,1,ATP11C
0.43644200390184895,0.5248451454964055,0.239,0.218,1,ORMDL2
0.06713794452280411,-0.5247594128842912,0.091,0.171,1,NADSYN1
0.4723384468305548,0.5247103514910145,0.148,0.127,1,GGCT
0.05611314809895025,-0.5243377647163259,0.125,0.221,1,ASB3
0.3340989072373971,0.5242595727099172,0.33,0.317,1,CDC73
0.11853646909414041,-0.5241972076497261,0.102,0.169,1,CEBPG
0.4627338515855885,0.5240545873150283,0.227,0.207,1,ZDHHC6
0.024248468339180276,-0.5239109146654041,0.261,0.383,1,MRPS36
0.3807139616001838,0.5236224516615171,0.102,0.077,1,EIF2B3
0.09219313263386428,-0.5235806484179482,0.091,0.163,1,DENND1C
0.1318395477231844,-0.5230224451080101,0.102,0.165,1,PRKRA
0.14774100293764958,0.5228052710243415,0.227,0.172,1,YDJC
0.3451400483704661,0.522596264448457,0.114,0.085,1,PTPRK
0.15149866492346437,0.5221077788060525,0.364,0.329,1,MRPS15
0.22584740501374231,-0.5220525347341227,0.068,0.11,1,PCMTD2
0.9765197204874667,0.5220180967396346,0.125,0.131,1,FNDC3B
0.04521445377489275,0.5219306909952778,0.375,0.295,1,PDCL3
0.3393728725780226,0.5218876159152439,0.182,0.153,1,APBA3
0.06770890069853135,-0.5217206392673479,0.102,0.184,1,ABHD12
0.33165496288018664,0.521716698383842,0.25,0.22,1,USP48
0.5672155655720419,0.5214020564398516,0.148,0.132,1,ERN1
0.061900035821884566,-0.5211736315648408,0.148,0.242,1,MAN2A1
0.1515392090742522,-0.5211033449025437,0.114,0.175,1,SLC25A46
0.26379435097549997,-0.5205861479759388,0.148,0.193,1,CEBPZOS
0.27027563834326723,0.5204564340530402,0.25,0.212,1,GOLM2
0.9045245088346998,0.5201595964275834,0.114,0.115,1,ASB6
0.4001550855631257,0.5200945081703781,0.284,0.268,1,CFAP298
0.8485876115500524,0.5200482512515527,0.102,0.101,1,EIF2AK3
0.34494785230875613,0.5199908729431826,0.114,0.085,1,ZNF226
0.27196136934331655,-0.519917168206498,0.068,0.105,1,GOLGA8B
0.5118418358626022,0.5196596850157582,0.159,0.14,1,LTB
0.26401511364903946,0.5193936823311244,0.273,0.23,1,NOP56
0.5713183094292387,0.5193002560552518,0.08,0.103,1,REC8
0.1613363842632474,-0.5184723964442268,0.114,0.174,1,FRMD8
0.07689541170784127,-0.5182693858542251,0.17,0.259,1,BTN3A3
0.8593151105465279,0.5179537813199919,0.102,0.101,1,ZNF12
0.10620566674823415,0.5175992228522968,0.273,0.21,1,ZFAND5
0.34079014433738697,0.517431007834499,0.159,0.129,1,BAG5
0.1747005012282804,0.5171900213660621,0.239,0.19,1,NIP7
0.8297514360614374,0.5169771041799017,0.227,0.236,1,LFNG
0.1024594818647228,-0.5168687761760911,0.102,0.173,1,AAGAB
0.3133758813164653,0.5164372942644799,0.193,0.157,1,PTCD3
0.4479564252765048,0.5163023239546134,0.136,0.111,1,PPM1M
0.4311070923456872,0.5162806496056007,0.159,0.136,1,H2AX
0.1125688892129482,-0.5162085596812642,0.102,0.172,1,BID
0.42440750430838203,0.5159948024080001,0.136,0.112,1,WASH2P
0.3407909261289553,-0.5153166564217504,0.091,0.124,1,MAP3K14
0.18409413244840717,0.5152923577097774,0.261,0.21,1,COX19
0.65371756377660994,0.5151458982804541,0.261,0.263,1,DBNL
0.07052495215314171,-0.5147780333730467,0.045,0.105,1,CPEB3
0.6974836316314379,0.514271359799317,0.182,0.171,1,KIZ
0.9189293723024174,0.5137224634398603,0.17,0.175,1,NUP37
0.03952123920606242,-0.513681261403875,0.114,0.209,1,NUDT16L1
0.18442024483051755,-0.5135136689816349,0.125,0.182,1,PTAR1
0.6393201785525383,0.5133583371744046,0.102,0.09,1,ZDHHC2
0.08000608488644152,-0.5132447019158286,0.057,0.12,1,BRD3
0.539730454573265,0.5132136484324683,0.114,0.096,1,VWA8
0.12093154477535956,-0.5131022505192284,0.08,0.141,1,PLEKHM1
0.30220421887997406,0.5125486775096126,0.182,0.146,1,AK2
0.651537050150141,0.5121697433598655,0.159,0.151,1,STAG3L5P
0.5819777843122967,0.5119217983101534,0.125,0.11,1,DDX41
0.39353494086787977,0.5112850181926047,0.17,0.143,1,DOP1A
0.0800643965845397,-0.5105089939769336,0.102,0.182,1,PCYT1A
0.7865878495062921,0.5104463879234609,0.114,0.108,1,DCTN5
0.18878805037581434,-0.5103657433102544,0.102,0.155,1,IPO9
0.18007292383808937,0.5101045380457431,0.239,0.188,1,RIGI
0.1730229420241904,-0.5099641541987694,0.068,0.116,1,OSBPL2
0.24554265759061117,0.509825948181247,0.295,0.266,1,ACD
0.7439050629534594,0.5097371626605742,0.125,0.118,1,BTD
0.12111937341417249,-0.5090719118972465,0.227,0.306,1,USP24
0.927849142042841,0.508814954044096,0.102,0.111,1,SLC25A51
0.058638550364452834,-0.5087742490854422,0.375,0.461,1,MRPL10
0.2162461895396511,0.5087151472434037,0.375,0.353,1,YTHDF2
0.06130032694354054,-0.508693921985888,0.182,0.277,1,PDHB
0.11857820543962204,-0.5086797429495502,0.091,0.157,1,NSMCE4A
0.1710554191251595,-0.508430810080764,0.102,0.159,1,TOR2A
0.37637055648989065,0.5083345599613538,0.136,0.109,1,POLR1C
0.2714437947547892,-0.5082315916196769,0.114,0.156,1,EXOSC8
0.16311544339054757,0.5078552862565304,0.284,0.23,1,C11orf98
0.3295496543919739,0.5077355477256329,0.261,0.24,1,MRPL16
0.15745184231349912,-0.5074066395488173,0.102,0.162,1,GIMAP6
0.17537986760160673,-0.5073966952389244,0.102,0.158,1,SVBP
0.08137358206942416,0.5072151961676852,0.886,0.823,1,ENSG00000289901
0.0071214856567788755,0.5071112948841543,0.545,0.433,1,KDM2B
0.20109399630904903,0.5069004057632116,0.136,0.096,1,PPM1L
0.09817009515239263,-0.5068666154594972,0.057,0.118,1,PI4K2B
0.4712510917243592,0.5066731663566412,0.261,0.245,1,MRPL18
0.12387767551226567,-0.5066695062288706,0.227,0.306,1,UVRAG
0.7737224030750716,0.5064438511820755,0.125,0.145,1,CWF19L1
0.09852195898730971,-0.5061734948734461,0.227,0.316,1,GTF3C1
0.032646845329583014,-0.5061074407714454,0.307,0.461,1,RPN2
0.5761686987470822,0.5060697640819583,0.125,0.11,1,ANKRD52
0.05183881493869955,0.5059578266173752,0.364,0.28,1,AP1S2
0.3401734513423732,0.5056703494836079,0.216,0.186,1,THOC1
0.10277274427573477,-0.5055571827321095,0.068,0.128,1,ABCD3
0.08918061267369014,0.5055171392862676,0.295,0.23,1,FNIP1
0.6639212057833221,0.505258198283766,0.205,0.2,1,ITPKB
0.1382800297551236,0.5048316777152826,0.432,0.395,1,USP47
0.577231111610186,0.5047514067888617,0.148,0.133,1,FASTK
0.12204054045195223,-0.5043280382884533,0.182,0.256,1,MCRS1
0.08727207840760244,-0.5038476805976524,0.091,0.165,1,EI24
0.25511640063371305,-0.50366568140755,0.091,0.135,1,XYLT1
0.09887100522967349,-0.5032209597129738,0.091,0.161,1,TAPT1
0.4428217171970496,0.5031964175115013,0.17,0.147,1,DCP1B
0.45678208901652956,0.5031478262912539,0.33,0.321,1,BANF1
0.35001074256502585,0.5030173102113231,0.148,0.118,1,DROSHA
0.5360409423008636,0.5026936775112514,0.148,0.131,1,BZW2
0.03838857940757597,-0.5021343412348014,0.08,0.166,1,MRPL12
0.6439755901023941,0.5019752294821076,0.114,0.102,1,LZTFL1
0.7146695395591343,0.5019356671801178,0.102,0.094,1,GTF3C3
0.13069779136779736,-0.5018243200708028,0.125,0.192,1,BCR
0.14589904937114961,0.5017190715468877,0.375,0.325,1,WDR33
0.0814885161856574,-0.5016801983615617,0.045,0.106,1,TET3
0.08666217473661278,-0.501319866612028,0.057,0.12,1,FOCAD
0.09869661991729692,-0.5008127912196823,0.182,0.271,1,FKBP11
0.2611062275021164,-0.5005529732361929,0.102,0.148,1,DUSP5
0.23167189108609137,0.5004813997174709,0.886,0.867,1,HSP90AA1
0.610314692313999,0.5001962845444545,0.114,0.099,1,POC5
0.5246027657874228,0.4997805148481427,0.159,0.139,1,IARS1
0.7170541745382697,0.4995747068643961,0.102,0.094,1,COG1
0.7235764178974406,0.4991443945656514,0.216,0.215,1,GAK
0.6709129337970751,0.49881236592566314,0.125,0.113,1,TEDC1
0.030908529564483634,-0.49826419649500264,0.182,0.299,1,TPGS1
0.044142506633094325,-0.49826059300695164,0.216,0.326,1,DCAF5
0.7688759790225805,0.4982417187472245,0.295,0.294,1,TMEM243
0.13888752947648364,0.4980050111301883,0.318,0.261,1,CCDC59
0.016947490754355327,-0.49742489852438565,0.42,0.577,1,DDX17
0.09064705864380161,-0.49722358397821675,0.17,0.262,1,AK3
0.044614327220529396,-0.4970964945891425,0.239,0.357,1,ARFGAP3
0.19399674391991653,0.4970941246095446,0.455,0.433,1,GOLGB1
0.2794769701400581,-0.49702351848330073,0.08,0.117,1,NOL9
0.052730239130164974,-0.4969544347671244,0.239,0.343,1,EIF4A3
0.060112240089291544,-0.49639120470449083,0.193,0.297,1,COPZ1
0.9506321696413466,0.49614411637843847,0.193,0.199,1,RIPK1
0.7749591685787418,0.4961281424969335,0.136,0.132,1,NOL12
0.4354853686782801,0.4960149020277166,0.216,0.198,1,MTX1
0.4056524001529338,0.49598912971224385,0.159,0.132,1,CNOT3
0.19997615212353712,-0.4959439912433836,0.182,0.24,1,MITD1
0.33353952102466267,0.4957511018172318,0.17,0.138,1,ACSS1
0.1667673688974071,-0.49571965879073265,0.125,0.188,1,XAF1
0.5029267480844191,0.49564603338516844,0.136,0.172,1,SRGAP2C
0.6394852905346964,0.4956082336163634,0.114,0.102,1,PIGBOS1
0.6278019907265855,0.49538597003141605,0.159,0.149,1,TRAF7
0.10979412489812582,-0.4952773856174997,0.114,0.183,1,LRIG1
0.16923785047848952,0.49512998147244847,0.261,0.209,1,EIF2AK1
0.9565123418562781,0.49505465900564183,0.159,0.173,1,PTPN6
0.5248392381007508,0.4949187772485333,0.216,0.198,1,GLYR1
0.3742031653225473,0.4948990789012615,0.159,0.129,1,ZNF506
0.12188479252702972,-0.4948466386394297,0.068,0.127,1,SDHAF1
0.011333936932821571,-0.49481327512626544,0.295,0.443,1,ELOC
0.015455167174994016,-0.49451677185088966,0.398,0.539,1,KLF13
0.16848742896118005,-0.4945123076542117,0.125,0.187,1,GALNT1
0.01831627731190225,-0.4939406237014606,0.352,0.482,1,UBE2L3
0.3815479601171379,0.4937986528692333,0.205,0.176,1,TFAM
0.689059220439817,0.49364367095049944,0.17,0.164,1,UBR7
0.04813875670664409,-0.4935602020777856,0.182,0.284,1,DOCK11
0.027327026268392472,-0.493536490164265,0.375,0.488,1,ATP8A1
0.3092018999300068,0.4932012936958339,0.205,0.17,1,KIF3A
0.0015555280052983466,0.49291241843727573,0.67,0.545,1,TUBB4B
0.14558993477660734,-0.49280334799315795,0.159,0.23,1,RETREG2
0.6414052181674715,0.4925321049539988,0.114,0.135,1,NINJ1
0.9400980780479663,0.49245648756291227,0.125,0.131,1,MPRIP
0.04014839021773754,-0.49236595769371005,0.125,0.227,1,CDK5RAP3
0.026573184948990285,-0.4922905005785494,0.068,0.164,1,PARVG
0.04211816991967572,-0.49206082926847106,0.205,0.312,1,VPS29
0.08621879013125636,-0.4913455714570125,0.364,0.445,1,RTF1
0.2119095061122653,-0.49116432619248473,0.136,0.19,1,GMDS
0.6937831658625786,0.49112924665708513,0.125,0.116,1,RXRB
0.8449853490888388,0.49107938502332615,0.102,0.1,1,ANKRD27
0.2678838544438052,0.4905260883654433,0.205,0.165,1,NXT1
0.13522738505426407,-0.49052145788554213,0.091,0.153,1,USP28
0.3710864633383723,0.4903875726439466,0.295,0.278,1,ZNFX1
0.5452532461288948,0.4903315578984908,0.17,0.156,1,CFAP97
0.08392717689946647,-0.49022728549909234,0.057,0.121,1,XPNPEP1
0.23592714025768943,0.49002872856056756,0.159,0.118,1,SIRT1
0.06434264302251885,-0.4893937474478798,0.148,0.244,1,SLC44A2
0.7798550614719701,0.489282131781773,0.227,0.235,1,TRGV2
0.19144991218403504,0.48903054960833453,0.42,0.409,1,SLIRP
0.17094286202952916,-0.48879825363869855,0.136,0.198,1,GLO1
0.1710705116670951,-0.48860458212643243,0.08,0.133,1,FAM91A1
0.7182301507367103,0.4884478722945862,0.125,0.118,1,INTS14
0.12417019921823602,-0.4883479442341192,0.102,0.168,1,OSTM1
0.07820064990875782,-0.4881472440658037,0.239,0.335,1,RNF38
0.366532833542947,-0.4879242625526272,0.125,0.158,1,TXLNG
0.019877445234932532,-0.4874580310854709,0.182,0.312,1,DCAF7
0.48635577979589306,0.48727434394820945,0.17,0.147,1,REPS1
0.03657653247124222,-0.487171137979873,0.148,0.261,1,MED14
0.14842461587445013,-0.48705389145769784,0.068,0.121,1,AP2A1
0.20666402274570395,0.4867811106917327,0.375,0.332,1,HLA-DRA
0.14512811259574515,-0.4864770989106777,0.057,0.109,1,ENSG00000283103
0.8179695856227106,0.48642092690172367,0.159,0.157,1,EFL1
0.07030265730311984,-0.4861924451003595,0.17,0.266,1,SECISBP2
0.4369832508178498,0.4861692876213819,0.182,0.157,1,DDX49
0.4238509363819825,0.48532484338556925,0.17,0.145,1,TMEM71
0.7152006462048068,0.48521426187911487,0.114,0.105,1,ANTKMT
0.4363647005874477,0.484900322111514,0.25,0.224,1,FAM136A
0.1113966162643814,-0.48483348125945724,0.08,0.145,1,C1orf131
0.18855265716408282,-0.4845349476935037,0.068,0.116,1,WARS2
0.12186869280128182,-0.48444322061125733,0.182,0.261,1,HOOK3
0.525766951405142,0.4841919531376504,0.08,0.104,1,CD83
0.33796264591936315,0.48397444939944834,0.273,0.237,1,GATA3
0.0969189666870056,-0.4838716856841967,0.068,0.133,1,ARHGEF6
0.47495494059965265,0.483677201089622,0.114,0.092,1,NCAPH2
0.6882135389935464,0.4836764017870072,0.102,0.091,1,MED24
0.10668279415219546,-0.4835620554951763,0.261,0.352,1,GSTO1
0.07301495704336287,-0.4833583811237563,0.091,0.169,1,PEX11B
0.12949253285285958,-0.4833146701650428,0.136,0.207,1,STX12
0.37433534552364933,0.48318063559272284,0.114,0.087,1,ASL
0.7839243250788407,0.48317218987196064,0.193,0.224,1,ZNF394
0.10204732781721278,0.48299780886184673,0.523,0.511,1,PLEKHA2
0.5714326372570663,0.48295948403048905,0.216,0.201,1,MYCBP
0.5813405563710452,0.48249980953266824,0.102,0.087,1,GPALPP1
0.3138210685421854,-0.48240417115902257,0.114,0.152,1,ZBTB25
0.4584854052277697,0.4823808781000065,0.102,0.081,1,DNAJC30
0.5712836133444628,0.4822185883169161,0.136,0.12,1,RRM1
0.8715129346292401,0.4821196065903486,0.318,0.348,1,PPP1CB
0.946606878732804,0.482070443894554,0.125,0.129,1,FUBP3
0.5368508849033031,0.48161214455487933,0.193,0.182,1,TUBGCP2
0.04861285964708298,-0.48152367323660455,0.239,0.353,1,USP9X
0.15498156432774343,-0.48149509808328395,0.114,0.175,1,ELP5
0.033148118678425646,-0.4813911261153756,0.42,0.545,1,ITGB1
0.4387700161800418,0.4804854499754425,0.17,0.147,1,SYT11
0.13792971068586707,-0.48007199657117217,0.102,0.167,1,MAPK6
0.056513054957006766,-0.47996478733689185,0.182,0.278,1,EHD1
0.2333328696125335,-0.47994867265724417,0.102,0.149,1,MAN2B1
0.7910786441511268,0.47980836076055433,0.102,0.098,1,MTX2
0.383801614099396,0.47969955012223153,0.273,0.257,1,ZFAND2B
0.45601735196692733,0.47959592679654817,0.284,0.273,1,BCCIP
0.1140355165693878,-0.47880251079267566,0.17,0.248,1,INPP5K
0.6095946805541981,0.4787690147585962,0.307,0.312,1,FGD3
0.14715565584517035,-0.47867433264933634,0.182,0.253,1,SZRD1
0.039688948951953615,-0.47840340491981825,0.352,0.469,1,CD47
0.015286266484285044,-0.4783511613646988,0.307,0.442,1,FRYL
0.2814058267589254,-0.4782445525515946,0.091,0.131,1,DCTD
0.8687901697813978,0.47822574635644133,0.17,0.176,1,PACSIN2
0.20484563353332394,0.47797495373893156,0.25,0.205,1,KIF21A
0.04556396834075357,-0.47786573553104306,0.341,0.458,1,RSF1
0.8437329161087022,0.4778361527415911,0.148,0.15,1,MGRN1
0.7244933522628558,0.4776684417959869,0.114,0.106,1,BLVRA
0.3971428323491143,0.47738296165072897,0.307,0.287,1,PRKAR2A
0.8994971609869673,0.4772099535957377,0.136,0.139,1,GTF3C5
0.16327815758805342,0.4764294782881189,0.364,0.338,1,RBBP6
0.5851217132558043,0.4763940005157894,0.193,0.183,1,HTATIP2
0.10358539100313201,-0.47621165524048603,0.136,0.215,1,TAF11
0.05618414611770531,-0.47610430083748867,0.159,0.263,1,ELAVL1
0.26518718150601706,-0.4760809081318924,0.102,0.145,1,TRNT1
0.44842453322883347,0.47578783636658906,0.125,0.103,1,CRELD2
0.11452563223108721,0.4751286492945667,0.455,0.398,1,MARCKSL1
0.4121717270399976,-0.4747375136683365,0.08,0.107,1,VPS45
0.492859338735581,0.47459645104546544,0.193,0.174,1,ST3GAL1
0.23518594010130978,0.4745597744493264,0.239,0.199,1,PSME3
0.6425328994008619,0.474502737803971,0.136,0.122,1,FTO
0.13996552756583147,-0.47443575024186635,0.193,0.266,1,UHRF2
0.3621159336466891,0.47440963437186423,0.17,0.14,1,DEXI
0.5256086078070599,0.4742784503094313,0.227,0.208,1,ZNF146
0.058019937597339935,-0.47426976248074837,0.125,0.221,1,DUS1L
0.09672942182148019,0.47414441600718765,0.432,0.373,1,TXNDC17
0.9292148512275258,0.47407871268794544,0.159,0.16,1,CDC42EP3-AS1
0.23649911844915852,-0.4736428886469557,0.102,0.149,1,SLC35C2
0.05579754213702894,-0.47357545640674736,0.523,0.596,1,SSH2
0.007903682671503926,-0.4735221446506481,0.375,0.563,1,COPS9
0.5833566044453977,0.4732482374596013,0.227,0.217,1,RAB5A
0.545757016403267,0.47304480479652944,0.182,0.166,1,MTR
0.3074069716040787,0.47261398843162017,0.409,0.379,1,ENSG00000278996
0.7942934120736229,0.4719399076784634,0.102,0.096,1,STARD10
0.014764903889285284,-0.4718861872689169,0.295,0.445,1,LRPAP1
0.35255989842519925,0.4712173097375685,0.193,0.161,1,KPNA5
0.34973558068566263,0.47103588827638276,0.318,0.296,1,RO60
0.3095708509137629,0.4708318426633673,0.227,0.189,1,RMC1
0.27293195059010733,-0.47050377935557175,0.091,0.131,1,HELQ
0.06531867269846944,-0.470440553488612,0.159,0.253,1,UBL7
0.03249643026055083,-0.4704186283540817,0.182,0.301,1,ST3GAL5
0.1283462475589841,-0.4702154761577728,0.091,0.154,1,PHPT1
0.9221496851498465,-0.4701777280939248,0.182,0.181,1,NR4A2
0.6416338871528513,0.470075302656932,0.148,0.138,1,VPS50
0.14400184808922606,-0.4697932130759994,0.102,0.164,1,FBXO38
0.012042291642937204,-0.4697175067160411,0.364,0.498,1,GRAP2
0.391932207016315,-0.46969974395286496,0.08,0.108,1,PPME1
0.4384438993882685,0.4696648513913919,0.159,0.136,1,NCAPD3
0.4044716512207792,0.4696269212539914,0.182,0.154,1,PSMB5
0.33315908627486873,0.4695482728342877,0.17,0.138,1,BLZF1
0.14829643497768238,-0.4695407926069628,0.159,0.229,1,PTPN11
0.6202553518394884,0.46928621302424256,0.148,0.136,1,EXT2
0.04334930901690506,-0.4690615584363354,0.42,0.53,1,ANKRD11
0.2156547900770651,0.46825699459576153,0.261,0.218,1,TRNAU1AP
0.07969273206092897,-0.46821126556094395,0.205,0.296,1,SCAMP3
0.47745150585541124,-0.46816826302285774,0.148,0.178,1,ENSG00000276241
0.04148855114763591,-0.467883914328481,0.273,0.398,1,RB1CC1
0.36786047991161713,0.4676592895433326,0.216,0.186,1,PRR14
0.3016064867098237,0.46753051849428195,0.136,0.101,1,ZNF574
0.25327620955647656,0.46718885995210835,0.205,0.163,1,RNF6
0.04758979150934398,-0.4669860044412888,0.227,0.337,1,RANBP9
0.7591086846350924,0.4665457166662244,0.295,0.335,1,PIM1
0.15279025190656528,-0.4664351987226185,0.102,0.162,1,SCRN2
0.13238025303329554,-0.4663249931591744,0.125,0.196,1,PIN4
0.12702274314553597,-0.466079799280225,0.08,0.142,1,SLC7A6
0.06977180538155603,-0.46598225454490044,0.432,0.527,1,BRD7
0.7310565047643428,0.4658472101517368,0.114,0.105,1,ENSG00000290683
0.17930322935900253,-0.4657456231389421,0.102,0.158,1,ZNF524
0.03666785801468149,-0.4656653911822689,0.148,0.255,1,CRLF3
0.15999971288785172,-0.46514209279059116,0.182,0.248,1,PHF1
0.1932193936943743,-0.4649940035020501,0.068,0.114,1,CINP
0.1810055738789583,-0.46496769994700626,0.057,0.102,1,WBP1L
0.0674167682478402,-0.464944988432527,0.25,0.36,1,MKLN1
0.3204931410241222,0.4646226961547452,0.364,0.339,1,RBM5
0.5428881245701744,0.46444814666024303,0.159,0.143,1,TNRC18
0.019461866235077185,-0.4642760131537869,0.25,0.395,1,PCGF5
0.07231096289907236,0.4642230256551956,0.534,0.454,1,TPR
0.324335939326935,-0.46408370048968517,0.091,0.127,1,HARS2
0.01736623100664672,-0.4638549398794035,0.352,0.494,1,BLOC1S1
0.019578528328518197,-0.46355730466818523,0.273,0.427,1,CHMP4A
0.17415587346806788,-0.46349059854216557,0.102,0.159,1,ZMPSTE24
0.05040500912026341,-0.46329785705912685,0.239,0.349,1,SYTL2
0.08356902009251341,-0.4629147843499368,0.182,0.276,1,IMMT
0.7830604187434314,0.46267074090943905,0.114,0.108,1,LRRC8A
0.1615990461327151,-0.4624346061727802,0.114,0.176,1,EBP
0.2752482306348955,0.462195600562497,0.114,0.081,1,ARMC2
0.5052410292317646,0.46192669554423604,0.227,0.213,1,FBXO33
0.8940604327406249,0.4617393413553308,0.148,0.147,1,SBDSP1
0.12318512098910446,-0.4616197392206136,0.136,0.21,1,SCYL2
0.3007906896517787,-0.4613801893765077,0.102,0.142,1,EXOSC7
0.17074070978050662,-0.46136151035649364,0.068,0.118,1,CARNMT1
0.011464521920677031,-0.46112264544935655,0.261,0.419,1,KDM5A
0.10632948216450483,-0.46089407621798695,0.148,0.228,1,CACUL1
0.12704276588613872,-0.4608579228087183,0.33,0.403,1,NCOA3
0.6842063284689561,0.460726794157023,0.136,0.128,1,MCM3AP
0.11193388029451809,-0.4605591595010534,0.102,0.172,1,HDAC8
0.0932862051665424,-0.4604378346202389,0.148,0.234,1,SMC1A
0.08994369775428425,-0.4603712159432203,0.136,0.221,1,SMG7
0.3423408132341325,0.4603302731608008,0.182,0.15,1,PSME3IP1
0.05466549693707488,0.4601600544124253,0.5,0.44,1,TMED2
0.04356733290342625,-0.46003088426980976,0.239,0.348,1,COG5
0.43023889088305267,0.4584201447733789,0.17,0.145,1,SKIC8
0.020167414490234264,-0.4581560842175667,0.466,0.581,1,ATXN1
0.4116032504920576,0.4581226593380173,0.284,0.269,1,GTF2I
0.0748875730560476,-0.45810311861252584,0.125,0.211,1,SNHG1
0.9122402865619431,0.45808843768067287,0.102,0.102,1,EDC4
0.17955169463560763,0.4580680087711015,0.341,0.297,1,CYB5R3
0.780730698469331,0.457759601583115,0.182,0.184,1,MOB3A
0.12295315284914865,-0.45759566605443425,0.08,0.14,1,TPP1
0.4556601766949588,0.4575742014243017,0.182,0.162,1,C1orf35
0.09941052559104646,-0.45725730921215635,0.159,0.241,1,IWS1
0.9461657332754143,0.45711839957806677,0.193,0.203,1,SIDT1
0.01042721702691353,-0.45698704902379267,0.307,0.462,1,HNRNPH3
0.016320436163053068,-0.4568933576598707,0.216,0.366,1,SIPA1L1
0.44969762350465053,-0.45685465698807226,0.091,0.116,1,DCLRE1C
0.10190094554993703,-0.45633801147739095,0.102,0.176,1,MBD1
0.2731306691939177,0.45631554429431165,0.295,0.26,1,ITGB7
0.7080499146984256,0.4561623374424,0.148,0.141,1,SUPV3L1
0.7643418212792967,0.4559813125335379,0.125,0.118,1,ARMCX6
0.38379214342969664,-0.4559106626473899,0.091,0.122,1,SH3BP1
0.4856950220154858,0.4556430781630638,0.114,0.093,1,ENDOG
0.564782551365601,0.4552908893736869,0.114,0.097,1,TMEM234
0.14795090329338698,-0.4552258782945606,0.068,0.122,1,TMEM102
0.16887716602433867,-0.4551052417009145,0.068,0.119,1,ZNF107
0.13272146894258596,-0.4550294974977054,0.102,0.168,1,DHX16
0.9259589868977676,0.4547993904952494,0.114,0.121,1,UTP4
0.06958001637183106,-0.4547171780073358,0.17,0.269,1,PRKCB
0.03943713930433664,-0.45469006700285647,0.432,0.532,1,SETD2
0.2584275085375128,0.4546162426275754,0.25,0.208,1,SMAD3
0.5364449447336803,0.4545597549860416,0.114,0.095,1,KHDC4
0.05375441436974006,-0.4544258575529825,0.352,0.46,1,KANSL1
0.03941127686737158,-0.45432630216746106,0.182,0.295,1,COPS3
0.01752155642137136,-0.45408551109192924,0.216,0.356,1,NFATC3
0.08584509132439214,-0.4539212488653426,0.182,0.276,1,TBC1D5
0.9958353700500903,0.45339644009127256,0.182,0.191,1,CHMP2B
0.22230260381469025,0.4532826477550012,0.33,0.285,1,SCNM1
0.7285351085365166,0.4532367612565247,0.148,0.143,1,DAPK3
0.3122004176513477,0.45308465107189455,0.273,0.239,1,KPNA2
0.9938606225337177,0.45294380231886866,0.227,0.253,1,DENND2D
0.910350345676521,0.45279362520398747,0.102,0.102,1,NUP93
0.11825673485518846,-0.45262364080432405,0.125,0.199,1,KIAA2013
0.023215971240257025,-0.4524429872615454,0.443,0.558,1,DEK
0.006049220685828757,-0.45221922509162726,0.625,0.769,1,CCSER2
0.06918984729197042,-0.45216767067249153,0.159,0.259,1,ATXN10
0.14808755875370444,-0.45214299705540184,0.091,0.151,1,NOP14
0.07883020803883378,-0.45199617572200457,0.136,0.224,1,MRPS22
0.062193419207298574,-0.45183630015781473,0.239,0.337,1,FBXW11
0.18653046698420958,-0.45167787548307003,0.182,0.241,1,RNF111
0.04795666410867182,-0.4516360765848939,0.102,0.198,1,ATF7
0.8150874084877404,0.45146625763875137,0.136,0.132,1,BLTP2
0.07480289896291754,-0.4512046832237534,0.261,0.364,1,ZFAND6
0.31587059536071455,-0.451177024322833,0.08,0.115,1,PITPNM1
0.12881143541019224,0.4510910735875795,0.318,0.248,1,MAP1LC3A
0.9905371202314777,0.4510290330453215,0.125,0.132,1,MBTD1
0.9749408140409965,0.45097327854170066,0.125,0.13,1,MOCS2
0.45599641377697514,0.4508222459060426,0.205,0.184,1,DHX8
0.20800543642134886,0.45051215807167133,0.33,0.292,1,DEGS1
0.14492126766476976,-0.450379069976812,0.091,0.15,1,AXIN1
0.519844560920204,0.450289866607396,0.125,0.106,1,FAM200B
0.1522294045867719,-0.45025443387884323,0.091,0.151,1,LINC01145
0.13131494897994742,-0.45005249287170424,0.057,0.109,1,HIBADH
0.46905089930902566,-0.44984884218810417,0.148,0.177,1,IL4R
0.9643230804028459,0.449720971217753,0.148,0.156,1,GSE1
0.10849081663387965,-0.44965234423686407,0.114,0.185,1,TERF1
0.02077612559966203,0.4494722351112924,0.5,0.409,1,MRPL20
0.07207446389804088,-0.44926928163559054,0.091,0.171,1,PRDM1
0.3645149590911253,0.4491027129554842,0.239,0.207,1,EP400
0.168840894402108,-0.44896092820975886,0.068,0.118,1,TXLNA
0.8803704794730487,0.44890426645674375,0.091,0.1,1,PDP1
0.32317501744563587,0.4487891401201829,0.239,0.21,1,PRKD3
0.8464601179799904,0.44830721196837087,0.136,0.151,1,UTP23
0.1299514309607938,-0.4483071501041352,0.193,0.269,1,MATK
0.3154996578379436,-0.44823169779472116,0.08,0.115,1,AARS1
0.013743996330640336,-0.4479721786153691,0.205,0.354,1,KCTD20
0.9822830676472583,0.4477445135092897,0.17,0.183,1,PCF11
0.04965984723396674,-0.44749459244692047,0.148,0.253,1,NUMB
0.7261738089397952,0.44744494519681344,0.102,0.095,1,TNFSF12
0.00545808885826715,-0.44731717881276434,0.33,0.513,1,RAB2A
0.7402752950557876,0.44679691210327643,0.148,0.141,1,RANGRF
0.0776249142710013,0.4467754326545583,0.352,0.285,1,ENSG00000290823
0.7088472255969381,0.4465113479836562,0.205,0.207,1,LRRC59
0.016238578215757624,-0.44645729696706193,0.375,0.517,1,KIF2A
0.7861960819013318,0.44607875401228236,0.102,0.093,1,IFIT3
0.18588231677092248,-0.44595183073332767,0.068,0.116,1,IRF2BP1
0.30602843329895385,0.44548811321111526,0.159,0.124,1,PPIL2
0.14500624658421438,-0.445429574625697,0.295,0.368,1,EIF1B
0.8265585272396634,0.4454268043561038,0.102,0.099,1,CARD8-AS1
0.22462288328720503,-0.44525781667941766,0.102,0.15,1,TRIM27
0.29025773083404227,-0.44516603691366985,0.068,0.104,1,HSH2D
0.09174607788216396,-0.4450539960553992,0.068,0.134,1,MRPS27
0.004170891549699866,-0.44503687693051597,0.193,0.362,1,PTPRA
0.031480769330518625,-0.44499261489888386,0.273,0.39,1,NUCKS1
0.7515591344253065,0.4447667799020185,0.114,0.108,1,HLTF
0.5134885087898471,0.44449758367781855,0.17,0.151,1,RIN3
0.03228630305584398,-0.4442681229361082,0.307,0.437,1,CUL3
0.1071568149431176,-0.4442588275549317,0.239,0.324,1,TTC19
0.1998113639790663,-0.44409464883757366,0.182,0.248,1,USP10
0.11316912134333108,-0.44377913314129946,0.216,0.299,1,LSM3
0.4426568331497557,0.44369365473473643,0.216,0.196,1,TMEM126A
0.14096326211531987,0.44360295394331817,0.318,0.266,1,SLK
0.32816878026828117,0.4434263469084422,0.216,0.179,1,HIGD1A
0.07889272675061798,-0.44334174799414294,0.148,0.235,1,KIF13B
0.692903589142028,0.4433300123829178,0.125,0.115,1,GFM1
0.9405029053302315,0.4428331025571528,0.136,0.138,1,PES1
0.9334849825552041,0.4428020890787079,0.136,0.143,1,NDRG3
0.09697875602569737,-0.4427966638249481,0.136,0.219,1,BTAF1
0.5829024332688665,0.442647587266643,0.182,0.171,1,SSH1
6.186452923800733e-4,0.44259091409332196,0.909,0.75,1,LMNA
0.015047890944902748,0.44187805095852095,0.739,0.65,1,TUBA1B
0.3843851326892339,0.44176945487949815,0.227,0.2,1,RNF113A
0.785479896624157,0.44175612505832706,0.102,0.096,1,MAVS
0.8236938628471759,0.4416187415479255,0.273,0.317,1,ERLEC1
0.5927966942279197,0.4414740656276306,0.136,0.121,1,ZC3H3
0.5091456113603277,0.441375190391462,0.148,0.126,1,REV1
0.07396205173335808,-0.4413185336335458,0.341,0.438,1,IGBP1
0.15014607466706953,-0.441089240190754,0.125,0.19,1,MRPS10
0.01825671394338139,-0.44089853705344456,0.227,0.368,1,MAGED2
0.15992396608096623,-0.44078774413397936,0.193,0.266,1,ITGA5
0.17341440721642132,-0.4406867778037997,0.091,0.146,1,RCE1
0.19381054879908696,-0.44065049071302886,0.102,0.155,1,AKR7A2
0.9404007492129759,0.4404164739819525,0.193,0.204,1,CPSF7
0.129559064765152,-0.4395620214058098,0.08,0.14,1,ZSCAN16-AS1
0.8786092207679808,0.43916349312219594,0.182,0.187,1,TRIM21
0.10045464405219927,-0.43903904307066943,0.148,0.231,1,GLMN
0.9084175692783896,0.43901540109535264,0.159,0.171,1,SYNJ1
0.1739293156717703,0.4390066708349109,0.375,0.337,1,MICOS13
0.5820588521063909,0.4387898816892778,0.216,0.203,1,KEAP1
0.3459898075657949,0.438398741294568,0.182,0.149,1,RBM7
0.5182022442336929,0.43808682159984014,0.091,0.118,1,BLOC1S5
0.8846286740482283,0.4380448158926459,0.227,0.242,1,TRGV10
0.5032564136337718,0.43798903465480254,0.205,0.185,1,FBXO21
0.019090749737284227,0.4379465719554906,0.602,0.534,1,TMEM43
0.07289502824761221,0.437920082377296,0.432,0.356,1,ADA
0.05637868995795336,-0.43779149948942053,0.216,0.332,1,SS18
0.11780622091200314,-0.4377808627140347,0.102,0.171,1,DUSP16
0.08702258983535677,-0.43760522912810873,0.227,0.322,1,NUP98
0.14949089524493134,-0.4375077074266349,0.08,0.137,1,BIN3
0.06987368073481441,-0.4373358607054123,0.182,0.281,1,DAXX
0.36812721356508105,0.43665217918269145,0.273,0.247,1,NUFIP2
0.24904752090669113,0.43662075918729615,0.341,0.309,1,NFE2L2
0.2473744218521155,-0.436605880055023,0.114,0.161,1,SETBP1
0.21967899334011506,-0.4362519247249723,0.148,0.204,1,FAM120A
0.09022823796597633,-0.4360220039240967,0.227,0.325,1,ZNF428
0.055329812901455125,-0.4359918524924112,0.295,0.405,1,TXNL1
0.03749177973108479,-0.43561836382691593,0.227,0.347,1,TMUB1
0.11673860450838135,-0.4355304857835549,0.102,0.173,1,HIVEP3
0.6259617259188817,0.4354316442916769,0.182,0.174,1,CDKN2AIP
0.13884970632230206,0.43535324444217816,0.25,0.191,1,DCP1A
0.15249598329985956,-0.43526025858374084,0.136,0.204,1,ZNF511
0.3020298651363273,0.4350963833597531,0.205,0.169,1,TMEM250
0.2067719638038181,-0.43506119790649656,0.193,0.254,1,CCDC107
0.5001856862565472,0.43480963000488015,0.25,0.232,1,CBLL1
0.7124322267486081,0.43465714464669536,0.136,0.129,1,ERAL1
0.6839034702210002,0.43448623337144454,0.148,0.138,1,SLC35A3
0.29743229251874226,0.4344854580205017,0.352,0.339,1,TMEM165
0.29482975660898036,-0.4343657585870666,0.068,0.104,1,BDH2
0.19616838719719815,-0.4341715976895042,0.159,0.221,1,ATR
0.551942872224242,0.43397184605762007,0.125,0.107,1,POP5
0.09382325464423413,-0.43380023934542733,0.136,0.22,1,KDM3A
0.2383380355660428,-0.4337038075701609,0.08,0.123,1,ATG9A
0.07540545208186424,-0.4336792255495503,0.114,0.201,1,APOBEC3F
0.12996731011301113,-0.4336749293301056,0.227,0.309,1,NRDC
0.7611520325598438,0.43341778286157084,0.159,0.159,1,ENSG00000291107
0.4605748104541032,0.4333449270076233,0.159,0.136,1,ABCF3
0.012833053754414377,0.4328887229528693,0.75,0.714,1,RGCC
0.22883754229209655,0.43262483756931536,0.193,0.15,1,CDR2
0.18916857547473617,-0.43239266278007404,0.068,0.116,1,ARID3B
0.13202034520533484,-0.4323866296829202,0.102,0.169,1,MRPS11
0.22493414919843668,0.4322883682908004,0.25,0.2,1,KIFAP3
0.037919657806519486,-0.4319380948667051,0.239,0.353,1,TPM4
0.45686135186445626,0.4318974657520527,0.273,0.249,1,TIA1
0.094908241810732,-0.4318761300830132,0.08,0.149,1,CWC27
0.3851854415990645,0.43166630892457514,0.352,0.344,1,NCOA4
0.3605789053761943,-0.43156283811867047,0.159,0.199,1,DDIT3
0.023094776051955094,0.4315541246901895,0.773,0.677,1,CD6
0.20636168787626272,-0.4313971836768691,0.227,0.291,1,MON2
0.04889147448396713,-0.43136384321554333,0.102,0.198,1,CASP7
0.08417068494875549,-0.43134466941838334,0.125,0.206,1,SLC20A1
0.36973278235497736,0.43078709860177256,0.114,0.086,1,ENOX2
0.6993534918848222,0.4307427315389807,0.114,0.104,1,ACTR8
0.12386356125688885,-0.4307391544348935,0.08,0.142,1,LIN37
0.2583795049501691,-0.4306959383647133,0.102,0.146,1,GLT8D1
0.05255868656215757,-0.43065417571924375,0.261,0.39,1,MTCH1
0.1333078252942236,-0.4305218429032651,0.102,0.168,1,SETD1B
0.056895383817481,-0.42959051561003025,0.193,0.298,1,B3GNT2
0.8192139155458309,0.42917778352308333,0.216,0.228,1,ABCC1
0.8285967072141057,0.4290441627887607,0.148,0.146,1,CHERP
0.7042651835646729,0.42855011251208053,0.136,0.127,1,HSPBP1
0.22914022065496656,0.4285020165382575,0.318,0.278,1,MRPS5
0.1581530105803782,-0.42841684784645695,0.057,0.106,1,TMEM62
0.7523343000767424,0.4283150230558693,0.193,0.192,1,CHCHD7
0.8433509078322394,0.42815849643328674,0.114,0.109,1,CCDC126
0.43889231587229266,0.42788180191404934,0.193,0.169,1,TOPBP1
0.7185630891875877,0.4278734019728381,0.17,0.163,1,RRP7A
0.5734057166135843,0.42768284196887785,0.352,0.365,1,CIAO2A
0.14393771825314364,-0.42754795730464856,0.057,0.109,1,PHF8
0.12964229577423725,0.4267676562802982,0.341,0.288,1,STX5
0.0713590480032226,-0.42672762428078936,0.148,0.239,1,HDAC2
0.13398202226144115,-0.4267075885946122,0.159,0.23,1,C21orf91
0.10395804871042204,-0.426619728547985,0.159,0.238,1,RCSD1
0.3653557316140533,-0.42626141039695287,0.136,0.172,1,UQCC2
0.04092480476233961,-0.4261837010695243,0.318,0.449,1,NDUFB7
0.20587200061752056,0.42616409558128765,0.318,0.274,1,IDH3G
0.7521410845815721,0.4259184881022441,0.159,0.186,1,NFU1
0.08888279770599651,-0.42584163374662864,0.136,0.223,1,POP4
0.11713888038582149,-0.42583454940859944,0.182,0.261,1,CPD
0.017953602588474525,0.4256438995066555,0.591,0.506,1,TCEA1
0.7594354251168832,0.42551382588449316,0.227,0.23,1,SUPT3H
0.0791222016264314,-0.425501807192771,0.17,0.264,1,PLSCR1
0.9813310610412298,0.4254744452354009,0.114,0.118,1,MIDEAS
0.13357264823659865,-0.4254283497294046,0.193,0.268,1,ELOVL1
0.34537677150439156,0.4253785193830797,0.239,0.205,1,XIST
0.12441044158688605,-0.4253656179420343,0.239,0.326,1,BAG1
0.14532876039961443,0.42516976682454055,0.557,0.51,1,PPP1R2
0.0527552927983319,-0.42491867924532584,0.318,0.416,1,ITGAE
0.009958706467111805,-0.4247910407275335,0.182,0.331,1,UBAC2
0.6992112906635466,0.42476386190766524,0.136,0.126,1,BCL2L1
0.9579237942171287,0.4246040329676968,0.125,0.131,1,TRAK2
0.22888581120811655,0.4242920443280369,0.125,0.087,1,SLC25A24
0.46742937300914766,0.42393221905305545,0.216,0.199,1,THAP12
0.9890800967505963,0.42381580293377197,0.125,0.13,1,MRPS28
0.39650825795942146,0.4237946860195465,0.352,0.337,1,NCOA2
0.15561761117878242,-0.4237813751962394,0.057,0.106,1,AIFM1
0.4879779164142366,0.42364707731091467,0.205,0.185,1,PNKP
0.2918516149111498,0.4235512989695311,0.398,0.371,1,XBP1
0.33405690638623714,-0.42339649342164587,0.114,0.152,1,IKBKE
0.60799645299318406,0.42316573908118066,0.364,0.388,1,TBCD
0.12943224654633453,-0.422782321037245,0.068,0.127,1,ZHX1
0.17066807258195044,-0.4225704023902819,0.125,0.186,1,H2AC25
0.13334282762498806,-0.42219809316394713,0.261,0.338,1,FERMT3
0.5583241823034707,0.42097560475754414,0.17,0.154,1,PRPF3
0.7390236380158932,0.4206852431873995,0.205,0.202,1,WDR18
0.3014029496061611,0.4205930655722582,0.25,0.207,1,LSM4
0.7656843060801235,0.4205082593794285,0.534,0.578,1,FAM107B
0.706293576332184,0.4204852901417895,0.114,0.106,1,GLA
0.23594429723021443,-0.42022370523958075,0.114,0.163,1,RYK
0.7865208394258574,0.41979721630366384,0.102,0.096,1,NIPSNAP3A
0.779248198209344,0.4197758897066235,0.136,0.132,1,RNPEP
0.00822348474168225,-0.4196290255864923,0.261,0.427,1,RER1
0.2387833063656494,0.41959443696077736,0.216,0.172,1,TMEM115
0.2181161258650907,0.4194339478267141,0.341,0.296,1,RSU1
0.44711518644622095,0.41930060228261196,0.341,0.333,1,DENND4A
0.5259042881832245,0.4189406314620071,0.25,0.239,1,POLE3
0.2452114508274976,-0.4188935789674315,0.102,0.149,1,EZH2
0.9838353320290145,0.41882998759114487,0.193,0.21,1,MPZL3
0.10436937335627829,-0.4186977872671775,0.227,0.315,1,LSM10
0.18538401546135427,-0.4185823226860389,0.307,0.374,1,SEMA4D
0.22386546859043285,-0.41856182066219505,0.114,0.166,1,RERE
0.23187141876363615,0.41836961322526317,0.295,0.25,1,OXSR1
0.23764644438677376,0.4180873332163184,0.375,0.351,1,CALCOCO2
0.6512555459098273,0.4179487588382107,0.148,0.135,1,RCHY1
0.6739601392109229,0.417779611371349,0.182,0.174,1,PDZD8
0.6969046641117946,0.4176311745126391,0.102,0.092,1,GPATCH11
0.3529763477048231,0.4175747117491313,0.102,0.075,1,SLC2A8
0.513008025280814,0.41749755999975235,0.25,0.236,1,SNRNP40
0.3709576890850295,0.41748585995437437,0.227,0.302,1,STIP1
0.10086373676586112,-0.41738894722609965,0.125,0.207,1,SPG7
0.9699998752321081,0.4173629732546391,0.136,0.14,1,PHF10
0.17293607640325254,-0.41718913163927507,0.091,0.145,1,RP9
0.10740857475065742,-0.41706139692543087,0.227,0.315,1,COPS6
0.2759488105402795,0.41671957633232537,0.284,0.244,1,VPS13A
0.18114479642813497,0.4164185668031217,0.443,0.427,1,COPA
0.25065810633364255,-0.41629645799821646,0.08,0.122,1,IKBIP
0.055263974923378346,-0.41611701563087933,0.216,0.322,1,TSEN54
0.2661592892268662,-0.41596423712888697,0.068,0.106,1,SLC25A16
0.09833852895266271,0.4159434248559468,0.409,0.348,1,TMEM248
0.008155952251528266,-0.41584924656567646,0.364,0.531,1,NSA2
0.6273277159052404,0.41552445707679486,0.125,0.112,1,ATP7A
0.04485858736299192,-0.4154266668118032,0.068,0.15,1,PCBD1
0.444434646634002,0.4152285584296227,0.148,0.121,1,ZNF593
0.9632193559237453,0.41434054897040684,0.159,0.167,1,YJU2B
0.6308872369516751,0.41415869279668116,0.125,0.111,1,RBM41
0.04480913862937362,-0.4140882360204149,0.261,0.381,1,COX17
0.4219905468544044,0.41361782128787583,0.159,0.13,1,ZBTB49
0.03449300882497674,-0.41331033670226325,0.545,0.648,1,HCST
0.30648403890088594,-0.412743286516128,0.068,0.103,1,HDHD5
0.12309342659596689,-0.4127183100545487,0.261,0.355,1,UBE2F
0.3225147961132742,0.4126991436990189,0.261,0.228,1,RANGAP1
0.6198632298770248,0.4126979475622663,0.205,0.196,1,SMC6
0.45928538228782917,0.4124100546566529,0.318,0.302,1,ABCF1
0.0831664277301029,0.4122989305726166,0.375,0.3,1,CHKB
0.029589627086406032,-0.4122925271793372,0.443,0.581,1,SLA2
0.09002345390467438,-0.41221800772604245,0.125,0.206,1,RALGAPB
0.0791200608417909,-0.4121180514098759,0.148,0.239,1,ARFGAP2
0.007722457413672221,-0.4120704466103493,0.489,0.637,1,S100A4
0.07492999672276247,-0.41205776988110054,0.045,0.106,1,ZMYM6
0.6647747934250929,0.41184044961386324,0.114,0.101,1,C2CD3
0.39145102861912673,0.41177604404761514,0.261,0.232,1,TMEM30A
0.23588413224390978,0.4117426962618316,0.216,0.171,1,LINC03009
0.5045961101544194,0.41145264633320866,0.136,0.116,1,TIMM23B
0.29167767936600625,0.4106849857058887,0.398,0.372,1,NDUFS8
0.9111979615459724,0.4106811473893506,0.182,0.198,1,TRAPPC9
0.9507303116040621,0.41046587408241697,0.102,0.11,1,CAPN10
0.28639756470372707,0.41046336538233363,0.227,0.187,1,CWF19L2
0.18035100918059327,-0.4103957932110267,0.091,0.146,1,SLC25A38
0.027301436559848104,-0.41011857585412625,0.432,0.569,1,PSMA2
0.19674139709020871,0.4100268139136982,0.159,0.114,1,GALNT3
0.9331465721574915,0.40999623475225966,0.136,0.147,1,DYNLT2B
0.19715401734859278,-0.40997128949917805,0.08,0.13,1,BRD1
0.45613916878896404,0.409940875784192,0.125,0.102,1,ENPP4
0.15828404683820882,-0.4096426883691582,0.102,0.164,1,LDB1
0.4062476189608943,0.4094972873499555,0.239,0.218,1,ZNF721
0.2841022613809807,-0.40912971216933913,0.068,0.105,1,INSIG2
0.4838635751682471,0.40889874690476447,0.25,0.233,1,ADAP1
0.8801295063999547,0.4088764971314458,0.136,0.138,1,LENG1
0.11285883835157202,-0.40879476500097645,0.114,0.187,1,PLAA
0.2304044662395342,0.40876887596539596,0.352,0.308,1,ATG5
0.18715380217579347,-0.40858418461921975,0.068,0.116,1,SYMPK
0.4055003624697509,0.40852338531281096,0.148,0.12,1,POGLUT1
0.09701494152339063,-0.40847258745864035,0.102,0.178,1,GXYLT1
0.7089965836541312,0.40827636522373134,0.159,0.153,1,IL10RB
0.6396494725736273,0.4082095666552714,0.136,0.124,1,HEXIM1
0.0846774446453709,-0.4081454995358081,0.216,0.309,1,TNIP2
0.06397287407033345,-0.4081295169234366,0.182,0.275,1,CNOT7
0.09136401232961582,-0.40725818860454854,0.17,0.26,1,TMEM256
0.47655547201729126,0.40705471259163195,0.125,0.163,1,MTA2
0.13778801053869738,-0.4065881095148032,0.057,0.111,1,CDC7
0.13938565523746935,0.40653797420929894,0.136,0.09,1,TUBB2A
0.7554488343387765,0.4064333427558945,0.227,0.268,1,BMPR2
0.8650278544701582,0.4064060069131319,0.17,0.185,1,IER5
0.3132363311247455,0.4063318898572976,0.455,0.446,1,DCXR
0.041101528135689173,-0.40625320711611745,0.159,0.277,1,FBRS
0.40870496160268355,0.4059593322840471,0.114,0.088,1,ZNF84
0.027990679435973973,-0.4058872277106136,0.534,0.645,1,SLFN5
0.08994223882882556,-0.40579336737801686,0.193,0.293,1,PPP2R5E
0.11744239779750154,-0.40574473258461585,0.273,0.36,1,FNTA
0.06401440847349646,-0.40562032963224837,0.17,0.272,1,VEZF1
0.9706907969416506,0.4054678900224695,0.227,0.247,1,RNF187
0.1459351022962507,-0.40500572256563505,0.148,0.221,1,FBXL17
0.5552330369760179,0.4049386778756874,0.239,0.22,1,MRPS35
0.8623044945675963,0.4049287983297769,0.114,0.126,1,EXOSC4
0.0016199843213361219,-0.4046463055332563,0.455,0.656,1,KLRK1
0.6146492556777126,0.4045820746787907,0.114,0.099,1,PARD6A
0.7357794465050307,0.40453748504096465,0.136,0.127,1,EOLA2
0.821185486879761,0.40448432029996795,0.125,0.139,1,MBIP
0.960497145253419,0.40430755679266617,0.114,0.122,1,LSM14B
0.4280423763969063,0.40423328617446186,0.398,0.393,1,IL21R
0.03996765240611113,-0.40407440410828577,0.114,0.213,1,TRIM26
0.9919212876137766,0.4039586249653111,0.17,0.181,1,SEC22B
0.10909649994445199,-0.40379492636651304,0.091,0.159,1,GSTM1
0.0936074277263755,-0.4034135179260172,0.114,0.193,1,BCAS3
0.07252232709697264,-0.4032602210710017,0.091,0.171,1,DDX1
0.4824864186810329,0.4032397028280521,0.205,0.185,1,ACADM
7.492928454473533e-4,-0.40294761124852485,1,0.999,1,RPL41
0.9514507290471963,0.4029041512685462,0.17,0.18,1,BORCS7
0.14750245468252127,-0.4028907536125683,0.114,0.178,1,POLDIP2
0.5276962806666559,0.4027943793742004,0.125,0.106,1,WDR35
0.041254984722574356,-0.40256670232455005,0.466,0.579,1,MAPRE2
0.0790302954140472,-0.4024917975896569,0.273,0.374,1,GNAI3
0.16000292410124178,-0.4024031604983148,0.17,0.24,1,ITPA
0.13778255341978324,-0.402316051080956,0.08,0.138,1,YWHAG
0.21937358412753286,0.40209635696985613,0.466,0.447,1,SSBP1
0.21651252088902478,0.4017351483240489,0.489,0.465,1,ZNF706
0.07094451925512196,-0.40162980084616323,0.33,0.448,1,LAMTOR4
0.23085593026956955,-0.4014995929671683,0.136,0.187,1,HTRA2
0.21890375100287135,-0.40146506287898776,0.659,0.706,1,DUSP2
0.35149224526134865,0.4012072637187827,0.136,0.105,1,WDPCP
0.08540627886901118,-0.4011042021546547,0.08,0.152,1,SNHG3
0.35799888267060803,0.4007570599613465,0.295,0.272,1,MACO1
0.10636286387825349,-0.40074367305239555,0.261,0.361,1,PLEK
0.02256061181899442,-0.4005074772184002,0.227,0.366,1,LUC7L3
0.9544081032298306,0.4003771347870513,0.17,0.184,1,CDC16
0.09120830014585705,-0.4002784570633946,0.307,0.422,1,TMEM14B
0.03908590325448868,-0.3998260585804818,0.102,0.203,1,PNKD
0.01907856929171449,-0.3997142549260845,0.386,0.54,1,CYRIB
0.4312834849269403,0.39964952051074254,0.33,0.318,1,CNOT1
0.6198156716231227,0.399386514583546,0.227,0.218,1,DDX42
0.03557387493953953,-0.3993629512400625,0.386,0.523,1,SYAP1
0.4986187908735123,0.39907321851438415,0.17,0.15,1,PERP
0.22903916508535582,-0.3990411805032259,0.148,0.203,1,CBFA2T2
0.25619309532636225,-0.39843242692922565,0.102,0.148,1,CTDP1
0.23542184148382667,-0.3983393575190357,0.091,0.137,1,COPS7B
0.18834882264790243,-0.3980518718682249,0.057,0.102,1,GOLGA1
7.395506847812987e-4,-0.39804892987705376,0.773,0.846,1,CORO1A
0.14194427048572147,-0.39735597333038175,0.068,0.123,1,NABP2
0.15481115579994797,-0.3972059510270349,0.25,0.318,1,MORF4L2
0.21939822775331488,-0.3968423374165848,0.068,0.112,1,MVB12A
0.5072236668284442,0.39681751041813307,0.114,0.093,1,SLC25A33
0.22997901706933943,-0.39678892881241756,0.068,0.111,1,ASCC1
0.0966443291638755,-0.39667164297988655,0.205,0.299,1,RNF4
0.0663299701634804,-0.39665970373629444,0.057,0.125,1,UGCG
0.7306362966654243,0.3966240956429722,0.205,0.198,1,PMAIP1
0.759515369129591,0.396451151515001,0.205,0.201,1,MTG1
0.7394196300461319,0.39626740086727175,0.102,0.118,1,DIS3L2
0.29858358925784795,-0.3962149468775654,0.216,0.268,1,MTSS1
0.9856366734174252,0.39618172139982977,0.17,0.182,1,SAE1
0.08642878541367649,-0.3961729836914705,0.227,0.33,1,DAZAP1
0.8067089213351719,0.39596237619501773,0.114,0.127,1,ANKRD39
0.3952326108126324,0.3959165289125206,0.295,0.275,1,NECAP2
0.30733850268652274,0.3958849448374286,0.341,0.31,1,IRAG2
0.1362403287199015,-0.3958169318789191,0.068,0.124,1,POLR3A
0.08054594497549367,-0.3956954130018904,0.205,0.301,1,NMRK1
0.879321978041002,0.39537358396512345,0.25,0.285,1,UBQLN1
0.0020785564442725867,-0.3947918912302213,0.602,0.858,1,CD8A
0.9634704877849342,0.39472234743948764,0.148,0.158,1,BTRC
0.37556753062334036,-0.3946586528661482,0.102,0.135,1,NUDT1
0.03256500342438903,-0.39449494997394274,0.102,0.202,1,GATAD2A
0.19310471426784598,-0.39434828536360456,0.318,0.397,1,BBX
0.05650679378286951,-0.3942964540585958,0.102,0.191,1,LRPPRC
0.32095473475441555,0.3941475852542661,0.261,0.228,1,CDC27
0.48409906327932156,0.39355669640307095,0.364,0.336,1,CRBN
0.6787928963286737,0.39353131691391297,0.125,0.113,1,CEP135
0.16826903219725756,-0.3935086662901036,0.273,0.343,1,PSIP1
0.09380410649877005,-0.39345388248697344,0.136,0.219,1,STARD3NL
0.9560650533692872,0.39303934114936023,0.159,0.166,1,USP7
0.24157133642530348,0.39297526883360256,0.205,0.158,1,TRIM4
0.12678646429323215,-0.39294533247650465,0.5,0.561,1,H2AZ1
0.23223830818902652,-0.3927016688875997,0.114,0.165,1,STYX
0.10705632875600968,-0.39257689618572633,0.102,0.175,1,SLC38A9
0.17264101606991067,-0.3924520250211463,0.125,0.188,1,TAF1B
0.9216130534316511,0.3918172985289744,0.182,0.199,1,MRPS16
0.29685821744972696,-0.39152668641738186,0.102,0.144,1,CNOT6
0.9057474833580009,0.3906747700519886,0.125,0.126,1,ENSG00000291203
0.036894821353027026,-0.3906552189818384,0.114,0.218,1,DHX29
0.9156773463266821,0.39045522467741056,0.216,0.224,1,LGALS8
0.5786213536413661,0.39034700613815154,0.091,0.116,1,GFOD1
0.052829099927619444,-0.3902030676832242,0.33,0.45,1,RBIS
0.595111561556911,0.3900401442722432,0.193,0.18,1,ATG13
0.1451867060004418,-0.38993860861240615,0.136,0.208,1,CLPX
0.08424059487464479,0.3898276174933338,0.386,0.307,1,CREBZF
0.13815753959438892,-0.3898267681325831,0.091,0.154,1,MFSD14CP
0.5504042132194342,0.3897753421127795,0.261,0.255,1,HACD3
0.8089219694047922,0.38938902527537267,0.125,0.12,1,LAMP2
0.15623869900128784,-0.38930558316590047,0.102,0.164,1,ELF4
0.4938414211844041,0.3892991476669217,0.341,0.341,1,EIF4E2
0.17754511885790253,-0.38893382215240324,0.136,0.198,1,TSPOAP1-AS1
0.05969841872535569,-0.38888311981001344,0.159,0.263,1,NDUFB5
0.04688534987131484,-0.3885618650031528,0.284,0.397,1,SPON2
0.3760424870518893,-0.3884432424226565,0.102,0.137,1,TRIM44
0.19591186896224438,-0.3883224063165639,0.284,0.344,1,XPC
0.187783399699804,-0.38827638505198836,0.136,0.197,1,GMPS
0.4683660087331665,0.38827474681455787,0.227,0.208,1,DCUN1D5
0.3768332802591311,0.38809577521499583,0.125,0.096,1,TGFBR1
0.8108449838307423,0.3880438897229506,0.216,0.246,1,ETHE1
0.05956200714199357,0.387992014794166,0.58,0.514,1,CDKN1B
0.5772765728203828,0.3879848727488372,0.205,0.191,1,BRAT1
0.17012174218604761,-0.38764245983660617,0.091,0.148,1,PXK
0.01314684220716552,-0.38753696789648906,0.591,0.681,1,MZT2B
0.9365156376316095,0.38725902356010194,0.239,0.268,1,UBE2H
0.021102487467952884,-0.38714993955438726,0.398,0.562,1,ST13
0.7875653211679785,0.3871325051746224,0.102,0.095,1,SLC39A9
0.20177855924637864,-0.3870754670819878,0.114,0.169,1,RAB11FIP3
0.6537022917752371,0.3867800921525497,0.114,0.136,1,MAP2K7
0.4452670747733529,0.38674584232053694,0.273,0.256,1,TXNDC9
0.06437738834027203,-0.3865406691219815,0.17,0.276,1,UNC50
0.08681998191784367,-0.38647251427154744,0.386,0.455,1,TTC39C
0.11572260632893276,-0.3859030846311857,0.125,0.202,1,DCAF11
0.3136463928292585,0.3854647818049517,0.193,0.153,1,PRKCA
0.9189643381274986,0.38543085215196626,0.17,0.177,1,BLTP3B
3.3593519254374884e-4,0.3854121063692937,0.898,0.829,1,UBL5
0.181088558127535,-0.385365159956224,0.057,0.102,1,TMEM175
0.2615133895965267,-0.385136999789627,0.091,0.134,1,DOCK9
0.46951231922749737,0.38510525636596016,0.25,0.235,1,CCDC124
0.8176682977613074,0.3850846202937015,0.136,0.134,1,TIMM22
0.03147313630064871,0.38487854347502126,0.659,0.662,1,HLA-F
7.890664932838977e-4,0.3848169792649432,0.807,0.705,1,ADGRE5
0.02946968928268074,-0.3847938929170567,0.239,0.372,1,HNRNPUL2
0.22073966828290217,-0.38467309223532453,0.205,0.265,1,R3HDM1
0.7991976288857116,0.384532519389589,0.159,0.158,1,H2AJ
0.4979521008924511,0.38394411637850195,0.273,0.25,1,PBDC1
0.03007804349881285,-0.3838695093798574,0.148,0.268,1,ANKH
0.09253655228434733,-0.3837490269752024,0.125,0.204,1,GTPBP4
0.12114966276069636,-0.38358893349375034,0.091,0.157,1,LPCAT3
0.33029116507616435,-0.38332606001712755,0.159,0.204,1,CHCHD10
0.5726406928909185,0.38302932534813783,0.295,0.287,1,HUWE1
0.11678954442852096,-0.38271912686996656,0.091,0.156,1,DTNB
0.2847532294822321,-0.38224715180250035,0.148,0.195,1,RPA1
0.04239504106303656,-0.3822252989444258,0.443,0.568,1,TBCA
0.035391411852222505,-0.38182092104217774,0.409,0.536,1,XRN1
0.09891819122577841,-0.3814429693945036,0.068,0.131,1,NBPF12
0.21932079186960662,-0.38124832683530485,0.08,0.125,1,PSMG4
0.03794002044129721,0.3806760497627455,0.466,0.372,1,SIVA1
0.4826387648658042,0.38057695826803856,0.318,0.302,1,CEP57
0.2544368315565595,-0.38051095698530957,0.091,0.136,1,ZSWIM8
0.21831430409033545,-0.38042468525980544,0.193,0.255,1,SKI
0.6066608820370313,0.3798775338099949,0.148,0.133,1,DGCR2
0.12183648264004082,-0.3796114811610064,0.159,0.235,1,ATP6V1A
0.04731672359983985,-0.3794989841405356,0.273,0.411,1,EPS15
0.32819320120022843,0.37948766965855585,0.25,0.214,1,LAMTOR3
0.39391161654574125,0.3794442840051955,0.534,0.558,1,HSPA5
0.590242086238879,0.37917020791018635,0.284,0.277,1,SNRPA1
0.252909310041333,-0.3790926985828533,0.102,0.149,1,HEATR5B
0.1992461312784043,-0.3789420380834696,0.114,0.172,1,ETFB
0.8457342637548976,0.37876464791425635,0.102,0.113,1,MON1B
0.12778584100579413,-0.3787467339838151,0.068,0.127,1,DDX60L
0.12151604039959582,-0.378543808017458,0.17,0.251,1,ZNF326
0.1411772529148985,-0.37824832633270034,0.148,0.219,1,TWF1
0.30758217776043134,-0.3781935436578776,0.125,0.168,1,SLC25A12
0.7423906904691993,0.3781883811047133,0.102,0.094,1,RAB2B
0.1938837884149047,-0.3779150196434222,0.057,0.101,1,MTERF1
0.13664857680980538,-0.37789237829190636,0.159,0.236,1,MCOLN2
0.960079135306443,0.3774523697282748,0.159,0.166,1,GUSB
0.15576751006180997,-0.3771828154642338,0.136,0.208,1,CLASP2
0.9274028957775104,0.377167944587392,0.182,0.2,1,ZNRD2
0.22266202278999916,-0.3770056274086191,0.125,0.179,1,VAV1
0.8652193331854852,0.3767156756334546,0.307,0.332,1,BUD23
0.0015836168800304018,-0.3766745123754731,1,0.995,1,ACTB
0.3432168561109525,0.37637467366529676,0.398,0.39,1,SAP30BP
0.07153802071309553,-0.37597690699197184,0.295,0.415,1,CBX3
0.31464792044461404,-0.37578564799126557,0.08,0.116,1,CRACR2A
0.09596226921630369,0.37559409176321257,0.739,0.689,1,PDIA3
0.6053862050979091,0.3753774009370625,0.125,0.11,1,FOXK2
0.4298061052859382,0.3753469260941934,0.273,0.25,1,PHB1
0.17478142950499762,-0.3752863065180483,0.091,0.148,1,STAU2
0.22735858428318287,-0.3752212966088885,0.261,0.318,1,BTN3A1
0.018766329786486312,-0.3752204988673279,0.409,0.58,1,USP15
0.7938306411911997,0.3750349207252086,0.205,0.203,1,SIAH2
0.5628736393119353,0.37496180562907444,0.159,0.141,1,PRPF39
0.104716363105045,-0.37490549026388353,0.182,0.263,1,HSPA4
0.026207283258130452,-0.37479257412132383,0.443,0.588,1,PRDX6
0.08139175823662846,-0.37477622205155875,0.261,0.372,1,C14orf119
0.18966393456315217,-0.3747504979580716,0.08,0.131,1,POLR3K
0.45913194484199554,0.37461046522399344,0.205,0.183,1,SPTY2D1
0.16940234811654614,-0.37423870491761024,0.25,0.332,1,TLK1
0.06502351482411348,-0.3741697663898855,0.125,0.215,1,SLC52A2
0.5133776386300564,0.3739674205905954,0.08,0.107,1,RAD50
0.3431357933359156,0.37383860801914914,0.398,0.4,1,YIPF3
0.5504158488912847,0.37352311273249783,0.159,0.143,1,ZBTB2
0.04822414137373172,-0.3735219249884836,0.091,0.177,1,CDHR3
0.2995214176106042,-0.3735120812528048,0.068,0.104,1,FAM98B
0.23464375108932697,-0.3732870289306105,0.136,0.188,1,MRPS2
0.9721074442016479,0.3732065913043978,0.136,0.142,1,VPS16
0.09019705151242664,-0.37270114127600795,0.057,0.121,1,TTC21B
0.3352278372128749,0.37265227781749666,0.364,0.352,1,DHX9
0.39212696642847583,0.37239594238022883,0.307,0.284,1,PPP1R35
0.8731151701973019,0.3723490918518415,0.102,0.1,1,ASPSCR1
0.14317520045181883,-0.37224226985849174,0.114,0.178,1,MYO9A
0.7723402990101907,0.3722280382617944,0.25,0.259,1,OSER1
0.9407950019270028,0.3720413080340278,0.193,0.209,1,BLCAP
0.24243852868457216,-0.3713082626672062,0.08,0.123,1,CHTF8
0.1765273491737588,-0.3712746310208675,0.25,0.324,1,GRK2
0.45190101429701773,0.3712177313620545,0.352,0.328,1,MARCHF7
0.4908325156874793,0.3711359394316225,0.239,0.222,1,TMEM50B
0.028304886838902785,-0.37112480878414156,0.17,0.296,1,PRKCQ-AS1
0.2684737888858612,0.37100512290546434,0.364,0.322,1,ATG12
0.5699983067964278,0.37086540096803755,0.216,0.2,1,SHARPIN
0.13364103512108833,-0.37072238780404615,0.295,0.378,1,ATM
0.9010079871025594,0.37044960037666574,0.114,0.124,1,MCM3
0.4617927274539962,0.370422112114813,0.159,0.135,1,ZDHHC5
0.4500824446622253,0.3703633650374474,0.193,0.17,1,EPS15L1
0.15465484233000806,-0.37034133726262874,0.466,0.566,1,PAXX
0.564581652309327,0.37026837259213297,0.148,0.182,1,MTRFR
0.19140407035607104,0.37026446031756177,0.295,0.24,1,ANKRD13D
0.4588481747994643,0.3699822224314968,0.148,0.123,1,ZNF281
0.49954086544728293,-0.3697004902715886,0.091,0.114,1,RREB1
0.043025691030416424,-0.36938037135845025,0.614,0.705,1,GNLY
0.2612695575882632,0.36936283030790923,0.33,0.299,1,AP2B1
0.281009016930219,-0.36929460319771823,0.114,0.158,1,TMEM167B
0.03417524077813693,-0.3688186518844153,0.489,0.61,1,ARAP2
0.22500132643555998,-0.3685927787782976,0.205,0.268,1,CDK6
0.3765526455489386,-0.36825743945668465,0.114,0.149,1,ALMS1
0.19743579787742513,-0.3681712811259865,0.102,0.156,1,PLPBP
0.10936375226510636,-0.367881900181005,0.045,0.1,1,CCDC138
0.5408539726567911,0.36696453700260145,0.216,0.201,1,TSR2
0.8740472402235224,0.3668671543562596,0.136,0.139,1,TM9SF4
0.13258645826849436,-0.3666561964621604,0.091,0.155,1,SLC4A1AP
0.10720528520394083,-0.3665069584868349,0.148,0.229,1,SNX14
0.9822416941180563,0.36626524952695294,0.114,0.12,1,TTC13
9.85117695208979e-4,-0.3662553433986715,0.875,0.897,1,MT-ATP6
0.8356342486973783,0.3662307349196122,0.193,0.198,1,WDR7
0.8835122583933686,0.36621627240960597,0.193,0.205,1,TIGAR
0.12216269919860533,-0.365986055641237,0.182,0.272,1,UBAP1
0.17959761057640922,-0.3656998732449127,0.182,0.248,1,EMC10
0.032812875428237125,-0.3656229968115259,0.5,0.64,1,SRSF3
0.7813756594271368,0.36547112106018753,0.136,0.13,1,SNX27
0.6987550937008342,0.3653950906869725,0.114,0.103,1,WDR73
0.32714876338124094,0.36514504521521407,0.307,0.28,1,PCIF1
0.7413565861969496,0.3649288676854073,0.364,0.365,1,PNRC2
0.11865206728352509,-0.3648266078410507,0.148,0.229,1,GLRX
0.0013935512635277598,-0.3646678368684366,0.932,0.979,1,GAPDH
0.09825711187172681,-0.3627320528400559,0.193,0.281,1,LINC02446
0.4079171628587179,-0.3626230295254709,0.114,0.146,1,POLR2J3
0.6035256033860379,0.36247071992060964,0.193,0.182,1,MFSD5
0.12476991851893185,0.36196818108837014,0.364,0.303,1,CNOT4
0.35349802056740715,0.361862384148532,0.33,0.304,1,SYNCRIP
0.16484870868884244,0.36168762546684885,0.17,0.118,1,ENSG00000268027
0.6513244704309558,0.36144137279444033,0.125,0.112,1,ARSA
0.11473964149657072,-0.3614341614684689,0.25,0.348,1,ALKBH7
0.054969119401830795,-0.3613030330465026,0.489,0.569,1,ANP32B
0.25696598651452257,0.3608902332612225,0.364,0.327,1,ID2
0.28562015393457624,-0.36087042710715544,0.114,0.157,1,MPHOSPH9
0.0709807232737335,-0.36054495958782995,0.227,0.341,1,GNA13
0.6441522936509679,0.36035982233753705,0.136,0.121,1,TBL3
0.8076778915778398,0.3602661985747746,0.17,0.167,1,KIN
0.18681614522607917,-0.360187638094168,0.159,0.224,1,LARP7
0.06420231002759968,-0.3601483898485296,0.159,0.258,1,RC3H2
0.7509407203247819,0.3601415571454283,0.159,0.154,1,NAGK
0.0079963573328469,-0.3600587983549137,0.568,0.714,1,UQCR11
0.8332274163435108,0.3599183016148071,0.182,0.2,1,SMAD7
0.7620863963458504,0.3598557596051588,0.114,0.106,1,GLRX2
0.10252401263613112,-0.3595752045473577,0.057,0.116,1,CCDC28B
0.1952367734975676,-0.3595284755951804,0.182,0.248,1,HNRNPH2
0.7384439688344684,0.3594815863032288,0.114,0.105,1,CPEB2
0.12307581396151306,-0.35943886733708275,0.114,0.184,1,NDUFS4
0.6043161233659822,0.35940660324519946,0.216,0.202,1,NFYC
0.07594927666177306,-0.35939864333305493,0.08,0.151,1,TRAF6
0.06033069557676342,-0.35938348169777967,0.216,0.321,1,FBXW7
0.17922364331814858,-0.35920803999443685,0.08,0.131,1,MRPL48
0.7601364676204685,0.35899369131378567,0.136,0.157,1,CXorf38
0.07761269526252808,0.3587557248541927,0.466,0.401,1,SRP19
0.7074626355325471,0.35824855854586546,0.125,0.114,1,COQ10A
0.9413019461876917,0.3577927524314153,0.125,0.127,1,RPL26L1
0.021735267450286512,0.3577405014866837,0.795,0.736,1,CD2
0.25194965978189626,0.35752467887650796,0.375,0.351,1,YIPF5
0.44382659731156443,0.35728696077267,0.284,0.266,1,TXN2
0.3453926932862219,-0.35712389893382257,0.091,0.126,1,ESS2
0.6342602570294558,0.3570142265113998,0.136,0.122,1,SLC35B2
0.3060739757487429,-0.35698030063832453,0.068,0.104,1,ASB7
0.9123910840736957,0.3565331286716025,0.125,0.137,1,ZNF708
0.21037491627182958,-0.3560408364180485,0.193,0.257,1,FDPS
0.054808136466624115,-0.35597856185802945,0.261,0.387,1,MAP2K1
0.11212882172971836,-0.35594793670004554,0.102,0.174,1,ZNF622
0.10216726373347836,-0.355782819313611,0.273,0.37,1,PPP6R3
0.08718366326197348,0.3556691881927312,0.5,0.443,1,ANXA7
0.513616625557045,0.35534043638750334,0.227,0.211,1,CBL
0.6904896859202814,0.3551895226026731,0.114,0.102,1,ZNF44
0.19192187652789036,-0.3551662803972637,0.057,0.102,1,GIGYF1
0.991703202373326,0.35507185825377685,0.136,0.143,1,KIAA1191
0.14647249580885124,-0.3549821794574435,0.125,0.19,1,DDX52
0.6502984460950081,0.35493443336183217,0.227,0.217,1,PPIL4
0.21598638677235088,0.3548389184450182,0.364,0.326,1,RAP2B
0.2906437772335392,0.35474204380044105,0.284,0.248,1,MRPL36
0.646534859558206,0.3547198144142554,0.148,0.135,1,CHMP6
0.16380595011967283,-0.35470887897288594,0.17,0.24,1,KLHL20
0.23093130214183066,-0.3546563340478218,0.193,0.255,1,CTBP1
0.3768490973811416,-0.35458109138193183,0.091,0.123,1,FAM98C
0.08267528124069401,-0.3545568848749925,0.205,0.311,1,CLPP
0.0497008344084781,-0.3543500842024162,0.205,0.328,1,ZNRF2
0.6947574198288904,0.3540254186924966,0.205,0.198,1,ZMYM5
0.19782379205972586,0.3539250926723791,0.352,0.304,1,DENR
0.008402312482400974,-0.3537758939212863,0.534,0.706,1,EML4
0.5190300338871727,-0.3537597976717304,0.114,0.138,1,ENSG00000228655
0.22809058699091161,-0.3536254982365177,0.193,0.256,1,QKI
0.09314144452612831,-0.35361707271985265,0.364,0.456,1,CHST11
0.06823884450488865,-0.35353977671248515,0.511,0.598,1,RNF213
0.8555007713915503,0.35353630473599207,0.182,0.208,1,ENSG00000274265
0.1929771932089396,-0.3533909795835434,0.205,0.271,1,PFDN1
0.1482744027581296,-0.35334951801313796,0.205,0.286,1,PSMD14
0.09484218533183181,0.3529669890666239,0.42,0.345,1,CITED2
0.8211647026924866,0.35282111105311675,0.205,0.227,1,CRNKL1
0.11718583823205622,0.3527175016656543,0.648,0.608,1,HLA-DRB1
0.3163292212372495,-0.3524669239443199,0.08,0.116,1,TRIM13
0.7193718309603908,0.3520410458010451,0.341,0.352,1,UBL3
0.2549075519423401,-0.3518377708574012,0.068,0.109,1,YEATS4
0.6914813517231604,0.3516818505361994,0.148,0.135,1,SLAMF7
0.21962154991497737,-0.3516740802996241,0.114,0.168,1,VPS53
0.5757604705823638,0.3515943157131196,0.102,0.086,1,GMPPB
0.7412442282278595,0.3515596249995195,0.227,0.227,1,AHI1
0.17351603487588857,-0.35150379527228015,0.068,0.119,1,STRBP
0.1604100407381362,-0.3513005704967537,0.182,0.255,1,MYO5A
0.5781877468346917,0.3511799470800158,0.25,0.296,1,GCHFR
0.6397691904151306,0.3511703451172119,0.284,0.281,1,CIAO1
0.1092771588120668,-0.3507256461108561,0.091,0.158,1,TP53BP2
0.08258202281643623,-0.3504337027736835,0.227,0.328,1,SLC4A7
0.23620775215841688,-0.3502892652484477,0.08,0.124,1,USP37
0.48678312607916335,0.3502884965727237,0.341,0.339,1,PPP4R3B
0.9450881810794833,0.3502606861970017,0.136,0.145,1,ACAA2
0.9102364717945934,0.3496447805850993,0.136,0.143,1,FBXO28
0.4442044666846922,-0.34927295259180813,0.125,0.154,1,DBF4
0.22119054428148885,-0.3492189818238194,0.114,0.164,1,ANO6
0.09475225928044356,0.3491691311633849,0.727,0.681,1,KMT2E
0.21269936644198165,-0.34905485117272095,0.068,0.113,1,STAT2
0.057316793287702554,0.34888259395243554,0.557,0.499,1,SELENOF
0.13464475105015067,-0.3488167239762937,0.341,0.438,1,TLN1
0.15538122196771179,-0.3487699216814899,0.182,0.255,1,HECTD4
0.9497935525278002,0.3487363596434929,0.136,0.147,1,SLX9
0.18502069632471133,-0.34872337870344516,0.091,0.147,1,MXI1
0.15910838692192578,-0.34862107857117275,0.091,0.147,1,WIPF2
0.014895521667475512,-0.348618243540571,0.409,0.567,1,MRPS6
0.5615330896811117,0.3485578374226843,0.17,0.15,1,SRGAP2
0.2388664527733486,0.34853171208954214,0.477,0.423,1,TAGAP
0.10680773660635441,0.34848734208630244,0.398,0.336,1,SMC3
0.4040627497807269,0.34848325092344856,0.125,0.172,1,SMARCA4
0.16323513251061436,-0.34846989176957216,0.216,0.292,1,ATP9B
0.48665453852806456,0.34826061132427955,0.261,0.234,1,NPTN
0.9872431930096464,0.3481332137622344,0.114,0.116,1,NDUFAF2
0.4251591820150146,0.3477910058694008,0.489,0.492,1,MAX
0.12014571299420314,-0.3476452073794343,0.136,0.213,1,PPT1
0.6178209553727212,0.34762119316752504,0.193,0.232,1,DESI1
0.7965231645788002,0.34747747413544117,0.125,0.142,1,INTS12
0.751382706441041,0.3472030720483903,0.148,0.141,1,SMURF1
0.15875271642744002,-0.3471956039135458,0.386,0.478,1,ADSS2
0.5645916635976562,0.34713476010562494,0.125,0.108,1,GOLIM4
0.7644060084015718,0.3470449847353471,0.307,0.349,1,CWC15
0.13662533350743242,-0.3469029890142046,0.091,0.154,1,ZMYM4
0.19702943502508538,-0.3468607025670065,0.102,0.157,1,ELP6
0.4916643328449201,0.34677342309797077,0.17,0.216,1,CUL2
0.2705125516639811,-0.3465024536355946,0.205,0.261,1,SMAD4
0.20266938603706647,-0.346461260200462,0.114,0.17,1,TRDMT1
0.07784069508828226,-0.34641006293023446,0.136,0.226,1,TASOR2
0.9808903057798551,0.34624376341648444,0.307,0.339,1,TMBIM4
0.35859865881248115,-0.3459476372168824,0.102,0.138,1,YARS2
0.40283171599011786,-0.3454552367764292,0.114,0.146,1,LPIN1
0.13311600759321943,-0.3454323266881654,0.227,0.306,1,DPYD
0.12943515874621261,-0.3450220416625224,0.227,0.317,1,STMP1
0.0016162561034560319,-0.344947890065338,0.477,0.737,1,CD8B
0.538877682073493,0.3449167863030932,0.341,0.327,1,BLOC1S2
0.9576160921358767,0.3448339523291277,0.136,0.139,1,SUN1
0.2191446776717488,-0.34481317150976754,0.068,0.112,1,LINC00342
0.47364800727546097,0.3446584575710212,0.193,0.17,1,SART1
0.9346889689341736,0.3446464114079848,0.136,0.14,1,GNB5
0.30400574108122663,0.34453061554037523,0.261,0.224,1,PYCR2
0.06696239237263567,-0.34449751676085216,0.182,0.281,1,UFL1
0.25242543529348316,-0.3442917109107768,0.227,0.289,1,AFF4
0.74922823878392375,0.344275094202392,0.125,0.143,1,DENND6A
0.9731099614023878,0.3442213960536229,0.125,0.132,1,ECSIT
0.07432075592428126,-0.3441545682720566,0.216,0.326,1,RBL2
0.2678448228843672,-0.3439656638019636,0.273,0.324,1,PVRIG
0.144711670364556,-0.3439382753216961,0.364,0.445,1,GIMAP1
0.21882297838437426,-0.34390267601981095,0.091,0.141,1,DCUN1D1
0.9506022351041449,-0.34381217777378215,0.205,0.196,1,ST8SIA1
0.10344429615799472,-0.3434344766213979,0.25,0.347,1,SERPINB1
0.27359750632783375,-0.3433141063271762,0.136,0.19,1,WHRN
0.9732289791946617,0.3430054719046275,0.182,0.191,1,ULK4
0.23260281766529764,-0.34298595193844705,0.091,0.139,1,AKIP1
0.4928601573081684,0.3428642807367075,0.136,0.112,1,C12orf29
0.4620270185470003,0.34269524498770243,0.227,0.199,1,C19orf25
0.4806451655957912,0.3426812041093582,0.227,0.209,1,BCAP29
0.31113975190867527,-0.3426262173813095,0.148,0.192,1,FTSJ1
0.08425047305026251,-0.34252271244946164,0.182,0.277,1,DNAJC19
0.6592358789574799,0.34210747328062396,0.136,0.122,1,BSCL2
0.8215253998543971,0.34210064635740556,0.284,0.305,1,FYTTD1
0.2306434180736298,-0.3419715800267522,0.216,0.276,1,CCDC115
0.9500267299065254,0.3419029175782644,0.114,0.118,1,ZNF160
0.007689882767302951,0.34179089996234335,0.909,0.869,1,SKP1
0.13115918714045918,-0.3416560107093596,0.136,0.214,1,SUDS3
0.5613727763491196,0.34138944808102434,0.261,0.255,1,CSRNP1
0.37835653718977885,-0.34135150224205546,0.08,0.111,1,TBC1D32
0.009239168702686656,0.34123741578516587,0.875,0.847,1,JUND
0.43253942204891843,0.3412086097042163,0.227,0.199,1,SSRP1
0.08312588353649682,-0.34119761357847367,0.511,0.607,1,PTPN22
0.09293008820389047,-0.3410879150673478,0.591,0.665,1,TAP1
0.17663807368522383,-0.34108367464570577,0.136,0.202,1,APPBP2
0.12087659860642797,-0.3405933139944697,0.352,0.458,1,SYTL3
0.195631884448906,-0.3400091796798388,0.159,0.224,1,COMMD3
0.17963583708851608,-0.3399803302670885,0.08,0.134,1,PRKD2
0.4740784280641151,0.33964400925181376,0.307,0.286,1,AKIRIN1
0.06358581265770111,-0.33957343151270636,0.659,0.75,1,ETS1
0.06104470655909082,-0.33956741029622917,0.591,0.69,1,LYST
0.8732050105504044,0.33953466130993126,0.125,0.139,1,SAP30
0.37623805267478533,0.3394968917912069,0.114,0.155,1,SNX25
0.628658336271505,0.33923101284826995,0.227,0.21,1,GCLM
0.44083607372234535,-0.3391796732967527,0.08,0.106,1,ADA2
0.29597854128135614,-0.3390292076455891,0.17,0.226,1,H1-3
0.5443053290028902,0.3390127194017065,0.114,0.095,1,SIN3B
0.47725383604391086,0.33884702503694875,0.261,0.236,1,COMMD1
0.7743796508765955,0.3386059874541134,0.125,0.142,1,SLC20A2
0.2772162473456992,0.338570235603346,0.455,0.425,1,KLF3
0.2947604897485143,-0.33848993471912125,0.159,0.209,1,CRIPT
0.5518248608367566,0.3378092633698031,0.182,0.163,1,SLC25A36
3.689438299174751e-4,0.3376961132408298,0.977,0.966,1,DDX5
0.7338813227864946,0.33765851458795604,0.42,0.434,1,RSRC2
0.29377246257366474,-0.337580694589537,0.08,0.118,1,ACAT1
0.08646298657248438,-0.3372756479048353,0.284,0.388,1,ZNF148
0.2893461300633263,-0.3371914455090884,0.295,0.35,1,CCND3
0.30019508171866915,-0.33684436203609336,0.307,0.364,1,RARA
0.8387610697839132,0.336843030521046,0.239,0.242,1,PPP3CB
0.9156118551664059,0.3368362764085677,0.148,0.152,1,APOBEC3D
0.9322545129138146,0.3367142806182202,0.102,0.103,1,ATP13A1
0.3488183496499834,0.3363917195050994,0.193,0.157,1,WDR54
0.33881376424851734,0.33629314950829836,0.455,0.446,1,UBE2R2
0.283819037396461,-0.3361018550141086,0.08,0.119,1,ACOT2
0.3971398894989813,0.3359200035017692,0.341,0.318,1,NDUFA5
0.10822442547815174,-0.33585424282796006,0.205,0.297,1,DUSP11
0.8902213915933606,0.3358442496744585,0.125,0.122,1,SLC25A4
0.1568487101585731,-0.33554679144744726,0.08,0.137,1,RAB11FIP4
0.8450719517074516,0.3353484627995589,0.17,0.17,1,POLR2H
0.8314217981301422,0.3350803517174419,0.091,0.101,1,CRK
0.20920714885663902,-0.3349217775839587,0.409,0.47,1,NDUFC1
0.09085515117493198,-0.3347959238862436,0.148,0.234,1,KIDINS220
6.288985579111053e-5,0.3347553618385595,1,0.97,1,TAGLN2
0.07718209002811753,0.33467381309748334,0.534,0.446,1,ILF2
0.4458448320230533,-0.3345827892947013,0.091,0.117,1,NCALD
0.5523224171668437,0.3345756503970947,0.261,0.251,1,UBA6
0.35320848986976805,-0.3345071313029896,0.432,0.497,1,PYHIN1
0.6710597508550813,0.33440011367912426,0.239,0.235,1,USP4
0.585251969355538,0.33427854336569895,0.148,0.128,1,TLNRD1
0.9564347283938226,0.3342177192984993,0.182,0.192,1,FKBP3
0.1565369126262347,-0.3340942373459446,0.227,0.314,1,RNASET2
0.015308322970576209,-0.33383110515944026,0.341,0.489,1,CHIC2
0.8068493422680294,0.3337478462472701,0.341,0.354,1,JAZF1
0.04961967474402736,-0.3335235033112922,0.659,0.734,1,UBXN1
0.5487204857119079,0.33351914252074844,0.239,0.228,1,ATE1
0.25238583239066714,-0.3331266840307494,0.068,0.11,1,ARHGAP18
0.4213228187300791,0.33301570798091645,0.364,0.347,1,ABT1
0.3046792378333285,0.33297448252398315,0.443,0.435,1,CYLD
0.7961682336730763,0.332753871043459,0.148,0.143,1,UTP3
0.28592160584012855,-0.33253939068194005,0.159,0.209,1,FBXO9
0.40901031920388825,0.3322850296441944,0.136,0.18,1,CCAR2
0.16315940480005278,-0.33228303530042014,0.261,0.34,1,NDUFS2
0.07322667445721548,-0.3322733529505453,0.091,0.169,1,COMMD9
0.029022780949888045,-0.3322606409111699,0.636,0.738,1,CDC42SE2
0.06966067713546335,-0.33196200208898674,0.523,0.652,1,RBM8A
0.16471854890385404,-0.3316739251609073,0.136,0.205,1,MRPL13
0.2675982868561196,-0.3315388831650963,0.08,0.12,1,UBN2
0.03088838687184871,-0.3314009727146534,0.534,0.686,1,SRSF11
0.06621820517092936,-0.33112825412886315,0.182,0.288,1,NPEPPS
0.5257923836881648,0.33109985812059595,0.159,0.139,1,FRS2
0.9375682303378575,0.33090865167399897,0.114,0.113,1,TTBK2
0.20627416440771015,0.33076820837224374,0.386,0.346,1,TMCO1
0.19726864715193526,-0.3307397373558745,0.102,0.16,1,ZNF407
0.1419854044850404,-0.3307143170107489,0.375,0.461,1,HMGB2
0.6390722295532457,0.3306894317619415,0.284,0.281,1,PARP4
0.7965640975219929,0.3306147712557008,0.102,0.095,1,SLC35A4
0.8131977730686737,0.33060745004800807,0.125,0.12,1,AHCYL1
0.18080091852371166,-0.3304056273588172,0.068,0.118,1,H3C4
0.6810220987093026,0.33014035576836687,0.125,0.114,1,ZFYVE27
0.5557745208092231,0.33013419939191807,0.455,0.473,1,MAP3K2
0.18644484266513586,-0.33006655684698916,0.114,0.172,1,SART3
0.1728032039319064,-0.3300408983609815,0.102,0.163,1,SDCCAG8
0.01943323416275654,-0.33002460662155464,0.5,0.662,1,GNAI2
0.37245600584935157,-0.3296597670627559,0.159,0.2,1,SREBF2
0.7963055951906289,0.329525233031505,0.261,0.252,1,CCR7
0.1410400059836058,-0.32930346043559755,0.148,0.219,1,STK26
0.9740589746493705,0.3292732404091908,0.114,0.117,1,LINC01505
0.05547937992569379,-0.3289443919571989,0.341,0.47,1,RNF166
0.5682059901969216,0.32881306900446283,0.102,0.128,1,ZNF675
0.08106384671421724,-0.32859609833964964,0.102,0.178,1,ALG5
0.3398841007173118,-0.32856171782828536,0.091,0.127,1,POLR3C
0.9156183687217835,0.3282432184356847,0.125,0.127,1,RNASEH1
0.016133464749740117,-0.3278760611635425,0.034,0.122,1,THOC5
0.024493601485651145,0.32785839532094824,0.295,0.198,1,CMSS1
0.35995662883227136,0.3278133395014924,0.386,0.35,1,PDE4B
0.11172244357292406,-0.327762702652557,0.239,0.333,1,TOMM22
0.24697118518117195,0.3276961988072318,0.33,0.279,1,TGIF1
0.27760811579798517,-0.32760738561669034,0.273,0.326,1,FOXJ3
0.977074994686381,-0.3273723609372885,0.42,0.451,1,CCL4
0.3647026972127039,-0.32727501832586636,0.08,0.111,1,ZNF585A
0.41809451725541696,0.32718267999948725,0.318,0.294,1,RRAGA
0.2669416291956611,-0.3270814020962747,0.091,0.134,1,RGS14
0.0031906781119387232,-0.3270520329213835,0.818,0.914,1,ATP5MG
0.82263322294882,0.32698675908455477,0.42,0.448,1,MPHOSPH8
0.06768706933145911,-0.32690543142103323,0.148,0.245,1,TBC1D1
0.2525106890336667,0.32688733342490817,0.364,0.313,1,SAMD9
0.054370210014885956,-0.3268789487308019,0.614,0.646,1,ATP5F1D
0.4491714266980592,0.3267951974142971,0.148,0.121,1,SPRTN
0.12097813231523981,-0.3267595011525515,0.136,0.213,1,BLMH
0.7958791892961353,0.3267424244013333,0.125,0.143,1,COG7
0.02743292666424385,-0.3266974638057387,0.318,0.454,1,PRPF4B
0.38583339383856985,0.3264445208399789,0.205,0.175,1,PLK3
0.5735718522358484,0.3263163373962502,0.25,0.24,1,PCNT
0.7125479619387012,0.3262831961078422,0.25,0.251,1,NHP2
0.26177030705211846,-0.32617339468426687,0.114,0.163,1,TYW1
0.3206530476211408,-0.3260655558985358,0.25,0.302,1,VPS36
0.3386285843499532,-0.32605266609003813,0.307,0.357,1,SHOC2
0.3637184818000759,-0.3257572182265698,0.114,0.15,1,STK25
0.9344947674567146,0.3256910709726073,0.136,0.139,1,PTPA
0.25451848776531777,-0.3255665560063792,0.102,0.149,1,UBA5
0.8008720877394065,0.325521678858111,0.114,0.108,1,BMI1
0.4873572562673145,0.3255153401871824,0.148,0.123,1,NAA15
0.05446176186199352,0.3254351664782231,0.625,0.566,1,MYADM
0.5931688115295227,0.32539838859448234,0.42,0.431,1,DNAJB1
0.052396514028570075,-0.32516872291018095,0.25,0.372,1,SLC38A2
0.1896619669932788,-0.3251144153364339,0.17,0.236,1,POM121
0.2286923886969325,-0.3247765414606325,0.182,0.247,1,MARCHF6
0.864556855032442,0.3245648175008942,0.239,0.266,1,DNPH1
0.25992558407809785,-0.3244773275291939,0.33,0.393,1,DIP2A
0.8837026725742388,0.32441764920168537,0.227,0.234,1,TOR1AIP1
0.3071487890390782,0.3242616993148802,0.307,0.278,1,RNF216
0.9600349267029402,0.3235246803654568,0.114,0.116,1,SNIP1
0.5120453895209554,-0.32339301448657243,0.102,0.126,1,GKAP1
0.29721978091533574,-0.3233657578734328,0.125,0.169,1,ORC2
0.6974565809013447,0.3231924613701387,0.102,0.121,1,C5orf22
0.20337981740716432,-0.32297259719133975,0.17,0.236,1,SMYD3
0.6519491031560848,0.3229300413768217,0.17,0.157,1,KATNA1
0.9249271233576786,0.3229140686048144,0.114,0.121,1,H2BC12
0.10046349160801021,-0.3227346688929949,0.216,0.307,1,MED25
0.31448410516618913,-0.32270430044810605,0.227,0.28,1,CTSD
0.7232293617562219,0.32264997262586226,0.102,0.12,1,GET1
0.018601863570250513,0.3224362577872537,0.682,0.608,1,KTN1
0.10864910399549732,-0.32241605773698856,0.091,0.164,1,SLC25A11
0.14305030653860296,-0.3221437896425292,0.114,0.18,1,TM2D1
0.5257304849392441,0.3221257710740213,0.432,0.432,1,RAD23A
0.5849520944880182,0.32204335077372703,0.216,0.201,1,VPS26C
0.2598846993840271,-0.32198239044099597,0.091,0.137,1,TASP1
0.22808424789915324,-0.3218418657333435,0.148,0.206,1,ARAF
0.0685689151035456,-0.32175035721039513,0.466,0.577,1,PTPRJ
0.08672704920139887,-0.3217149722595365,0.375,0.475,1,BCLAF1
0.1265757117242679,0.32165620860685346,0.489,0.438,1,SLA
0.3036439087464684,-0.3215515770577615,0.08,0.117,1,NADK
0.3495741574430988,-0.3214626010342725,0.136,0.177,1,ARL3
0.8505228538240304,0.3212897313054135,0.136,0.153,1,KIAA1143
0.4060826485337069,0.3212004655068261,0.227,0.198,1,DPH3
0.8226877637326597,0.3210691834966275,0.159,0.154,1,ZNG1B
0.037911159906741675,-0.32103261852017473,0.182,0.299,1,RNASEH2B
0.08881256216977766,0.32093683802316075,0.705,0.712,1,ATP6V0E1
0.5766842743955464,0.3208757101777806,0.148,0.13,1,ZCCHC2
0.13905300859692113,-0.3207217655063496,0.409,0.491,1,PDE4D
0.0540224510623195,-0.32054791107084785,0.193,0.311,1,FBXW5
0.20889446477092732,-0.32048426561675925,0.08,0.128,1,SIT1
0.5597129522493096,0.32022479842200857,0.455,0.467,1,NUDC
0.5991355559464511,0.3201192588742281,0.148,0.132,1,NUS1
0.891082997626977,0.319944415532853,0.273,0.285,1,SMARCC2
0.7631538863512527,0.31987363208466024,0.159,0.185,1,CLN3
0.31427800981509363,-0.31983145096489424,0.295,0.347,1,CD63
0.05543573035850928,-0.31980543378622217,0.068,0.145,1,ICE2
0.059556448182681965,-0.31967346021749216,0.239,0.363,1,PHC3
0.042851071607197644,-0.3195875441706373,0.25,0.378,1,ZRANB2
0.08566397714081611,-0.31945130163657154,0.182,0.285,1,BLTP1
0.31280676267267826,-0.31939979396069273,0.148,0.192,1,SDAD1
0.7934756941660265,0.31931146977020847,0.341,0.389,1,PPHLN1
0.1654908043283898,-0.3191787040990163,0.216,0.294,1,SSR1
0.7107053965085662,0.31901065344734714,0.17,0.197,1,MRPS30
0.07408111196492938,-0.3189753801132881,0.148,0.241,1,ESCO1
0.5590347654696477,0.3188617027401968,0.261,0.255,1,ENSG00000291073
0.22154850204909637,-0.31878019406472924,0.159,0.221,1,APPL2
0.5050129366283798,0.318610701603421,0.295,0.277,1,ERCC5
0.1523832971579732,-0.3185466760808815,0.216,0.302,1,S100PBP
0.13710477446554595,-0.31813459249511833,0.307,0.405,1,ANP32A
0.9832873017250371,0.318124325164021,0.227,0.248,1,FRG1
0.016101267459785136,-0.3179201610160265,0.227,0.379,1,DOCK10
0.23361130152590054,-0.31778430705131455,0.239,0.31,1,VPS13B
0.882465413356482,0.3175968601214678,0.159,0.163,1,TM2D3
0.19947015634498294,-0.3175586289733099,0.08,0.13,1,SH3BP5
0.5426879143792945,0.31750238744991477,0.148,0.127,1,FAM78A
0.7311396529245797,0.3174314084920311,0.091,0.105,1,XKR6
0.6304233094626348,0.3173762906035196,0.136,0.121,1,FLYWCH2
0.5389164067201266,0.31707119437183184,0.102,0.084,1,NUDCD1
0.47520381833798236,0.31680016930631927,0.409,0.404,1,GTF2B
0.4561704891962264,-0.3167321794445255,0.159,0.19,1,ASCC2
0.9226476468645519,0.3167006767153732,0.295,0.324,1,TMEM87A
0.7645162594472544,0.3166633501534146,0.148,0.166,1,MED1
0.17731445631459694,-0.31650445003598104,0.193,0.268,1,ITPR2
0.7877109925173166,0.31642869405510465,0.182,0.209,1,SMC4
0.7035798512070949,0.3164135089178748,0.148,0.137,1,PELP1
0.5239800805954695,0.31629277318859894,0.114,0.143,1,BCL10
0.012792837981352317,-0.3162809753643647,0.75,0.868,1,LSP1
0.7676039975332019,0.3161662376673853,0.193,0.19,1,TMEM126B
0.21455010010548814,-0.31589544017289706,0.125,0.182,1,MED19
0.3822844223699571,0.31568591979746413,0.33,0.311,1,TSSC4
0.9201132287541273,0.31555008759964254,0.193,0.201,1,ZNF277
0.19425327582739252,-0.31545757660602747,0.136,0.199,1,NEDD9
0.33031702247957423,-0.31533196716328105,0.08,0.115,1,AP4E1
0.2511084834525868,-0.31518159032831966,0.284,0.344,1,SUPT16H
0.6207579884431165,0.315103956165924,0.205,0.193,1,PLEKHA3
0.542751250622399,0.3146458057620238,0.273,0.258,1,GPR137B
0.46254134110737194,0.3144844656860576,0.364,0.359,1,AGPAT4
0.11691004130254366,-0.31427748628437335,0.17,0.257,1,ZNF451
0.002631104509610762,-0.31427682842899074,0.955,0.961,1,CFL1
0.2714326225441907,-0.31417627215717003,0.17,0.227,1,REX1BD
0.23354704844938332,-0.3141447912667523,0.068,0.111,1,MGME1
0.7034440331861351,0.31396421577148104,0.136,0.125,1,ALG2
0.16914320102738933,-0.31394361427338235,0.17,0.241,1,EPC2
0.5805983232396397,0.31393070146022506,0.386,0.378,1,ARL2BP
0.31869382185416617,-0.3138965850732722,0.08,0.115,1,TTF1
0.01436418544163921,0.3137979873911101,0.773,0.697,1,TRMT112
0.14441249948468696,-0.3137184439339043,0.239,0.33,1,IRF2
0.03641280644044444,0.31332667686641674,0.591,0.487,1,ARPC4
0.10624451825169917,-0.3132805154064264,0.261,0.371,1,FXR1
0.11615948392199285,-0.31308520473390566,0.125,0.2,1,R3HCC1L
0.7444370785186121,0.31301463043593936,0.091,0.106,1,ZNF143
0.054589331627811884,0.31292562058963047,0.625,0.574,1,OSTF1
0.17459133059003565,-0.31277183609585935,0.091,0.148,1,TBC1D25
0.2329154746190105,-0.31274965182019687,0.17,0.234,1,HDDC2
0.5168781392250608,0.31265708101277667,0.432,0.429,1,TAF1D
0.10564093113068068,-0.3125942933215984,0.125,0.203,1,EXOSC6
0.19615383127826932,-0.31233467766438205,0.102,0.156,1,RFXANK
0.8401575354144913,0.31231164139530787,0.193,0.216,1,MRPL44
0.3022487319860611,-0.31210020364577673,0.08,0.117,1,FH
0.1931196997938692,-0.3119226991920837,0.216,0.289,1,SFT2D1
0.40658895916021665,0.3118611646872109,0.125,0.168,1,TRRAP
0.1734019001977964,-0.3116136198723718,0.136,0.204,1,DICER1
0.545099605559594,0.31152092063469083,0.33,0.327,1,TRAPPC3
0.7145146833771376,0.3113753110778441,0.159,0.151,1,YTHDF3
0.27194340589623733,-0.31137410801244725,0.068,0.107,1,MRPL24
0.5450892883466804,0.31128352403874526,0.159,0.14,1,ATG2B
0.9732394124007476,0.31125606002609874,0.114,0.118,1,CHUK
0.799058419535144,0.3111308749145079,0.443,0.471,1,PAPOLA
0.9665576613001199,0.3110790308595933,0.193,0.208,1,SLU7
0.2852376846012018,-0.31075252753654836,0.17,0.224,1,USO1
0.09864151074534194,-0.31063963072950757,0.284,0.391,1,TMEM9B
0.4303758108244015,-0.3106357655623482,0.136,0.169,1,RBL1
0.8894948905721005,0.310592555361177,0.148,0.149,1,NELFB
0.2766979962683958,-0.3105134160567784,0.25,0.304,1,AGTPBP1
0.6516907330420121,0.3104940846683206,0.193,0.182,1,SNAPIN
0.8428868821811272,0.31048499880283864,0.159,0.178,1,SEC16A
0.10611426811738693,-0.3103518477617082,0.114,0.188,1,TFDP1
0.03523879539869021,-0.31030075466916274,0.091,0.187,1,ACSF3
0.05148359688488028,-0.31025656932534584,0.102,0.194,1,PPIP5K2
0.08122993197374434,-0.31001536840112565,0.375,0.51,1,PSAP
0.6743688014357703,0.30999197752506413,0.125,0.145,1,ARL16
0.5200857164771443,-0.30998047523905115,0.08,0.101,1,ZNF493
0.19912211489927165,-0.309409177699733,0.557,0.649,1,TPI1
0.0819433299747251,-0.3093739319757779,0.341,0.473,1,CCT7
0.8600942637008548,0.30936621470297276,0.091,0.101,1,BOD1
0.2707191490744611,-0.30926518742574194,0.091,0.134,1,AHCYL2
0.21423909024315163,0.30919488574212556,0.364,0.323,1,SMARCC1
0.21350117314803466,-0.3090203563446565,0.193,0.263,1,ARL15
0.9678147771847052,0.309018756826801,0.136,0.14,1,CTPS1
0.7260821890789293,0.30884009637149834,0.125,0.147,1,PEDS1
0.8728524704720757,0.3087049511648101,0.148,0.167,1,ABCE1
0.5986258601023531,0.30867366250728934,0.409,0.419,1,CCT2
0.6351032206359051,0.3080777384736779,0.148,0.177,1,ZCCHC10
0.30144335055660737,0.30791143334445686,0.352,0.316,1,PHIP
0.239481916012289,0.30775117464421625,0.364,0.323,1,DERL1
0.37660870129940693,-0.30767529339411137,0.136,0.174,1,SMARCAD1
0.9323595241561291,0.30755216589901635,0.125,0.127,1,RBM28
0.03298319763159996,-0.30754941269120534,0.352,0.516,1,JMJD1C
0.1961095857792856,-0.3074561720265089,0.307,0.389,1,SSU72
0.3431885369849613,-0.3072553669897511,0.068,0.1,1,USP19
0.22965926883061374,0.30724463039746297,0.409,0.362,1,LAMP1
0.16212994134036507,-0.30706063025328945,0.5,0.555,1,TOMM20
0.03920319086850116,-0.306973101287992,0.443,0.554,1,SNX3
0.4040040215536471,0.30679778147764347,0.489,0.511,1,PDCD6
0.08384520465170352,-0.30669310357093027,0.182,0.279,1,LARP4B
0.08806951998988526,-0.30650587510237903,0.205,0.306,1,MCRIP1
0.12091459565308095,-0.30650189506431985,0.239,0.346,1,MRPS34
0.7694023982453922,0.3064415305605739,0.091,0.104,1,SLC17A5
0.5940640232205171,0.3064371865783043,0.216,0.201,1,MRPS31
0.41264604566265056,0.30601866323496674,0.352,0.329,1,SDF2
0.7591512218331687,0.30597805999587346,0.182,0.176,1,BMAL1
0.7233483702172897,0.3059335519571653,0.193,0.222,1,ARHGAP17
0.10567365420330171,-0.30592115553878385,0.307,0.411,1,DHX36
0.2272924667392538,0.3058116726531173,0.511,0.485,1,RPN1
0.9574771493065911,0.30576790822818745,0.148,0.159,1,MCM9
0.518444460594579,0.30569057342452677,0.17,0.149,1,GTPBP10
0.25056467456150905,-0.30566475181405184,0.125,0.175,1,COMMD2
0.18165064342120832,-0.3056542038860963,0.205,0.28,1,CERS2
0.1698571684290316,-0.30545131266350817,0.273,0.369,1,UBE3A
0.04004858320294383,-0.30543371282712123,0.205,0.322,1,PARP1
0.03675554422396189,-0.3053744242832925,0.284,0.418,1,NDUFB6
0.6613659221150351,0.30508296280124425,0.364,0.383,1,PAN3
0.7194906464522507,0.3050144813660872,0.25,0.247,1,BFAR
0.23438051502257157,-0.30501202819093676,0.08,0.125,1,CDK7
0.5804947081986415,0.3049227254326439,0.375,0.361,1,TOX4
0.37975321683045726,-0.30478451100334936,0.114,0.148,1,MAPK9
0.07072029015666705,-0.3047441596211282,0.148,0.247,1,FAM104A
0.1733791543781997,-0.3046477549964046,0.136,0.201,1,BTG3
0.3716065815718766,0.3045922863670978,0.227,0.192,1,PRXL2C
0.0898182057441385,-0.3045327358362149,0.08,0.15,1,CBX1
0.7716573797885223,0.3044617456220582,0.102,0.094,1,TAB3
0.32454157051163135,-0.3043752886356903,0.136,0.182,1,H2AC6
0.250315644587513,-0.30429872761168825,0.398,0.466,1,PCED1B
0.1450082838182589,-0.3042956146422222,0.375,0.453,1,MLLT3
0.2335378114896439,-0.3042675196652893,0.102,0.153,1,SP2
0.19967092643140605,-0.3042388436916392,0.102,0.157,1,CRYBB2P1
0.33550914193770676,0.30419396991441117,0.318,0.285,1,STXBP3
0.7029915773049251,0.3037355995707852,0.239,0.234,1,EDEM3
0.19140664992039894,-0.3036744577482384,0.091,0.144,1,ENSG00000231128
0.1377331913150336,0.30342014899916414,0.591,0.571,1,OPTN
0.3978498884155676,-0.3033919210569871,0.091,0.122,1,RABEP2
0.16488984473018842,-0.3033515065811786,0.205,0.282,1,CHD3
0.5306787015034218,0.3031151539079582,0.125,0.104,1,FGR
0.18596754292499348,-0.302720915951874,0.091,0.147,1,COG6
0.320541360240309,-0.30267500509901524,0.193,0.244,1,STK40
0.9010639659869312,0.3026539830388162,0.148,0.149,1,CNOT11
0.14334737058315114,0.30263558489487125,0.432,0.387,1,MAP4K5
0.4514764970660412,0.30254049452717513,0.284,0.265,1,LSM6
0.15751864216448153,-0.3023418286961993,0.227,0.313,1,SPAG7
0.9315154224217087,0.30223458699159134,0.25,0.265,1,TRAPPC2L
0.2663970018619306,-0.30184258588218915,0.068,0.109,1,IFT80
0.1263209430095238,-0.30182057436891885,0.136,0.214,1,SAP30L
0.8951867495111216,0.30176739186993184,0.193,0.2,1,AP1G1
0.5206759908106247,0.3015918224220447,0.227,0.276,1,AHSA1
0.8267288390476575,0.30158044866702743,0.239,0.242,1,NUMA1
0.26963107466099395,-0.3015745203867821,0.148,0.197,1,FCHSD2
0.7476794461942715,0.3015046244484866,0.193,0.192,1,FLOT1
0.22969429813520098,-0.3012453546525541,0.17,0.236,1,SMG1P5
0.7967000970455067,0.30119380293725717,0.125,0.119,1,SRF
0.37436152513078313,0.3011775363691377,0.33,0.297,1,OGDH
0.0819867868245961,-0.3010360146287976,0.682,0.721,1,SSR4
0.3836815435059944,0.3008765246571669,0.398,0.386,1,EMC4
0.0643696339651733,0.30071336055778786,0.705,0.625,1,SERP1
0.4107223241517646,0.30065578946181093,0.17,0.231,1,WDR70
0.8267169653483086,0.30054945988234105,0.205,0.213,1,CSNK1G1
0.9357294060522802,0.30050618328834366,0.205,0.215,1,GPS1
0.7206947799786496,0.3002863704166143,0.125,0.114,1,ALG3
0.6497879986176516,0.3002238618866315,0.102,0.124,1,VKORC1L1
0.4864234785585965,0.3001922948983219,0.193,0.167,1,WDR74
0.07479221057646088,-0.29994269218477454,0.182,0.284,1,CLINT1
0.010469136066091593,0.29989144776719745,0.75,0.654,1,HSP90B1
0.6142314999495722,0.2997765042141337,0.284,0.279,1,MRTFA
0.33069173181029815,-0.2996045954814017,0.102,0.141,1,HUS1
0.36805806033645794,-0.2996023273865678,0.08,0.112,1,PCGF1
0.9123988046430931,0.2995488108491508,0.33,0.355,1,ECH1
0.564546622325919,-0.29954652114815583,0.33,0.371,1,TRG-AS1
0.19404048570133678,-0.29936861877530374,0.125,0.185,1,B4GALT5
0.368308700211041,0.29935812697554876,0.307,0.276,1,TTC1
0.5347840372227726,0.2993187759267446,0.295,0.278,1,TMBIM1
0.3349776554272848,-0.29927570347196397,0.08,0.114,1,AHCY
0.5039804389430291,0.2990793831217322,0.091,0.117,1,LACTB
0.7901596934542829,-0.2990148281398328,0.102,0.11,1,NDFIP2
0.2765899355512208,-0.29896908149740065,0.125,0.172,1,CFAP36
0.8319408603601866,0.29853729353766045,0.102,0.098,1,SMIM11
0.09407930098149148,-0.2984470436237585,0.114,0.19,1,VAMP7
0.1682307649967789,-0.2982773644284699,0.295,0.382,1,CNPY3
0.10341568462866416,0.2981099986321363,0.852,0.859,1,EFHD2
0.4702081188965136,0.29806774644314776,0.295,0.275,1,VTA1
0.6524742338138214,0.2979469601857294,0.205,0.191,1,MIF4GD
0.2568433461666415,-0.29794511267284207,0.284,0.359,1,USP33
0.15464375116080914,-0.29789466048737934,0.091,0.152,1,TRIM14
0.8457768219213521,0.2976916985988365,0.102,0.098,1,GTF2H4
0.7750762243097584,0.29756558122969046,0.148,0.141,1,TP53I13
0.1831599991505906,-0.29753785424791657,0.33,0.422,1,RAB1B
0.11273802036571942,-0.29749060344931766,0.159,0.241,1,FCMR
0.7566184057313523,0.2971765843343144,0.205,0.203,1,AFG3L2
0.7473184542540029,0.2971125545396197,0.216,0.22,1,GPN1
0.6572187502911444,-0.297099442367014,0.205,0.224,1,ITM2C
0.47015386279162924,0.2967651763271707,0.432,0.422,1,SMARCE1
0.08447702431920202,0.296730487855869,0.659,0.596,1,BSG
0.25752354922173926,-0.2967128591180026,0.125,0.178,1,EEF1E1
0.4435720729043349,0.29643758211029153,0.352,0.334,1,KLHL24
0.4322794752696742,-0.29632769389115343,0.091,0.119,1,DPH7
0.4247689953205664,0.29590851039082744,0.261,0.237,1,HAUS3
0.8783741162266101,0.2957544147129829,0.239,0.247,1,NEK1
0.2801840504527467,0.2956082703634284,0.17,0.13,1,PATL2
0.14067843342814915,-0.29528662280689044,0.125,0.193,1,RCOR3
0.16912310450146495,-0.29520570560890946,0.125,0.184,1,CEP95
0.9355073491005298,0.2950567098030439,0.125,0.127,1,NUP62
0.7839208869337481,0.29498235765938796,0.148,0.145,1,MEX3C
0.3986751051934,-0.29472864325466186,0.102,0.136,1,UFSP2
0.5483920871757659,0.29458413703397346,0.443,0.438,1,RAB10
0.5789487854577913,0.2944416703244599,0.114,0.096,1,WDR75
0.02139430804864656,-0.2943658152754297,0.341,0.501,1,SEPTIN9
0.06311785048099063,0.2942265849968345,0.511,0.443,1,ENY2
0.5770737875226188,0.2939041040541517,0.193,0.173,1,TVP23B
0.9254428622603984,0.2937435756826643,0.136,0.137,1,FBXO32
0.6712108454376399,0.293520651329375,0.5,0.503,1,CHD2
0.8667860538484852,0.29332899869118956,0.205,0.21,1,ERCC1
0.4697256017451816,0.2932470275297703,0.125,0.163,1,HMBOX1
0.19971355839547283,-0.2932345649750321,0.102,0.156,1,ATG14
0.1586323003288987,-0.2931690988896112,0.136,0.208,1,MDM4
0.7693722874929956,0.29313106498056185,0.193,0.189,1,R3HCC1
0.8064669450836663,0.29302249310793016,0.17,0.167,1,PRKCI
0.1332826958711016,0.2926837368436379,0.705,0.654,1,XRCC6
0.22884341871660305,-0.2926342043222756,0.295,0.371,1,ANAPC5
0.23636018855811325,0.29254192001908336,0.511,0.451,1,NSMCE3
0.34604608913693036,-0.29246669799359837,0.091,0.126,1,CEP192
9.824528041381578e-5,-0.2923756747258963,0.989,0.999,1,MT-CO1
0.7847010310529594,0.2922033493884231,0.17,0.167,1,TYMP
0.3072303687890386,-0.2921120590564925,0.068,0.104,1,PDCD1
0.1362051307565116,-0.2920560732198423,0.5,0.591,1,CBLB
0.1536086546835219,-0.29179052954801094,0.239,0.325,1,SLC7A5
0.6974259975084598,0.291647194081718,0.159,0.185,1,UBAP2L
0.9897592437654835,0.29160674383988994,0.182,0.191,1,PLRG1
0.25583115658032723,0.2915716103937281,0.477,0.458,1,ATP6V0D1
0.19835613652995576,-0.2915393427559594,0.398,0.492,1,PRPF40A
0.03228778968939386,-0.2915373122169127,0.659,0.758,1,COX6B1
0.09500221195262944,-0.29150794806328095,0.091,0.167,1,NOC2L
0.13995094611576514,-0.29140131101635847,0.057,0.11,1,PSMG1
0.301255967200531,-0.29117369306041985,0.205,0.258,1,LPGAT1
0.11615088683654937,-0.2906208464885812,0.159,0.245,1,DDRGK1
0.7273805135955398,0.2905238100572195,0.273,0.274,1,MRPS26
0.10976195236490797,-0.29037701724990983,0.523,0.62,1,SRSF9
0.2662004792001382,-0.2900494624876846,0.102,0.15,1,GRK6
0.18233365007235564,-0.28990492274396495,0.136,0.201,1,DPM3
0.08908441871210858,0.2898302947948801,0.795,0.738,1,ZFAS1
0.3258651740837511,0.28981159769099407,0.193,0.155,1,KCNA3
0.13149861877669025,-0.2897832830792723,0.227,0.304,1,WASHC4
0.9089131567291264,0.28975899262328064,0.193,0.203,1,MED30
0.17940585145628474,-0.2896748505977805,0.409,0.473,1,CSNK1A1
0.8370247574980979,0.28966690250216676,0.102,0.098,1,CRLS1
0.1526412410353064,-0.2895692316898723,0.33,0.426,1,SEPTIN1
0.8152244740570423,0.2895567617940152,0.295,0.352,1,MYCBP2
0.6362779077469713,0.28954197280729743,0.227,0.217,1,COPS4
0.4533978204396235,0.289459265502372,0.136,0.174,1,ZNF767P
0.6601051207442451,0.28929878582795543,0.193,0.18,1,LRRC47
0.44951163680764844,0.2889304218532991,0.42,0.413,1,ARF4
0.524474981144989,-0.28861096622227345,0.466,0.488,1,RBM38
0.872330459808412,0.2883722040537,0.114,0.11,1,SLC39A10
0.5310013762961932,0.2881774715151053,0.625,0.67,1,CIRBP
0.17635036445036878,-0.28812938005217636,0.364,0.458,1,LBH
0.5447930636312109,0.2881274393744226,0.284,0.274,1,SIGIRR
0.4019890271040201,-0.28810770159599564,0.284,0.331,1,RMND5A
0.4503862602446411,-0.28809192034008624,0.114,0.144,1,ARMH3
0.28679354641717797,0.28797916080965524,0.511,0.486,1,SNRPF
0.5283437123922288,0.2879190875737032,0.17,0.215,1,NUP153
0.08830560995783193,-0.2877918922164493,0.136,0.221,1,DAAM1
0.7918350491833861,0.28771526597453834,0.193,0.193,1,SIKE1
0.06167173097425528,0.2877052949809378,0.659,0.623,1,CFLAR
0.5317883595938733,0.2874026862100425,0.114,0.145,1,ELP4
0.38447003247970446,0.2871561955526326,0.182,0.247,1,NMT1
0.13635526175477325,-0.2871373203652309,0.182,0.269,1,MARCHF5
0.25488497898896256,-0.2869905246751252,0.114,0.167,1,OAS2
0.12578165843953615,-0.28696540575520596,0.5,0.568,1,PSMB6
0.12282571392369898,-0.2868896834185941,0.159,0.244,1,TMC6
0.4084870243512025,-0.2867932296618314,0.114,0.147,1,NUP160
0.7040936245289111,0.28643283486377435,0.455,0.478,1,UBR2
0.8389820845919898,0.2864212212416031,0.159,0.176,1,ECI2
0.08009968410770038,-0.28639046693088166,0.182,0.279,1,PDAP1
0.1042646813431559,-0.28579220570418457,0.227,0.327,1,CD2BP2
0.1633652606188751,-0.2857473609311262,0.193,0.268,1,LENG8
0.41766165630923147,-0.285719802882654,0.136,0.17,1,GFUS
0.18398668979975352,-0.28557220669733074,0.114,0.177,1,SIK2
0.25804819120762046,0.2855184269077872,0.42,0.373,1,POLR2I
0.6265904713617557,0.2854690868148093,0.159,0.194,1,EXOC5
0.8201721991323478,0.28528849294939107,0.136,0.154,1,PELI1
0.2755909282947514,-0.2852168587658964,0.159,0.214,1,PPM1K
0.5922374011781739,0.28507886145767625,0.216,0.197,1,YLPM1
0.8644178360096585,0.2850743491864073,0.17,0.182,1,STAT6
0.14107964810809953,0.28473540866259195,0.716,0.65,1,CAP1
0.2742819298829102,-0.284595240277417,0.125,0.176,1,ATG7
0.8473125652738909,0.2840782764706544,0.148,0.145,1,SLC66A2
0.3507383906109223,-0.2840403159265841,0.17,0.216,1,METTL5
0.049225742707927345,-0.2838230090888101,0.534,0.615,1,GMFG
0.22425872188972432,-0.28379502675766544,0.148,0.21,1,SLC25A32
0.04532938934829822,-0.28379397710004867,0.216,0.338,1,PARP14
0.6095528136069626,0.2837926630198062,0.102,0.087,1,ZNF564
0.1060214042337307,-0.2835601342496208,0.114,0.192,1,LARP1
0.43136198312586665,0.28351448076156105,0.477,0.456,1,AP3S1
0.24493815167115446,-0.2834766365428054,0.125,0.178,1,ADPRS
0.2275765720304851,-0.2834269709340133,0.273,0.346,1,MIEN1
0.4966544962291518,0.283219679269594,0.386,0.384,1,PTBP1
0.05251851613850594,-0.2830707423840517,0.432,0.55,1,CXCR3
0.6619449724555773,0.28298298540695027,0.284,0.282,1,KDM4C
0.8894547493229588,0.28291606280384196,0.455,0.506,1,ZNF207
0.4889627600554725,0.2827616721402382,0.136,0.113,1,KLF9
0.7955292814350343,0.28274123354879105,0.239,0.27,1,WDR45
0.9194248448763245,0.28273427755813674,0.102,0.101,1,ARHGAP31
0.08237661335994338,-0.2827270957394479,0.386,0.502,1,NAP1L4
0.1254079721660725,-0.28254135299677596,0.386,0.469,1,SLC2A3
0.40459721187512887,-0.2823806701979259,0.08,0.109,1,STAM
0.5589348476217528,-0.28229371153381133,0.148,0.122,1,IKZF2
0.8443541703307919,0.28228995085738573,0.091,0.101,1,RRP1
0.9168695546693673,0.28223500535321566,0.261,0.276,1,EVI2A
0.13617809244282725,-0.2822036723444298,0.375,0.479,1,TENT5C
0.9430232181034354,0.2821904056220321,0.42,0.456,1,MAP2K3
0.06784858759130821,-0.2821502983565234,0.17,0.278,1,E2F4
0.3148335611174314,-0.2818578520078161,0.205,0.262,1,PAF1
0.022353118779570497,-0.28176715819420106,0.409,0.563,1,HERC1
0.08842820517230707,-0.28167510626118336,0.284,0.386,1,PFDN2
0.2322315897842307,-0.2816583046540555,0.091,0.14,1,EIF2B4
0.4203800473585621,-0.28150146874430204,0.08,0.109,1,LRRC58
0.9537346092288723,0.2814857840423539,0.102,0.108,1,LYN
0.4196210680458939,-0.28142132089271543,0.091,0.12,1,APEX2
0.9526175681056231,0.28137543158388434,0.182,0.196,1,SRP68
0.9031229663420007,0.2812263957831376,0.102,0.11,1,MR1
0.9380131700165477,0.28084659031462567,0.205,0.214,1,TOLLIP
0.025506968717721273,0.2808238632598996,0.818,0.701,1,UQCR10
0.808281190166528,0.2807572053543548,0.091,0.102,1,MTO1
0.9075818003489589,0.2806983617666867,0.205,0.211,1,DYNC1LI2
0.8707495164283511,0.2806445685193413,0.182,0.182,1,ENSG00000287263
0.31397702122811216,0.28057511303581184,0.455,0.417,1,IRF2BP2
0.8159928275091387,0.2805422233848984,0.284,0.296,1,FOXN2
0.05017699571001966,-0.2805261606370266,0.284,0.424,1,WAS
0.8159183605472093,0.28035928694700396,0.136,0.131,1,THAP1
0.9686985970510109,0.2803571976388979,0.182,0.189,1,SFMBT2
0.8058335907502828,0.28024153900678206,0.114,0.109,1,CNIH2
0.40915574902292345,0.28013822267259475,0.386,0.363,1,TBCC
0.12246614478181085,0.2801330717713787,0.636,0.557,1,ARGLU1
0.15689678507639143,-0.2800600845438943,0.125,0.193,1,MFSD14B
0.27796936699123026,-0.28001289925696815,0.091,0.134,1,WDR6
0.1688749197397881,-0.2798087817574524,0.557,0.594,1,NME2
0.5892048187671324,0.2794069607629065,0.216,0.2,1,ATOX1
0.4850136603816015,0.2793826994135635,0.386,0.378,1,DR1
0.24658195385197743,0.27927091577049457,0.5,0.489,1,SUPT4H1
0.14419946315832596,0.27876229891838555,0.932,0.947,1,S100A10
0.8935880563836661,0.27858382811902505,0.239,0.236,1,HAT1
0.28060795264705085,-0.2785420289271774,0.102,0.148,1,ANKFY1
0.7678857690993764,0.2784857241296901,0.136,0.156,1,ATG4D
0.3367093850035644,-0.278481565576317,0.295,0.349,1,TSPYL2
0.14404119727974954,-0.2782150991023773,0.102,0.164,1,GMDS-DT
0.8449754464921534,0.27803352839016787,0.273,0.307,1,ERVK3-1
0.035485669872294824,-0.27798937621279296,0.5,0.646,1,SPCS1
0.952187833641474,0.2779864593917545,0.114,0.122,1,PRKCH-AS1
0.21347616587832,-0.2779526517734996,0.477,0.585,1,PACS1
0.12551475454186292,-0.2778903452327479,0.193,0.278,1,RPRD2
0.24683222668116295,-0.27787161910480496,0.136,0.195,1,GCH1
0.05194261569638487,-0.2777913655273787,0.102,0.19,1,VPS33A
0.12279313017866547,-0.2775185908001919,0.455,0.552,1,ANXA11
0.32131592735214204,-0.27743249887967525,0.091,0.129,1,TTC9C
0.10995442029321556,-0.2774180518784181,0.273,0.374,1,EIF3J
0.18047141672875175,0.2774103080325182,0.545,0.529,1,FOXP1
0.4899138585132671,0.2773580844658975,0.284,0.26,1,UBA3
0.9856734307084211,0.27734948790489833,0.148,0.154,1,DYRK1B
0.3012665030863284,-0.27732917590939943,0.102,0.146,1,NSD2
0.31130620189595093,0.2772964010451412,0.557,0.544,1,UQCRQ
0.34979434611120985,0.277239097478417,0.534,0.523,1,LSM7
0.8011572366801807,0.2770474859272807,0.193,0.218,1,HIKESHI
0.842240005062331,0.2770317708501491,0.102,0.114,1,MEMO1
0.13694298782585296,0.277006553853536,0.705,0.622,1,KLF2
0.36508331084109324,-0.27691885895409873,0.114,0.151,1,IKBKB
0.3971677015295476,-0.276749869922269,0.295,0.343,1,NUTM2B-AS1
0.1342093598078567,-0.2767321215105901,0.398,0.485,1,EIF2S2
0.5919749570729531,0.27671044971296666,0.114,0.098,1,SLC16A3
0.5786895249005014,0.27662080137740835,0.364,0.358,1,SCML4
0.10843975789866812,-0.27652791777044555,0.307,0.421,1,TAOK3
0.8491969047720398,0.27611056781119814,0.102,0.112,1,THADA
0.8693953551583542,0.2760355143573128,0.159,0.159,1,AVL9
0.1495570383859681,-0.27593220127128537,0.148,0.216,1,HCP5
0.7174610527045446,0.27592275895365737,0.239,0.235,1,BTF3L4
0.34314073804835404,-0.2757086458525526,0.159,0.206,1,RNF11
0.15412159830412173,-0.2756255393231348,0.114,0.183,1,ABCG1
0.7738925990000836,0.2755520608777695,0.159,0.186,1,ZNF639
0.6230370461881692,0.27522264147717507,0.33,0.332,1,RB1
0.7727831004900931,0.27500797614750994,0.125,0.119,1,CYTH4
0.26618710423405884,-0.2749898472667447,0.216,0.276,1,IAH1
0.7867719841157498,0.2749310094396249,0.159,0.153,1,RIT1
0.8037568120177195,0.27487167670208135,0.17,0.168,1,GDE1
0.862572423247417,0.2748327918335287,0.148,0.148,1,DCAF12
0.842332647420217,0.2748250425110067,0.182,0.204,1,SPNS1
0.8068562383309779,0.2746571604325987,0.25,0.248,1,CFDP1
0.9655954143856562,0.27436124471542,0.227,0.258,1,RPA2
0.11467469971603447,-0.2739154834058235,0.17,0.261,1,EIF2A
0.6707678918645898,0.27376334452775897,0.102,0.124,1,MAN1B1
0.9698892821168869,0.2737034948974564,0.114,0.116,1,BNIP3
0.07596374612807422,-0.2736332013004936,0.284,0.413,1,SDHD
0.9912600169964202,0.27349438798789794,0.136,0.145,1,ELMO2
0.04676294680738978,-0.2733606939129063,0.545,0.656,1,SH2D2A
0.035846473551208596,-0.2733035140844796,0.466,0.621,1,LCP2
0.8691312987450462,0.2731984578110933,0.125,0.138,1,RNF25
0.361023151520931,-0.2731535481222307,0.136,0.177,1,TBC1D15
0.27126592580176623,0.2729963340270398,0.75,0.746,1,SOD1
0.7101031876492119,0.2729825592830091,0.17,0.159,1,IFT52
0.17172051347605846,-0.2727802405107358,0.057,0.104,1,SAMD8
0.847539191195225,0.27275519576074014,0.25,0.256,1,AMZ2
0.39346761454655427,-0.27268364953780244,0.102,0.136,1,CISD3
0.8551860775643401,0.27257064998648445,0.341,0.365,1,ZNF800
0.0376129580939926,-0.27251085111045215,0.125,0.227,1,FOSL2
0.9826240639754241,0.27244768912828043,0.216,0.234,1,NUCB1
0.7690672700080128,0.2723414660240051,0.102,0.094,1,ATXN1L
0.9339664747023428,0.27195874336898007,0.114,0.114,1,DMWD
0.8562813647205519,0.2717064123449942,0.25,0.283,1,MSL3
0.9435588059040585,0.2716988380039679,0.193,0.2,1,DPH1
0.2394433949227754,0.27153914987708966,0.42,0.38,1,CMPK1
0.3236982101392308,-0.2715163929783322,0.068,0.102,1,SLC27A2
0.4631433440241226,-0.27137818748355347,0.114,0.142,1,MCM5
0.6567044173349337,0.27129295715512813,0.102,0.125,1,CYRIA
0.39615752561486384,0.2712332970867636,0.284,0.253,1,SRSF1
0.3801057698812981,-0.2712247417097853,0.761,0.765,1,LINC-PINT
0.22944650549421258,-0.2710799632840999,0.068,0.112,1,PGRMC1
0.1969754591764415,-0.27104329080618283,0.125,0.187,1,CNOT10
0.7573605816952023,0.27081746417617336,0.159,0.152,1,CTNNAL1
0.9000973676951446,0.2707791152157457,0.193,0.199,1,LIX1L
0.08121728232663346,-0.27070938163318115,0.386,0.51,1,OCIAD2
0.08659272808693956,-0.27069939221130723,0.08,0.153,1,TBCK
0.0426535625893769,-0.27068063013508925,0.125,0.234,1,USP36
0.6112845773298388,0.27065285390210336,0.114,0.14,1,NUCB2
0.23409339515378577,-0.27047898841855833,0.068,0.11,1,CEP250
0.49398424406938435,0.2701830473363416,0.284,0.264,1,NFKBIB
0.9961552712351687,0.2701106700882767,0.205,0.219,1,PPAN
0.11096847804879982,-0.2700534983207412,0.182,0.271,1,CARD8
0.7837985329994475,0.27003238435780086,0.398,0.431,1,MFSD10
0.3108005187400386,-0.27002997634392134,0.125,0.17,1,RANBP3
0.12532901306811292,-0.2698346914657965,0.341,0.462,1,GLIPR1
0.9972430417113329,0.26982641081297976,0.125,0.13,1,MED17
0.8282510953548832,0.2695275372630235,0.125,0.121,1,GANAB
0.8356538561594103,0.2690660055266325,0.216,0.216,1,RPP30
0.23886163179198347,-0.268955826187927,0.409,0.486,1,AUP1
0.9406823253008569,0.26887314782751726,0.193,0.207,1,SAMD9L
0.548413621592297,0.2688611919268444,0.33,0.314,1,PIK3IP1
0.4320561839647468,0.2688458666279568,0.42,0.418,1,SAMHD1
0.10148735773462085,-0.2686177174445025,0.205,0.298,1,UBR5
0.1494293289358971,-0.2684254557880179,0.125,0.193,1,ACSL4
0.5325361768409855,0.268407096733458,0.193,0.168,1,TMEM134
0.10019041315037126,-0.2679787327034233,0.17,0.257,1,DDA1
0.30293610297965445,-0.2678973376137903,0.193,0.251,1,REV3L
0.3196180572473598,0.26783751068344963,0.08,0.119,1,GOT1
0.8959387628569685,0.26771658429973744,0.273,0.283,1,PFDN4
0.11941309138251714,-0.2675795043288236,0.568,0.651,1,PCED1B-AS1
0.15916132492034724,-0.2675784576059046,0.114,0.177,1,ARHGAP1
0.1690020660918104,-0.26742560598791115,0.409,0.513,1,PPM1G
0.35558611018163383,0.2674243035758419,0.636,0.658,1,HLA-DPB1
0.049037902500131354,-0.2673501066871905,0.216,0.343,1,VPS51
0.9289662670427183,0.26734589940208753,0.477,0.523,1,DNAJA1
0.13752425068570492,-0.2671309627080088,0.205,0.296,1,SMNDC1
0.8986618575332465,0.2670335781106332,0.114,0.113,1,CDCA7
0.9368040036488068,0.2669841795863266,0.182,0.189,1,ECD
0.0014077812627738353,0.2669772312197827,1,0.975,1,VIM
0.8475716644517466,0.26687512626166654,0.205,0.206,1,TXNDC15
0.9952968103730255,0.2668571277346876,0.136,0.142,1,BUD13
0.16792323747920732,-0.2667488383483849,0.227,0.308,1,ACTR10
0.08513580003339952,-0.26662126114531004,0.193,0.291,1,FUBP1
0.060565359147920036,-0.2663097288144397,0.136,0.234,1,PDXK
0.13180711840580825,-0.2661953714099315,0.33,0.44,1,ARIH2
0.2888186570327891,-0.26613140076966046,0.148,0.201,1,ENSG00000236449
0.14835909135390174,-0.26611561674208967,0.216,0.304,1,POLR2B
0.09784753707507074,-0.26603379413862777,0.273,0.382,1,PDCD5
0.6245264692694218,0.26602382662360147,0.375,0.367,1,SNRPN
0.6189068680739811,0.26548367263824235,0.239,0.226,1,GOSR1
0.033661042124202206,-0.26525483749953893,0.466,0.617,1,KRT10
0.4970881442802608,0.26493982690343376,0.148,0.19,1,TMEM70
0.3116741967439107,-0.26485649394809796,0.136,0.186,1,KLHL2
0.7976665395124539,0.2648170819195615,0.273,0.271,1,ATG4B
0.8726072096606979,0.2647489193182903,0.273,0.303,1,FBXO34
0.9498576827865154,0.26464095617570904,0.102,0.103,1,CLK2
0.09735176780028326,-0.264566884271164,0.375,0.496,1,TWF2
0.12991920229438317,-0.264514642497772,0.08,0.143,1,ANAPC4
0.08344555304318563,-0.2642999546433846,0.261,0.39,1,TALDO1
0.09224798515192746,-0.26429177482276806,0.364,0.469,1,CEMIP2
0.06374242625189291,-0.2642280120809415,0.114,0.206,1,DCAF15
0.061026283979955874,-0.26421600258552014,0.227,0.347,1,POLR2K
0.7125768931527208,0.26419361965776833,0.364,0.426,1,SERPINB9
0.30762842879906566,-0.264103668443457,0.136,0.179,1,HTT
0.7331474939194256,0.263980977284084,0.125,0.147,1,MSL1
0.9117064835204124,0.26397788966750935,0.182,0.186,1,FLII
0.6587090132186366,0.26380229386796983,0.375,0.393,1,RTN4
0.7517962017151819,0.26367492596941444,0.159,0.151,1,RETREG3
0.401410183958179,-0.26357434367133337,0.102,0.135,1,CCDC137
0.3510619170399704,-0.263332380485894,0.068,0.101,1,RIOK2
0.5858390127795239,0.2633301992589674,0.08,0.1,1,GPR18
0.11592417915320317,-0.2632951307695472,0.295,0.403,1,MACF1
0.8981995873058192,0.2632809044064357,0.125,0.134,1,MANBA
0.3225080280208286,-0.2631074345257991,0.068,0.103,1,WDR36
0.0973071022383116,0.26305109484859945,0.466,0.37,1,DHRS7
0.7113386158255912,0.26299457436029694,0.341,0.333,1,RAB8A
0.9314145043614067,0.2628862263111553,0.159,0.164,1,PABIR3
0.11195825824628924,-0.2628500583935647,0.67,0.738,1,RAC2
0.13143996065757566,-0.2627945264397177,0.295,0.393,1,TMEM179B
0.1630187031842765,-0.26270414814462617,0.159,0.229,1,RAB4A
0.5583549012682791,0.26268522236520464,0.466,0.48,1,SIRT2
0.6231136959327306,0.26253897120534897,0.193,0.177,1,ASAH1
0.30128084148942547,-0.2623492990490749,0.159,0.214,1,GNPTG
0.031205436205303787,0.26219504023412776,0.841,0.8,1,CIB1
0.46710587406513465,-0.2618811679719043,0.295,0.337,1,CEBPZ
0.5729202610065667,0.2618634995923744,0.284,0.268,1,TIMM17A
0.18432186688216393,-0.26167875401073326,0.091,0.145,1,IL17RA
0.32459258963021764,-0.26149630948007385,0.193,0.246,1,SLCO3A1
0.9748862601427174,0.26149241944199575,0.216,0.233,1,NOB1
0.2018613595343346,-0.26140862572756596,0.284,0.352,1,HNRNPAB
0.1699804392916929,0.2613531002752888,0.466,0.409,1,ANAPC11
0.5889121363532202,0.26131733073609364,0.148,0.177,1,CYTH2
0.9296017780831218,0.26127386906268435,0.114,0.114,1,MRPL30
0.21184779469092196,-0.2608638749997878,0.091,0.14,1,FAM222B
0.4613525935240667,0.2607194907405477,0.239,0.212,1,ARL6IP6
0.9100349398769286,0.26071290608405984,0.17,0.174,1,ZDHHC3
0.9222613725162753,0.2601795768949923,0.261,0.272,1,HSD17B10
0.7419174931368251,0.26017001046020394,0.227,0.224,1,TXNDC12
0.5820132879486919,0.2600792259552547,0.193,0.175,1,EFTUD2
0.3239567018091143,-0.2599356870961138,0.068,0.102,1,CANT1
0.27949344439266666,0.2598878985423827,0.807,0.791,1,PPP2R5C
0.3903565416026906,-0.25981461918406046,0.08,0.11,1,CASD1
0.3351368978442602,-0.25980673965255496,0.08,0.115,1,SCAP
0.21498822912298868,-0.259603854190705,0.534,0.583,1,ITGA4
0.10880704257714982,-0.2594751013336274,0.091,0.16,1,UBXN2A
0.14825983032119364,-0.2594687921535363,0.284,0.381,1,FLT3LG
0.3839986051445833,0.2593489381426819,0.102,0.142,1,MRPS14
0.19098199427959808,-0.2592482590217089,0.17,0.241,1,SP140L
0.3521522177914165,-0.2591619497819799,0.341,0.397,1,HIF1A
0.30312882898224014,-0.25913300295278524,0.33,0.37,1,BIN1
0.22321047836351945,-0.2590060795353609,0.216,0.287,1,SECISBP2L
0.22958465495087366,-0.2589302557982629,0.068,0.111,1,MTRR
0.5415275786476726,0.2589021064575414,0.466,0.467,1,EIF1AX
0.17011005751282804,-0.2588850757788559,0.284,0.364,1,BCL7C
0.984201088911563,0.2588797088503747,0.148,0.155,1,TRIM24
0.3665372940768239,0.2588177815663567,0.284,0.252,1,CCDC91
0.8852103230134138,0.2587641565909659,0.307,0.31,1,NFKB2
0.5722395489087744,0.2586765965358507,0.307,0.293,1,WDR82
0.6695320166382055,0.2586627073977803,0.205,0.229,1,HLA-DRB5
0.802772216214833,0.2585947231502452,0.284,0.294,1,ATOSA
0.3674566013461602,-0.25836323983720355,0.091,0.126,1,IFT43
0.18590169794133318,-0.25832090690679355,0.307,0.391,1,HMGN4
0.1417050116624236,-0.25824832637667045,0.25,0.345,1,SUCLG1
0.30274460961105665,0.25821019212542706,0.58,0.536,1,SPTAN1
0.4156025227460649,0.25813264245478684,0.216,0.183,1,AP1G2
0.4762876558030142,0.2580596292883672,0.341,0.318,1,RPP21
0.42579680224764765,-0.2580551577127539,0.17,0.207,1,MYD88
0.4870822750175384,-0.2579429726410738,0.08,0.103,1,SCOC
0.05648214756887576,-0.2577931709492811,0.091,0.179,1,DDX54
0.23177983023049809,-0.25750827171211554,0.125,0.181,1,POLK
0.9985611966458636,0.257373320534273,0.114,0.118,1,SNX20
0.047147202857179694,0.256989443427428,0.955,0.941,1,ANXA1
0.4693998935608889,0.25688548725360827,0.466,0.498,1,ROCK1
0.13738261728497209,-0.2566606061919352,0.08,0.136,1,CD28
0.805912495163651,0.25662241481860515,0.102,0.114,1,MARCHF3
0.06643434529145927,-0.25653794476625336,0.386,0.511,1,PHB2
0.352530315172235,-0.2565018146858986,0.114,0.151,1,GTPBP1
0.7997932504136004,0.2562608553813662,0.25,0.247,1,CDIPT
0.32598469722940776,-0.2562358985109533,0.193,0.243,1,NLRP1
0.25397432776363177,-0.25618734084003103,0.114,0.164,1,DTD1
0.3256257975695598,-0.25610486070074456,0.102,0.143,1,SPAG1
0.09879212890066998,-0.2560457020116339,0.17,0.262,1,AKAP17A
0.0824827023707981,-0.25593424854153524,0.273,0.382,1,NKTR
0.23901853052537883,-0.25583829831291593,0.068,0.112,1,APOBEC3H
0.1732428250323584,-0.2558094292769765,0.295,0.377,1,MED4
0.10361140074499335,-0.25574811048637236,0.591,0.684,1,COX8A
0.8710280067286453,0.2555360277175638,0.114,0.125,1,CBX6
0.9551396908139898,0.25545373408813576,0.295,0.319,1,FBXL5
0.7041944912718234,0.2554482212973177,0.114,0.132,1,RAD54L2
0.7344639757670048,0.2553837012703155,0.307,0.311,1,EPB41L4A-AS1
0.8510392987466922,0.25511959278683993,0.284,0.298,1,LAMTOR2
0.34712689754964055,0.25490903006991183,0.511,0.505,1,SNX6
0.16467448866746773,-0.25475015569251847,0.08,0.134,1,MTMR12
0.3386707443449068,0.25474038044106706,0.409,0.377,1,SARS1
0.9972430416918285,0.2545912899795233,0.125,0.13,1,MARCHF9
0.7994380678825871,0.2545901727262556,0.193,0.193,1,GOPC
0.13242922626699144,-0.2545880234175456,0.205,0.287,1,SPIDR
0.38977081954639614,-0.25450679472847826,0.125,0.16,1,POP7
0.3113240394398896,0.25418613125532985,0.5,0.475,1,MDH2
0.0957010089642156,-0.25417404211742656,0.148,0.236,1,PEX14
0.5884138276994526,0.25401870636624735,0.364,0.363,1,DNAJC15
0.28260487864761163,-0.2539905861322702,0.068,0.107,1,UQCC3
0.38173468146855116,-0.25393267421249854,0.898,0.956,1,FTL
0.8943107792912679,0.25388762901214235,0.239,0.246,1,CDK11A
0.2187288065127475,-0.2538380719256397,0.261,0.332,1,STAT5A
0.40086633239174313,-0.2537480053105181,0.114,0.149,1,UBALD1
0.136837433894179,-0.2535365070207343,0.261,0.36,1,NUDT21
0.9716263336864294,0.2535245643316599,0.25,0.273,1,SREK1
0.1940244934460834,-0.25344089575714157,0.159,0.224,1,NORAD
0.9699647557878016,0.25339370000562833,0.182,0.198,1,CSNK1G3
0.8755891174965916,0.25338790664504174,0.159,0.172,1,GTF2A1
0.20540416094259586,0.25332744712996047,0.545,0.528,1,NAPA
0.7301294850795557,0.253281492366388,0.125,0.115,1,CTC1
0.19134090934611084,-0.2532611869922776,0.114,0.174,1,YTHDF1
0.2953334088956895,-0.25322201536630584,0.466,0.547,1,PABPN1
0.2714254585528478,-0.2531890470920859,0.114,0.164,1,MAP1S
0.30285749494525027,-0.2531433124816491,0.08,0.119,1,ZNF280D
0.802217785790232,0.25311824416084094,0.216,0.214,1,WRNIP1
0.7971338985098901,0.2526991152142859,0.307,0.353,1,TAB2
0.46575685534723704,0.2525978916233778,0.455,0.444,1,MTPN
0.8132414729743512,0.25229242355248993,0.17,0.164,1,TMEM223
0.15843328793678726,-0.25200076484818856,0.455,0.542,1,EPB41
0.10287208455314868,-0.251956187134618,0.227,0.329,1,HGSNAT
0.21555571789725375,-0.2518813979142278,0.182,0.249,1,TNKS
0.08101935282066451,-0.25176117191693814,0.409,0.52,1,GSTK1
0.9905554137878052,0.2515361687729447,0.125,0.128,1,SCAF1
0.879525911996977,0.2512740116755203,0.125,0.137,1,ECI1
0.4966284049607821,-0.2511685928350207,0.102,0.128,1,CD84
0.25339543248163476,-0.2509835739604951,0.08,0.123,1,ATG16L2
0.17455132123536066,-0.25094382661375936,0.545,0.61,1,LYAR
0.41261440540704014,0.2509280900852134,0.352,0.328,1,RNMT
0.1780261379701665,-0.2508924215069075,0.318,0.407,1,GTF2A2
0.768728272934117,0.2508812658200532,0.114,0.129,1,MED11
0.8646548489974426,0.250854745090754,0.25,0.265,1,ZNF267
0.38912103043392776,-0.2506507242055702,0.125,0.163,1,CERS5
0.33425051513274084,0.250637323271953,0.159,0.12,1,LINC02384
0.2961581742819993,-0.25055508316174335,0.114,0.16,1,MAPKAP1
0.24562207566436356,0.2502652792510066,0.523,0.492,1,GTF3A
0.3313358801681488,-0.25025803811037584,0.091,0.131,1,LMO4
0.6161345866302677,0.2502267651772302,0.25,0.3,1,NDUFA9
0.8860589219776563,0.2500043564195642,0.136,0.146,1,CNOT9
