p_val,avg_log2FC,pct.1,pct.2,p_val_adj,gene
1.3900376725125348e-234,3.74872952358592,0.436,0.032,3.115908446704098e-230,TRBV7-3
1.924693561550893e-70,2.4687063334006307,0.206,0.025,4.3143930875724814e-66,TRAV12-1
3.208544864561106e-65,3.384155471830833,0.175,0.02,7.192274168400176e-61,TRAV26-2
6.002397445340788e-60,3.526445077654743,0.181,0.024,1.3454974113475911e-55,TRBV4-2
2.005413225370434e-29,1.6771719189578727,0.381,0.164,4.495334285990365e-25,ENSG00000276241
4.684812568444634e-28,1.6400496219004332,0.131,0.025,1.050147585342549e-23,TRBV21-1
2.4489972470525026e-24,-1.439551388224573,0.219,0.494,5.48967222899289e-20,TRBC1
5.6147925783776516e-21,-2.588903275528999,0.075,0.306,1.2586119043691344e-16,KLRC2
3.435743534106763e-17,-0.6961562112243289,0.897,0.881,7.70156270605372e-13,GNLY
1.8367478476405395e-14,1.904002754723309,0.103,0.029,4.1172539752710335e-10,ANKRD20A11P
2.2427533642696324e-13,-0.7305679249017292,0.664,0.782,5.027355941346808e-9,IFITM2
4.464601223087985e-13,0.6492750853258278,0.708,0.561,1.0007850101674028e-8,BCL11B
1.206774553847854e-12,-0.7392065825976497,0.469,0.637,2.7051058399053498e-8,CTSW
2.105182003081529e-12,1.1612326972304254,0.128,0.045,4.718975978107555e-8,TRBV7-9
3.3563619329298323e-12,0.7145298300911359,0.5,0.33,7.523620908855513e-8,RASGEF1B
3.4466280642104854e-12,-2.1642804908436384,0.028,0.165,7.725961468734224e-8,TYROBP
9.687117767488772e-12,0.7272904633729715,0.503,0.336,2.1714643187602832e-7,CD5
1.235797508634508e-11,1.6422076898619955,0.217,0.107,2.770163695355113e-7,TRGV9
3.567925235966764e-11,0.6357649603079678,0.606,0.444,7.997861208943098e-7,THEMIS
1.4016540290736291e-10,0.7048130059910999,0.517,0.37,3.141947671571447e-6,DLEU2
2.286164282322932e-10,-10.005652378727277,0,0.101,5.1246658552550846e-6,TRBV3-1
5.747176167705792e-10,-0.676209658982303,0.756,0.828,1.2882870097529303e-5,MT-ATP8
7.463661950733859e-10,-0.45054327576948694,0.861,0.923,1.6730544628765017e-5,IL32
2.0570279256152595e-9,1.1254942530845575,0.178,0.086,4.611033798059166e-5,ENSG00000274767
5.224979941221793e-9,-1.486024837223675,0.111,0.24,1.171231503624277e-4,IKZF2
1.5936090387175948e-8,0.5300943313325033,0.786,0.689,3.5722340211893607e-4,NR3C1
1.678453716585297e-8,0.6376121615810596,0.417,0.279,3.762421851097602e-4,TRGV2
2.2811885134584803e-8,-0.9797168069716118,0.25,0.388,5.11351217176853e-4,RBFOX2
2.6822654988922153e-8,0.9215159870350453,0.369,0.265,6.01256634231679e-4,CSGALNACT1
3.090914927271436e-8,-1.1846539819018873,0.131,0.256,6.928594900971651e-4,HOPX
3.404092187455724e-8,-0.3285052406089912,0.842,0.921,7.630613047400751e-4,EMP3
4.464351767778076e-8,1.035993968383525,0.189,0.099,0.0010007290922651334,PDCD1
4.6978202320240126e-8,0.4256930512316732,0.686,0.561,0.0010530633832105027,CD6
6.995680625578849e-8,-0.44483483821862135,0.664,0.761,0.0015681517690297546,MYL12A
9.88329791435502e-8,-1.9401442545325516,0.067,0.171,0.0022154400604818213,KLRC3
1.0559594911582343e-7,1.285502267786083,0.161,0.082,0.002367038795380298,HSPA1B
1.3433737008398156e-7,0.7950540655268641,0.264,0.159,0.0030113064878025306,YBX3
1.586858547443018e-7,0.6606616387589008,0.439,0.32,0.003557102119948269,IRF1-AS1
2.2601442100461828e-7,0.599321077091707,0.633,0.555,0.0050663392612395235,RASA3
2.645523454828573e-7,0.8186703093994587,0.311,0.203,0.005930205376343729,MAN1A1
3.470261746392361e-7,-0.2905249220585624,0.983,0.954,0.007778938730713117,CCL5
5.872211959509747e-7,0.8022777221196778,0.317,0.213,0.013163150328437049,SKI
7.418253110271302e-7,0.4388568666206445,0.394,0.261,0.01662875617198415,RPS4Y1
7.465644268513706e-7,-0.40838420969165634,0.636,0.738,0.016734988192300324,S100A11
8.285835056357327e-7,-0.34104723733071385,0.711,0.808,0.018573527862330585,CLIC1
1.1412613885897593e-6,1.3832920359748415,0.106,0.048,0.025582515286628044,PALS2
1.2410102517312584e-6,0.3347310976312059,0.875,0.808,0.02781848580280789,TNFAIP3
1.4212547527716689e-6,-1.8409103119870152,0.025,0.104,0.03185884653812973,ENSG00000257322
1.4619298221616701e-6,-1.3615495607582309,0.069,0.166,0.032770618893576,CD300A
1.5319115030760204e-6,0.26532218316362854,0.925,0.852,0.03433932825295207,MT-ATP6
1.5552123734171365e-6,0.7928656026853536,0.278,0.179,0.03486164056251853,ST6GALNAC6
2.211676149942931e-6,0.30657449533206016,0.903,0.86,0.049576932577120744,FYN
2.602571607285592e-6,0.7556114670101522,0.203,0.119,0.05833924514891383,THEMIS2
2.7518952188943013e-6,0.7853926498464658,0.225,0.139,0.06168648322673466,PARD6G
2.97461450261738e-6,0.37810894864807487,0.606,0.498,0.0666789586906712,SRPK2
3.186662521160946e-6,1.0584080695235276,0.108,0.051,0.07143222707434375,CTNNA1
4.149967196363446e-6,-0.3272073868398704,0.689,0.803,0.093025664673683,RAC2
4.1664233965192034e-6,-0.7064959439351045,0.231,0.352,0.09339454685637447,FCGR3A
4.2630681097484495e-6,-0.5543340373879238,0.253,0.381,0.09556093474812125,H3F3B
4.544235899311641e-6,0.6647564259671369,0.294,0.201,0.10186359191896974,LINC00486
4.598765463349858e-6,0.7268240468831897,0.333,0.24,0.10308592662645041,ENSG00000273149
5.36405534965852e-6,0.5683351452430093,0.381,0.272,0.1202406647179454,SUPT6H
5.708696945576395e-6,0.3753653649289086,0.681,0.595,0.12796615073204048,STK17B
6.22179825071501e-6,-1.0819886953748403,0.031,0.106,0.13946782958802767,KLRC1
6.411705465121635e-6,0.7988284535911776,0.139,0.073,0.1437247897061666,TRAV21
7.525668502730521e-6,0.3435355810112384,0.614,0.502,0.16869538515720736,PPP1R16B
7.731869903559765e-6,0.5606194485305841,0.544,0.457,0.1733175957581957,TNFRSF1B
7.963950311800743e-6,0.3131859179504328,0.731,0.647,0.17851991018932545,CD2
8.449291562220397e-6,0.8376575065487646,0.15,0.082,0.1893993196587324,UTY
8.625621204547486e-6,0.4659086280276644,0.547,0.445,0.19335192492113645,TRAPPC10
8.950691711148364e-6,0.5037918878004579,0.4,0.293,0.2006387053971017,ELMO1
9.07680475403901e-6,0.632148932695524,0.261,0.17,0.20346565536653843,ADNP
9.333855000168259e-6,0.2995670713851375,0.7,0.571,0.2092276936837717,H3-3A
1.019891932740568e-5,0.5015461406388475,0.586,0.494,0.22861897564312572,COTL1
1.0627147195157196e-5,-1.5329441722150954,0.05,0.128,0.2382181315266437,TRAV19
1.1888284189811017e-5,-1.0485057419958173,0.186,0.285,0.2664877783988038,FP671120.4
1.2006248627370155e-5,-0.43833189991529986,0.594,0.692,0.26913206923112937,TPI1
1.3067040369186059e-5,0.7468016070187221,0.408,0.312,0.2929107769156747,ID2
1.4417886660193779e-5,0.42345527728895105,0.661,0.573,0.32319134737490374,IKZF3
1.583251612464216e-5,0.5611439997370313,0.389,0.29,0.3549016814499787,ARID2
1.799183254348725e-5,0.4313263298435541,0.633,0.542,0.4033049182948102,RNF19A
1.91323624427108e-5,-1.035047797321815,0.072,0.156,0.42887103651580527,KLRC4
1.975092574354872e-5,-0.7195365939173622,0.203,0.304,0.44273675146738806,CKLF
2.0496891139035073e-5,1.056939422482799,0.164,0.097,0.4594583117726102,ENSG00000288915
2.1051284597831256e-5,0.3869554548626375,0.564,0.455,0.47188559554498544,SLFN12L
2.1956551589021014e-5,0.5129813538956556,0.581,0.493,0.4921780604194951,CCNH
2.2551135906411045e-5,-0.39960073134330987,0.569,0.65,0.50550626247811,FXYD5
2.3444270923881766e-5,0.819107055024658,0.142,0.078,0.5255267770297337,ABCD2
2.5205940346590027e-5,0.9477672327105547,0.236,0.155,0.565016358809162,ITM2C
3.288048255778206e-5,-1.5450657488703157,0.042,0.112,0.7370488970152427,IGLV2-14
3.4847802601501366e-5,0.6940502248308782,0.269,0.187,0.7811483431152546,RASA1
3.9905823014405973e-5,0.5070731719083245,0.347,0.249,0.8945289286909243,ATP2A3
4.0328185720838154e-5,0.42958604513291965,0.603,0.498,0.9039966111183081,JUN
4.181001720521414e-5,-0.6041260445407897,0.233,0.34,0.9372133456720803,FP236383.3
4.40406807220043e-5,0.913276585194385,0.164,0.1,0.9872158990644485,CROCCP2
5.457397777188879e-5,-2.6419077096960537,0.108,0.183,1,ENSG00000280441
4.8787263677453846e-4,-1.83217766959027,0.061,0.118,1,GAREM1
6.57848907233023e-4,-1.7437668307802103,0.056,0.111,1,TRGV8
9.418320753486001e-4,-1.2714213023973235,0.058,0.113,1,WDR13
9.54583940906422e-5,-1.251048943322305,0.05,0.117,1,ANK2
4.3791606053925416e-4,-1.1367722875861617,0.103,0.169,1,SELL
9.057608538384266e-5,1.1131132756304996,0.125,0.071,1,EFNA5
1.2599102291164214e-4,1.1007417005139268,0.103,0.055,1,LINC02964
0.02739299345902012,1.097428597433141,0.214,0.173,1,HSPA1A
0.006700234765892334,-1.092149043629227,0.1,0.146,1,MATR3.1
1.735248596230838e-4,1.0689177314551683,0.1,0.054,1,DISP1
0.0051130354886427054,-1.0571375026507317,0.061,0.107,1,CYB5A
0.0029509923058016535,-1.0170202035049019,0.078,0.129,1,SMIM27
5.101280208490377e-5,1.0110765797203325,0.108,0.057,1,APBA2
1.22760119993594e-4,0.9861178047355827,0.125,0.072,1,LRIG1
8.834488499809361e-4,0.9616962237992082,0.114,0.069,1,DDX3Y
0.008504284346522556,-0.9613312463038359,0.058,0.1,1,YJU2
6.868973872403133e-5,0.9578677460079186,0.189,0.12,1,IFNG
0.0014939304666970225,0.9514299071116262,0.158,0.109,1,ENSG00000236449
4.778585654364154e-4,-0.9457501806113748,0.058,0.119,1,CEBPD
0.0052086775441217426,-0.9426673489597681,0.094,0.143,1,AC092821.3
0.0027669011829671453,-0.9355938477178234,0.053,0.101,1,SLC16A3
0.0011488845327779257,-0.9313755969716995,0.086,0.148,1,ABCB1
0.03519621269027803,-0.904576977178689,0.125,0.166,1,ENSG00000278996
0.009369774271227633,0.9034151997731483,0.108,0.074,1,CYRIA
6.552210001555839e-5,0.9020587545551539,0.142,0.081,1,NANS
0.06751532500961105,-0.8967840756832277,0.092,0.119,1,HEXD
0.001682412669207928,0.8632393630177042,0.108,0.066,1,TP53
8.60868429179816e-5,-0.8611651017770826,0.117,0.201,1,PRDX2
0.0013622636219393096,-0.8570897275868175,0.139,0.202,1,AC138123.1
0.001640671594560099,0.8535955939800093,0.133,0.087,1,PRKCI
0.005296167821336551,0.8493455396955112,0.117,0.078,1,DOCK5
1.2407739601825245e-4,0.8470595368944833,0.147,0.087,1,TRPS1
1.471115960004797e-4,0.8387220754915453,0.186,0.123,1,ENSG00000289614
0.012216341991187792,0.8371098692460648,0.1,0.066,1,ABHD5
0.009787757697076419,-0.8317120370008613,0.111,0.157,1,HIST1H1D
0.0722860435127183,0.8315444763167358,0.147,0.116,1,CTSB
4.3123873602214386e-4,0.8233170498240698,0.15,0.096,1,ZMIZ1
0.0031479253793760737,-0.8204103949134888,0.164,0.224,1,HIST1H1E
0.0011499411871488876,-0.8119595444562941,0.117,0.18,1,CARD19
0.006471771540569505,-0.8096909985783656,0.094,0.144,1,TM9SF1
0.1057225884041187,-0.8096019536793153,0.083,0.108,1,DARS
0.016022959993943795,-0.8081792104538887,0.067,0.106,1,MTA1
0.013165357665046427,-0.8063286593323831,0.086,0.128,1,MED16
0.07444095843797931,0.80513480454206,0.122,0.095,1,CCL3
0.08898889224494055,0.8047456338004311,0.178,0.15,1,NR4A2
0.012280622514179801,0.8046782899949713,0.144,0.107,1,NARS1
8.245672941162883e-5,0.8026329149964141,0.194,0.126,1,ENC1
4.984469961288202e-5,-0.8021973192937832,0.169,0.256,1,LINC01578
0.042654722531623876,-0.7981720132575405,0.069,0.1,1,COMTD1
7.609728519596763e-5,0.7978281923959203,0.122,0.067,1,WEE1
0.003175719408051063,-0.7857941121170084,0.092,0.146,1,NCR1
0.0010936761090092897,0.7849199255984984,0.1,0.058,1,RUNX2
0.0038976912324354233,-0.778503826576323,0.111,0.168,1,SORL1
1.8467193273389446e-4,0.773040033228319,0.164,0.102,1,LILRB1
7.230835289462849e-4,0.7714479177165047,0.186,0.129,1,ENSG00000287263
0.005046785337402086,0.7677656341152632,0.122,0.082,1,TMEM214
7.309007068250563e-4,0.7646708005235447,0.228,0.165,1,LINC01505
0.01482644524704397,0.7607089201850177,0.106,0.072,1,GLA
6.52335700896806e-4,-0.7569432121883451,0.139,0.209,1,VIM-AS1
0.029633021198174635,-0.75675939191715,0.072,0.107,1,AC243829.1
0.01618165570068472,0.7532141234275946,0.119,0.084,1,FYCO1
0.004392730261250473,-0.7524267097617336,0.086,0.136,1,HSPB11
0.00645668701129455,-0.7519386466297158,0.097,0.148,1,NPRL2
0.015403012036174356,-0.7516130877295994,0.075,0.116,1,TMEM14C
0.003911866802495167,0.7479753530744229,0.114,0.073,1,ST3GAL4
0.017425339494382085,-0.7469283100529707,0.092,0.133,1,ATXN7L3B
0.04853088831077451,0.7455159122114892,0.108,0.081,1,BRD1
0.006985369321457407,0.7407699021184089,0.103,0.066,1,ABAT
0.0015337104731535322,0.7402299713010811,0.117,0.072,1,SLC25A53
0.005106848000134714,-0.7398905556309419,0.092,0.144,1,ANXA4
0.01846916123566961,-0.7390426179405978,0.064,0.101,1,CGRRF1
3.623428570458791e-4,0.7360294394850255,0.15,0.093,1,TIMM10B
6.62901474253762e-5,0.7321742617264788,0.175,0.107,1,DCAF12
0.1609277596393118,-0.7308092126047523,0.081,0.1,1,AGK
6.125630589587407e-4,0.730160825091874,0.167,0.111,1,RNF216P1
5.502230436799795e-4,0.7298720576020201,0.156,0.099,1,C18orf25
0.0779702113326803,-0.7293098363384884,0.089,0.116,1,SARS
0.0016085477443194152,0.7246054821165009,0.1,0.059,1,BCL2
0.007004311295621855,0.7228764630626558,0.1,0.064,1,SLC9A1
0.006879695456349876,0.7216709199912701,0.131,0.09,1,KLHL18
0.040714863729138906,0.7196023490242462,0.114,0.085,1,YES1
0.07547944699921194,-0.7192747574478595,0.078,0.106,1,CHMP6
0.03505999597542815,-0.7157781798585254,0.119,0.155,1,FKBP2
0.013678462350645874,0.7139644906420045,0.15,0.109,1,DLEU1
6.334665753192503e-5,-0.7136675107723196,0.203,0.295,1,APOO
1.6797685900350916e-4,-0.7112677969015508,0.194,0.281,1,SLC9A3R1
0.6070039025096752,0.7042345802936224,0.347,0.343,1,DNAJB1
0.002151263059559033,0.7027445044220977,0.122,0.077,1,VNN2
0.002092090817821897,0.7005864328617502,0.111,0.068,1,TPMT
0.006163607422006185,0.6963957730748929,0.119,0.079,1,SPATA5
0.01324820222709774,-0.6950628101951659,0.108,0.154,1,KDM5C
6.968750738254911e-4,0.6937219661112719,0.161,0.106,1,IKBIP
0.009834786335616201,0.69328792425954755,0.114,0.077,1,POGK
0.3049282031948696,-0.6920651384209514,0.106,0.12,1,HIST1H1C
0.002656275788805474,0.6863267668445203,0.153,0.105,1,LCLAT1
0.05612427479294689,0.683540176040857,0.117,0.091,1,BOLA2B
8.006585832216149e-4,0.6828814454233767,0.158,0.104,1,MEGF9
7.475641701813684e-4,0.6823552183278282,0.228,0.163,1,IFI44L
0.0014096618155106232,-0.6822584724519625,0.144,0.215,1,H1FX
9.022470972886126e-5,0.6822110858494445,0.197,0.127,1,NISCH
0.02290312141061495,0.6750984590183154,0.164,0.128,1,RHOB
4.2113234849390214e-4,0.6746989352782744,0.25,0.181,1,ZHX2
1.9602487168172958e-4,0.6739564427251962,0.258,0.185,1,RAPGEF2
0.042932973472402824,0.6713514647592853,0.1,0.072,1,RARS1
5.545515900037633e-4,0.6662813103323778,0.189,0.128,1,DIP2B
0.030402939221392596,-0.6656091790603624,0.172,0.212,1,CORO1B
0.0055962124274529495,0.6630426712298796,0.117,0.077,1,STAG3L5P
0.0020674409125103323,0.6615313597743501,0.261,0.208,1,MIR142HG
0.03216897729069233,0.6611423594342931,0.108,0.078,1,PSME3IP1
0.016610295400498083,0.6608483002380896,0.156,0.116,1,GTF3C5
0.024415333432519865,-0.6595318767695995,0.114,0.155,1,APEH
0.003112242762559727,0.6582403380921793,0.128,0.084,1,ENSG00000228655
0.016605071622865068,0.6577102649563751,0.125,0.09,1,BLTP2
0.05648980166605567,0.6563594478925063,0.133,0.105,1,ZNF688
9.634131186628236e-4,0.655084751517937,0.128,0.079,1,PCGF6
0.01837782524383413,0.6540098517558979,0.111,0.077,1,SETDB2
0.05565571088380248,0.6533242061641006,0.164,0.135,1,PTAR1
0.0024228156031898093,0.65317715868108706,0.122,0.078,1,SLC12A7
4.8663082185954867e-4,-0.6520923678623121,0.256,0.331,1,FCMR
2.478864334771055e-4,0.6514731439252945,0.228,0.159,1,MBTPS1
5.407292052563162e-4,0.6514307437628881,0.208,0.143,1,TSPO
0.013406510455367808,-0.6476984672684166,0.172,0.22,1,C5orf56
6.211753867644167e-4,0.6440850776589252,0.178,0.117,1,ARFGEF2
0.0047288140868450845,-0.6440322021891076,0.106,0.161,1,ACAA2
0.019900102576370347,0.6417349412497131,0.144,0.109,1,XYLT1
0.006099864826511152,-0.6414266084073319,0.092,0.143,1,GFER
0.010164850061336392,0.6403503936415873,0.122,0.084,1,TBC1D32
0.004547814488049109,-0.6387569175679285,0.142,0.198,1,MIF4GD
9.36141922845995e-4,0.636768407255806,0.172,0.115,1,FAM168B
2.483649856643093e-4,0.6361513833958852,0.206,0.136,1,ATF7
0.02393415144122486,0.6359284960526965,0.106,0.074,1,MSH3
0.004409516685868625,0.6352492250129714,0.189,0.14,1,EPRS1
0.0012669194160488998,0.6346438091390726,0.222,0.161,1,CNST
0.014648174438604342,0.6325095608819434,0.186,0.143,1,NAMPT
7.465496616357974e-4,0.6320734047619464,0.197,0.134,1,RPS6KB1
8.029029592592273e-4,0.6318762508152086,0.186,0.125,1,NECAP1
0.006458488210205655,-0.630884683584326,0.158,0.215,1,MFNG
0.5349487996863018,-0.63062644892323,0.097,0.106,1,PMAIP1
0.03680467290963908,0.629923596140507,0.136,0.103,1,TRAK1
0.0029351790504590944,-0.6295712288993152,0.189,0.257,1,HIST1H4C
0.0014315392993339005,0.6294772597715628,0.169,0.116,1,ARNT
3.1504051712532666e-4,0.6284221159224112,0.292,0.217,1,MEF2D
0.007556198019653183,-0.6276674840220148,0.106,0.16,1,PLAC8
0.039887217562664536,0.6273830770540789,0.183,0.15,1,SLC1A4
0.00882086243812551,0.6265736018883781,0.125,0.085,1,DCTN5
0.046773539295853976,-0.6264350826460281,0.1,0.134,1,CENPX
1.0426004080146635e-4,0.6237572715262822,0.303,0.222,1,CKAP2
0.14313122478867701,-0.6225568902561394,0.094,0.117,1,SNX18
1.389635347943213e-4,0.6219849352037229,0.192,0.123,1,METTL15
0.10742690649181495,-0.620097403077452,0.075,0.1,1,SH3GLB2
5.548039795561778e-4,0.6182110526535245,0.156,0.099,1,INPP4B
0.008244865847968874,0.6178499452259816,0.203,0.154,1,ERC1
0.00916041952086029,-0.6172920591368131,0.122,0.174,1,TUBGCP2
0.023363203509750203,-0.6169912702646958,0.111,0.153,1,ZNF277
0.036310522037555006,0.6157392789405134,0.139,0.106,1,GNL3
0.010188368649802498,0.6156840593370474,0.122,0.083,1,ENSG00000174171
0.31023772085389567,0.6149380584194319,0.275,0.246,1,CCL4L2
0.027869811989533012,0.61443219628214,0.439,0.407,1,GADD45B
0.08513567573907342,-0.6140944861663435,0.083,0.111,1,TMEM238
0.04740507967047925,0.613288439126453,0.111,0.081,1,PTPRM
0.027774438608359892,0.6123472906095508,0.117,0.084,1,BPNT2
8.675955362851773e-5,0.6122591937436032,0.272,0.188,1,SETBP1
0.11898410313927829,0.61214849287764594,0.108,0.087,1,AP4E1
0.018992848925835693,-0.6110573371918795,0.1,0.144,1,DALRD3
0.01548309843028493,-0.6099457890844195,0.089,0.132,1,GOLGA3
0.0318075707091708,-0.6094800227102328,0.083,0.121,1,EML2
0.017713322124937626,0.6086762334540687,0.125,0.088,1,TRIM23
2.560450457823568e-4,0.6064211845910961,0.378,0.304,1,BCL9L
0.04335155140598626,0.6061841669988453,0.103,0.075,1,CEP295
6.592090024136598e-5,0.6059407390990538,0.214,0.137,1,ANKRD13A
6.415495990507178e-5,0.6057155156221133,0.217,0.14,1,ZFYVE16
0.003369859515782281,0.6046562157147546,0.125,0.081,1,RAD1
0.0011719973147561462,0.6044441632955766,0.258,0.194,1,TSPYL2
0.016643638784736986,-0.6042642551249345,0.153,0.198,1,NME3
1.0092750091664028e-4,-0.6032849012399211,0.253,0.352,1,TC2N
0.14186572130608188,-0.6029980012325364,0.081,0.103,1,CRACR2A
7.7642681510688e-5,0.6028304244511284,0.378,0.294,1,CAMK1D
2.7028655284055183e-4,-0.6027647543661095,0.2,0.291,1,LINC02446
0.3247164074729991,-0.6026484949018955,0.092,0.105,1,AC243960.1
0.025113366365793945,0.601678875652957,0.136,0.1,1,UTP18
2.853544722846149e-4,0.6012509822690439,0.239,0.166,1,CBL
0.010669809029602783,0.6007122448922713,0.2,0.151,1,OIP5-AS1
0.004307345920146337,0.600579428386361,0.147,0.101,1,FBXW4
0.005655949185374432,-0.6002355776302222,0.153,0.208,1,FAM49B
0.01679852373125405,0.600144512529692,0.111,0.077,1,EPG5
0.198335268044339,-0.5996419998203413,0.083,0.102,1,H2AFY
0.02580772743112617,0.5974302979613983,0.122,0.089,1,RNF130
0.1502364518357592,-0.5955422248187614,0.092,0.115,1,SERPINB6
0.008200838666234077,0.5951467308257363,0.117,0.078,1,ZNF420
0.031780016503045676,0.5948918873595717,0.103,0.073,1,EIF2B3
0.02288134952270943,0.5947274440421556,0.161,0.122,1,ANKRD13C
0.0072119362154426155,0.5927790198354466,0.128,0.087,1,MIIP
0.02558674593973004,0.5925147987782194,0.147,0.111,1,MYO6
2.672175107185337e-4,0.5922730835707506,0.292,0.213,1,JOSD1
0.016336279064711023,0.5908416166688785,0.225,0.179,1,HSPH1
0.019480580073660027,0.5906310707115525,0.153,0.112,1,PPP1R12B
0.06241660980570615,-0.5904944235357296,0.147,0.18,1,ARRDC1
0.0036921986773867906,0.5895836602628639,0.183,0.131,1,TAF1
0.12066881349819561,-0.589118929394568,0.147,0.173,1,SDF2L1
0.13938833484263244,0.5880577041696822,0.136,0.114,1,WARS1
0.04854139979576474,0.586650848170876,0.178,0.145,1,HYCC2
0.07176853777177424,-0.5847355775114187,0.119,0.152,1,TRIM21
0.00559141257443202,0.5833047357116541,0.117,0.076,1,MIS12
2.175641760122624e-4,0.5830014756076043,0.242,0.169,1,ENSG00000291073
0.010514469246515756,0.5826807517548322,0.136,0.095,1,MRPS27
0.003906283930120636,0.5825179987066789,0.133,0.088,1,MIR181A1HG
0.0010270314049809163,0.5822965003453319,0.206,0.144,1,RYK
0.014964381331674109,0.5821497822568844,0.15,0.11,1,MYNN
0.01897500853676243,0.5819494964573779,0.125,0.089,1,TAF8
0.004104557148778372,-0.5818469399461095,0.111,0.169,1,COQ4
0.19953280281319588,-0.5809042709683911,0.094,0.113,1,RXRB
0.012293484057526359,0.5808063497307725,0.139,0.1,1,DENND4B
0.03707145164187934,0.5801909586957874,0.117,0.087,1,QARS1
5.229457977645999e-4,0.5793979767953445,0.342,0.274,1,PSME4
0.003239662795056917,0.5793020138255953,0.106,0.065,1,THUMPD2
0.010753893150029883,-0.5785293822915885,0.061,0.104,1,OSBPL5
0.0029717954233830614,0.577635483255776,0.25,0.188,1,HNRNPLL
0.013653027127636221,0.577009548394397,0.167,0.124,1,MCM6
0.01313786739690204,0.5765241491931101,0.103,0.069,1,SLC7A6
0.038738310263540104,0.5739470418238466,0.144,0.111,1,ABCD4
0.05374393929135731,0.5737427914982416,0.125,0.096,1,ENSG00000290537
0.010692964047891227,0.5734458702476215,0.194,0.149,1,FABP5
0.032497590469875166,0.5730473899838575,0.131,0.098,1,SKIC3
0.012685447254400375,-0.5721362519413656,0.161,0.212,1,MRPS7
0.0024237091693520537,0.5712761845145411,0.183,0.129,1,SIK2
0.0662333119798897,0.5711621189313106,0.161,0.133,1,SMG1P5
0.009780784029451544,-0.5705455038161547,0.183,0.238,1,SNRPA1
0.0015297196199961,0.5700831444401766,0.169,0.114,1,SLC9A8
0.012440368173219026,0.5698146928561243,0.156,0.114,1,SNHG14
0.01313015222077788,0.567434674485505,0.125,0.086,1,MTFR1
0.033482183179099116,0.5664482895639116,0.106,0.075,1,NXPH4
0.05362301929448761,0.5647264779338064,0.1,0.073,1,ZUP1
1.0336949130682448e-4,0.5645610538110037,0.45,0.358,1,SLA
0.06095451715974219,-0.5639846544071238,0.319,0.357,1,GPI
0.03423324737207967,-0.5638031243561559,0.067,0.102,1,JADE1
0.22877711722246652,-0.5634562743544795,0.083,0.101,1,GMEB1
0.039331659608731744,-0.5631592083712993,0.086,0.122,1,CD244
0.0063142422620941115,0.5629760065268026,0.117,0.077,1,DUSP8
0.004372562554896522,0.5604435401713064,0.367,0.32,1,TRGC2
0.008533319496157508,0.5597280441464383,0.178,0.132,1,ARHGEF18
0.0017562302972725105,0.5574356604841895,0.261,0.198,1,ZSWIM6
0.016234980816388533,0.5561568487078165,0.161,0.122,1,BMAL1
3.662656786651843e-4,0.5560172085757764,0.242,0.167,1,RILPL2
0.020375571980495742,0.5551896108431449,0.139,0.101,1,UGGT1
0.035958036639136104,-0.5550323952245547,0.153,0.193,1,KXD1
2.2811540854773973e-4,0.5547425020730732,0.297,0.218,1,ZNF451
0.021777196996849397,0.5546822025117777,0.172,0.134,1,GARS1
0.07237433914571959,0.5541363674438271,0.119,0.092,1,RAB33A
0.048331135095664085,-0.5530571543000237,0.164,0.201,1,SHARPIN
1.53530183241048e-4,0.5524153716486293,0.222,0.148,1,ITPR1
0.03230411705878226,-0.5520817879606721,0.108,0.149,1,CLSTN3
4.5918158350103934e-4,0.5511108376118301,0.228,0.158,1,MIAT
0.11397770475156976,0.5509190912185615,0.119,0.096,1,DYNLT2B
2.4295071798018564e-4,0.5496520785090442,0.272,0.198,1,PEX14
0.0019017669924080286,0.5488053314243095,0.286,0.222,1,ST3GAL5
0.04140347683240248,0.5485147308027225,0.1,0.071,1,NPRL3
7.639988960413344e-4,0.5483827873049938,0.239,0.172,1,IER5
0.018532991391710604,0.5471194352930604,0.117,0.082,1,TEN1
0.13645323449194288,-0.5470681399111901,0.086,0.11,1,GPR137
0.03337142228733168,0.5461260034120659,0.133,0.099,1,ALMS1
0.003857721696672607,0.5459494998182155,0.133,0.088,1,MSC-AS1
0.058513987637502825,-0.5453044812518577,0.081,0.112,1,NOA1
0.081487860003208,-0.5452662433910047,0.106,0.136,1,MPST
8.457572652398679e-4,-0.5447844006258482,0.256,0.336,1,CTDSP1
0.17881072814746227,0.5444990073969378,0.122,0.103,1,TMEM161B
2.5279781867573547e-4,-0.5443213964765223,0.306,0.391,1,TPST2
0.0065411442105100795,0.5442802594159397,0.217,0.167,1,MED14
0.17086690819409753,-0.5438363269845767,0.083,0.105,1,LYSMD3
0.006133777742239571,0.5429731414456246,0.236,0.185,1,ARRDC3
0.015737983047709743,-0.5411899645717819,0.217,0.265,1,RASSF1
0.4090839561263898,-0.5407233960297608,0.094,0.105,1,ZC3H6
0.01553272412359809,0.5400838951029374,0.206,0.161,1,NCOA6
0.07028751313720381,0.5400335305527151,0.128,0.1,1,POLH
0.02113827122828457,0.5398798875516444,0.158,0.12,1,TYW1
0.0017340032687194545,0.5397766679018925,0.131,0.082,1,LRRC37A3
2.1709847138965977e-4,0.5397724502019153,0.394,0.317,1,CCND2
0.01407795272561453,-0.5388623138882397,0.133,0.184,1,COA3
0.021623604748210998,-0.5387100106012919,0.081,0.122,1,PFDN6
0.12749931138104484,0.5385053161609067,0.142,0.118,1,ENSG00000282885
0.11877081473631376,-0.5371532238004986,0.147,0.175,1,H2AFV
0.014023104120788532,0.5371092469735514,0.103,0.069,1,RCC1L
0.11054155505003785,0.5368576490725987,0.1,0.077,1,PAK1IP1
0.03418836743616948,-0.5367517519117446,0.117,0.156,1,XIST
0.010558710540065413,0.5353493411266839,0.175,0.13,1,ICE2
0.005555134478206872,-0.5352578969288553,0.222,0.283,1,RNF187
0.06405616102437688,0.5342564701907475,0.169,0.138,1,RORA-AS1
0.024802065811098298,0.5340829313791591,0.208,0.167,1,H1-2
0.0157687391230547,0.5340666167410857,0.169,0.129,1,ENSG00000291214
0.005104410300036991,-0.53330634797837,0.206,0.261,1,RHEB
1.8985399913087027e-4,0.5330152371653881,0.461,0.385,1,SYTL3
0.09970852989139586,-0.5327694998689241,0.142,0.169,1,HMG20B
0.005199726590068026,0.5325930237441445,0.169,0.121,1,DIS3
0.14623883911415259,0.5321879041158497,0.111,0.091,1,PANK3
0.012733253518191988,0.5319778623281091,0.172,0.128,1,TENT4B
0.03769519499412807,0.531964831519826,0.197,0.158,1,UBR3
0.03122818954278971,0.5313217052406687,0.106,0.075,1,LARS1
0.0460908641740922,0.5312781370903099,0.1,0.072,1,ZNF75A
0.01563812871126755,-0.5311746154019348,0.806,0.809,1,VIM
0.008835361456810985,0.5310695560646208,0.144,0.101,1,C11orf54
0.35414239899498606,0.53097046130043,0.106,0.093,1,NFKBIZ
0.004829621620708705,-0.5297051552259242,0.178,0.24,1,UBE2M
0.27579778599346355,-0.5293539658035089,0.106,0.122,1,ACP5
0.04388550053195701,0.5292356806412364,0.106,0.076,1,MBD6
0.08714695799477427,0.5290538985080224,0.125,0.098,1,KHSRP
4.258849912693632e-4,0.528743065501913,0.269,0.195,1,GAK
0.007434846317539872,0.5283888405551862,0.117,0.077,1,RRP1
0.03362265033629215,0.5282963992767388,0.2,0.16,1,SIAH2
9.325460100742278e-4,-0.526696944347407,0.453,0.521,1,LGALS1
0.0014524610922087362,0.5264902810773471,0.194,0.136,1,CHMP1B
0.0171382079604138,0.5261124608986396,0.189,0.146,1,ARHGEF2
0.027585879612810418,0.525237420516742,0.1,0.069,1,NUP155
0.0048427871845653295,0.5234350437666546,0.164,0.115,1,IPO8
0.09509093387729058,-0.5218995264179538,0.097,0.125,1,WDFY1
0.002146146105596262,0.5217690281188863,0.144,0.094,1,ZNF100
0.012817531875360012,0.5212914632225596,0.142,0.1,1,RNASEH1
0.004759022351058367,0.5203935139611231,0.158,0.111,1,ZBTB49
0.04872892559345016,0.5199411021992408,0.103,0.075,1,RNF2
0.06689845629324806,-0.518559789531928,0.094,0.127,1,GABPB1-AS1
0.01534222485386721,0.5164610330890428,0.181,0.136,1,JAKMIP2
1.4931963175510718e-4,0.5163545149277515,0.3,0.219,1,TXNDC17
0.04375748639130484,0.5162972695519663,0.147,0.114,1,CUX1
0.018113355087320544,0.5153537193030904,0.161,0.119,1,PWWP2A
0.08267437290180109,0.5148030710275218,0.111,0.085,1,MRPS33
0.07381230833643211,0.5146175396014385,0.142,0.113,1,AGPAT3
0.05587490768573073,-0.5136042456528329,0.097,0.131,1,ENPP4
0.10016356765054793,0.5135105845829819,0.111,0.087,1,POC5
0.08375452177038716,-0.5128684724396795,0.083,0.112,1,ARHGAP27
0.016129364743531882,0.5120282254422648,0.136,0.096,1,ACOT2
0.20971789029387553,-0.5119105098223999,0.119,0.141,1,UBXN11
0.038697118172440405,0.5117848774479283,0.139,0.106,1,BMS1
0.009428850200363024,0.511573976788745,0.164,0.118,1,SPTBN1
0.04905036252771577,-0.5105880249944239,0.097,0.133,1,YTHDF1
6.286118783241288e-5,0.5100807267942904,0.353,0.265,1,EEIG2
0.04338666630421802,-0.509675004568086,0.111,0.15,1,MRGBP
0.019534267129100308,0.5096342202000841,0.117,0.082,1,NOL10
0.032985554953762736,0.5095702512331194,0.189,0.149,1,COMMD10
0.0018110718243038026,0.5093379254795227,0.186,0.129,1,TNRC18
0.026215915518294046,-0.5088301527973484,0.2,0.242,1,HAX1
0.059901907620780286,0.5086831898826703,0.103,0.076,1,ETV3
0.00392402853789644,0.5085011387845337,0.269,0.215,1,PPP6R2
0.06741122619092567,-0.5083034906451729,0.119,0.154,1,GTF2IRD2B
0.006731829398527878,0.5082731776866058,0.103,0.065,1,GPR18
8.063085251697952e-4,0.5080373676257565,0.258,0.186,1,OAT
0.055253569721317175,-0.5078933338550413,0.089,0.122,1,HRAS
1.4944593401878246e-4,0.5078886414453998,0.203,0.13,1,XPNPEP1
0.0069140521100837776,0.5075194786060315,0.219,0.167,1,CAMKMT
0.0012764232693144497,0.5068931644027415,0.25,0.184,1,AK3
0.026121398055343133,0.5066429390616036,0.114,0.081,1,CARD8-AS1
0.03852619030026022,0.5064425811352433,0.158,0.124,1,HARS1
0.08592371196726419,0.5064008525136151,0.242,0.21,1,HIPK1
0.007649117232057582,-0.5062805583543305,0.106,0.162,1,NINJ1
0.4571334001527808,-0.5062499845874675,0.1,0.109,1,MPV17
0.034139412371979413,-0.5044314606391045,0.194,0.235,1,CCDC115
0.05311084495011377,-0.5044016501086837,0.117,0.154,1,CCAR2
0.1719421460896149,-0.5041215611212442,0.136,0.16,1,MPLKIP
0.026459404240237683,0.5041127420763221,0.131,0.095,1,CRADD
0.008287520621208804,0.5040725383485098,0.247,0.194,1,CDKAL1
0.00690119212526781,0.5020978233842159,0.217,0.165,1,ATOSA
4.0513126663102936e-4,0.5019354688620034,0.328,0.251,1,LINC01871
0.2576966000703549,-0.5014716893520001,0.083,0.1,1,CPSF3
0.016246782222990114,0.5011965503926722,0.242,0.195,1,AGO3
0.07694033040939438,0.5004112279660595,0.131,0.103,1,HMGXB4
3.3444626647249843e-4,0.4999315641409771,0.378,0.294,1,USP24
0.044418163523178095,0.4990597088585913,0.153,0.12,1,ZNF767P
0.026856771264938788,-0.4987327396833138,0.178,0.222,1,NUDT5
0.0027082694133264734,0.4979474494657484,0.186,0.131,1,MAML1
0.03742778964658999,0.4975325426211755,0.172,0.135,1,ABHD18
0.006428860438504692,0.4970883404010692,0.186,0.136,1,AKAP10
0.0554432187437144,-0.49637833216773375,0.094,0.129,1,UBE2O
0.014568409656538921,0.49631400568737494,0.175,0.131,1,DNAJC13
0.1128095995323507,-0.49602742615517603,0.144,0.173,1,SMIM10L1
0.001556532919534734,0.49592130411373736,0.258,0.193,1,GALM
0.033633627738234015,0.4957078685395182,0.147,0.111,1,THADA
0.2431429855126131,-0.4950171597823281,0.089,0.107,1,CSRP1
0.07466577401408392,0.4938403740291273,0.111,0.085,1,ANKMY1
0.024110776246669532,0.4936885423071235,0.219,0.177,1,ARAP1
0.035435337058277415,-0.493590203176673,0.119,0.16,1,IMP4
0.024492869865751297,0.4930420214791007,0.136,0.101,1,TTC21B
0.04854047273335457,0.49223257133942355,0.114,0.084,1,TMEM120B
0.3176646317443054,-0.4922070208138658,0.092,0.106,1,FAM3C
0.0319312092157127,-0.49194369027102947,0.078,0.115,1,TCTEX1D2
0.03661785777306325,-0.4916197253045511,0.153,0.193,1,TMEM35B
0.003590051942537477,0.49139108497156947,0.214,0.156,1,DYNC1LI2
0.07071004601000669,0.4905426039595502,0.114,0.086,1,EIPR1
0.23666007471842382,0.4903073071662545,0.122,0.104,1,INTS13
0.12500052272708082,0.48980363506542424,0.103,0.081,1,ENSG00000291066
0.2022932367976333,-0.489458200717531,0.081,0.101,1,EBPL
0.07541403311428342,0.4883616059880631,0.106,0.079,1,ATP11C
0.035330738136060906,-0.48810286737870967,0.161,0.203,1,TEX264
0.21094528609754604,-0.4875741167295302,0.083,0.102,1,KCTD13
0.05019415777398133,0.4857501780833329,0.111,0.082,1,GTF2H3
0.17125856373287954,-0.4853729310896553,0.094,0.117,1,AHCYL1
0.0699560787597584,-0.48535390654629484,0.117,0.149,1,POLDIP2
0.20788266706603994,-0.48534023066006005,0.103,0.123,1,BNIP3
0.23850359618129127,-0.48496014771383344,0.108,0.126,1,TNFSF12
0.12096012034004908,-0.48493745395467647,0.103,0.129,1,SCAPER
0.005559914393664203,-0.48406909799465225,0.136,0.195,1,NCALD
0.06194123632176928,0.4839054174125572,0.142,0.11,1,RNF14
0.032724274108439165,0.4816949166136741,0.236,0.194,1,INTS10
0.13440675683110484,0.4815835140437087,0.186,0.16,1,L3MBTL3
0.03353157813089744,0.4810759930369526,0.142,0.106,1,ZBTB4
0.026938321057487977,0.4810319520857035,0.167,0.127,1,RLIM
0.1694231168778985,-0.48061271670494454,0.119,0.143,1,TUBA1C
0.027337557225459563,0.4806049771241028,0.139,0.102,1,TDRD3
0.08269652689942493,-0.4789240903274712,0.169,0.203,1,PLCG2
0.0484882828726128,-0.47801352548640264,0.072,0.104,1,RSAD1
0.07445839954727072,-0.4779830965674604,0.128,0.16,1,ADGRG5
0.05563350659691931,0.4768149566786377,0.147,0.115,1,PABPC4
0.09723617086783695,-0.4764197712573617,0.119,0.151,1,RPTOR
0.0010735614431815188,-0.47634984975285033,0.269,0.355,1,HMGN3
0.003222872067852849,-0.4756908692311017,0.156,0.224,1,FAM174C
0.13573496134135665,-0.4745257850657575,0.139,0.168,1,P4HA1
0.003884180674112276,0.47450326832743767,0.272,0.212,1,ASCC3
0.03347270068834502,0.4740801979038045,0.147,0.111,1,TERF2
0.05131839584478998,0.474030177813342,0.153,0.12,1,SYNJ1
0.005143360105777824,0.4737315979955208,0.186,0.134,1,IFI44
0.003065278920234855,0.47243292068734233,0.286,0.222,1,ATXN7
0.05997961153313093,-0.4722596839983499,0.158,0.193,1,C9orf16
0.022747221464240696,0.4717043127145695,0.178,0.136,1,GTPBP10
1.304602736791592e-4,0.47073198200609556,0.464,0.38,1,CHASERR
0.0011733887137033692,0.47058595955895477,0.319,0.249,1,NUP98
0.01743203826014634,0.4703128778610073,0.106,0.071,1,THAP6
0.027715092845162114,0.46983197421384615,0.178,0.136,1,UPF1
0.22642826791245416,0.4698152536879958,0.1,0.084,1,ENSG00000291188
0.02856701894591007,0.4694541902631928,0.131,0.095,1,SRGAP2C
5.923751720383104e-4,0.46891421157220675,0.419,0.34,1,TOX
0.018399010039446034,0.46802660624591297,0.194,0.149,1,STXBP5
0.00218350599718588,0.46769285171176994,0.297,0.231,1,USP8
2.8463298093185175e-4,0.4673889499586701,0.567,0.496,1,ITK
0.019647672162532163,0.4673727878231515,0.167,0.124,1,NOP2
0.04646638415403746,-0.4671901333488682,0.239,0.281,1,HLA-DRB5
9.339958911681388e-5,0.46689096930743956,0.381,0.29,1,ARHGAP26
0.052557973353006916,0.4660653907356045,0.114,0.084,1,AGFG2
0.0271601943779439,0.4655299491378002,0.169,0.129,1,EIF2B1
0.0311396699910866,0.46538123145113053,0.147,0.111,1,DIAPH2
0.01927529790185051,0.4652332920917379,0.172,0.129,1,TMEM33
0.00956837974493565,0.46519210582367115,0.286,0.235,1,JMJD6
0.03111671825558399,0.4651559957241165,0.133,0.098,1,SUPV3L1
0.21234505548961616,0.46489158101393757,0.106,0.089,1,NSMF
0.03730994298796852,0.4647903494443237,0.317,0.27,1,TYMP
0.3906286824115833,0.46472321366710356,0.106,0.095,1,IARS1
0.05393725973645386,0.4646107305494681,0.181,0.148,1,IL12RB1
0.31474335298232536,-0.4645309859404634,0.111,0.125,1,MAD2L2
0.1089284117394511,-0.46395363496968756,0.136,0.165,1,MRPL13
5.348973912874199e-4,0.4634732123629308,0.281,0.205,1,CASP3
0.10496085562148318,0.4628254336941824,0.106,0.082,1,CTPS1
0.14698039915937802,-0.4626718779535002,0.078,0.101,1,IFT43
0.030990505996849008,0.46233841498366113,0.186,0.148,1,MARCHF6
0.015318041832004095,0.4612841785855324,0.183,0.137,1,ST8SIA6
0.00178465264683761,-0.46105940128003886,0.15,0.22,1,SH3BP1
0.02623656401676601,0.4610568991225507,0.239,0.193,1,NPAT
0.4699355003336611,0.4606292722527352,0.106,0.095,1,RNF20
0.007314253522489645,0.4603527213049428,0.294,0.24,1,BCOR
0.005931756333348399,0.4603252221590126,0.247,0.19,1,TNKS
0.1783477907325071,0.46017576019172535,0.142,0.122,1,GTPBP1
0.11903565369819327,0.4590874391038926,0.119,0.096,1,PNPT1
0.003219231706331748,0.4587228837130326,0.172,0.118,1,HLA-DMA
0.003307212592031363,0.4583260038214545,0.178,0.123,1,XPO7
0.03029286051438337,0.4566778369780368,0.225,0.181,1,CWC25
0.3745276957583815,0.45556762867515244,0.114,0.101,1,ZZZ3
0.026876364002139424,0.4554938956991445,0.347,0.306,1,SLC38A2
0.0064817336748340445,0.45533669534894156,0.244,0.189,1,ARPC1A
0.06070086708003397,0.45506293962348665,0.106,0.078,1,GTF3C3
0.023237700665916985,0.45351769175910467,0.233,0.186,1,KLHL20
0.040974205721411056,0.4532635640398439,0.133,0.1,1,KLF9
0.02114016436298511,0.45295856119707034,0.103,0.069,1,DGKE
0.037737092674207745,-0.452795374568831,0.156,0.201,1,PHACTR4
0.14720618653335782,-0.45263070696291763,0.111,0.137,1,ACTR1B
0.06773020969158922,0.4525243016840943,0.133,0.103,1,DKC1
0.03330805581984686,0.45216515788725964,0.139,0.103,1,BET1
0.00645353579628077,-0.4514284146266876,0.306,0.377,1,CX3CR1
0.022328219674328416,0.45085135625699935,0.125,0.089,1,PRIM2
0.076814273943276,0.45065389683270046,0.208,0.175,1,DNPH1
0.24663071363144715,0.4498020288488509,0.103,0.086,1,TOGARAM1
0.13481831689831025,-0.4497760059932616,0.078,0.101,1,LINC02084
7.820630033366312e-4,0.44963935643555075,0.4,0.327,1,KDM2B
0.0024790064637935077,-0.4494283542309669,0.167,0.236,1,FAAP20
0.09109236353955542,-0.44932408706551286,0.094,0.124,1,TMEM107
0.14768982200007436,-0.4491070490787006,0.119,0.145,1,SRP68
0.024987443137854504,0.4480481796580875,0.192,0.15,1,SLC25A38
0.054423941236773056,0.4476310254510494,0.117,0.087,1,SNX29
0.08304668921161992,-0.4462605898553187,0.081,0.109,1,DNASE2
0.12083695638938531,0.4461371405518362,0.144,0.119,1,UBR7
0.10237758737697097,0.4459965798687957,0.136,0.109,1,IPO5
0.03023153804864632,-0.4449709288277881,0.106,0.147,1,BLCAP
0.11150683113546,0.4448981595380619,0.156,0.128,1,IPO9
0.14523423286473952,-0.4436998933586761,0.153,0.18,1,RASSF7
0.013757508799275878,0.44357869380772563,0.2,0.152,1,SEC22B
0.08787939294027294,0.44352820550008776,0.144,0.116,1,TMEM167B
0.008308081381809976,0.44343488785358304,0.294,0.237,1,MAP3K5
0.20227756814127928,0.4433455394866106,0.108,0.09,1,HIP1R
0.0016245062096771428,0.4429719086320475,0.45,0.369,1,REL
0.014028458711456058,0.44296273201373715,0.2,0.153,1,PDZD8
0.012328894965500856,0.44292652532712684,0.311,0.258,1,SOS1
0.0069514546364211945,0.44215787968432907,0.214,0.16,1,PAIP1
0.19260752894265132,0.4419499614050426,0.103,0.084,1,PHF8
0.016821180933185128,0.44192449843802617,0.172,0.128,1,DDB2
0.027003759477871158,0.44028196673122844,0.183,0.144,1,SART1
0.005450241804246353,0.43973545895054844,0.253,0.192,1,EMC10
0.02801811133978755,0.4396820421505352,0.156,0.117,1,VPS16
0.09095899121534627,-0.43937677529611174,0.103,0.133,1,MAP2K7
0.05854061117186143,0.4391479318574568,0.239,0.202,1,HGSNAT
0.006808223684468349,0.43890222852004296,0.267,0.209,1,MYLIP
2.91668155059162e-4,0.43830850888847206,0.419,0.332,1,CD38
0.02706152088041584,0.43823012791098837,0.164,0.123,1,UBASH3A
0.1125048083314181,0.4382129758416333,0.108,0.085,1,ENSG00000290928
0.024441128632121202,0.43698556894546203,0.111,0.077,1,CNNM2
0.004614328265651404,0.4369038709400317,0.231,0.171,1,TMEM167A
0.4779760366547639,-0.4368920551504194,0.1,0.109,1,ALDH16A1
0.01998384182572018,0.43654122177390026,0.281,0.231,1,LCOR
0.04340592567741858,0.4361910828608996,0.186,0.15,1,CD226
0.07748100548428005,0.43611961589861736,0.136,0.106,1,NUP88
0.012790184722726758,0.43604933065084284,0.142,0.1,1,TANGO2
0.005384856245131302,0.43577949407619454,0.319,0.263,1,KPNA1
0.028485187393735248,0.4357476862127868,0.264,0.22,1,ZZEF1
0.007863595220551517,0.4356209162546505,0.428,0.372,1,RASGRP1
0.19267837751697914,-0.43524230496245964,0.097,0.118,1,NDUFV3
0.08473999302663422,-0.43485092342624587,0.139,0.17,1,SEPHS2
8.932051127317873e-4,-0.43454756681894335,0.311,0.39,1,CD63
0.01138844900095536,0.43432768756873774,0.283,0.231,1,EHMT1
0.22614376350552684,0.43413946345799936,0.125,0.107,1,TDP1
0.006817403235698175,0.43412990613855074,0.342,0.279,1,AGO2
0.012271822698583136,0.43364870628049706,0.325,0.268,1,CREM
3.7425401417365544e-4,0.43339435995034603,0.461,0.389,1,H4C3
0.0013569580973030165,0.4332076804145545,0.347,0.277,1,FBXO11
0.008882196355698197,0.4331834340226611,0.283,0.229,1,MAPK8
0.24372062421542617,0.43276975967789366,0.119,0.102,1,FMNL1-DT
0.02310632159918116,0.43252626192740107,0.289,0.238,1,ANKIB1
0.16910274875536555,0.43228329754277506,0.153,0.13,1,PLAA
0.0027001402004633484,-0.4317394785205331,0.222,0.304,1,BCL7C
0.0022050470914523577,0.4313224219786412,0.389,0.327,1,CYRIB
0.018543975817626974,0.43078281736435176,0.297,0.259,1,YAF2
0.019048338227848224,0.43031993978961286,0.242,0.194,1,PLCXD2
0.008118654567009867,0.4302107407545315,0.158,0.111,1,ATP13A1
0.04195468006490339,0.43006248437244476,0.178,0.139,1,BEST1
0.005518681775835307,0.42988976156032954,0.328,0.268,1,PIK3CG
0.08598355440875281,0.4298267273585832,0.142,0.114,1,PPP1R15B
0.02654011174697723,0.42948013527368456,0.122,0.087,1,ZNF766
0.0055454124650799125,-0.42929553759122985,0.289,0.35,1,CUTA
0.1282881984985832,-0.42887372777006605,0.089,0.115,1,CEP104
0.5125880499011026,-0.4285313462915974,0.094,0.103,1,ITGB2-AS1
0.18802752546721768,-0.42776373662034883,0.094,0.116,1,PHF10
0.006835538749016838,-0.4269368288634877,0.256,0.324,1,MATK
0.006900840729037137,0.42686086794353273,0.292,0.238,1,JARID2
1.0453883941301132e-4,0.42683588523435956,0.486,0.394,1,GBP5
0.01792272823550288,0.42618614187092907,0.25,0.199,1,TASOR2
9.678739795880066e-4,-0.4258305306229181,0.308,0.4,1,TUBA1B
0.003343088899407215,0.42567697012080297,0.117,0.073,1,KRBOX4
0.17170427886631967,-0.4256135170767401,0.092,0.115,1,PTGER2
5.986837084901259e-4,-0.4256024623106093,0.319,0.407,1,CCND3
0.18676637760031636,0.42515089452709764,0.114,0.096,1,ADPRS
0.24847383855068075,-0.42483765751829217,0.083,0.101,1,CHTF8
0.019564890525482957,0.424579095112934,0.161,0.119,1,KLHDC10
0.026684958584210737,0.424469556124109,0.242,0.201,1,MARCHF7
0.27431646892835115,0.4243452607404834,0.106,0.091,1,GFOD1
0.16106043121496347,-0.4241331489832041,0.128,0.154,1,MRPS22
0.1379871226636678,0.4241020369551145,0.153,0.129,1,ZNF407
0.04530321911826353,0.4240806303522168,0.225,0.187,1,LRRC8C
0.19192380825659985,-0.42402802713358256,0.089,0.11,1,TXLNG
0.006209000434129826,0.4238918284197071,0.208,0.154,1,LDB1
0.13160483229526812,0.4233184309898137,0.122,0.099,1,MGAT5
0.0988138054017386,-0.4232900935844375,0.117,0.147,1,SLC66A3
0.1531884586909755,0.42305584879920466,0.147,0.123,1,USP42
0.2018727628378366,-0.4223842867474543,0.108,0.13,1,RRAS2
0.25112070131192543,-0.42224296674725736,0.111,0.13,1,SEC22C
0.0872959413172513,0.42213179294695635,0.114,0.087,1,TTBK2
0.012631505068304105,0.42209329248333216,0.317,0.267,1,HUWE1
0.016899044627397115,-0.4218733160222994,0.194,0.248,1,ATP5MD
0.19483825958257295,0.42166752147347375,0.106,0.087,1,NUP205
0.03298907641937109,0.42143216257183735,0.111,0.079,1,EAF1
0.0013967805420792142,0.4206995110307961,0.292,0.219,1,SMC4
0.1775049486405404,0.42030971499398606,0.133,0.112,1,NOTCH2
0.001030720909949792,0.42019376888087157,0.367,0.292,1,H1-4
0.004885184280006471,0.4198217987569677,0.217,0.16,1,COG3
0.08686841411405587,-0.41916041671231635,0.222,0.255,1,FLT3LG
0.07436169094304444,0.41901188480685025,0.125,0.096,1,FCHO1
0.014910536873057947,0.4187383618998169,0.253,0.201,1,AMBRA1
0.030777239829667083,0.418641719467407,0.144,0.108,1,MRPL48
0.02700803674879861,0.4185429469276648,0.203,0.161,1,TNPO3
0.13344490400947814,0.418132713287084,0.131,0.107,1,LINC03009
0.16862753287137036,-0.4179480627317562,0.078,0.1,1,IMMP1L
0.05492578737081886,0.4178929424222384,0.167,0.132,1,YTHDC2
0.6166248418308118,0.41786467611421485,0.114,0.108,1,MRPL49
0.062284843948393454,0.4178247995013673,0.114,0.085,1,ASB6
0.18214221370856193,-0.41765795795169147,0.111,0.133,1,SLC39A10
0.010425333080922462,0.4175116983027679,0.258,0.204,1,MCOLN2
0.06665475032650531,-0.4175034354244228,0.158,0.194,1,AC004687.1
0.03961732127320537,-0.4173074262385392,0.142,0.183,1,WBP1
0.035675911241890346,0.4170329190828469,0.219,0.182,1,SYNGR1
0.08046131527076526,0.4168008159942418,0.139,0.109,1,DDX49
0.007316554126468274,0.4167593446845185,0.211,0.161,1,INVS
0.04097907695250672,-0.41667099539283226,0.094,0.133,1,EXOC7
0.01538263274174654,0.41588250583088215,0.169,0.125,1,MCM9
0.017616705523195008,0.4158541708832196,0.253,0.207,1,CERT1
0.06075985120072206,0.41555700107540194,0.167,0.135,1,ENSG00000291075
4.7431745178325086e-5,0.4155465035752587,0.528,0.423,1,PDE7A
0.14845756832888535,0.41498021424942433,0.15,0.125,1,TFCP2
0.17262840468893137,0.4149480714485987,0.175,0.152,1,TET2
0.030271971607793012,-0.4148277746836475,0.078,0.117,1,GRINA
0.15181543334869613,-0.41471704210972526,0.083,0.107,1,VCPKMT
0.01138532484454636,-0.41431557938494956,0.161,0.217,1,DNAJC19
0.018263185700171502,0.41411464377011953,0.108,0.074,1,ZNF626
0.041906017825383765,0.4133929751640346,0.222,0.181,1,PARP10
0.19126006279117352,0.41328607957444974,0.117,0.098,1,PROK2
8.309501780358149e-5,0.41305717775905715,0.469,0.367,1,TBC1D2B
0.04544211902562591,0.4130154680570768,0.158,0.123,1,HCFC1
0.17189428722826358,0.41298205628383045,0.111,0.09,1,HMGCR
3.9137693390845846e-4,0.4125600560015932,0.542,0.467,1,GGA2
0.22133558409475965,0.41246180220830153,0.1,0.083,1,CEACAM21
0.024533574325072555,-0.41213357990278804,0.222,0.276,1,PCID2
0.10587744005469157,-0.41130522334230624,0.133,0.162,1,NFU1
0.015414888340900249,-0.41086290903290873,0.203,0.257,1,CDK5RAP3
0.22485455952300545,-0.4105698970747267,0.092,0.111,1,ANKRA2
6.098773107487795e-4,0.4104790006339435,0.453,0.377,1,SKIL
0.14158883638047506,0.4103594778888673,0.153,0.127,1,MAGT1
0.06825609404591673,0.4103318636451354,0.108,0.081,1,GCDH
0.015333838122528958,0.40990629457126726,0.219,0.17,1,NOP56
0.02709130050547266,0.40976837103616826,0.208,0.166,1,VPS33A
0.003736977545205277,0.4096633902902166,0.483,0.421,1,PLEKHA2
0.01209152256772411,0.40906614717779854,0.167,0.121,1,USP32
0.0063199098770496415,0.4086484559246012,0.239,0.184,1,ATP10A
0.014358653086845521,0.4086083704082569,0.367,0.319,1,AGPAT4
0.0013428343445503251,0.4085541537032831,0.472,0.405,1,NCOA1
0.06889739141734041,0.40845405573921056,0.172,0.139,1,ULK4
0.22997510481795028,0.4076444805419297,0.103,0.086,1,PMM2
0.03113516213371603,0.40762071502450253,0.292,0.249,1,UBE2H
0.4308938707653729,-0.4061331940309316,0.092,0.102,1,PPP4R1
0.13447374704104706,0.4060316839962601,0.1,0.078,1,NACC1
0.10955410360156041,0.4059242523713089,0.103,0.079,1,MTERF1
0.02363967056403365,0.4059165104441269,0.142,0.103,1,FEZ2
0.01145818836455497,0.4056687682099657,0.244,0.191,1,RNF111
0.017924005326489786,-0.40566153973741337,0.256,0.31,1,SHKBP1
7.409694669851515e-4,0.4056263221035549,0.306,0.227,1,ASAP1
0.034899992725316215,-0.405603575985545,0.142,0.184,1,PCF11
0.002355252476745726,0.40512690865505796,0.436,0.381,1,TANK
0.02559535005313674,0.40506186592596305,0.236,0.193,1,ELK3
0.014323494098829492,0.40502184338319236,0.272,0.217,1,HAVCR2
0.290485617828169,0.4047297596720331,0.222,0.201,1,MX2
0.19247205254583688,-0.40466046793424626,0.103,0.125,1,STYX
0.1454766210101824,-0.4042655699023032,0.097,0.122,1,MDP1
0.03401202058691399,0.4042482955178788,0.128,0.093,1,FAM3A
0.027764873777091744,-0.4042480183430053,0.114,0.158,1,NUCB2
0.05033763790912175,0.4041753266825132,0.164,0.128,1,CASP7
0.03992417110545803,0.40409019374244626,0.186,0.149,1,RIGI
0.10178456078569184,0.40407033520639846,0.178,0.148,1,ECD
0.02944930344045211,0.4039000006844726,0.192,0.15,1,AQR
0.020868784478861858,0.40332111922809055,0.444,0.398,1,NFKB1
0.16759908846566637,-0.4033146442884228,0.106,0.13,1,RAB24
0.24383843611316994,-0.4031227972648337,0.106,0.125,1,ADI1
0.0202443127692965,0.40299765593251125,0.192,0.148,1,RCC2
0.01648403957911707,-0.4029971393686017,0.306,0.356,1,SDF4
0.014016121752229754,0.40268036266542645,0.25,0.196,1,WDR26
0.027381310253488528,0.4023638005979666,0.161,0.123,1,PRORP
0.00588905801650889,0.40229444549023086,0.319,0.261,1,FBXW7
0.10762812575878562,0.40227215607406186,0.119,0.095,1,MIDEAS
0.05083326206499493,0.40182640659519075,0.194,0.158,1,BCR
0.017805285981883856,-0.40146246991537815,0.3,0.355,1,HMGN4
0.15863203630032244,0.4014258528384782,0.103,0.083,1,MARCHF9
0.07630038210279301,-0.40133149263339574,0.072,0.102,1,SRBD1
0.04886277981705301,-0.4013235350156441,0.094,0.131,1,GALNT3
0.31638900908452716,0.4010118355247736,0.317,0.301,1,HSPE1
0.050655292125754876,0.40100862026939854,0.128,0.097,1,PTTG1
0.017683872649179495,-0.40079497402094555,0.456,0.494,1,TXNIP
0.0077782152101722925,0.4007891091051157,0.317,0.263,1,FOXO1
0.0021546288595527215,0.4003599147807502,0.386,0.313,1,CARD11
0.08175104993415686,0.4002085017988992,0.164,0.131,1,HDAC4
0.016855258461986555,0.4001039152044935,0.272,0.223,1,CLK4
0.07783467031399227,0.39949772033282405,0.161,0.129,1,SIKE1
0.001294927783482628,-0.3993874840772419,0.386,0.465,1,VAMP8
0.02760148762056495,0.3992121694708135,0.311,0.269,1,IRF2BP2
0.028405562728519722,0.39906965659685734,0.181,0.138,1,KIAA1671
0.022452581905396334,-0.39892261333309076,0.186,0.233,1,H2AFZ
0.15513293761634972,-0.39853068995479723,0.144,0.171,1,CYSTM1
0.15562489655497222,0.3983855900830855,0.117,0.095,1,PCMTD2
0.00304939151819958,0.3980250589531461,0.494,0.434,1,S1PR5
0.606782979221745,-0.39770777973322,0.106,0.111,1,MUS81
0.03965466765463979,0.3974565624872306,0.156,0.12,1,NRAS
0.28743765863550846,0.3974478614285344,0.103,0.088,1,SBDSP1
0.051991134542074526,0.39741995971115207,0.111,0.082,1,ZNF507
0.21488631611296463,0.3972106992900184,0.119,0.1,1,CADM1
0.5014393817757976,-0.3970991625453375,0.119,0.128,1,MRPS18A
0.11702550303111048,0.3969972280079248,0.103,0.08,1,RNF121
0.09809792214504838,-0.3967760640540401,0.167,0.197,1,EIF2A
0.13871691628250787,0.396768050981432,0.136,0.112,1,HDAC7
0.07609318292357978,-0.39672725168435113,0.231,0.266,1,CEP78
0.058282129156440314,0.3967189646512812,0.192,0.158,1,KMT2D
0.12038001025584238,-0.39653844039440767,0.15,0.18,1,FAM89B
0.39762188367298673,-0.39652145547299744,0.156,0.167,1,PDIA4
0.005106865369451274,0.39588809084648413,0.453,0.396,1,VPS37B
0.011765814010451668,0.39586122606646357,0.158,0.113,1,HMGXB3
0.03396615568421633,-0.3957334684584538,0.136,0.18,1,NHP2
0.2425164206375947,-0.3952662093543604,0.086,0.105,1,ABHD14A
0.1405473871093479,-0.395007598859509,0.106,0.132,1,TMEM120A
0.0678569311600384,0.39481666654851866,0.158,0.127,1,BRAP
0.04666948245356977,-0.39454138203073263,0.136,0.177,1,TRPT1
0.021992598741628615,0.39452067490482734,0.214,0.167,1,APC
0.040671522818741174,0.39434133256816306,0.208,0.167,1,KRIT1
0.05010013639465985,0.39400207435306656,0.172,0.136,1,C8orf76
0.07805626974881773,0.39391013999284885,0.139,0.11,1,ENSG00000291100
0.060908696220415386,-0.39381785432845384,0.103,0.136,1,PLSCR3
0.02459602219040576,-0.3929693762755173,0.242,0.291,1,PPP1R35
0.06865389486627677,0.3928249631993821,0.225,0.192,1,RSBN1
0.004373505345665318,0.39269436859157947,0.239,0.177,1,NELFCD
0.00635918522473222,0.3924894289941823,0.256,0.194,1,MAEA
0.12925821694510933,0.392398533027195,0.244,0.22,1,SARS1
0.009595705435375428,0.3923559603544087,0.392,0.335,1,TNIK
0.035952592726496,0.39220871622601905,0.1,0.07,1,GIPC1
0.2395800392836595,-0.3921299632186831,0.156,0.177,1,AFF1
0.06604034556118624,0.39186987835652987,0.214,0.179,1,TSPYL1
0.00404654117486162,0.3915543060343412,0.339,0.275,1,BTN3A3
0.017553551639135627,-0.3913937314180178,0.078,0.121,1,RAD9A
0.14191482843059278,0.3913557091847144,0.1,0.079,1,TPM1
0.5681422937411749,-0.39093251357265935,0.094,0.102,1,FMC1
0.4839977528778886,-0.3908669731020191,0.106,0.116,1,MAN1B1
0.021678561505870695,0.390680914317624,0.167,0.125,1,HERC3
0.11212743200062608,-0.3906734868563795,0.156,0.185,1,THAP12
0.09538086428972439,-0.39062656010863184,0.214,0.245,1,TMEM219
0.014132979012839428,0.3901561379624007,0.183,0.136,1,PACSIN2
0.03512480237942296,-0.3898292099199626,0.167,0.212,1,MRPS26
0.04760941184655262,0.3897490944292994,0.217,0.178,1,TERF1
0.19188842015209107,-0.3892499168764392,0.15,0.173,1,STK25
0.033274015771876456,0.38899054263444155,0.128,0.092,1,DIS3L2
0.2746563125799238,-0.3882129292557359,0.097,0.115,1,POLR3K
0.004852337816360179,0.38798576988194855,0.228,0.169,1,NAA60
0.04434276745948665,0.38775844005335275,0.297,0.255,1,SMURF2
0.03569769252799213,0.38752945918675313,0.244,0.199,1,UGP2
0.033745832885181286,0.3873652560400592,0.203,0.16,1,RSRC1
0.002223760518842587,0.386948906600079,0.311,0.238,1,MDFIC
7.137644899099139e-4,0.38674728127464175,0.569,0.505,1,RORA
0.054160081373651144,0.3865271652603588,0.169,0.134,1,PRPF19
0.12157864758628509,0.38641102380587133,0.147,0.121,1,EXOC1
0.11837289286389722,-0.3864011308105235,0.125,0.155,1,NUDCD2
0.015357236404010684,0.38620954292438725,0.161,0.118,1,MARK4
0.346748756821804,0.38603060782903587,0.131,0.116,1,MAP3K14
0.002419637325934868,0.3859597870697056,0.317,0.248,1,FASLG
0.1030886237041148,0.3859346339753106,0.161,0.133,1,GOLM2
0.041770223177716594,0.38562707943897123,0.286,0.248,1,COG5
0.3663431367124632,-0.38549276265432597,0.261,0.276,1,ENSG00000234961
0.0194664509019085,0.3849007144958956,0.153,0.112,1,TAF2
0.17942838402718325,-0.3848997692262408,0.111,0.134,1,ECHS1
0.05169449565564401,0.38487741467375924,0.125,0.094,1,MTRFR
0.3426490683781378,0.3847662587144234,0.125,0.111,1,DGCR2
0.0018321300086092311,0.3846979929694477,0.4,0.332,1,TENT5C
0.025443718001682686,0.3846369570214156,0.317,0.271,1,MKLN1
0.1459098648269057,-0.38460494852981897,0.2,0.225,1,SAT2
0.05396704229359391,0.3844944204368377,0.142,0.109,1,POLR3C
4.7365875531358254e-5,0.3844935900172648,0.647,0.551,1,TALAM1
0.12169448985756905,0.3843555663005127,0.175,0.148,1,SDAD1
0.1208692203610754,0.38371298330236825,0.1,0.077,1,ORC3
0.03204888013735958,0.38366008526137807,0.147,0.11,1,LARP4
0.2501860288492736,0.3835714740972689,0.103,0.085,1,MSC
0.1785426893940317,0.38356382582085086,0.269,0.243,1,RHBDF2
0.16059992807533613,0.38346167471342407,0.108,0.087,1,TOM1L2
0.03291812806460361,0.38326910171809436,0.186,0.145,1,SUCLG2
0.0924742338329539,0.3826971056280093,0.161,0.132,1,TMEM140
0.005935142947034851,0.38221427366454536,0.261,0.201,1,NCOR2
9.019118363819301e-4,0.38137761104432744,0.211,0.144,1,AGO4
0.3894178541206453,0.38120172601197866,0.122,0.109,1,NSD2
0.0352437134132302,0.3806585462573375,0.311,0.269,1,RMND5A
0.4560151927664775,-0.3804594372995851,0.089,0.1,1,GPANK1
0.6532190852091644,0.38000554422928556,0.144,0.139,1,YTHDF3
0.44261192374152775,-0.37976547510288716,0.094,0.105,1,FBXL14
0.076406839866292,-0.37944963050461816,0.325,0.353,1,IL2RB
0.014335079289997913,0.3794288107212458,0.214,0.164,1,DMXL1
0.008295017786603763,0.37896263855186824,0.25,0.194,1,GPR171
0.14356107895028303,0.378927844518258,0.306,0.271,1,HLA-DRA
0.19150604250638872,-0.3788997894962354,0.097,0.119,1,ICAM2
0.25533979763512943,0.37882553925457974,0.175,0.154,1,NRBF2
0.006057410836108118,0.37854698110199003,0.319,0.256,1,HIVEP2
0.17913039876706766,-0.3784895740708739,0.156,0.181,1,TSR2
0.014887968599820917,0.3783157630052302,0.175,0.129,1,CD84
0.10535808233852498,0.37793193654566903,0.142,0.115,1,ACAT2
0.017063088386879748,0.37783836210521626,0.217,0.17,1,IER5L
0.08471738247226246,0.37756033203560935,0.225,0.192,1,PRKAR2A
0.1574977114339926,0.37719995662337946,0.111,0.089,1,TFPT
0.17624202746100096,0.37713946403658793,0.128,0.106,1,TRIM24
0.06983558753371479,0.37713667095461045,0.139,0.108,1,E4F1
0.15583555326139503,0.37709033630814126,0.139,0.115,1,ZNF585A
0.16546242532635638,-0.3770291278165181,0.114,0.139,1,UBXN2A
0.07165319340772537,0.376827137924143,0.269,0.232,1,PTPN2
0.06280199420924004,0.37682089849580147,0.164,0.13,1,STRN3
0.08420120638853519,-0.3761267280684928,0.211,0.246,1,ST6GAL1
0.3399859691606058,-0.3761261792210697,0.128,0.143,1,KAT5
0.02445155552266041,0.37593173850034667,0.133,0.096,1,REEP3
0.010323389951704592,0.37586085605521563,0.275,0.22,1,OSBPL7
0.06534209754407626,0.3753651800750444,0.131,0.1,1,MTOR
0.14390645556785284,0.3752519203448157,0.114,0.091,1,PRRC1
0.02930767241741125,0.375150922917594,0.153,0.114,1,WASHC2A
0.2120331820402525,0.3749453656820214,0.106,0.086,1,CRK
0.12012270875673764,0.37461336039268933,0.133,0.108,1,BTRC
0.1273711121362142,0.37460176286703684,0.169,0.143,1,RNF11
0.05382334964004051,0.3745494336430104,0.319,0.277,1,PUM1
0.05979030764099888,0.3745366943693742,0.153,0.119,1,ZNF506
0.07760097936309727,0.3745057036555781,0.142,0.11,1,TRMO
0.03353836803120584,0.3743705692044818,0.267,0.22,1,CDK11A
0.07653329328330002,0.3742715477546874,0.156,0.123,1,SLC35E2B
0.0427576307443189,-0.3737127646730104,0.175,0.219,1,MRPL28
0.08238640901839141,0.3724342322217975,0.103,0.077,1,PLEKHM2
0.05917472420874277,0.37221195811637076,0.158,0.124,1,RNF138
0.026117657370928995,0.3721367436747436,0.422,0.378,1,FRYL
0.0011716875199804448,0.37187974125516443,0.533,0.479,1,TNRC6B
0.1765397180151618,0.37171733145540564,0.15,0.129,1,KIAA0319L
0.03689015199165027,0.37164771634121063,0.175,0.136,1,DAAM1
0.08278901596878431,0.37157827049700587,0.144,0.115,1,DCAF6
0.044966796575815024,0.3714337291327726,0.306,0.263,1,MFSD11
0.18530856503890836,-0.37130772447335747,0.161,0.184,1,PPID
0.4955505920197375,0.37123399079812236,0.125,0.115,1,PHLDB2
0.24901005009154512,-0.3708390758904929,0.094,0.113,1,UNC119
0.019651568006227492,0.37064068075123524,0.253,0.2,1,TNPO1
0.10737096310643068,0.3704215630098209,0.167,0.138,1,LENG1
0.004036852868309398,0.3703096183786353,0.306,0.241,1,NPC1
0.009355618727242897,0.37030049522118347,0.153,0.107,1,APOL3
0.025817615448243902,0.3702596503446825,0.244,0.199,1,UBE2Z
0.029914599752770825,0.37011652526549366,0.353,0.308,1,IVNS1ABP
0.018604198091758055,-0.36998168588759406,0.183,0.233,1,PLEKHJ1
0.024958532643532056,0.36971765307153887,0.233,0.186,1,APLP2
0.5084673366738595,0.369673938908583,0.111,0.103,1,FAM199X
0.006618455619489582,-0.36934920027262974,0.183,0.248,1,ALKBH5
0.02282393092644348,-0.3689733017113559,0.272,0.327,1,NDUFS8
0.05818750700610702,0.3689203510688358,0.2,0.166,1,GAPVD1
0.0859042736903357,-0.3683853657487022,0.169,0.203,1,LYPLA2
0.09005419697853335,0.3680949654898207,0.239,0.203,1,BANP
0.024956312672774435,0.3679554808695148,0.194,0.152,1,SLC30A9
0.3943841882322628,0.3679345834198875,0.103,0.09,1,LGALS9
0.24651665369706519,0.3679089486726399,0.169,0.152,1,MARS1
0.04230183784534772,0.36755022108187874,0.228,0.185,1,CAPN7
0.10809525099545482,-0.36746019259562723,0.183,0.216,1,ARL8A
0.24063952820020026,-0.36736871047754605,0.133,0.154,1,SLC25A11
0.048027882704667825,0.3673296490088034,0.131,0.098,1,TCF20
0.09773921118866558,-0.36717464667923205,0.075,0.102,1,SLC66A2
0.1669470785336583,0.36710964791592504,0.111,0.09,1,IDH3A
0.06760521156609169,0.36619847973753084,0.103,0.076,1,TECPR1
0.05117370250483653,-0.3660990309007808,0.178,0.219,1,FLOT1
0.08593337573174363,0.36608720848457976,0.161,0.132,1,AKT3
0.010272419681674161,0.36594215620661735,0.267,0.21,1,MPC1
0.019977700813297902,0.36586677119968325,0.392,0.34,1,PRR5L
0.0707860125326694,0.36577205700237325,0.222,0.186,1,MAP2K4
0.1157648884989301,0.3657620266954954,0.214,0.183,1,MBD2
0.15049896105695137,-0.3657277981380439,0.153,0.181,1,VPS26C
0.014992643287725316,0.36566372262951113,0.361,0.313,1,PPP3CA
0.030213519254898093,0.3656474698982309,0.256,0.212,1,USP14
0.0015588603783398326,0.3656377368480394,0.458,0.378,1,PCED1B
0.004752738137101718,-0.3650183194738179,0.414,0.484,1,PRDX5
0.2686502869811591,0.3648214830041221,0.117,0.1,1,PEX13
0.023233277562279067,-0.3645827921820207,0.206,0.257,1,CLPP
0.40609643089338715,0.3643735308876668,0.103,0.091,1,SLC25A4
0.07671290352499309,0.36423863218048447,0.144,0.114,1,SLC35E1
0.006035296233126131,0.3638537420038763,0.339,0.27,1,ETNK1
0.38207921306623815,-0.3637326811681436,0.122,0.135,1,ZNF580
0.14680850005147614,-0.36361759860292353,0.161,0.189,1,SUPT3H
0.008941374257094476,0.3635740086538977,0.436,0.374,1,TBC1D22A
0.004732263973183439,0.36314173939865996,0.4,0.325,1,RBMX
0.003247953837080331,0.36313125810710933,0.35,0.275,1,PHF20L1
0.23801758225238656,-0.3627086133394237,0.083,0.102,1,LIMK1
0.3262600767623278,-0.3626291001667712,0.153,0.168,1,ITPA
0.07043741855615288,0.3624456532418369,0.244,0.209,1,RELCH
0.04584903679952611,0.36218911835650935,0.189,0.151,1,APPL2
0.09247311499167064,-0.36216726501930374,0.094,0.125,1,DNAJB2
0.1072731431520364,0.3620736001657199,0.194,0.166,1,FOXO3
0.029557310475813055,0.361934917856577,0.306,0.261,1,DDIT4
0.029168425321482946,0.36175799891044036,0.231,0.184,1,MFSD6
0.01951661475800355,0.361683662175775,0.281,0.226,1,RBM27
0.19036176491993853,0.3616614779507714,0.117,0.096,1,CEP135
0.1927323889958786,-0.3615397062192689,0.172,0.197,1,MAT2A
0.0010931834217446366,0.3614033929572165,0.389,0.317,1,GATAD2B
0.4088901219099653,-0.3611536622807838,0.092,0.104,1,ANAPC1
0.1682228536349984,0.36088519493603394,0.214,0.191,1,AMD1
0.04374132622038221,-0.36077651931792665,0.183,0.229,1,MYD88
0.05232283217927824,0.3605306941621536,0.233,0.195,1,GPR137B
0.08009807099164609,0.36052437567197226,0.153,0.121,1,MTMR12
0.016631080462803993,0.3605178030402946,0.325,0.282,1,KLHL24
0.0010450736018135251,-0.3601910851648016,0.486,0.543,1,HNRNPA0
0.20190244939725766,-0.36005482121645627,0.083,0.104,1,BLOC1S5
0.07134374572415435,-0.35992133450945707,0.231,0.267,1,GIMAP2
6.500206585327551e-4,0.3596576862403307,0.442,0.362,1,MATR3
0.4105804962871066,0.3594985839899012,0.128,0.116,1,CSPP1
0.0519491243718279,0.3594154245910255,0.178,0.141,1,BLMH
0.03353761020813018,0.35936744122919784,0.303,0.261,1,SLC6A6
0.010134022267798155,0.35926319785285143,0.192,0.14,1,ISG20L2
0.31576793910936135,-0.3592328758944505,0.131,0.147,1,LRRC59
0.10227573679397407,0.35913624254993604,0.15,0.123,1,FBXO32
0.10958890406094922,0.3589664588952681,0.128,0.101,1,CREBL2
0.039829721290496875,-0.3587712200154762,0.25,0.295,1,PSMB8-AS1
0.09373765657923679,-0.35874846844677766,0.097,0.128,1,MFSD8
0.3041060561932876,-0.35872309542313774,0.086,0.102,1,PPP2R5D
0.2080267053698797,-0.3587082703924491,0.094,0.116,1,TBC1D19
0.08566271353869541,0.35870114309306045,0.15,0.121,1,RCE1
0.2305789091223815,0.3583220717275061,0.192,0.172,1,BLTP1
0.0480941364506614,0.3583132382129327,0.286,0.246,1,UBR5
0.37117559723908033,0.3582733742893265,0.122,0.109,1,TTLL5
0.25727342140425236,0.35820132275765115,0.175,0.152,1,MT1E
0.24155863480095,0.3581491162063757,0.169,0.152,1,SPTY2D1
0.14161196343163418,0.358094386143452,0.114,0.091,1,DROSHA
0.05774532283537377,0.3577137810695469,0.181,0.145,1,RRN3
0.0624919870026096,0.3576649011087233,0.256,0.219,1,SMC5
0.571841374046117,0.35744037672454887,0.128,0.122,1,TARS1
0.2544741081108041,0.3569423445115798,0.114,0.096,1,CSTPP1
0.2672699278583661,-0.3568584665298564,0.083,0.101,1,DTWD1
0.8312779674766106,0.3564180775456993,0.156,0.157,1,NUP50
0.03992665581018468,0.3562507295638868,0.197,0.156,1,PLEKHA3
0.261257906067859,-0.35621044101008725,0.147,0.166,1,ETHE1
3.0663781170894687e-4,0.3561538929149869,0.55,0.454,1,N4BP1
0.028388559992524168,0.35585439491393533,0.378,0.327,1,TRA2A
0.0024370550058043874,-0.35580511596018705,0.386,0.453,1,TBX21
0.23171064957688478,0.355645657742792,0.139,0.119,1,RFX1
0.043672813024347126,0.35561980779295066,0.119,0.087,1,ZNF518A
0.053653876053125736,-0.35560596161495306,0.153,0.194,1,WRNIP1
0.10153971532722851,-0.3555589955351659,0.131,0.163,1,HK1
0.046805847519611594,0.35547235249139203,0.325,0.284,1,CTSS
0.21603914050478928,-0.35540811066330175,0.192,0.216,1,GCHFR
0.021391325258988562,0.35537272705581807,0.239,0.191,1,RIPK1
0.15947302783233847,0.3553463029249868,0.15,0.126,1,PUM3
4.179420426494727e-4,0.3550158520887158,0.558,0.465,1,NSD3
0.14797246918015286,-0.354945900133394,0.219,0.247,1,BAG1
0.13786787004915063,-0.3544481854040955,0.225,0.254,1,OAS2
6.576503409877072e-4,0.3544277471419021,0.444,0.347,1,CLASP1
0.30312575798223795,-0.35440468637504874,0.089,0.105,1,KRI1
0.025122654569378695,0.3540486528367224,0.294,0.245,1,CELF1
0.2223141189457765,-0.35404513811841065,0.189,0.211,1,DPY30
0.018538678440194765,0.35391339770650987,0.225,0.176,1,RALGAPB
0.3039881570503319,0.3538586313529526,0.144,0.129,1,SBNO2
1.1573376828755178e-4,0.3538390447224776,0.528,0.442,1,GLCCI1
0.27322681002646,0.3533542242221499,0.1,0.084,1,UNKL
0.23570720859438327,0.35281455550879925,0.203,0.182,1,PRELID3B
4.824901339961941e-4,0.3526422520549266,0.522,0.445,1,CYTOR
0.21697278030318207,0.3524603871407317,0.119,0.099,1,FUBP3
0.17741955513822613,0.3524571983866076,0.133,0.11,1,TTC13
0.07178904057148983,0.3521346860824943,0.133,0.103,1,WDR55
0.14800027832158094,-0.3520852828619978,0.081,0.105,1,PERP
0.031066001965760873,0.3520125648083974,0.339,0.292,1,PTPRE
0.13921198229995274,0.3519878456457082,0.169,0.141,1,NSUN2
0.0029839909737743677,0.35196335795598976,0.303,0.233,1,LAP3
0.023065909334422232,-0.3516310698081868,0.222,0.277,1,GLRX5
0.5691051509514798,-0.3516209172164493,0.125,0.131,1,PIP4P1
0.0793664170132675,0.3510471529681889,0.144,0.115,1,GANAB
0.2965165613257741,-0.3509071202159988,0.117,0.134,1,HPCAL1
0.1279557269379472,0.3507760184764508,0.131,0.106,1,EYA3
0.04965055045846042,0.35074383661098407,0.147,0.112,1,NEDD1
0.15478303962536746,-0.35057524964752285,0.167,0.192,1,VPS4A
0.11576466620208962,0.3504144516180637,0.269,0.24,1,SCFD1
0.0403181069551993,0.35025761754896606,0.275,0.233,1,PRDM1
0.04414978486485878,0.3502134470516575,0.233,0.196,1,MTG1
0.07878602319339292,0.350105883852476,0.167,0.135,1,CD2AP
0.030798009176542313,0.3497401959061376,0.258,0.215,1,RBM23
0.20692402394319695,0.34971550453653144,0.131,0.11,1,LEO1
0.007871448997939358,0.3496673148885805,0.153,0.105,1,FBXO28
0.1105221516591312,-0.3496549091115273,0.131,0.163,1,BTBD7
0.2632250336130695,0.3496204672469321,0.144,0.126,1,CBX6
0.015213271594451083,-0.3495693141530396,0.186,0.239,1,TMC8
0.0033220647106057054,0.3494531030708292,0.45,0.377,1,RAB8B
0.036434840013246636,0.34935391593560006,0.161,0.123,1,BCL2L1
0.30150500581375517,0.34918624851525426,0.169,0.15,1,GCNT1
0.06006719276078663,0.3491156423773887,0.367,0.338,1,DHX36
0.09860552671662626,-0.349050046642452,0.114,0.145,1,DBP
0.10794423619169492,-0.34900361662189533,0.189,0.222,1,SNHG16
0.021237856759709347,0.3486282621473302,0.269,0.221,1,RABL6
9.699788225179959e-4,0.348622640108864,0.519,0.443,1,SETD2
0.0016186495485526167,-0.3483603914112896,0.703,0.759,1,MIF
0.0012017655402548494,0.3482938490213834,0.539,0.465,1,SPTAN1
0.05260373368863911,0.3482429690860481,0.211,0.174,1,TFIP11
0.0796765846745997,0.34821695735875524,0.156,0.123,1,SLC35B1
0.05560931394051662,0.348175386839612,0.125,0.095,1,PI4K2A
0.016879425744998226,0.348153392739156,0.322,0.271,1,PFDN2
0.034529490396394934,0.3480537205470642,0.267,0.217,1,TRIM38
0.1415121755108963,0.34795642892006917,0.114,0.09,1,PRCP
0.04712243716392112,0.34770738095701426,0.222,0.18,1,TLE3
0.021389657350234757,0.34760139366848586,0.106,0.071,1,SNRNP25
0.07398214910337159,0.3473733189223118,0.111,0.084,1,POLB
0.0038430963152749392,0.3469394692001141,0.428,0.362,1,SPATA13
0.22243111615727815,-0.34688952456179933,0.122,0.143,1,MFAP1
0.2754038668780219,-0.3465452048008437,0.139,0.158,1,ZNF511
0.09726519570407716,0.3461676627444199,0.111,0.085,1,RBM15
0.7162506791417678,-0.3461347503693111,0.131,0.133,1,YARS
0.06370593005908952,0.34595847523792306,0.214,0.176,1,AHI1
0.09275205816151129,0.3455742294086628,0.1,0.076,1,TET3
0.324779578789605,0.34544861827590356,0.119,0.104,1,NBPF19
0.016959141500902983,0.3452798308468783,0.444,0.405,1,STAT1
0.08813085396432634,0.34510373070121525,0.142,0.113,1,SCAP
1.396445763879107e-4,0.34509872323868773,0.692,0.599,1,NFATC2
3.585377497437236e-4,-0.3449714717033403,0.422,0.524,1,PKM
0.06999427219808256,0.3449250263546323,0.183,0.149,1,ZNF831
0.008135600906194463,-0.34491101707505556,0.442,0.51,1,PRELID1
0.4305342579033561,0.34484602010987797,0.125,0.115,1,IKZF5
0.19514429157845498,-0.3447321406409507,0.133,0.156,1,PYURF
0.058974726271616255,0.3446443122105484,0.242,0.205,1,OXSR1
0.09621259441281539,-0.3446373896376198,0.133,0.165,1,NR2C2
0.06757936362372882,0.3445801152134864,0.164,0.131,1,SART3
0.014947673292886354,0.34437525840305944,0.331,0.276,1,ZNF217
0.25572669650609997,0.34428130445592786,0.1,0.083,1,LETM1
0.1470018370865135,0.3441851192937826,0.119,0.096,1,WDPCP
0.0024849394827968422,0.3441641568335589,0.414,0.341,1,ARID5B
0.03328563841391782,0.34406068978896065,0.475,0.421,1,TAGAP
0.019316066642613716,0.3439994730215953,0.392,0.338,1,DYNLT1
0.30454014232485055,-0.34398821476676544,0.092,0.107,1,EXOSC7
0.1909563707791992,0.34310208390343666,0.117,0.096,1,YWHAG
0.28780486248993353,0.34270486450712934,0.117,0.102,1,ENSG00000291136
0.08365618074145877,0.3426892113076139,0.208,0.176,1,PRPF38A
0.057928761285247654,0.34247143266115243,0.133,0.101,1,RBM34
0.13362152213937922,0.3421491095296181,0.122,0.097,1,ITPRIP
0.05781576785363499,0.34198071032173283,0.372,0.329,1,FAM53B
0.061220053746942484,0.34185307173056656,0.161,0.128,1,PAPOLG
0.19590443234724758,-0.3416604112841475,0.139,0.163,1,GAS7
0.04048190195144359,0.34133732743057954,0.164,0.127,1,TRNT1
0.24328662935317996,-0.3410024539040759,0.083,0.103,1,COG2
0.13138147050153148,0.3409639304139487,0.131,0.105,1,DIPK2A
0.0826166262225027,0.34070820812397073,0.181,0.146,1,DNAJB12
0.05637889867566522,0.34062619063292565,0.192,0.155,1,ACSF3
0.15167485517875415,0.3404619883354336,0.139,0.114,1,ZDHHC5
0.020409179567409466,0.3403323924914972,0.278,0.229,1,NLRP1
0.06246612112775977,0.340304233183391,0.194,0.16,1,PIGX
0.19055558813156645,0.3402186626699301,0.189,0.165,1,ST8SIA1
0.028853638503801834,-0.34014551435517,0.239,0.293,1,RTN4
0.07506087243508126,0.34009627370047046,0.161,0.128,1,NIPSNAP2
0.3213528321413815,0.33984854851612756,0.106,0.091,1,GALNT7
0.02068902584073263,0.33984017775901315,0.281,0.231,1,NUFIP2
0.9645930825597501,-0.3398318294010306,0.128,0.127,1,KLRB1
5.4333171353278e-4,0.3398249721940887,0.633,0.543,1,STAT4
0.5006400531021598,-0.3398118019380023,0.133,0.143,1,TRPV2
0.03556717570520325,-0.33940552365835536,0.183,0.23,1,FCRL6
0.30359590003434095,-0.3393492618400278,0.097,0.114,1,TRAK2
0.008199200322316797,-0.3392268137855739,0.3,0.371,1,MFSD10
0.12445733640511426,0.3391928596702667,0.153,0.125,1,NOL8
0.002430322058316543,0.33916665779294003,0.442,0.371,1,JMJD1C
0.11838238810023251,-0.3390552552264373,0.189,0.221,1,FAM32A
0.06368393245240751,-0.33901351253166934,0.181,0.22,1,PIGT
0.05891801879873032,0.3387420219572532,0.128,0.097,1,ZNF141
0.11505073753963577,-0.3385903582142489,0.164,0.197,1,KEAP1
0.11144591279635212,-0.33847594384562507,0.183,0.217,1,DBNL
0.06606923278859039,0.3383906076546612,0.139,0.108,1,MOSMO
0.025949782039220517,0.3383276025068251,0.294,0.248,1,EXOC4
0.42762576770765154,-0.33829015972313603,0.131,0.142,1,HENMT1
0.021787527747200875,-0.3380531571488472,0.15,0.2,1,ZFP91
0.030125191759864986,0.3379261388751567,0.239,0.191,1,DIPK1A
0.030285431086642216,-0.3377175085679136,0.164,0.215,1,NCOA7
0.38553954616840946,0.3375950286016878,0.139,0.126,1,HDAC5
0.2971148725415028,0.3375225107414901,0.1,0.085,1,ZNF76
0.3798997111441599,-0.33751820800510157,0.119,0.133,1,PEX11B
0.20111693158032157,-0.3374913048803925,0.136,0.159,1,AKT1
0.00812195482247751,0.33729741779336425,0.436,0.385,1,KDM2A
0.045234412389186476,0.3371716011551796,0.242,0.199,1,KLHDC3
0.15012436673970236,0.3370517014175243,0.153,0.128,1,TMEM70
0.06020803477169957,0.33701766380163434,0.189,0.152,1,SAP30L
0.010162796783044967,0.33680930794086616,0.228,0.171,1,BICRAL
0.09502709734272904,0.3364862306247447,0.156,0.127,1,ZMYND8
0.0071475454489470965,0.33618437573575854,0.481,0.424,1,KPNB1
0.0037012654855323626,0.33606535536698456,0.511,0.445,1,CHST11
0.0328611865614575,0.33591511436997235,0.208,0.164,1,EED
0.11455389906699731,0.33564945003009194,0.103,0.079,1,RABEPK
0.0019000080401144093,-0.3353105393981396,0.475,0.553,1,ERP29
0.3000897127272259,-0.33528536830202493,0.083,0.1,1,ARMC2
0.026376681521300703,-0.33517505617725785,0.125,0.172,1,NUP210
0.11974645321388039,-0.3348857949862928,0.167,0.197,1,GIMAP6
0.15756243349242424,0.3348793662289814,0.222,0.195,1,CHORDC1
0.28307728372785657,0.3347408506740013,0.125,0.108,1,POGLUT1
0.07182423352229796,-0.33459432992283,0.103,0.136,1,FARSA
9.845811968523293e-5,0.33452789735496946,0.714,0.626,1,CCSER2
0.13117811552614858,0.3344345581444288,0.167,0.14,1,DDX23
0.21229403061729274,0.3343471832728627,0.186,0.164,1,HTT
0.019933800909308238,0.3340716420917256,0.172,0.129,1,MYCBP
0.16079134354680785,0.3339448801407141,0.153,0.129,1,EDRF1
0.006671199169233184,0.33387350166300944,0.356,0.291,1,HELZ
0.02958301881731019,0.3332459661335776,0.222,0.178,1,SRSF6
0.018977798735723413,0.33295672649613495,0.414,0.357,1,ZBTB20
0.09426261237186057,-0.3329106643715025,0.117,0.15,1,TRGV10
0.09159440782964129,-0.33290298545649377,0.1,0.131,1,MYO9A
0.0912317035051804,0.3326648144871915,0.344,0.309,1,TNKS2
0.0013356470716815421,-0.332630484549959,0.383,0.471,1,SHISA5
0.8586029171748248,-0.33216681695094774,0.106,0.105,1,NOL12
0.34063422246841396,-0.33206890194674754,0.1,0.115,1,EID2
0.01840129793544994,-0.33189579108516915,0.25,0.309,1,PRMT1
0.036501541671059914,0.3317874710525055,0.197,0.157,1,SREBF2
0.04755478335520731,0.3314206013365484,0.15,0.117,1,H2AC6
0.0421849751885331,-0.3308569247348495,0.233,0.281,1,REX1BD
0.22346025123631355,-0.330798613911776,0.089,0.108,1,RAP2C
0.21764818416587448,0.33070394640782735,0.294,0.27,1,MBD5
0.026049029647287465,-0.3306523506699025,0.136,0.182,1,COA6
0.47960117485790593,-0.33064910448824936,0.128,0.137,1,PDLIM2
0.1277094852975682,-0.3304985081704169,0.142,0.171,1,TMEM134
0.16838910752819292,-0.3304952613492884,0.103,0.127,1,IFT52
0.04358241026314631,0.3301881267051252,0.347,0.303,1,ERP44
0.18652123450227626,-0.3300597447576632,0.111,0.135,1,GPATCH2L
0.560751304594542,-0.3300076580719289,0.111,0.119,1,MAP1S
0.3289262136289838,0.32970602558932793,0.117,0.101,1,GZMK
0.07463106338971433,0.32943181904497565,0.139,0.109,1,ABHD13
0.0675448238371607,0.32933399218309023,0.203,0.168,1,NUP54
0.15664926386931605,0.32931739965583384,0.114,0.092,1,RPP25L
0.3286594156098158,0.3291827424345788,0.114,0.098,1,DPM1
0.27784681532790656,0.3288716247985086,0.1,0.084,1,CPLANE1
0.2414837320031161,0.3288201417537381,0.217,0.196,1,PPWD1
0.3443690877838774,-0.3285050680041235,0.161,0.176,1,RAMAC
0.08354328998365469,-0.32832574653357133,0.219,0.258,1,PSENEN
0.04199435022958722,0.3283236777156583,0.225,0.183,1,C6orf62
0.3191264431951517,0.32819779323365306,0.128,0.112,1,ESF1
0.04007265814229836,0.3280295656696373,0.322,0.278,1,BAZ1B
0.01890825039488628,-0.32801659169213415,0.233,0.288,1,METTL9
0.06463959946280745,0.32780733902881853,0.203,0.168,1,PCNT
0.1734177432574158,0.3276606225237946,0.197,0.172,1,BMPR2
0.04094294963969797,0.3276480864513175,0.2,0.16,1,PPFIA1
0.18157186163961042,0.32751577773250085,0.147,0.126,1,ZNF592
0.2983031291736965,0.32742654333841115,0.133,0.116,1,FUT8
0.44250651009019715,-0.3273756488238557,0.117,0.129,1,RHOC
0.0201283459783643,0.32735981275099213,0.219,0.169,1,NFYC
0.2964440727021227,0.32725284673013677,0.117,0.101,1,STIMATE
0.10342059421074119,0.3272461145048178,0.164,0.134,1,EXOSC9
0.046602775980865804,0.3269627388200247,0.161,0.124,1,RAB11FIP4
0.03000545867424223,0.3266051296782293,0.231,0.184,1,GALNT11
0.16994668633266183,0.32645830313362423,0.169,0.147,1,HPS3
0.7987914176484485,0.326274837523544,0.108,0.107,1,ARID3B
0.006714790254393638,-0.326204098480211,0.336,0.397,1,TBCB
0.14404541806554164,-0.3260995377995842,0.239,0.267,1,CMTM3
0.06964384184428205,-0.32608129175970113,0.131,0.168,1,GMCL1
0.12253417368275053,0.3260316827890648,0.128,0.102,1,INTS9
0.03750122860326613,-0.32576138490354,0.147,0.193,1,USP1
0.08691007442612339,0.32569565765675446,0.167,0.136,1,ERCC3
0.2800454733631694,-0.3254130931458956,0.086,0.103,1,SLC35D2
0.1080371277532426,0.3253990141623507,0.219,0.188,1,CWF19L2
0.5168242794934899,-0.3252389025154836,0.1,0.109,1,DDX19B
0.04232797331949263,0.3252351581232149,0.147,0.112,1,HIVEP1
0.08629430971125432,0.3251743638487882,0.167,0.135,1,TRAT1
0.060379497706872086,0.32487000741318806,0.139,0.107,1,GDAP2
0.08197437643728787,0.3248010679796225,0.136,0.107,1,DHX40
0.10851321817052376,0.3247457953005369,0.339,0.306,1,APOL6
0.038977445785574494,0.3247028520136167,0.214,0.171,1,DICER1
0.02406960389168243,0.32448577540147006,0.131,0.093,1,COPS7A
0.006111257400593305,0.324481403550567,0.403,0.334,1,RNF115
0.10368496588902525,0.3244030985284079,0.172,0.141,1,PDXK
0.06709654596173073,0.32434709121356264,0.186,0.151,1,ZNF91
0.24815783573719208,0.324187571826396,0.114,0.096,1,PDSS2
0.07982064683980462,0.3240007670958541,0.425,0.387,1,SLC2A3
0.040526013407006276,0.3238023819218084,0.311,0.27,1,TLE4
0.4102163678619543,-0.32354162479061044,0.092,0.104,1,TBRG4
0.24024485968343426,-0.3232982419753452,0.092,0.111,1,TXNDC11
0.07774308570429184,0.32326946692326963,0.117,0.089,1,IFFO1
0.011222955625329887,0.32319117527452734,0.808,0.806,1,HSP90AA1
0.029407790959320196,0.3224999658674541,0.303,0.263,1,BBLN
0.043704119009553205,0.32214464636826734,0.194,0.154,1,TOPBP1
0.00165293688877839,0.32209031531917326,0.328,0.249,1,B4GALT1
0.008488981397288826,0.3219419836109828,0.492,0.442,1,SIK3
0.1920765975655775,0.3215844726517434,0.133,0.111,1,PIGB
0.10970874385958942,-0.3214292529324291,0.269,0.301,1,TMC6
0.2537075928794198,0.32141921321032796,0.122,0.103,1,TOB2
0.13219990598244696,0.3212663359434149,0.186,0.157,1,GALNT10
0.03635579647141868,0.32113224496568504,0.186,0.145,1,KDM4A
0.02858795866392232,0.32107010398829783,0.203,0.159,1,SNAP29
0.099542621758154,0.3207904688235441,0.197,0.167,1,RABGEF1
0.10874662794186418,0.3207677388414244,0.186,0.155,1,CRYBG1
0.36321588123237747,0.3206236746266966,0.142,0.128,1,ASTE1
0.14456701901904478,0.3205828161724542,0.1,0.079,1,RYBP
0.08367669933391372,0.31972704911357286,0.2,0.165,1,EDEM3
0.06034478216867012,0.3196239825205187,0.128,0.097,1,COG7
0.24890142031220985,0.31959166001940686,0.208,0.19,1,OSBPL9
0.0038069589742816797,-0.3194596635652316,0.247,0.323,1,EIF5
0.08241217840000031,0.3193370066174981,0.161,0.128,1,ATP6V0A2
0.05780461146154432,-0.3191782844020624,0.197,0.242,1,ATRAID
0.008207913011133182,-0.31911526504062415,0.65,0.691,1,CD8B
0.029966140614223036,-0.3190535142803258,0.222,0.276,1,IER3IP1
0.09785677176248854,0.3190472049110945,0.233,0.202,1,PRR5
0.5561363114648542,-0.3185398711596237,0.117,0.125,1,GRHPR
0.16056670792805708,-0.31848053205161664,0.189,0.218,1,BLOC1S4
0.08133082316102871,-0.3184054958495297,0.139,0.175,1,PHF23
0.01570373726115529,0.3182011442992804,0.367,0.315,1,PAN3
0.04747944691977696,-0.31807239951841815,0.258,0.301,1,LAPTM4A
0.02050561666425722,0.3180322374122747,0.322,0.271,1,DYM
0.40022037905781577,0.31796049567126694,0.111,0.098,1,LINC00513
0.5157606121881013,0.31763366938303705,0.114,0.104,1,INO80B
0.09606697447610629,0.3176319407117255,0.183,0.153,1,KPNA6
0.079178193363983,0.3175788406192138,0.236,0.199,1,IRAK4
0.2859781087436068,0.31752470803542154,0.131,0.114,1,HUS1
0.10629366704281897,0.3175225377170403,0.144,0.117,1,USE1
0.15580778093199693,-0.3174779253465638,0.214,0.241,1,TIA1
0.1766139304529175,-0.3174012824578538,0.125,0.15,1,CLCN3
0.043004520234839645,0.317230623952379,0.219,0.176,1,MARK2
0.27497776928253614,0.3171806098040524,0.139,0.121,1,PDE4DIP
0.19889895780632444,0.3171469354891867,0.139,0.118,1,ATL3
0.033382295369473174,0.3171393905953491,0.256,0.213,1,RNF13
0.41944455582767787,0.31713721807811046,0.122,0.11,1,TAPT1
0.291712024238456,0.3170370394072314,0.197,0.178,1,PPIL4
0.48769648047962594,-0.31698777014657376,0.153,0.162,1,WWP2
0.00827848532912314,-0.316971880257614,0.6,0.634,1,ITGB1
0.0015601976511594544,0.31693298074236936,0.483,0.404,1,USP34
0.05591961707698896,0.31692712860086636,0.203,0.164,1,ZDHHC6
0.1728488478556243,0.3168146922773887,0.153,0.126,1,FNDC3B
0.21932763059745142,0.3167548669226786,0.183,0.158,1,HSPB1
0.28030317218720774,0.3166142246034893,0.119,0.103,1,NUP93
0.05886275801963248,0.31660001243837976,0.189,0.152,1,EXOC6
0.004613288102627845,0.31658988562440266,0.375,0.3,1,HIF1A
0.048739846705263636,-0.3164262881404773,0.219,0.264,1,NUDT21
0.00726909671029708,0.3163483445907067,0.469,0.413,1,GRB2
0.6059267415014793,0.3162989701929133,0.106,0.098,1,GNS
0.011002540518001522,0.31620097140782505,0.336,0.274,1,ZNRF2
0.057509004024713886,0.31577538263746496,0.175,0.138,1,CNDP2
0.06310421358140604,0.31575929435252986,0.239,0.2,1,PTPN12
0.4802520473584958,-0.3157526227584755,0.161,0.171,1,OSER1
0.10726750874941493,-0.31573646199631555,0.156,0.188,1,RING1
0.04734125614062451,0.3157082806937723,0.256,0.213,1,DTX3L
0.032628312357800573,0.31554626132039154,0.267,0.219,1,DUSP11
0.04160207584046311,0.3152096659389243,0.119,0.087,1,LINC01278
0.029428456039779612,0.3150460229326152,0.386,0.333,1,PHF11
0.018522768499017378,-0.3149489623181501,0.2,0.252,1,PRKCQ-AS1
0.16985109267937415,-0.3149348381708259,0.094,0.119,1,NKAPD1
0.4318132607998829,0.31469163131305256,0.106,0.094,1,FEM1B
0.1938806823061238,0.31455858215134824,0.206,0.182,1,ZNF335
0.06904971283252861,-0.31450264851700954,0.225,0.265,1,POLR2F
8.288793777986292e-4,0.31440342777796737,0.561,0.466,1,KAT6A
0.24734204760523515,0.3137784107271177,0.269,0.247,1,RAB29
0.38984136182512086,0.3133746072367576,0.125,0.113,1,AMFR
0.22679012790066852,-0.31334455357821056,0.167,0.189,1,MRPS12
0.21993116154266887,0.31306130273094346,0.192,0.17,1,MPPE1
0.06938908338192759,0.31300213011651956,0.111,0.083,1,FAM193B
0.3630800434632021,-0.31292818287892976,0.192,0.204,1,SLF1
0.42912814744199096,-0.3129149768908208,0.114,0.125,1,MRPL2
0.11123395477172728,-0.3128726368153474,0.114,0.144,1,PINK1
0.013376377941933202,0.31250222112025106,0.464,0.42,1,U2AF1
0.15492542004821416,0.3124141753158629,0.114,0.091,1,PDPR
0.6532720946415431,0.31226083881373445,0.106,0.099,1,ZC3H4
0.19126402979266313,0.31204221578964697,0.181,0.155,1,NTMT1
0.12502410256372637,0.31193824264936154,0.214,0.185,1,CCNT2
0.1500512227302152,0.31106395130907694,0.128,0.104,1,SLC25A24
0.13141971090993362,-0.31105047731903,0.167,0.197,1,DPM3
0.04340633175899971,-0.31101763085867906,0.244,0.292,1,PCMT1
0.1673636704508802,0.3109552627263854,0.144,0.119,1,BICD1
0.12952878414265764,0.3107583298719174,0.472,0.453,1,PSAP
0.07658720073190324,0.31072205613984205,0.15,0.119,1,MIGA1
0.20746189755762845,-0.31041467998305006,0.086,0.107,1,PMPCA
0.192690143455212,-0.3103705817292308,0.197,0.221,1,SFXN1
0.2197785922180621,-0.31035034402952266,0.164,0.187,1,COMMD7
0.02581067133621991,0.31024423922668987,0.217,0.167,1,SFI1
0.23616897797715208,-0.3100792612166514,0.117,0.138,1,EBP
0.05792193178130282,0.31005669521812274,0.164,0.127,1,NIPAL3
0.0971294581605662,-0.31001711426365436,0.253,0.287,1,SYTL1
0.07165545367405625,-0.30989043698963936,0.081,0.112,1,ZNF770
0.06521969388340074,0.3098601985949726,0.286,0.241,1,ST8SIA4
0.24461511883952097,0.30975348554055393,0.156,0.135,1,SMARCAD1
0.20820958085744617,0.30954817431331283,0.119,0.099,1,PRPSAP2
0.16644798322572008,-0.3093223913264769,0.219,0.245,1,GID8
0.21060886486103395,-0.3092399557222594,0.097,0.12,1,PRPF39
0.14118301257985602,0.3091855651916382,0.119,0.095,1,XKR6
0.015573975432795028,-0.3088767645093454,0.347,0.409,1,CAMK4
0.2070221855778083,0.30881572093911336,0.161,0.138,1,PLEKHM1
0.3024557272954465,0.30877236103680905,0.164,0.146,1,FMR1
0.13248036668171878,-0.30857664103989646,0.089,0.115,1,ABCF2
0.2714275734724481,-0.3085465363661297,0.125,0.145,1,GABPB1-IT1
0.12443916992882588,0.3081536830487299,0.161,0.133,1,MRPL42
0.15227903038649407,0.30810504142860673,0.422,0.394,1,CLDND1
0.49192192411192986,-0.30794238730083245,0.225,0.23,1,BABAM1
0.07719785149273412,0.30767494094742553,0.294,0.252,1,SNHG5
0.005088874820803214,0.3076528436656807,0.531,0.471,1,RALGAPA1
0.16892029594419056,0.3076367844718839,0.158,0.132,1,CDC37L1
0.15174386740284893,0.3075206499186478,0.161,0.134,1,GABPB1
0.6910206468589417,-0.3074290957356052,0.117,0.122,1,VEGFB
0.24600445331018794,-0.3074265976866748,0.083,0.103,1,STK11
0.06347585248743302,0.3073166058358996,0.142,0.109,1,APOBEC3H
0.2322905495017498,-0.3070229241409639,0.081,0.101,1,DPH7
0.22833781788055899,0.3069165281415962,0.103,0.085,1,FBXO31
0.035694032325231606,0.3067479824181345,0.153,0.113,1,ARMC10
0.05079184130923162,-0.3064865050650606,0.244,0.288,1,NUTF2
0.11362412011355309,-0.3064380727810029,0.164,0.194,1,MLEC
0.08645855624809946,0.30615497892192756,0.281,0.246,1,TNRC6A
0.44405197777580496,-0.3061425795079207,0.122,0.135,1,TIMMDC1
0.08578711307258799,0.305615035981991,0.358,0.32,1,JAZF1
0.2405745512842525,0.3055484412657046,0.183,0.16,1,R3HCC1L
0.003634580929699964,-0.30552598289090604,0.569,0.617,1,PAXX
0.1020917404827042,0.3053320111323824,0.256,0.224,1,CYB5B
0.1712169542565766,0.30519909778000287,0.194,0.17,1,EPS15L1
0.08264864448997772,0.30519682436728374,0.261,0.227,1,KLHDC2
0.24755917643826103,-0.3050468495969483,0.1,0.12,1,WDR6
0.29371363397349887,-0.3050259201033465,0.092,0.109,1,ZNF83
0.1470180878996396,0.3045513730012519,0.142,0.117,1,ATP2A2
0.2898087479954639,-0.3045134441389272,0.089,0.105,1,DDX59
0.10916281378299746,-0.30439072678998125,0.106,0.135,1,KLHL2
0.11672180330499435,0.30414430735368225,0.169,0.139,1,TIPARP
0.08530058605607443,0.30391761797987893,0.333,0.298,1,NEK7
0.28008643532544913,0.30371290603105106,0.147,0.128,1,ORC2
0.038551758605103056,0.3034613580756189,0.306,0.258,1,XPO1
0.47698965553612793,-0.30340749029074376,0.111,0.123,1,RTL8C
0.5141704474841383,0.30340374153957755,0.247,0.24,1,SPAG9
0.012249616544851414,0.30339918428954565,0.425,0.368,1,ERBIN
0.0012804128822932084,0.3033827521933832,0.467,0.386,1,RFTN1
0.09288951976135482,0.30325352984976744,0.261,0.229,1,SF3A3
0.5095117292914277,-0.30320217289990237,0.136,0.145,1,DPH1
0.3564162049990299,-0.3023210005541741,0.136,0.152,1,TFAM
0.2111655218392615,-0.30226303655013786,0.15,0.175,1,NORAD
0.4528087394775083,0.3021659898631634,0.211,0.201,1,SEL1L
0.38784393115426563,0.30188236326501694,0.125,0.112,1,SNX25
0.001981738498348799,-0.3018432814503653,0.264,0.361,1,H3F3A
0.10236107303322528,0.30158023743407203,0.183,0.15,1,SMG6
0.4531664046047733,-0.3015347926866472,0.1,0.111,1,DNAJC17
0.14478643417985682,-0.30139501184156603,0.217,0.248,1,C1D
0.19420257215992823,0.30136320912485814,0.144,0.122,1,CNOT11
0.20411488085619106,-0.3011340144570662,0.1,0.123,1,CREB3
0.10887827808384846,0.30109419096055595,0.264,0.23,1,SUPT5H
0.01156490798318125,-0.3010829053267958,0.903,0.916,1,S100A10
0.1017276882791318,0.3010581544923035,0.319,0.282,1,LPCAT1
0.06479707642719723,-0.3009600783361361,0.203,0.246,1,HSD17B11
0.00984483949502244,0.3008342901290585,0.353,0.292,1,MAP4
0.030125826471373587,0.3005704875645847,0.536,0.493,1,AUTS2
0.1407694268279568,-0.30042756775370116,0.144,0.172,1,TSEN15
0.006570971957306182,0.30037506487404886,0.481,0.434,1,IDH2
0.014335055514056963,0.3001276006365766,0.375,0.314,1,RPS6KA3
0.09186112599913994,-0.30012426016687715,0.328,0.357,1,POLD4
0.029659962769601034,0.30012227560799487,0.117,0.082,1,ICOS
0.04660383544421783,-0.30005043709295554,0.183,0.23,1,BCL7B
0.06139252126175454,0.29984300069412007,0.231,0.192,1,JADE2
0.1698832560333112,0.29983826370533095,0.175,0.151,1,NEPRO
0.2585559733158339,0.29973130380972046,0.158,0.14,1,XPR1
0.15778306464371203,0.2997170077517681,0.167,0.141,1,TMX3
0.028670181382814807,0.2996492407145227,0.231,0.183,1,NSMCE1
0.0756730683971571,0.29954684891784056,0.161,0.129,1,CCDC88B
6.082936928820073e-4,0.29953489391847765,0.628,0.55,1,CELF2
0.005074169674752458,0.29949602746902515,0.486,0.42,1,CNOT6L
0.011284294776652565,0.29939227573221794,0.503,0.451,1,SERINC1
0.6603736449436857,0.2993820103475364,0.142,0.138,1,MTR
0.1324734240729761,-0.29932921061942075,0.097,0.125,1,RPIA
0.07422031014883682,0.29921528733660535,0.242,0.205,1,SBNO1
0.027124231706409135,0.299161522067762,0.269,0.223,1,GTF2F1
0.38561798943244624,-0.29913613850523313,0.094,0.109,1,SCO2
0.002545483696908137,0.29908593657257554,0.611,0.551,1,IQGAP2
0.3697967530156021,-0.29898134808070465,0.131,0.144,1,MRPL27
0.008482012042827393,0.29888187780454584,0.414,0.353,1,PTK2B
0.01426218329871574,0.2987755526720368,0.231,0.175,1,SMC6
0.03667767992598397,0.2987032948660313,0.189,0.147,1,GMDS-DT
0.47032087595399047,-0.2984635365107253,0.139,0.15,1,NDUFS4
0.05808658893146663,0.2984331079831335,0.156,0.122,1,ERO1B
0.06641538104838993,0.2980923572159029,0.142,0.109,1,PARP11
0.28996539163196977,0.29795030992624816,0.103,0.087,1,METRN
0.09786807373284563,0.29782260947840244,0.158,0.128,1,CARS1
0.016651371402598474,0.29776904260943793,0.394,0.338,1,EOMES
0.03427302187785524,-0.2975360443955233,0.092,0.133,1,ZNF622
0.26917667788227484,0.2974207480986366,0.197,0.177,1,SRCAP
0.1856925337262233,0.29740350936823745,0.111,0.091,1,CMTR1
0.14761681102610633,0.2973411015965919,0.153,0.127,1,TOMM70
0.2896085197823622,0.29733371553480303,0.139,0.121,1,SHLD2
0.0029130621458124664,0.29728737333751054,0.608,0.539,1,METRNL
0.0402553592270977,-0.2971979918535365,0.233,0.282,1,RNF10
0.14432889391443143,0.2971503291744948,0.119,0.095,1,UTP3
0.016876258502708446,0.29700951136007037,0.514,0.465,1,STAT5B
0.03237145572552012,0.29696771354754553,0.394,0.337,1,NUB1
0.02313334828851655,-0.29681479675821454,0.431,0.472,1,MRPS6
0.10812291746065332,0.2967841241990219,0.131,0.103,1,SDHAF1
0.039174489170872136,0.2967513525577033,0.242,0.197,1,CLINT1
0.03055772879327294,-0.2967061784473168,0.206,0.262,1,VAMP5
0.20048182880926782,0.29661924455396527,0.144,0.123,1,SLC38A9
0.09426356186153623,0.2965372263120658,0.167,0.134,1,NMRAL1
0.058223197481033016,0.2964845396808299,0.269,0.227,1,MED13
0.05539784332361296,0.296020274738484,0.183,0.148,1,EXOG
0.08536010789872209,0.2959748348529949,0.125,0.096,1,PGS1
0.10435495567420819,-0.29593447369527703,0.192,0.228,1,ATP6AP1
0.007933393364895014,0.29593077789316746,0.342,0.286,1,ATP5MJ
0.24334520183611463,-0.2958362357544986,0.114,0.134,1,ZNF524
0.1318249026001137,-0.29579899155758704,0.189,0.218,1,METTL23
0.3789769007865221,-0.29576335958389754,0.161,0.176,1,MTLN
0.06669612554727572,0.29573835520674335,0.308,0.271,1,EIF5B
0.03785372214109811,0.2957300524812341,0.231,0.187,1,GATAD2A
0.05965307267342996,0.29557801766605896,0.119,0.089,1,KHDC4
0.09957792359036244,0.2954916806221961,0.142,0.113,1,CARNMT1
0.1267588508141947,0.29536486262106754,0.347,0.317,1,TFDP2
0.28405959724604185,-0.2951307567710295,0.097,0.115,1,DCLRE1C
0.0026709458814706067,0.29499539793455676,0.694,0.634,1,LAT
0.1427336464029618,-0.29494379224898976,0.322,0.352,1,EIF6
0.561967606866407,-0.2948451729482786,0.1,0.108,1,SPAST
0.23023783801133174,0.2947473247551725,0.233,0.207,1,SIDT1
0.020553012552408746,0.2945172162727229,0.314,0.264,1,FOXJ3
0.007892803670472055,0.294438566539519,0.45,0.382,1,MAPK1IP1L
0.4177741431502776,0.2944166158578829,0.136,0.122,1,ZNF611
0.34166188443264445,0.2939740426007491,0.158,0.143,1,ATG13
0.25465402328632913,0.29393777505014274,0.2,0.181,1,C6orf89
0.13124744156885737,0.2938836488966232,0.128,0.103,1,GAR1
0.026003099002880687,-0.2934861159278879,0.353,0.41,1,ADAM8
0.018941182817059053,-0.2934822167524057,0.383,0.435,1,CD47
0.06689578385770675,-0.29337962747509305,0.281,0.321,1,ZNHIT1
0.08684631797773736,-0.2933277401915424,0.153,0.19,1,AP1S2
0.31257234594085104,0.29327651088199946,0.114,0.099,1,ITPR3
0.00746036802425293,0.2929755675660002,0.411,0.342,1,YTHDC1
0.03473963690261183,0.2928393394517412,0.25,0.207,1,KLHDC4
0.3022341836920637,0.2927851719870205,0.172,0.152,1,ATOX1
0.11327885317912516,0.29274184761970445,0.189,0.157,1,TMEM170A
0.006888760028310619,0.29271327406371905,0.336,0.268,1,MON2
0.22729316841898334,0.2927076159421408,0.222,0.196,1,ETV6
0.12409073116934455,-0.2925199305512175,0.211,0.242,1,IDH3G
0.2199157388617854,0.2923411548378796,0.219,0.195,1,ICE1
0.3350840833912964,0.29218300794424157,0.158,0.143,1,AFG3L2
0.6459214594089683,-0.2919308852750052,0.139,0.146,1,CENPF
0.2659225911073739,0.29189820516890863,0.178,0.158,1,MSI2
0.10186993472568576,-0.2917067693848868,0.333,0.368,1,TMEM160
0.27503069856844403,0.2916836845655031,0.147,0.129,1,NME7
0.3176793359571212,-0.29155184034417725,0.092,0.108,1,UBL4A
0.13471722970678177,-0.2915087518824131,0.156,0.186,1,WDR54
0.16035667082857608,-0.2911707198978899,0.092,0.115,1,SLF2
0.26299017297992733,0.29116437905893355,0.15,0.131,1,BBS9
0.1091440804706486,0.29109396220536177,0.186,0.154,1,RAE1
0.07941350559405727,-0.29104621673349684,0.361,0.394,1,DDT
0.07662824826470009,0.2908085286433424,0.464,0.429,1,DNAJA1
0.08562130527704767,0.2907941372620736,0.286,0.251,1,PPP1CB
0.20985194873121868,0.2907698405812389,0.178,0.152,1,TDG
0.039530101914018734,0.290700536893427,0.278,0.234,1,SACM1L
0.1471501776212275,0.29062501163917,0.203,0.177,1,FHIP2A
0.26584235614381607,-0.2905769358480512,0.089,0.107,1,MBTD1
0.16922377947890777,0.2902840720941031,0.164,0.139,1,BRD8
0.23365928939893502,0.2901260576631778,0.189,0.168,1,CPSF7
0.08853564377132048,-0.2899936465738282,0.125,0.16,1,ASAH1
0.20834290114806855,0.2899928534145877,0.103,0.083,1,EHBP1
5.517266164125443e-4,0.2899419665955514,0.553,0.475,1,RBM38
0.2008262613162132,-0.28993719464832507,0.233,0.255,1,THAP11
0.3641434156454091,-0.2897437598127316,0.247,0.261,1,SLAMF6
0.11357999788307326,0.2896690976409644,0.147,0.119,1,MPDU1
0.373721536487644,0.2896268510367621,0.103,0.089,1,COQ10A
0.31547846618887715,0.28962211635947166,0.117,0.1,1,SUSD3
0.04508775410303465,-0.2896130574452671,0.331,0.379,1,MCUB
0.12709405790674194,0.2894663581091981,0.119,0.094,1,ASH2L
0.19258456878788013,0.2893512542192671,0.228,0.201,1,MAML2
0.208849496523847,0.28910176013861955,0.183,0.159,1,ARHGAP17
0.0018149686216424852,-0.28901361545901727,0.494,0.583,1,GZMA
0.0345598212274089,0.2887523043036413,0.178,0.137,1,TRIM59
0.12710191153600872,-0.28854002710129534,0.169,0.202,1,HAGH
0.17138796882553506,-0.2880163116115906,0.161,0.187,1,TPGS2
0.022740362984298924,-0.2879776601169454,0.383,0.428,1,DAD1
0.05295167169970567,0.2878942715790508,0.231,0.19,1,SLU7
0.09405405465021849,0.2878527563712818,0.197,0.165,1,WASHC2C
0.5987220789849969,0.28779383697357064,0.1,0.093,1,PAM16
0.1503751051723022,-0.2877396350352479,0.181,0.21,1,MFSD14A
0.4099404191959423,0.28767672862698923,0.125,0.113,1,MARCHF5
0.15888390964946741,0.2876200484811623,0.169,0.143,1,C1orf35
0.24669095472204683,0.2875505682765167,0.144,0.124,1,HERC6
0.1079187387675859,0.2867392319286267,0.244,0.213,1,ZC3H18
0.045642687048190814,0.2867236346822617,0.186,0.147,1,WDR18
0.04565128697566055,0.28648425900732577,0.306,0.259,1,FOXN2
0.11502527092182041,0.28632382738476103,0.203,0.17,1,TARDBP
0.14808765655458223,0.28621440761071715,0.128,0.103,1,ZDHHC17
0.07996880868673659,0.286120714022279,0.158,0.126,1,SLC7A1
0.12282531686495259,-0.28611181090176796,0.089,0.116,1,PIGS
0.09131937894872237,0.28609390608381036,0.172,0.139,1,ECI2
0.6523332584105366,-0.28600704334403404,0.142,0.147,1,TRGV7
0.04556440369139175,0.2859726184196921,0.231,0.187,1,IKBKG
0.4249721429146367,0.2859445688400293,0.139,0.125,1,RP9
0.1754742699448261,0.2859444570163312,0.161,0.136,1,PLEKHO1
0.18581729495627586,0.28586751253423653,0.333,0.305,1,ARIH1
0.0025358489940224783,0.28572827302588244,0.533,0.455,1,GRAP2
3.2846134180216616e-4,0.2856584547518479,0.736,0.68,1,CD96
0.020261366416829785,0.28565201751037805,0.6,0.553,1,ITGAL
0.03251174439647865,0.2856036025541593,0.458,0.414,1,RASSF5
0.11934689256297236,0.28547302852998224,0.319,0.283,1,CTCF
0.26500721588770537,-0.28523606175579297,0.092,0.111,1,TATDN2
0.1406160940464514,0.2850850111823151,0.172,0.145,1,ZBTB2
0.22543375542255706,0.2850816365246629,0.119,0.101,1,USP12
0.19751023806956272,0.284939404587467,0.169,0.148,1,CCDC66
0.15505860756788833,0.2848872687297834,0.478,0.465,1,HNRNPL
0.17696170271092396,-0.28487490261527193,0.1,0.124,1,TIGAR
0.15371931266490918,0.28485138206508687,0.1,0.078,1,PROSER1
0.006026526214746881,0.28478072780745245,0.314,0.245,1,PMPCB
0.09758484935972817,-0.284248888503308,0.258,0.295,1,CCDC107
0.020047550439975786,0.2842361788647142,0.214,0.165,1,CLIP1
0.2512482822781365,-0.2840429005015589,0.175,0.198,1,MCRS1
0.21739017489589577,0.2840428187498749,0.103,0.084,1,PEX19
0.038366053060697174,0.2839883845300658,0.328,0.281,1,SHOC2
0.2761977561082779,0.28396065496599887,0.186,0.167,1,WWP1
0.005209117445430991,0.2838861188396711,0.589,0.533,1,NEAT1
0.033209265279265175,0.28380831673211593,0.169,0.129,1,RAD50
0.00757898434335755,0.28379929506864177,0.406,0.342,1,GPATCH8
0.28016022442157407,0.2836322914232159,0.139,0.12,1,FAM168A
0.09413201554000963,0.2836280073973383,0.214,0.181,1,RNPC3
0.16960154815187917,0.2834744807341274,0.142,0.118,1,MR1
0.5695400108940607,0.28346201750116085,0.122,0.114,1,DGAT1
0.2434309132044191,0.2831597457291679,0.15,0.129,1,SUPT7L
0.035971739665730765,-0.28304719931077854,0.225,0.278,1,ATP2B1
0.1447951058642008,0.28300225789207717,0.239,0.208,1,PRKAA1
0.33493316479392404,-0.2826636244331764,0.169,0.184,1,VPS72
0.014822095403222725,0.28253013873734734,0.272,0.215,1,AEBP2
0.3545942204098121,0.28247526236907605,0.114,0.101,1,C5orf22
0.05512951280967221,0.2823929123948652,0.194,0.155,1,ARHGAP35
0.004789102554629209,-0.28228870058173827,0.564,0.633,1,LCK
0.2569693618957996,-0.28212161962829363,0.139,0.16,1,KIAA0232
0.14638469042838462,-0.2820752794754373,0.186,0.218,1,ISCA1
0.05161322776413065,0.2820435195062796,0.131,0.098,1,MTO1
0.32894754900615114,-0.2818961554771491,0.103,0.12,1,LRCH4
0.8432951512011312,0.2818053640200433,0.15,0.151,1,HAUS3
9.60000580528358e-5,-0.281789899082197,0.819,0.854,1,CD3E
0.2876455614465317,0.2817445620948045,0.139,0.122,1,LAMP2
0.26723403663245765,0.2816745045594904,0.236,0.216,1,RC3H2
0.49486037979887937,-0.28162168934099363,0.186,0.194,1,HIKESHI
0.015346690852010344,0.28150407738103084,0.319,0.259,1,EFCAB14
0.0328758773259772,0.2814253398621227,0.194,0.152,1,PRXL2C
0.27540792519171275,-0.2814051171736628,0.175,0.196,1,TGIF1
0.3253451014584947,-0.28136844191944466,0.086,0.102,1,CASP2
0.34090285276631616,-0.2813587007555388,0.203,0.22,1,MRPL22
0.5848957343061921,-0.2812677257152112,0.106,0.113,1,TSPAN32
0.21000260071133914,0.2812649505868121,0.136,0.115,1,BLZF1
0.561089817938056,-0.28118820986562476,0.169,0.176,1,CUEDC2
0.44273867414937307,0.28111455327588275,0.194,0.18,1,MYO5A
0.6165377312342494,-0.2811098428564407,0.164,0.169,1,TMEM11
0.03447063694363001,0.2810997419818642,0.339,0.291,1,HERPUD1
0.07879616850457292,0.28088027973607255,0.314,0.277,1,CREBZF
0.020848886230998644,0.2808392445119654,0.381,0.324,1,ARID1B
0.2562223644887835,0.28076322249870556,0.183,0.161,1,SPECC1L
0.09223351994155989,0.28068211547169586,0.258,0.225,1,R3HDM1
0.6770643608480678,-0.2805971482489167,0.136,0.141,1,ZDHHC24
0.09712802893196534,-0.28050586768044794,0.131,0.166,1,WDTC1
0.5324188376085013,0.2804496693491103,0.119,0.11,1,NUDT1
0.12539925374429917,0.28006784713341903,0.167,0.14,1,PHB1
0.09110143479409767,0.2800366750674989,0.333,0.302,1,TTC3
0.3201087963012432,0.27999069859668513,0.147,0.13,1,NEK9
0.18359539493171717,0.27970651163146565,0.272,0.248,1,PPP2R2A
0.5386293028321633,-0.27968873537526484,0.094,0.103,1,CWF19L1
0.059218597969061024,0.27963533464037393,0.15,0.116,1,POP5
0.3777447655617071,-0.2796240399506478,0.189,0.203,1,SPOP
0.12618814480537952,-0.2795541533014666,0.197,0.229,1,SCAMP3
0.0013021136016466985,0.2794035396500263,0.561,0.475,1,LBR
0.03681622200282069,-0.2792080614629068,0.381,0.432,1,LSM7
0.09627875882086369,0.2790224788078739,0.147,0.117,1,ZMYM6
0.018047855855662556,0.27892082828983006,0.317,0.261,1,PITPNB
0.32980967099899067,-0.2787469971389316,0.106,0.122,1,MRPL50
0.004719967949007641,0.2786966155386348,0.561,0.499,1,DIAPH1
0.0011179685786780768,-0.2786613280376278,0.675,0.723,1,HCST
2.9102302927264785e-4,0.27860093801904906,0.994,0.983,1,FTH1
0.14585059214169876,0.27857934306236687,0.122,0.098,1,HIBADH
0.0587479094583873,0.278386381225728,0.256,0.213,1,DHX15
0.0010929532200791374,0.278349706004245,0.519,0.429,1,TRAC
0.30589190693567675,0.2783081139198582,0.142,0.125,1,FZR1
0.08246480233711982,0.27827980513055683,0.214,0.179,1,TRIM26
0.017428138119918436,0.2781718498700635,0.489,0.439,1,EIF3E
0.039687056174495965,0.27808125007739926,0.206,0.162,1,ATP6V1A
0.15990881208058016,0.277968135418857,0.178,0.151,1,FAM120AOS
0.016580724578668802,0.2778954059454176,0.319,0.266,1,ZNFX1
0.045829466660499044,0.27767361287308356,0.325,0.277,1,GSK3B
0.07034520212096418,0.27763614150051047,0.303,0.263,1,ZBTB8OS
0.012132093786604703,-0.27755960215844866,0.325,0.394,1,S1PR1
0.009316850732332564,0.2767894857484121,0.194,0.141,1,DUSP16
0.006902769504716482,-0.27649043142596336,0.286,0.359,1,SCP2
0.033506478627413266,0.27645392425308896,0.264,0.215,1,CAMTA1
0.10648125488430674,-0.27622189181304324,0.233,0.273,1,COPS5
3.45621742209838e-4,-0.27610052983480227,0.653,0.722,1,S100A4
0.13487868714738868,0.27609345776383387,0.353,0.322,1,ANKRD17
0.2846185323411234,0.27608350561213424,0.1,0.084,1,GPR155
0.08666244323244089,0.27607483463088056,0.125,0.096,1,MFSD1
0.007518839696519475,0.27604353163925444,0.403,0.338,1,RAB10
0.034004182597994224,0.27590231721906056,0.247,0.198,1,CYB5R4
0.19036379531645142,-0.27585581495484135,0.097,0.121,1,TOPORS
0.24721800129904556,-0.2757801272360908,0.203,0.225,1,GATA3
0.03392996591160831,0.2757016120675727,0.208,0.163,1,GMPS
0.045638637983583155,0.27564027646202105,0.283,0.236,1,ARHGEF7
0.037223553993485606,0.27559813824103774,0.619,0.591,1,HLA-DRB1
0.5850646982777596,0.2755920733728503,0.119,0.111,1,GNGT2
0.9399047488503457,-0.2755571719400325,0.1,0.099,1,AKIP1
0.014087778477554557,0.27553364736262975,0.431,0.365,1,ZNF638
2.0086639043482115e-4,0.27545975374379505,0.8,0.728,1,SRSF2
0.2742296033216074,-0.2752379738518511,0.186,0.206,1,SIPA1L1
0.25068855111920885,0.27514689342472054,0.178,0.155,1,AHCTF1
0.23218332418404866,-0.27498434760600443,0.269,0.288,1,MEA1
0.07475023191635247,0.2748572500671514,0.253,0.213,1,DDX50
0.02634503810748232,0.27480952742012,0.278,0.23,1,PRDM2
0.17484947472826148,0.2746146870837891,0.183,0.158,1,SOCS1
0.14801829826902246,0.27457042075699356,0.294,0.259,1,QKI
0.06529608528971236,0.2745011938638613,0.136,0.105,1,ZNF266
0.12714378824705153,0.27449563840907487,0.211,0.179,1,CLASP2
0.3365762287974708,0.27437836052468323,0.103,0.087,1,TRDMT1
0.09913824924019725,0.2743502199765573,0.139,0.11,1,RFX5
0.5069185608190778,-0.27429981332706777,0.144,0.155,1,FBXO33
0.10970433512741068,0.2742727730147827,0.139,0.111,1,CSE1L
0.060069245242498376,0.2742089923065717,0.222,0.185,1,PCBP1-AS1
0.25012136612530633,0.2741384469637298,0.206,0.182,1,MRPS18B
0.22237682474550743,0.2741227009652808,0.189,0.167,1,RNGTT
0.5391766875610047,0.2740513097519383,0.219,0.215,1,RAB21
0.07780624489180565,0.27404223088599533,0.114,0.086,1,ATAD2
0.3402811952301748,-0.27393958054834355,0.169,0.184,1,NAA10
0.08933191441765535,-0.2738761505054375,0.292,0.331,1,CAPNS1
0.3956926424251179,0.2738501117315755,0.142,0.128,1,TGIF2
0.025751793484151075,-0.27368142962027275,0.353,0.417,1,DDX46
0.6165542802391415,-0.2736784392645417,0.106,0.112,1,SPATS2L
0.48205070843242254,0.27356516891943694,0.189,0.179,1,MPP7
0.10333020040577033,0.2734842777307397,0.219,0.184,1,BTN2A1
0.14918801896555733,0.27333425003125367,0.206,0.178,1,STK26
0.48246765200034086,0.27312193592625345,0.197,0.189,1,AGFG1
0.06641349667170429,0.273102433911316,0.317,0.273,1,DOCK11
0.760552753401783,-0.2730796161184248,0.122,0.124,1,MRPL58
0.19299577173595095,0.2729346774101389,0.128,0.105,1,HLTF
0.27138014524130666,-0.2728647905897009,0.244,0.267,1,CYBC1
0.34788676306148175,0.27285529686528365,0.172,0.153,1,B4GALT5
0.33012206839474284,-0.27251675650672247,0.181,0.199,1,DHPS
0.08441442043715443,0.27242602812871236,0.231,0.195,1,PLCL2
0.04074090912219545,0.27241338215675515,0.175,0.135,1,UBE4B
0.0027402451199722757,-0.2723929916493433,0.392,0.468,1,SLC3A2
0.07081994771200917,0.27226593574912217,0.142,0.11,1,FRMD8
0.04295694044122798,-0.27214018040112403,0.189,0.238,1,CEBPB
0.20797996861583445,0.27212560859994767,0.267,0.242,1,STARD7
0.03584688642075638,0.27183443712650335,0.197,0.155,1,KPNA5
0.1641611958272141,0.27174452828050066,0.328,0.296,1,CSNK1D
0.009128591441959988,0.27171388393204277,0.364,0.299,1,RIOK3
0.4035530794282613,-0.2716313217130095,0.122,0.137,1,IKBKB
0.48367983688196164,0.2716195073426483,0.178,0.168,1,ATF1
0.054363504139510174,0.2715276574498917,0.189,0.15,1,VHL
0.3315330971559538,0.27152089259187784,0.219,0.204,1,DNAJC5
0.009013097379087958,0.2714856042556226,0.533,0.467,1,PIK3R1
0.002080154444200001,0.27133613231101067,0.469,0.392,1,MED15
0.09018754601544852,-0.271334249745671,0.233,0.271,1,MICOS13
0.17661131431133828,0.2711518919238032,0.117,0.095,1,ACACA
0.014337887117805728,0.27103758423842006,0.353,0.291,1,AP3B1
0.39400332419229606,0.27103119114357654,0.175,0.161,1,STRIP1
0.08768219980629414,0.27099236470407284,0.181,0.148,1,SNRNP35
0.44950706037685584,-0.27098352633167133,0.136,0.148,1,GTF2A1
0.07577402766714703,0.2708995615359066,0.369,0.328,1,CACYBP
0.463077505987012,-0.2707060716557408,0.092,0.103,1,ADAT2
0.7749627382497796,0.27041070645879484,0.111,0.109,1,IL17RA
0.4762167964668589,0.27033134433009587,0.114,0.103,1,IMPA1
0.03520875907921305,0.2703017231184338,0.289,0.238,1,CAND1
0.14027956371515016,-0.2701903625635125,0.142,0.17,1,COMMD5
0.20960347233367377,0.2696718670678928,0.125,0.104,1,RALGAPA2
0.5001274416848337,0.26967128162136933,0.125,0.114,1,P4HTM
0.39727617095239026,0.2694636080392021,0.114,0.1,1,SUSD6
0.517368804544166,0.26946230829399886,0.111,0.102,1,TOR1AIP2
0.37477984143529136,0.26943141236307766,0.167,0.151,1,TWF1
0.061265283949254346,0.2694171923128281,0.158,0.123,1,ENTPD4
0.6636735205406503,-0.2694143674778866,0.114,0.12,1,DHFR
0.36589566599076867,-0.26933480811130295,0.133,0.15,1,RAB37
0.07770557963173842,0.2693255601190583,0.181,0.145,1,MRPL32
0.028431286899825086,-0.26922180155590725,0.447,0.489,1,C4orf3
0.2901206357167222,0.2691724203189292,0.214,0.192,1,NUP153
0.23421899580808064,0.2691649655214945,0.111,0.092,1,PES1
0.1775581504066516,-0.2691313602866679,0.244,0.273,1,SDHAF2
0.23453698315141477,0.2690908505606797,0.169,0.146,1,MXI1
0.33847700626752114,0.26878219186410024,0.119,0.104,1,HYOU1
0.053323766646742356,0.2687106913392507,0.294,0.251,1,PIK3IP1
0.10255553722848108,0.2686192413935962,0.256,0.219,1,RAB1A
0.04684808673698014,0.2685980826092345,0.364,0.316,1,STIM2
0.12777485850769943,0.26807720372266797,0.186,0.157,1,ABHD16A
0.1157161150178492,0.2678426857924818,0.136,0.107,1,GNG10
0.4668013123540368,-0.267824685937434,0.15,0.16,1,UBE2E1
0.2875503497075198,-0.26769079308371624,0.117,0.136,1,SHISAL2A
0.3288296785389779,-0.2676152375316436,0.092,0.108,1,DCUN1D1
0.49575218035344876,-0.26761006520456176,0.161,0.172,1,BBC3
0.22201012420551544,0.2675001217814399,0.142,0.12,1,CDK4
0.20216853477280824,-0.2674315502813806,0.211,0.236,1,NT5C
0.03269552957878734,0.26734045577584886,0.25,0.203,1,PCNX4
0.06330393085855425,0.2671320065147828,0.378,0.335,1,UBL3
0.25533589342959173,0.2670616054002519,0.128,0.11,1,NOP14
0.42225369882999886,0.2669485942408626,0.214,0.197,1,SND1
0.12763579717510268,-0.26680602382526963,0.208,0.24,1,SMNDC1
0.05843591385046195,0.2666649200568787,0.197,0.158,1,FAM78A
0.13136841008960876,0.26658751318504825,0.194,0.165,1,PI4KA
0.33124354986110827,0.26640932902045333,0.206,0.189,1,PIK3C3
0.13870199107059222,-0.26632955857583157,0.222,0.255,1,RNF5
0.3845765271194581,0.26596603668646424,0.214,0.197,1,HECTD4
0.4212640195996191,0.26596233839666783,0.103,0.091,1,EXOC6B
0.0437746232840785,0.2657402380698596,0.217,0.174,1,MT1F
0.014574037541679333,0.26570174594814766,0.533,0.48,1,LINC-PINT
0.06810310499044275,0.26518127744999387,0.211,0.172,1,SCAF8
0.20185534502785366,-0.2651445770961836,0.347,0.367,1,FIS1
0.24388953580576372,0.26513689978802357,0.269,0.251,1,CREBBP
0.030754746355110038,-0.26500322360208906,0.358,0.408,1,TOMM6
0.6278686690232076,-0.2649095942348467,0.097,0.103,1,TMEM14A
0.019549833849447508,0.264761559557804,0.378,0.324,1,ATP11B
0.0614563561795995,0.26474838151793,0.461,0.418,1,CHIC2
0.19724100790369073,0.2646189122096286,0.258,0.234,1,RNF145
0.0943036341328485,0.26456957691815375,0.136,0.107,1,MRPL12
0.1498206841089974,-0.26451299240460235,0.219,0.253,1,B3GNT2
0.5815244196729656,0.2644238956188666,0.194,0.188,1,CAMK2D
0.3196741827527539,0.264415708446349,0.231,0.211,1,EIF3B
0.05826875023035765,0.2643988030453398,0.183,0.144,1,NEDD9
0.0769989030902884,0.26438693178907624,0.228,0.192,1,THUMPD1
0.11124655807199614,0.26427296626760133,0.117,0.09,1,MAGED1
0.925724574173418,0.26411559484390645,0.144,0.147,1,ARHGEF6
0.04992473678722418,0.263934496473133,0.45,0.395,1,KANSL1
0.03479433028981512,0.26389333162084616,0.294,0.238,1,TENT2
0.09818583515905029,-0.26385368420123856,0.169,0.205,1,PAGR1
0.04422799321170142,0.2638430045832536,0.106,0.075,1,ECE1
0.1133565897482548,0.26375072079083706,0.194,0.164,1,SCYL2
0.163202725611641,0.2637458681134659,0.169,0.142,1,TMEM222
0.18502156517603435,0.26370385987204514,0.128,0.104,1,CPSF2
0.19648708801651404,0.2636369185936396,0.1,0.081,1,GPALPP1
0.02555235334592654,-0.263614490982787,0.322,0.377,1,CCDC12
0.13451442180154383,0.2635502504887791,0.258,0.226,1,ZCCHC7
0.009051962726278746,-0.2634746320217205,0.572,0.627,1,ALDOA
0.2551204753666452,-0.263472756608907,0.111,0.133,1,EHD4
0.14256736471422302,0.26346755038909153,0.122,0.097,1,TMED1
0.605578930661224,0.26346504557555694,0.131,0.126,1,ENSG00000291149
0.14978405766953262,0.2634449746547143,0.272,0.242,1,USP22
0.11496014677956859,0.2633721450712674,0.119,0.093,1,TYW3
0.14408860599016404,-0.26304540698965473,0.292,0.325,1,STOM
0.9221599001544303,-0.26301875065824953,0.128,0.125,1,ZNRD1
0.1949371193492086,0.2629975430169029,0.217,0.191,1,CDC14A
0.01930970849605585,0.2629787361636464,0.231,0.18,1,BCL2L11
0.14400734266030696,-0.26295433355513215,0.328,0.355,1,PNRC2
0.4372579994081974,-0.2628716994316951,0.092,0.104,1,FAM91A1
0.3103122558337752,0.26270586674212604,0.108,0.093,1,FAM8A1
0.0019258061905777515,0.26270358080193734,0.622,0.548,1,TGFBR3
0.005015391592753553,0.2624899004068834,0.447,0.375,1,GLG1
0.1656778121587623,0.26234649502664364,0.167,0.14,1,DESI2
0.12305334628532211,0.26230249340604916,0.167,0.137,1,SPNS1
0.41587730575268284,0.26224166315296293,0.158,0.142,1,LTN1
0.025743302022018813,0.2621979564836959,0.278,0.225,1,STAT5A
0.05043884510684236,-0.26211545451472795,0.217,0.266,1,TMUB1
0.1761071903279448,0.26207976904978936,0.161,0.136,1,TBCK
0.5793208822891565,-0.26196083436563744,0.167,0.175,1,TM2D1
0.3301051633259202,0.2619209072245254,0.233,0.213,1,REV3L
0.07383935776464476,0.2619072179980231,0.178,0.141,1,FGD5-AS1
0.1983532384039867,0.26183794813082995,0.114,0.093,1,BPGM
0.03799820827103701,0.2618354957343585,0.408,0.365,1,SPON2
0.3597200141666608,-0.2616856194508119,0.139,0.155,1,DANCR
0.038824791475973584,0.2616850583405354,0.314,0.267,1,CEP57
0.07968648757436748,-0.26157557591822017,0.272,0.306,1,YIPF3
0.07069473066322093,0.2613720621741852,0.181,0.147,1,MED23
0.04059926012680158,-0.26134175971826556,0.361,0.411,1,ADRM1
0.2657984036369546,0.26133452383671807,0.178,0.157,1,APPBP2
0.1553689570802407,-0.2610349196936106,0.197,0.23,1,RRAGA
0.1914695798356445,0.2609983383854706,0.203,0.179,1,RRP7A
7.80440735910234e-4,0.26084062439423916,0.336,0.248,1,JAML
0.16477829209941736,0.2607705817989413,0.269,0.245,1,USP11
0.12030162824400147,0.26054808151803166,0.169,0.14,1,POLR2M
0.1724110798943185,0.2603789320084942,0.253,0.224,1,RABIF
0.05354725939725244,0.2603395040364982,0.314,0.271,1,TMEM87A
2.0797676457872142e-4,-0.2602737847262795,0.519,0.628,1,PTPRCAP
0.04716911002639013,0.26025414495359356,0.589,0.555,1,CYTH1
0.10487592763981686,0.26021828011488624,0.392,0.354,1,SNRPF
0.018537317771283392,0.26001915240832296,0.469,0.414,1,UBR2
0.30408424086777064,0.25994975329470504,0.197,0.177,1,MADD
0.025218039389675786,0.2599270132604663,0.289,0.233,1,HCP5
0.13955124662684068,0.25988541857590874,0.136,0.11,1,HEG1
0.19396646736093665,0.2598679367930923,0.131,0.108,1,LINC01934
0.004298540943962273,0.25986520393831025,0.556,0.473,1,SLA2
0.015307792052002597,0.25985999978798857,0.397,0.34,1,GBP4
0.11172812362771223,0.25980830741138355,0.244,0.21,1,TBK1
0.023273443345820103,0.25980109290192255,0.228,0.179,1,PVRIG
0.05792778449626054,0.2597442998247373,0.403,0.361,1,SELENOH
0.0361920983081741,0.25968283447007834,0.306,0.256,1,UBN1
0.21539036528184874,0.25965067678134646,0.169,0.145,1,PHPT1
0.09729851825407317,-0.2595618448806524,0.261,0.293,1,ALKBH7
0.1680839701057393,-0.2594956294177935,0.286,0.316,1,C18orf32
0.17185579525403402,0.25933414742675176,0.206,0.18,1,CSNK1G3
0.26918788873825006,0.25929191220533165,0.167,0.147,1,ZER1
0.23536229844560222,0.25921682624196496,0.186,0.164,1,ZNF326
0.13042218340714753,0.25919778770228863,0.128,0.102,1,ORAI2
0.05822900239911484,0.2591574254254545,0.381,0.336,1,SNRNP70
0.002004614633411115,0.2590268208129962,0.683,0.619,1,C1orf21
0.2074052638403658,0.2589105172017623,0.103,0.083,1,FOXK1
0.5405135791265204,0.25889513475851245,0.108,0.1,1,SEC23IP
0.22550736400837268,0.2588145496515322,0.242,0.217,1,C21orf91
0.007369296101042385,-0.2586772981718962,0.436,0.5,1,BRK1
0.19333145393668055,-0.25860001968861357,0.197,0.226,1,INO80E
0.07759145028141047,0.2585064770204383,0.308,0.27,1,ZNF276
0.15737228372997597,-0.2584969769370087,0.131,0.158,1,IFRD1
0.21088610108686243,0.25845746828474603,0.192,0.169,1,STMN3
0.001071117179782673,0.2584431651321888,0.747,0.681,1,AKNA
0.09787967000157029,0.2584267857493413,0.181,0.148,1,SYS1
0.19290247806434646,0.25836753612449925,0.144,0.121,1,NELFA
0.12243416052751661,-0.25832734959397285,0.125,0.158,1,SLCO3A1
0.027669096256742978,0.25825836773134786,0.272,0.219,1,RPAP2
0.010390262645767813,-0.2577602669419381,0.481,0.565,1,GPSM3
0.1524711193787743,0.2575056034089549,0.3,0.265,1,CCDC91
0.23334764508240005,-0.257467533864706,0.228,0.252,1,TRAPPC3
0.13486188488770495,0.25739158995872224,0.267,0.237,1,COMMD3
0.09274076354778706,-0.2573560453746646,0.147,0.184,1,SNHG1
0.03710625914390286,0.2572390315224199,0.469,0.434,1,CMIP
0.37277377079932045,0.2572233054318862,0.186,0.169,1,AZIN1
0.1793756082947493,0.2569557692909554,0.261,0.234,1,DUS1L
0.6730981807913687,-0.25692030007730615,0.117,0.122,1,SRGAP2
0.17074233803225355,-0.2568780955126748,0.289,0.318,1,R3HDM4
0.19704745658883296,0.25678811843622573,0.169,0.146,1,XPO6
0.0029269338911741896,0.2566079259489149,0.558,0.484,1,NIPBL
0.024613811367971913,0.2565192974152898,0.406,0.357,1,RBPJ
0.025197796228122918,-0.25644609215720715,0.497,0.551,1,RALY
0.6393527348006094,-0.25640635818751645,0.125,0.131,1,DUSP23
0.4688410937679397,-0.2563710498269558,0.094,0.106,1,TMEM106C
0.006273317337327674,0.2563664555949926,0.511,0.443,1,GSPT1
0.4775249426510218,-0.25625401536398607,0.108,0.12,1,TMEM204
0.1599748450417615,0.2562339064863912,0.167,0.141,1,LARP1
0.3297258925778017,0.25615095025006795,0.172,0.157,1,GALNT1
0.08423971207415651,0.25599973839412604,0.303,0.267,1,CNOT1
0.20764562677314052,-0.25598892485356095,0.119,0.144,1,FUT11
0.2380239708851692,0.25594837056713887,0.339,0.318,1,MTSS1
0.2825810562085958,0.2558450923300517,0.158,0.138,1,MAP1LC3A
0.25246246183244625,0.25566332633838773,0.194,0.172,1,DCTN4
0.027505558563489935,0.2556273816834824,0.25,0.198,1,FLII
0.43423008379944145,-0.25559875487229283,0.361,0.367,1,BNIP3L
0.1443334686369743,-0.25550564097387596,0.292,0.323,1,MRFAP1L1
0.25392360002616055,0.2553897600458191,0.333,0.317,1,MAP4K5
0.059224601563678196,0.2553848810588963,0.383,0.344,1,H2AZ2
0.2524527331988373,0.2552768209556364,0.114,0.096,1,ASB1
0.1602096875097701,-0.2552652744384192,0.692,0.711,1,ENO1
0.11833169347316813,0.2552152852975104,0.228,0.197,1,RRBP1
0.1936121225410482,0.25516876202123806,0.203,0.179,1,POGZ
0.5306955685359795,0.25514671594881144,0.1,0.091,1,TMEM156
0.9332527290211001,0.25507165792058584,0.117,0.116,1,ARFIP1
0.2508523301264639,-0.25461249460720903,0.156,0.178,1,PAF1
0.08662905924794546,0.2545601861404718,0.308,0.272,1,ODC1
0.43340125155782827,-0.2543432868770117,0.147,0.16,1,ZNF33A
0.00976856268735545,-0.25428066241260217,0.447,0.504,1,PABPN1
0.16136071348097372,-0.2540789900385977,0.278,0.312,1,NARF
0.06371050535803044,0.25403660775622505,0.636,0.591,1,EML4
0.001538445550604271,0.2540197892278919,0.611,0.535,1,USP15
0.22104212722630381,-0.2540112280034804,0.156,0.178,1,C1orf122
0.6830002398912066,-0.25393170326681447,0.153,0.156,1,SDCCAG8
0.057538054906350666,0.2538442642035966,0.367,0.33,1,TMEM123
0.21843660479498306,0.2537888734780429,0.272,0.247,1,EP300
0.05012675557292863,0.25375998849719683,0.181,0.144,1,IRAG2
0.30657996693976397,-0.2537438199056461,0.092,0.109,1,ARMCX3
0.0507161908370772,0.2536371178581467,0.297,0.253,1,PANK2
0.05728317299400351,0.25361995865638504,0.367,0.325,1,ZNF148
0.3049762228901577,0.2536099869048034,0.128,0.11,1,AP3M2
0.06438529969289845,0.2535853622712566,0.264,0.22,1,TTC14
0.13239299337359292,0.25357321357352225,0.153,0.125,1,BRWD3
0.5099491655268097,-0.2535506721274241,0.117,0.128,1,SYVN1
0.05523360915064396,0.2534705074645172,0.419,0.375,1,TAF15
0.40515612954816005,0.2534047163483516,0.339,0.327,1,SDCBP
0.45472995645064634,-0.25339757117946693,0.186,0.198,1,RTCB
0.03634447353131468,0.25332148944325766,0.364,0.307,1,FAM172A
0.03328483553431247,0.25325663648398544,0.664,0.637,1,SRSF7
0.04652136410023093,0.25304107752842137,0.439,0.394,1,TNIP1
0.30422539641088486,-0.2530167998198656,0.089,0.105,1,SLC25A20
0.15302127562151036,0.2529757639787518,0.236,0.206,1,TMEM30A
0.8013747751996264,0.25291893618278616,0.136,0.133,1,CBR4
0.5607139879656946,-0.2528704543101792,0.153,0.162,1,LGALS8
0.19010209490322452,0.25286528895153604,0.194,0.171,1,STK40
0.4856172954503744,0.25285884266582537,0.247,0.237,1,PPP1R14B
0.09344034757491396,0.2527348044773894,0.2,0.166,1,VIRMA
0.32742916996513555,0.2524659508942737,0.103,0.088,1,SNHG25
0.049671361320084935,0.252355135592478,0.242,0.198,1,HACD3
0.5009085486205616,0.2520666275017157,0.269,0.26,1,AP2B1
0.09804530174516596,0.2518293804486824,0.222,0.186,1,TAOK1
0.09480256604797335,-0.25178657272888727,0.089,0.119,1,SCAF1
0.19573004338949768,0.2515942981964945,0.175,0.149,1,PCNX2
0.3514822453674278,-0.2515595091039978,0.153,0.169,1,SPTLC2
0.12950961500281816,-0.25149699693059563,0.381,0.413,1,ANXA6
0.12050752444971492,0.25146124051121266,0.325,0.291,1,PSMA4
0.1842670049735156,0.2513252736164874,0.194,0.168,1,SHMT2
0.47768381642839586,0.25124127772659754,0.103,0.092,1,PBX3
0.3040645399058932,0.25113807715861025,0.15,0.133,1,PIKFYVE
0.3703243493213774,-0.2510120502128804,0.169,0.186,1,COA1
0.12163250415666704,0.2509887993621821,0.325,0.297,1,RABEP1
0.34339760584135753,-0.25096972367995196,0.153,0.17,1,HCFC1R1
0.18154069231980322,0.2505634095758509,0.153,0.13,1,LDLRAD4
0.07143195205367925,0.25054284653242564,0.475,0.437,1,BIRC6
0.1358662991067412,0.25053542765492187,0.294,0.264,1,CTNNB1
0.08240338535782124,0.2504772510427946,0.142,0.11,1,BRIX1
0.5990732018717707,-0.25045424799674043,0.125,0.133,1,MALSU1
0.04024633724607765,0.2500976342915413,0.322,0.272,1,SS18
