Manual_Annotation,cor_percent,p_percent,n_percent,cor_counts,p_counts,n_counts
27: GZMK+ CD8 T cell,0.7000000000000001,0.01647097883651441,11,0.6272727272727273,0.03884525362035334,11
17: NK cell_2,0.6454545454545454,0.03196279932801748,11,0.509090909090909,0.10973723224165649,11
